dataset,method,sample_id,split,label,target,score_value,outer_fold
turning,one_class_svm_rgb_features,2inchStickout_F_08-Jun-2017_rpm320_doc0p020_window_0000,validation,no_chatter,0,-0.14071465512747516,1
turning,one_class_svm_rgb_features,2inchStickout_F_08-Jun-2017_rpm320_doc0p020_window_0001,train,no_chatter,0,-0.09837384615804923,1
turning,one_class_svm_rgb_features,2inchStickout_F_08-Jun-2017_rpm320_doc0p020_window_0002,train,no_chatter,0,-0.13796309628066505,1
turning,one_class_svm_rgb_features,2inchStickout_F_08-Jun-2017_rpm320_doc0p020_window_0003,validation,no_chatter,0,-0.16312061713641524,1
turning,one_class_svm_rgb_features,2inchStickout_F_08-Jun-2017_rpm320_doc0p020_window_0004,validation,no_chatter,0,-0.19586877551041626,1
turning,one_class_svm_rgb_features,2inchStickout_F_08-Jun-2017_rpm320_doc0p020_window_0005,train,no_chatter,0,-0.25834525330023705,1
turning,one_class_svm_rgb_features,2inchStickout_F_08-Jun-2017_rpm320_doc0p020_window_0006,validation,no_chatter,0,-0.24849707031029,1
turning,one_class_svm_rgb_features,2inchStickout_F_08-Jun-2017_rpm320_doc0p020_window_0007,train,no_chatter,0,-0.21017175037800961,1
turning,one_class_svm_rgb_features,2inchStickout_F_08-Jun-2017_rpm320_doc0p020_window_0008,train,no_chatter,0,-0.1536835826196168,1
turning,one_class_svm_rgb_features,2inchStickout_F_08-Jun-2017_rpm320_doc0p020_window_0009,train,no_chatter,0,-0.11237631056813357,1
turning,one_class_svm_rgb_features,2inchStickout_F_08-Jun-2017_rpm320_doc0p020_window_0010,train,no_chatter,0,0.2869711573683721,1
turning,one_class_svm_rgb_features,2inchStickout_F_08-Jun-2017_rpm320_doc0p020_window_0011,train,no_chatter,0,0.31850245281125944,1
turning,one_class_svm_rgb_features,2inchStickout_F_08-Jun-2017_rpm320_doc0p020_window_0012,train,no_chatter,0,0.11313207167658945,1
turning,one_class_svm_rgb_features,2inchStickout_F_08-Jun-2017_rpm320_doc0p020_window_0013,validation,no_chatter,0,-0.2479716789917148,1
turning,one_class_svm_rgb_features,2inchStickout_F_08-Jun-2017_rpm320_doc0p020_window_0014,validation,no_chatter,0,-0.21161896506992006,1
turning,one_class_svm_rgb_features,2inchStickout_F_08-Jun-2017_rpm320_doc0p020_window_0015,train,no_chatter,0,-0.2092407190458485,1
turning,one_class_svm_rgb_features,2inchStickout_F_08-Jun-2017_rpm320_doc0p020_window_0016,train,no_chatter,0,-0.19230130710058035,1
turning,one_class_svm_rgb_features,2inchStickout_F_08-Jun-2017_rpm320_doc0p020_window_0017,train,no_chatter,0,-0.24626120332405788,1
turning,one_class_svm_rgb_features,2inchStickout_F_08-Jun-2017_rpm320_doc0p020_window_0018,train,no_chatter,0,-0.14650759530324287,1
turning,one_class_svm_rgb_features,2inchStickout_F_08-Jun-2017_rpm320_doc0p020_window_0019,train,no_chatter,0,-0.14073439543238098,1
turning,one_class_svm_rgb_features,2inchStickout_F_08-Jun-2017_rpm320_doc0p020_window_0020,train,no_chatter,0,-0.24532299638768484,1
turning,one_class_svm_rgb_features,2inchStickout_F_08-Jun-2017_rpm320_doc0p020_window_0021,train,no_chatter,0,-0.2235150068092897,1
turning,one_class_svm_rgb_features,2inchStickout_F_08-Jun-2017_rpm320_doc0p020_window_0022,validation,no_chatter,0,-0.19930913294740216,1
turning,one_class_svm_rgb_features,2inchStickout_F_08-Jun-2017_rpm320_doc0p020_window_0023,train,no_chatter,0,-0.3067780700685183,1
turning,one_class_svm_rgb_features,2inchStickout_F_08-Jun-2017_rpm320_doc0p025_window_0000,train,no_chatter,0,-0.133457948076949,1
turning,one_class_svm_rgb_features,2inchStickout_F_08-Jun-2017_rpm320_doc0p025_window_0001,train,no_chatter,0,-0.20274684367338636,1
turning,one_class_svm_rgb_features,2inchStickout_F_08-Jun-2017_rpm320_doc0p025_window_0002,train,no_chatter,0,-0.20892750481104527,1
turning,one_class_svm_rgb_features,2inchStickout_F_08-Jun-2017_rpm320_doc0p025_window_0003,validation,no_chatter,0,-0.24161720828999567,1
turning,one_class_svm_rgb_features,2inchStickout_F_08-Jun-2017_rpm320_doc0p025_window_0004,validation,no_chatter,0,-0.3445502457877556,1
turning,one_class_svm_rgb_features,2inchStickout_F_08-Jun-2017_rpm320_doc0p025_window_0005,train,no_chatter,0,-0.3483876113286155,1
turning,one_class_svm_rgb_features,2inchStickout_F_08-Jun-2017_rpm320_doc0p025_window_0006,train,no_chatter,0,-0.36827747623157103,1
turning,one_class_svm_rgb_features,2inchStickout_F_08-Jun-2017_rpm320_doc0p025_window_0007,train,no_chatter,0,-0.37712202556613983,1
turning,one_class_svm_rgb_features,2inchStickout_F_08-Jun-2017_rpm320_doc0p025_window_0008,validation,no_chatter,0,-0.3699113517989334,1
turning,one_class_svm_rgb_features,2inchStickout_F_08-Jun-2017_rpm320_doc0p025_window_0009,train,no_chatter,0,-0.37890391520406386,1
turning,one_class_svm_rgb_features,2inchStickout_F_08-Jun-2017_rpm320_doc0p025_window_0010,train,no_chatter,0,-0.38861906843452876,1
turning,one_class_svm_rgb_features,2inchStickout_F_08-Jun-2017_rpm320_doc0p025_window_0011,train,no_chatter,0,-0.3220787385227224,1
turning,one_class_svm_rgb_features,2inchStickout_F_08-Jun-2017_rpm320_doc0p025_window_0012,validation,no_chatter,0,-0.07361346667007496,1
turning,one_class_svm_rgb_features,2inchStickout_F_08-Jun-2017_rpm320_doc0p025_window_0013,validation,no_chatter,0,-0.06104348667612336,1
turning,one_class_svm_rgb_features,2inchStickout_F_08-Jun-2017_rpm320_doc0p025_window_0014,train,no_chatter,0,0.015949880874067124,1
turning,one_class_svm_rgb_features,2inchStickout_F_08-Jun-2017_rpm320_doc0p025_window_0015,train,no_chatter,0,0.3848394916283472,1
turning,one_class_svm_rgb_features,2inchStickout_F_08-Jun-2017_rpm320_doc0p025_window_0016,train,no_chatter,0,0.006305116913644437,1
turning,one_class_svm_rgb_features,2inchStickout_F_08-Jun-2017_rpm320_doc0p025_window_0017,validation,no_chatter,0,-0.173387280020187,1
turning,one_class_svm_rgb_features,2inchStickout_F_08-Jun-2017_rpm320_doc0p025_window_0018,train,no_chatter,0,0.07473165368347556,1
turning,one_class_svm_rgb_features,2inchStickout_F_08-Jun-2017_rpm320_doc0p025_window_0019,train,no_chatter,0,0.007886039302742343,1
turning,one_class_svm_rgb_features,2inchStickout_F_08-Jun-2017_rpm320_doc0p025_window_0020,train,no_chatter,0,0.02597071392032335,1
turning,one_class_svm_rgb_features,2inchStickout_F_08-Jun-2017_rpm320_doc0p025_window_0021,validation,no_chatter,0,0.08504233203618805,1
turning,one_class_svm_rgb_features,2inchStickout_F_08-Jun-2017_rpm320_doc0p025_window_0022,train,no_chatter,0,-0.31172963998988634,1
turning,one_class_svm_rgb_features,2inchStickout_F_08-Jun-2017_rpm320_doc0p025_window_0023,validation,no_chatter,0,-0.17949974419474635,1
turning,one_class_svm_rgb_features,2inchStickout_F_08-Jun-2017_rpm425_doc0p010_window_0000,validation,no_chatter,0,-0.11759949176448226,1
turning,one_class_svm_rgb_features,2inchStickout_F_08-Jun-2017_rpm425_doc0p010_window_0001,train,no_chatter,0,-0.14752856259538216,1
turning,one_class_svm_rgb_features,2inchStickout_F_08-Jun-2017_rpm425_doc0p010_window_0002,train,no_chatter,0,-0.2526194385907312,1
turning,one_class_svm_rgb_features,2inchStickout_F_08-Jun-2017_rpm425_doc0p010_window_0003,train,no_chatter,0,-0.3195083315444065,1
turning,one_class_svm_rgb_features,2inchStickout_F_08-Jun-2017_rpm425_doc0p010_window_0004,train,no_chatter,0,-0.25789354091376837,1
turning,one_class_svm_rgb_features,2inchStickout_F_08-Jun-2017_rpm425_doc0p010_window_0005,validation,no_chatter,0,-0.3637788579440464,1
turning,one_class_svm_rgb_features,2inchStickout_F_08-Jun-2017_rpm425_doc0p010_window_0006,train,no_chatter,0,-0.40823266237919764,1
turning,one_class_svm_rgb_features,2inchStickout_F_08-Jun-2017_rpm425_doc0p010_window_0007,train,no_chatter,0,-0.38271419304590903,1
turning,one_class_svm_rgb_features,2inchStickout_F_08-Jun-2017_rpm425_doc0p020_window_0000,train,no_chatter,0,-0.05114039805197301,1
turning,one_class_svm_rgb_features,2inchStickout_F_08-Jun-2017_rpm425_doc0p020_window_0001,train,no_chatter,0,-0.10443069219978018,1
turning,one_class_svm_rgb_features,2inchStickout_F_08-Jun-2017_rpm425_doc0p020_window_0002,test,no_chatter,0,-0.2919507517801301,1
turning,one_class_svm_rgb_features,2inchStickout_F_08-Jun-2017_rpm425_doc0p020_window_0003,train,no_chatter,0,-0.332315407914771,1
turning,one_class_svm_rgb_features,2inchStickout_F_08-Jun-2017_rpm425_doc0p020_window_0004,train,no_chatter,0,-0.2250775685538533,1
turning,one_class_svm_rgb_features,2inchStickout_F_08-Jun-2017_rpm425_doc0p020_window_0005,test,no_chatter,0,0.3694489718171487,1
turning,one_class_svm_rgb_features,2inchStickout_F_08-Jun-2017_rpm425_doc0p020_window_0006,validation,chatter,1,0.3929970129101479,1
turning,one_class_svm_rgb_features,2inchStickout_F_08-Jun-2017_rpm425_doc0p020_window_0007,validation,chatter,1,0.499738633106154,1
turning,one_class_svm_rgb_features,2inchStickout_F_08-Jun-2017_rpm770_doc0p010_window_0000,train,no_chatter,0,-0.035460113856168984,1
turning,one_class_svm_rgb_features,2inchStickout_F_08-Jun-2017_rpm770_doc0p010_window_0001,test,chatter,1,0.861665624457375,1
turning,one_class_svm_rgb_features,2inchStickout_F_08-Jun-2017_rpm770_doc0p010_window_0002,test,chatter,1,0.861665624457375,1
turning,one_class_svm_rgb_features,2inchStickout_F_08-Jun-2017_rpm770_doc0p010_window_0003,test,chatter,1,0.861665624457375,1
turning,one_class_svm_rgb_features,2inchStickout_F_08-Jun-2017_rpm770_doc0p010_window_0004,test,chatter,1,0.861665624457375,1
turning,one_class_svm_rgb_features,2inchStickout_F_08-Jun-2017_rpm770_doc0p010_window_0005,test,chatter,1,0.861665624457375,1
turning,one_class_svm_rgb_features,2inchStickout_F_08-Jun-2017_rpm770_doc0p010_window_0006,test,chatter,1,0.861665624457375,1
turning,one_class_svm_rgb_features,2inchStickout_F_08-Jun-2017_rpm770_doc0p010_window_0007,test,chatter,1,0.861665624457375,1
turning,one_class_svm_rgb_features,2inchStickout_F_08-Jun-2017_rpm770_doc0p010_window_0008,test,chatter,1,0.861665624457375,1
turning,one_class_svm_rgb_features,2inchStickout_F_08-Jun-2017_rpm770_doc0p010_window_0009,test,chatter,1,0.861665624457375,1
turning,one_class_svm_rgb_features,2inchStickout_F_08-Jun-2017_rpm770_doc0p010_window_0010,test,chatter,1,0.861665624457375,1
turning,one_class_svm_rgb_features,2inchStickout_F_08-Jun-2017_rpm770_doc0p010_window_0011,test,chatter,1,0.861665624457375,1
turning,one_class_svm_rgb_features,2inchStickout_F_08-Jun-2017_rpm770_doc0p010_window_0012,test,chatter,1,0.861665624457375,1
turning,one_class_svm_rgb_features,2inchStickout_F_08-Jun-2017_rpm770_doc0p010_window_0013,test,chatter,1,0.8616656244573748,1
turning,one_class_svm_rgb_features,2inchStickout_F_08-Jun-2017_rpm770_doc0p010_window_0014,train,no_chatter,0,0.8533602563399777,1
turning,one_class_svm_rgb_features,2inchStickout_F_08-Jun-2017_rpm770_doc0p010_window_0015,train,no_chatter,0,-0.10631351614025908,1
turning,one_class_svm_rgb_features,2inchStickout_F_08-Jun-2017_rpm770_doc0p010_window_0016,train,no_chatter,0,-0.05265178840289153,1
turning,one_class_svm_rgb_features,2inchStickout_F_08-Jun-2017_rpm770_doc0p010_window_0017,train,no_chatter,0,-0.060847822794436346,1
turning,one_class_svm_rgb_features,2inchStickout_F_08-Jun-2017_rpm770_doc0p010_window_0018,train,no_chatter,0,-0.042644078022551546,1
turning,one_class_svm_rgb_features,2inchStickout_F_08-Jun-2017_rpm770_doc0p010_window_0019,train,no_chatter,0,-0.003326242752068387,1
turning,one_class_svm_rgb_features,2inchStickout_F_08-Jun-2017_rpm770_doc0p010_window_0020,train,no_chatter,0,0.007482389931944611,1
turning,one_class_svm_rgb_features,2inchStickout_F_08-Jun-2017_rpm770_doc0p010_window_0021,train,no_chatter,0,-0.021333005898337976,1
turning,one_class_svm_rgb_features,2inchStickout_F_08-Jun-2017_rpm770_doc0p010_window_0022,train,no_chatter,0,-0.023064473973687605,1
turning,one_class_svm_rgb_features,2inchStickout_F_08-Jun-2017_rpm770_doc0p010_window_0023,train,no_chatter,0,-0.06421265287044853,1
turning,one_class_svm_rgb_features,2inchStickout_F_08-Jun-2017_smoothingCut2_noChatter_window_0000,train,no_chatter,0,-0.09259561606068756,1
turning,one_class_svm_rgb_features,2inchStickout_F_08-Jun-2017_smoothingCut2_noChatter_window_0001,test,no_chatter,0,-0.10597818074706944,1
turning,one_class_svm_rgb_features,2inchStickout_F_08-Jun-2017_smoothingCut2_noChatter_window_0002,train,no_chatter,0,0.684019165601139,1
turning,one_class_svm_rgb_features,2inchStickout_F_08-Jun-2017_smoothingCut2_noChatter_window_0003,train,no_chatter,0,0.1689836735446234,1
turning,one_class_svm_rgb_features,2inchStickout_F_08-Jun-2017_smoothingCut2_noChatter_window_0004,train,no_chatter,0,0.010358381756852997,1
turning,one_class_svm_rgb_features,2inchStickout_F_08-Jun-2017_smoothingCut2_noChatter_window_0005,train,no_chatter,0,0.07286121037979099,1
turning,one_class_svm_rgb_features,2inchStickout_F_08-Jun-2017_smoothingCut2_noChatter_window_0006,train,no_chatter,0,-0.0574950518397348,1
turning,one_class_svm_rgb_features,2inchStickout_F_08-Jun-2017_smoothingCut2_noChatter_window_0007,test,no_chatter,0,-0.10080732111363044,1
turning,one_class_svm_rgb_features,2inchStickout_F_08-Jun-2017_smoothingCut2_noChatter_window_0008,train,no_chatter,0,-0.26422598439421274,1
turning,one_class_svm_rgb_features,2inchStickout_F_08-Jun-2017_smoothingCut2_noChatter_window_0009,train,no_chatter,0,0.16050344386031734,1
turning,one_class_svm_rgb_features,2inchStickout_F_08-Jun-2017_smoothingCut2_noChatter_window_0010,test,no_chatter,0,-0.14172642071420505,1
turning,one_class_svm_rgb_features,2inchStickout_F_08-Jun-2017_smoothingCut2_noChatter_window_0011,train,no_chatter,0,0.0060622472149555184,1
turning,one_class_svm_rgb_features,2p5inchStickout_F_12-Jun-2017_rpm570_doc0p008_window_0000,train,no_chatter,0,-0.17323937410699375,1
turning,one_class_svm_rgb_features,2p5inchStickout_F_12-Jun-2017_rpm570_doc0p008_window_0001,train,no_chatter,0,-0.2911939107099131,1
turning,one_class_svm_rgb_features,2p5inchStickout_F_12-Jun-2017_rpm570_doc0p008_window_0002,train,no_chatter,0,-0.3303810801732121,1
turning,one_class_svm_rgb_features,2p5inchStickout_F_12-Jun-2017_rpm570_doc0p008_window_0003,train,no_chatter,0,-0.3532745188999413,1
turning,one_class_svm_rgb_features,2p5inchStickout_F_12-Jun-2017_rpm570_doc0p008_window_0004,train,no_chatter,0,-0.3419242060853027,1
turning,one_class_svm_rgb_features,2p5inchStickout_F_12-Jun-2017_rpm570_doc0p008_window_0005,train,no_chatter,0,-0.32369467152604847,1
turning,one_class_svm_rgb_features,2p5inchStickout_F_12-Jun-2017_rpm570_doc0p008_window_0006,train,no_chatter,0,-0.3438531288657207,1
turning,one_class_svm_rgb_features,2p5inchStickout_F_12-Jun-2017_rpm570_doc0p008_window_0007,train,no_chatter,0,-0.29461963149300896,1
turning,one_class_svm_rgb_features,2p5inchStickout_F_12-Jun-2017_rpm570_doc0p008_window_0008,train,no_chatter,0,-0.34481419688975823,1
turning,one_class_svm_rgb_features,2p5inchStickout_F_12-Jun-2017_rpm570_doc0p008_window_0009,validation,no_chatter,0,-0.3315079210632925,1
turning,one_class_svm_rgb_features,4p5inchStickout_F_12-Jun-2017_rpm570_doc0p035_window_0000,validation,no_chatter,0,-0.15451950561792804,1
turning,one_class_svm_rgb_features,4p5inchStickout_F_12-Jun-2017_rpm570_doc0p035_window_0001,validation,no_chatter,0,-0.18519715961647254,1
turning,one_class_svm_rgb_features,4p5inchStickout_F_12-Jun-2017_rpm570_doc0p035_window_0002,train,no_chatter,0,-0.15454791028351078,1
turning,one_class_svm_rgb_features,4p5inchStickout_F_12-Jun-2017_rpm570_doc0p035_window_0003,train,no_chatter,0,-0.2054172415770552,1
turning,one_class_svm_rgb_features,4p5inchStickout_F_12-Jun-2017_rpm570_doc0p035_window_0004,train,no_chatter,0,-0.2201146059664414,1
turning,one_class_svm_rgb_features,4p5inchStickout_F_12-Jun-2017_rpm570_doc0p035_window_0005,train,no_chatter,0,-0.1916969666015056,1
turning,one_class_svm_rgb_features,4p5inchStickout_F_12-Jun-2017_rpm570_doc0p035_window_0006,train,no_chatter,0,-0.16918061487663927,1
turning,one_class_svm_rgb_features,4p5inchStickout_F_12-Jun-2017_rpm570_doc0p035_window_0007,train,no_chatter,0,-0.17550503833947606,1
turning,one_class_svm_rgb_features,4p5inchStickout_F_12-Jun-2017_rpm570_doc0p035_window_0008,train,no_chatter,0,-0.1846899409864915,1
turning,one_class_svm_rgb_features,4p5inchStickout_F_12-Jun-2017_rpm570_doc0p035_window_0009,train,no_chatter,0,0.27185188723811116,1
turning,one_class_svm_rgb_features,4p5inchStickout_F_12-Jun-2017_rpm570_doc0p035_window_0010,validation,no_chatter,0,0.0385316539558459,1
turning,one_class_svm_rgb_features,4p5inchStickout_F_12-Jun-2017_rpm570_doc0p035_window_0011,train,no_chatter,0,0.09995414738224173,1
turning,one_class_svm_rgb_features,4p5inchStickout_F_13-Jun-2017_rpm1030_doc0p005_window_0000,train,no_chatter,0,-0.07338563556417865,1
turning,one_class_svm_rgb_features,4p5inchStickout_F_13-Jun-2017_rpm1030_doc0p005_window_0001,test,no_chatter,0,-0.07161727287049557,1
turning,one_class_svm_rgb_features,4p5inchStickout_F_13-Jun-2017_rpm1030_doc0p005_window_0002,test,no_chatter,0,-0.186494252999734,1
turning,one_class_svm_rgb_features,4p5inchStickout_F_13-Jun-2017_rpm1030_doc0p005_window_0003,train,no_chatter,0,-0.028041263437088015,1
turning,one_class_svm_rgb_features,4p5inchStickout_F_13-Jun-2017_rpm1030_doc0p014_window_0000,train,no_chatter,0,-0.06142276061489216,1
turning,one_class_svm_rgb_features,4p5inchStickout_F_13-Jun-2017_rpm1030_doc0p014_window_0001,train,no_chatter,0,-0.04504101986590914,1
turning,one_class_svm_rgb_features,4p5inchStickout_F_13-Jun-2017_rpm1030_doc0p014_window_0002,validation,no_chatter,0,-0.11071191199820063,1
turning,one_class_svm_rgb_features,4p5inchStickout_F_13-Jun-2017_rpm1030_doc0p014_window_0003,train,no_chatter,0,-0.14287353734362318,1
turning,one_class_svm_rgb_features,4p5inchStickout_F_13-Jun-2017_rpm770_doc0p015_window_0000,train,no_chatter,0,-0.05548546601983706,1
turning,one_class_svm_rgb_features,4p5inchStickout_F_13-Jun-2017_rpm770_doc0p015_window_0001,validation,no_chatter,0,-0.0282487393401738,1
turning,one_class_svm_rgb_features,4p5inchStickout_F_13-Jun-2017_rpm770_doc0p015_window_0002,validation,no_chatter,0,-0.12327520549399573,1
turning,one_class_svm_rgb_features,4p5inchStickout_F_13-Jun-2017_rpm770_doc0p015_window_0003,train,no_chatter,0,-0.14804230620116887,1
turning,one_class_svm_rgb_features,4p5inchStickout_F_13-Jun-2017_rpm770_doc0p015_window_0004,validation,no_chatter,0,-0.12378093023149928,1
turning,one_class_svm_rgb_features,4p5inchStickout_F_13-Jun-2017_rpm770_doc0p015_window_0005,validation,no_chatter,0,-0.16405645165719718,1
turning,isolation_forest_rgb_features,2inchStickout_F_08-Jun-2017_rpm320_doc0p020_window_0000,validation,no_chatter,0,-0.10927085395379027,1
turning,isolation_forest_rgb_features,2inchStickout_F_08-Jun-2017_rpm320_doc0p020_window_0001,train,no_chatter,0,-0.10343232010266484,1
turning,isolation_forest_rgb_features,2inchStickout_F_08-Jun-2017_rpm320_doc0p020_window_0002,train,no_chatter,0,-0.11158135675709674,1
turning,isolation_forest_rgb_features,2inchStickout_F_08-Jun-2017_rpm320_doc0p020_window_0003,validation,no_chatter,0,-0.11144439571561082,1
turning,isolation_forest_rgb_features,2inchStickout_F_08-Jun-2017_rpm320_doc0p020_window_0004,validation,no_chatter,0,-0.10595415082348736,1
turning,isolation_forest_rgb_features,2inchStickout_F_08-Jun-2017_rpm320_doc0p020_window_0005,train,no_chatter,0,-0.108817416890445,1
turning,isolation_forest_rgb_features,2inchStickout_F_08-Jun-2017_rpm320_doc0p020_window_0006,validation,no_chatter,0,-0.10968468951988186,1
turning,isolation_forest_rgb_features,2inchStickout_F_08-Jun-2017_rpm320_doc0p020_window_0007,train,no_chatter,0,-0.11227947379070258,1
turning,isolation_forest_rgb_features,2inchStickout_F_08-Jun-2017_rpm320_doc0p020_window_0008,train,no_chatter,0,-0.11317014769140643,1
turning,isolation_forest_rgb_features,2inchStickout_F_08-Jun-2017_rpm320_doc0p020_window_0009,train,no_chatter,0,-0.09140653506046537,1
turning,isolation_forest_rgb_features,2inchStickout_F_08-Jun-2017_rpm320_doc0p020_window_0010,train,no_chatter,0,-0.04914633427305665,1
turning,isolation_forest_rgb_features,2inchStickout_F_08-Jun-2017_rpm320_doc0p020_window_0011,train,no_chatter,0,-0.08527021241262295,1
turning,isolation_forest_rgb_features,2inchStickout_F_08-Jun-2017_rpm320_doc0p020_window_0012,train,no_chatter,0,-0.09706880237892135,1
turning,isolation_forest_rgb_features,2inchStickout_F_08-Jun-2017_rpm320_doc0p020_window_0013,validation,no_chatter,0,-0.1125216652730705,1
turning,isolation_forest_rgb_features,2inchStickout_F_08-Jun-2017_rpm320_doc0p020_window_0014,validation,no_chatter,0,-0.11039408464118278,1
turning,isolation_forest_rgb_features,2inchStickout_F_08-Jun-2017_rpm320_doc0p020_window_0015,train,no_chatter,0,-0.10724845706832165,1
turning,isolation_forest_rgb_features,2inchStickout_F_08-Jun-2017_rpm320_doc0p020_window_0016,train,no_chatter,0,-0.11092342275473921,1
turning,isolation_forest_rgb_features,2inchStickout_F_08-Jun-2017_rpm320_doc0p020_window_0017,train,no_chatter,0,-0.11030480241398072,1
turning,isolation_forest_rgb_features,2inchStickout_F_08-Jun-2017_rpm320_doc0p020_window_0018,train,no_chatter,0,-0.09584638942599194,1
turning,isolation_forest_rgb_features,2inchStickout_F_08-Jun-2017_rpm320_doc0p020_window_0019,train,no_chatter,0,-0.09342368140733215,1
turning,isolation_forest_rgb_features,2inchStickout_F_08-Jun-2017_rpm320_doc0p020_window_0020,train,no_chatter,0,-0.10961637081663106,1
turning,isolation_forest_rgb_features,2inchStickout_F_08-Jun-2017_rpm320_doc0p020_window_0021,train,no_chatter,0,-0.102528811777928,1
turning,isolation_forest_rgb_features,2inchStickout_F_08-Jun-2017_rpm320_doc0p020_window_0022,validation,no_chatter,0,-0.10491935769908911,1
turning,isolation_forest_rgb_features,2inchStickout_F_08-Jun-2017_rpm320_doc0p020_window_0023,train,no_chatter,0,-0.1204508538557762,1
turning,isolation_forest_rgb_features,2inchStickout_F_08-Jun-2017_rpm320_doc0p025_window_0000,train,no_chatter,0,-0.10581779497684352,1
turning,isolation_forest_rgb_features,2inchStickout_F_08-Jun-2017_rpm320_doc0p025_window_0001,train,no_chatter,0,-0.11863139074429951,1
turning,isolation_forest_rgb_features,2inchStickout_F_08-Jun-2017_rpm320_doc0p025_window_0002,train,no_chatter,0,-0.11912903227688071,1
turning,isolation_forest_rgb_features,2inchStickout_F_08-Jun-2017_rpm320_doc0p025_window_0003,validation,no_chatter,0,-0.11761455193849008,1
turning,isolation_forest_rgb_features,2inchStickout_F_08-Jun-2017_rpm320_doc0p025_window_0004,validation,no_chatter,0,-0.1352704247137984,1
turning,isolation_forest_rgb_features,2inchStickout_F_08-Jun-2017_rpm320_doc0p025_window_0005,train,no_chatter,0,-0.14111583818114093,1
turning,isolation_forest_rgb_features,2inchStickout_F_08-Jun-2017_rpm320_doc0p025_window_0006,train,no_chatter,0,-0.13797744344333374,1
turning,isolation_forest_rgb_features,2inchStickout_F_08-Jun-2017_rpm320_doc0p025_window_0007,train,no_chatter,0,-0.13665049882859343,1
turning,isolation_forest_rgb_features,2inchStickout_F_08-Jun-2017_rpm320_doc0p025_window_0008,validation,no_chatter,0,-0.13578151929142357,1
turning,isolation_forest_rgb_features,2inchStickout_F_08-Jun-2017_rpm320_doc0p025_window_0009,train,no_chatter,0,-0.13880419386624693,1
turning,isolation_forest_rgb_features,2inchStickout_F_08-Jun-2017_rpm320_doc0p025_window_0010,train,no_chatter,0,-0.13670196385298305,1
turning,isolation_forest_rgb_features,2inchStickout_F_08-Jun-2017_rpm320_doc0p025_window_0011,train,no_chatter,0,-0.1348489491321519,1
turning,isolation_forest_rgb_features,2inchStickout_F_08-Jun-2017_rpm320_doc0p025_window_0012,validation,no_chatter,0,-0.10158795491331557,1
turning,isolation_forest_rgb_features,2inchStickout_F_08-Jun-2017_rpm320_doc0p025_window_0013,validation,no_chatter,0,-0.09754556356949623,1
turning,isolation_forest_rgb_features,2inchStickout_F_08-Jun-2017_rpm320_doc0p025_window_0014,train,no_chatter,0,-0.0696329029795042,1
turning,isolation_forest_rgb_features,2inchStickout_F_08-Jun-2017_rpm320_doc0p025_window_0015,train,no_chatter,0,-0.04324652357633124,1
turning,isolation_forest_rgb_features,2inchStickout_F_08-Jun-2017_rpm320_doc0p025_window_0016,train,no_chatter,0,-0.08951449392843236,1
turning,isolation_forest_rgb_features,2inchStickout_F_08-Jun-2017_rpm320_doc0p025_window_0017,validation,no_chatter,0,-0.1167837045822065,1
turning,isolation_forest_rgb_features,2inchStickout_F_08-Jun-2017_rpm320_doc0p025_window_0018,train,no_chatter,0,-0.09274223891092659,1
turning,isolation_forest_rgb_features,2inchStickout_F_08-Jun-2017_rpm320_doc0p025_window_0019,train,no_chatter,0,-0.07482770209758427,1
turning,isolation_forest_rgb_features,2inchStickout_F_08-Jun-2017_rpm320_doc0p025_window_0020,train,no_chatter,0,-0.06442472090916107,1
turning,isolation_forest_rgb_features,2inchStickout_F_08-Jun-2017_rpm320_doc0p025_window_0021,validation,no_chatter,0,-0.08137941729851217,1
turning,isolation_forest_rgb_features,2inchStickout_F_08-Jun-2017_rpm320_doc0p025_window_0022,train,no_chatter,0,-0.13023392364553654,1
turning,isolation_forest_rgb_features,2inchStickout_F_08-Jun-2017_rpm320_doc0p025_window_0023,validation,no_chatter,0,-0.10640831551432595,1
turning,isolation_forest_rgb_features,2inchStickout_F_08-Jun-2017_rpm425_doc0p010_window_0000,validation,no_chatter,0,-0.10468747947449336,1
turning,isolation_forest_rgb_features,2inchStickout_F_08-Jun-2017_rpm425_doc0p010_window_0001,train,no_chatter,0,-0.10080498963313522,1
turning,isolation_forest_rgb_features,2inchStickout_F_08-Jun-2017_rpm425_doc0p010_window_0002,train,no_chatter,0,-0.11158583798971322,1
turning,isolation_forest_rgb_features,2inchStickout_F_08-Jun-2017_rpm425_doc0p010_window_0003,train,no_chatter,0,-0.1266581140427157,1
turning,isolation_forest_rgb_features,2inchStickout_F_08-Jun-2017_rpm425_doc0p010_window_0004,train,no_chatter,0,-0.11089265063189868,1
turning,isolation_forest_rgb_features,2inchStickout_F_08-Jun-2017_rpm425_doc0p010_window_0005,validation,no_chatter,0,-0.12844320182355423,1
turning,isolation_forest_rgb_features,2inchStickout_F_08-Jun-2017_rpm425_doc0p010_window_0006,train,no_chatter,0,-0.10129370540877053,1
turning,isolation_forest_rgb_features,2inchStickout_F_08-Jun-2017_rpm425_doc0p010_window_0007,train,no_chatter,0,-0.1173760297707806,1
turning,isolation_forest_rgb_features,2inchStickout_F_08-Jun-2017_rpm425_doc0p020_window_0000,train,no_chatter,0,-0.0846740977904279,1
turning,isolation_forest_rgb_features,2inchStickout_F_08-Jun-2017_rpm425_doc0p020_window_0001,train,no_chatter,0,-0.08390592626462784,1
turning,isolation_forest_rgb_features,2inchStickout_F_08-Jun-2017_rpm425_doc0p020_window_0002,test,no_chatter,0,-0.11689517219548684,1
turning,isolation_forest_rgb_features,2inchStickout_F_08-Jun-2017_rpm425_doc0p020_window_0003,train,no_chatter,0,-0.1189883678010385,1
turning,isolation_forest_rgb_features,2inchStickout_F_08-Jun-2017_rpm425_doc0p020_window_0004,train,no_chatter,0,-0.09838769622031407,1
turning,isolation_forest_rgb_features,2inchStickout_F_08-Jun-2017_rpm425_doc0p020_window_0005,test,no_chatter,0,0.00182020329144994,1
turning,isolation_forest_rgb_features,2inchStickout_F_08-Jun-2017_rpm425_doc0p020_window_0006,validation,chatter,1,0.06734858036426672,1
turning,isolation_forest_rgb_features,2inchStickout_F_08-Jun-2017_rpm425_doc0p020_window_0007,validation,chatter,1,0.08670407432395022,1
turning,isolation_forest_rgb_features,2inchStickout_F_08-Jun-2017_rpm770_doc0p010_window_0000,train,no_chatter,0,-0.10116349955022536,1
turning,isolation_forest_rgb_features,2inchStickout_F_08-Jun-2017_rpm770_doc0p010_window_0001,test,chatter,1,0.1917343463434542,1
turning,isolation_forest_rgb_features,2inchStickout_F_08-Jun-2017_rpm770_doc0p010_window_0002,test,chatter,1,0.2551747534329605,1
turning,isolation_forest_rgb_features,2inchStickout_F_08-Jun-2017_rpm770_doc0p010_window_0003,test,chatter,1,0.26133100185987157,1
turning,isolation_forest_rgb_features,2inchStickout_F_08-Jun-2017_rpm770_doc0p010_window_0004,test,chatter,1,0.2633942170352692,1
turning,isolation_forest_rgb_features,2inchStickout_F_08-Jun-2017_rpm770_doc0p010_window_0005,test,chatter,1,0.2654630235459068,1
turning,isolation_forest_rgb_features,2inchStickout_F_08-Jun-2017_rpm770_doc0p010_window_0006,test,chatter,1,0.2685767502229288,1
turning,isolation_forest_rgb_features,2inchStickout_F_08-Jun-2017_rpm770_doc0p010_window_0007,test,chatter,1,0.25891043858450336,1
turning,isolation_forest_rgb_features,2inchStickout_F_08-Jun-2017_rpm770_doc0p010_window_0008,test,chatter,1,0.2628778896447379,1
turning,isolation_forest_rgb_features,2inchStickout_F_08-Jun-2017_rpm770_doc0p010_window_0009,test,chatter,1,0.25491485539988035,1
turning,isolation_forest_rgb_features,2inchStickout_F_08-Jun-2017_rpm770_doc0p010_window_0010,test,chatter,1,0.2729190923019623,1
turning,isolation_forest_rgb_features,2inchStickout_F_08-Jun-2017_rpm770_doc0p010_window_0011,test,chatter,1,0.27344221573159266,1
turning,isolation_forest_rgb_features,2inchStickout_F_08-Jun-2017_rpm770_doc0p010_window_0012,test,chatter,1,0.2582466298048395,1
turning,isolation_forest_rgb_features,2inchStickout_F_08-Jun-2017_rpm770_doc0p010_window_0013,test,chatter,1,0.24134277961251327,1
turning,isolation_forest_rgb_features,2inchStickout_F_08-Jun-2017_rpm770_doc0p010_window_0014,train,no_chatter,0,0.092033429474347,1
turning,isolation_forest_rgb_features,2inchStickout_F_08-Jun-2017_rpm770_doc0p010_window_0015,train,no_chatter,0,-0.09931226261752796,1
turning,isolation_forest_rgb_features,2inchStickout_F_08-Jun-2017_rpm770_doc0p010_window_0016,train,no_chatter,0,-0.09512300197363105,1
turning,isolation_forest_rgb_features,2inchStickout_F_08-Jun-2017_rpm770_doc0p010_window_0017,train,no_chatter,0,-0.09822502264441035,1
turning,isolation_forest_rgb_features,2inchStickout_F_08-Jun-2017_rpm770_doc0p010_window_0018,train,no_chatter,0,-0.07802662247432385,1
turning,isolation_forest_rgb_features,2inchStickout_F_08-Jun-2017_rpm770_doc0p010_window_0019,train,no_chatter,0,-0.07832874744133073,1
turning,isolation_forest_rgb_features,2inchStickout_F_08-Jun-2017_rpm770_doc0p010_window_0020,train,no_chatter,0,-0.06413548043644623,1
turning,isolation_forest_rgb_features,2inchStickout_F_08-Jun-2017_rpm770_doc0p010_window_0021,train,no_chatter,0,-0.06986396144116219,1
turning,isolation_forest_rgb_features,2inchStickout_F_08-Jun-2017_rpm770_doc0p010_window_0022,train,no_chatter,0,-0.09228339443249473,1
turning,isolation_forest_rgb_features,2inchStickout_F_08-Jun-2017_rpm770_doc0p010_window_0023,train,no_chatter,0,-0.08160850142896448,1
turning,isolation_forest_rgb_features,2inchStickout_F_08-Jun-2017_smoothingCut2_noChatter_window_0000,train,no_chatter,0,-0.10531670338490029,1
turning,isolation_forest_rgb_features,2inchStickout_F_08-Jun-2017_smoothingCut2_noChatter_window_0001,test,no_chatter,0,-0.09250936344398031,1
turning,isolation_forest_rgb_features,2inchStickout_F_08-Jun-2017_smoothingCut2_noChatter_window_0002,train,no_chatter,0,-0.0020790198800712534,1
turning,isolation_forest_rgb_features,2inchStickout_F_08-Jun-2017_smoothingCut2_noChatter_window_0003,train,no_chatter,0,-0.06858614056277096,1
turning,isolation_forest_rgb_features,2inchStickout_F_08-Jun-2017_smoothingCut2_noChatter_window_0004,train,no_chatter,0,-0.08741208395763905,1
turning,isolation_forest_rgb_features,2inchStickout_F_08-Jun-2017_smoothingCut2_noChatter_window_0005,train,no_chatter,0,-0.08319052991963571,1
turning,isolation_forest_rgb_features,2inchStickout_F_08-Jun-2017_smoothingCut2_noChatter_window_0006,train,no_chatter,0,-0.10077037206900324,1
turning,isolation_forest_rgb_features,2inchStickout_F_08-Jun-2017_smoothingCut2_noChatter_window_0007,test,no_chatter,0,-0.0884784907838112,1
turning,isolation_forest_rgb_features,2inchStickout_F_08-Jun-2017_smoothingCut2_noChatter_window_0008,train,no_chatter,0,-0.11672131552563009,1
turning,isolation_forest_rgb_features,2inchStickout_F_08-Jun-2017_smoothingCut2_noChatter_window_0009,train,no_chatter,0,-0.06837311573745847,1
turning,isolation_forest_rgb_features,2inchStickout_F_08-Jun-2017_smoothingCut2_noChatter_window_0010,test,no_chatter,0,-0.10967718133769927,1
turning,isolation_forest_rgb_features,2inchStickout_F_08-Jun-2017_smoothingCut2_noChatter_window_0011,train,no_chatter,0,-0.07764551488445826,1
turning,isolation_forest_rgb_features,2p5inchStickout_F_12-Jun-2017_rpm570_doc0p008_window_0000,train,no_chatter,0,-0.0942528911499011,1
turning,isolation_forest_rgb_features,2p5inchStickout_F_12-Jun-2017_rpm570_doc0p008_window_0001,train,no_chatter,0,-0.10789031652320674,1
turning,isolation_forest_rgb_features,2p5inchStickout_F_12-Jun-2017_rpm570_doc0p008_window_0002,train,no_chatter,0,-0.11251857997153514,1
turning,isolation_forest_rgb_features,2p5inchStickout_F_12-Jun-2017_rpm570_doc0p008_window_0003,train,no_chatter,0,-0.08302469256109318,1
turning,isolation_forest_rgb_features,2p5inchStickout_F_12-Jun-2017_rpm570_doc0p008_window_0004,train,no_chatter,0,-0.10162534734716738,1
turning,isolation_forest_rgb_features,2p5inchStickout_F_12-Jun-2017_rpm570_doc0p008_window_0005,train,no_chatter,0,-0.07551158862579033,1
turning,isolation_forest_rgb_features,2p5inchStickout_F_12-Jun-2017_rpm570_doc0p008_window_0006,train,no_chatter,0,-0.10867801505875802,1
turning,isolation_forest_rgb_features,2p5inchStickout_F_12-Jun-2017_rpm570_doc0p008_window_0007,train,no_chatter,0,-0.10012747296037189,1
turning,isolation_forest_rgb_features,2p5inchStickout_F_12-Jun-2017_rpm570_doc0p008_window_0008,train,no_chatter,0,-0.09895987093155517,1
turning,isolation_forest_rgb_features,2p5inchStickout_F_12-Jun-2017_rpm570_doc0p008_window_0009,validation,no_chatter,0,-0.08184193143355162,1
turning,isolation_forest_rgb_features,4p5inchStickout_F_12-Jun-2017_rpm570_doc0p035_window_0000,validation,no_chatter,0,-0.08313618709403253,1
turning,isolation_forest_rgb_features,4p5inchStickout_F_12-Jun-2017_rpm570_doc0p035_window_0001,validation,no_chatter,0,-0.05455948220340329,1
turning,isolation_forest_rgb_features,4p5inchStickout_F_12-Jun-2017_rpm570_doc0p035_window_0002,train,no_chatter,0,-0.051485306429137234,1
turning,isolation_forest_rgb_features,4p5inchStickout_F_12-Jun-2017_rpm570_doc0p035_window_0003,train,no_chatter,0,-0.0929187605605119,1
turning,isolation_forest_rgb_features,4p5inchStickout_F_12-Jun-2017_rpm570_doc0p035_window_0004,train,no_chatter,0,-0.08251232734735103,1
turning,isolation_forest_rgb_features,4p5inchStickout_F_12-Jun-2017_rpm570_doc0p035_window_0005,train,no_chatter,0,-0.07428847751685508,1
turning,isolation_forest_rgb_features,4p5inchStickout_F_12-Jun-2017_rpm570_doc0p035_window_0006,train,no_chatter,0,-0.07755686985542448,1
turning,isolation_forest_rgb_features,4p5inchStickout_F_12-Jun-2017_rpm570_doc0p035_window_0007,train,no_chatter,0,-0.0893365842784204,1
turning,isolation_forest_rgb_features,4p5inchStickout_F_12-Jun-2017_rpm570_doc0p035_window_0008,train,no_chatter,0,-0.08465320907526935,1
turning,isolation_forest_rgb_features,4p5inchStickout_F_12-Jun-2017_rpm570_doc0p035_window_0009,train,no_chatter,0,-0.022830461587267148,1
turning,isolation_forest_rgb_features,4p5inchStickout_F_12-Jun-2017_rpm570_doc0p035_window_0010,validation,no_chatter,0,-0.05080747097629795,1
turning,isolation_forest_rgb_features,4p5inchStickout_F_12-Jun-2017_rpm570_doc0p035_window_0011,train,no_chatter,0,-0.05800393677493465,1
turning,isolation_forest_rgb_features,4p5inchStickout_F_13-Jun-2017_rpm1030_doc0p005_window_0000,train,no_chatter,0,-0.07031499981636857,1
turning,isolation_forest_rgb_features,4p5inchStickout_F_13-Jun-2017_rpm1030_doc0p005_window_0001,test,no_chatter,0,-0.03100378535980386,1
turning,isolation_forest_rgb_features,4p5inchStickout_F_13-Jun-2017_rpm1030_doc0p005_window_0002,test,no_chatter,0,-0.06185128400154427,1
turning,isolation_forest_rgb_features,4p5inchStickout_F_13-Jun-2017_rpm1030_doc0p005_window_0003,train,no_chatter,0,-0.009562796911292304,1
turning,isolation_forest_rgb_features,4p5inchStickout_F_13-Jun-2017_rpm1030_doc0p014_window_0000,train,no_chatter,0,-0.06488419800156592,1
turning,isolation_forest_rgb_features,4p5inchStickout_F_13-Jun-2017_rpm1030_doc0p014_window_0001,train,no_chatter,0,-0.024662641675692154,1
turning,isolation_forest_rgb_features,4p5inchStickout_F_13-Jun-2017_rpm1030_doc0p014_window_0002,validation,no_chatter,0,-0.040261805453918276,1
turning,isolation_forest_rgb_features,4p5inchStickout_F_13-Jun-2017_rpm1030_doc0p014_window_0003,train,no_chatter,0,-0.05102088646331099,1
turning,isolation_forest_rgb_features,4p5inchStickout_F_13-Jun-2017_rpm770_doc0p015_window_0000,train,no_chatter,0,-0.08288256919538789,1
turning,isolation_forest_rgb_features,4p5inchStickout_F_13-Jun-2017_rpm770_doc0p015_window_0001,validation,no_chatter,0,-0.050114832623576966,1
turning,isolation_forest_rgb_features,4p5inchStickout_F_13-Jun-2017_rpm770_doc0p015_window_0002,validation,no_chatter,0,-0.08919256566529316,1
turning,isolation_forest_rgb_features,4p5inchStickout_F_13-Jun-2017_rpm770_doc0p015_window_0003,train,no_chatter,0,-0.08997093512611942,1
turning,isolation_forest_rgb_features,4p5inchStickout_F_13-Jun-2017_rpm770_doc0p015_window_0004,validation,no_chatter,0,-0.06881834599253189,1
turning,isolation_forest_rgb_features,4p5inchStickout_F_13-Jun-2017_rpm770_doc0p015_window_0005,validation,no_chatter,0,-0.08605163637193852,1
turning,pca_rgb_reconstruction,2inchStickout_F_08-Jun-2017_rpm320_doc0p020_window_0000,validation,no_chatter,0,4.136664210818708e-05,1
turning,pca_rgb_reconstruction,2inchStickout_F_08-Jun-2017_rpm320_doc0p020_window_0001,train,no_chatter,0,4.7068202547961846e-05,1
turning,pca_rgb_reconstruction,2inchStickout_F_08-Jun-2017_rpm320_doc0p020_window_0002,train,no_chatter,0,4.2527783080004156e-05,1
turning,pca_rgb_reconstruction,2inchStickout_F_08-Jun-2017_rpm320_doc0p020_window_0003,validation,no_chatter,0,4.857068051933311e-05,1
turning,pca_rgb_reconstruction,2inchStickout_F_08-Jun-2017_rpm320_doc0p020_window_0004,validation,no_chatter,0,0.0002349132701056078,1
turning,pca_rgb_reconstruction,2inchStickout_F_08-Jun-2017_rpm320_doc0p020_window_0005,train,no_chatter,0,0.00017900450620800257,1
turning,pca_rgb_reconstruction,2inchStickout_F_08-Jun-2017_rpm320_doc0p020_window_0006,validation,no_chatter,0,0.0001937387278303504,1
turning,pca_rgb_reconstruction,2inchStickout_F_08-Jun-2017_rpm320_doc0p020_window_0007,train,no_chatter,0,0.0003261225065216422,1
turning,pca_rgb_reconstruction,2inchStickout_F_08-Jun-2017_rpm320_doc0p020_window_0008,train,no_chatter,0,0.0005985136376693845,1
turning,pca_rgb_reconstruction,2inchStickout_F_08-Jun-2017_rpm320_doc0p020_window_0009,train,no_chatter,0,0.0006199092022143304,1
turning,pca_rgb_reconstruction,2inchStickout_F_08-Jun-2017_rpm320_doc0p020_window_0010,train,no_chatter,0,0.0015883580781519413,1
turning,pca_rgb_reconstruction,2inchStickout_F_08-Jun-2017_rpm320_doc0p020_window_0011,train,no_chatter,0,0.0015907192137092352,1
turning,pca_rgb_reconstruction,2inchStickout_F_08-Jun-2017_rpm320_doc0p020_window_0012,train,no_chatter,0,0.0012765568681061268,1
turning,pca_rgb_reconstruction,2inchStickout_F_08-Jun-2017_rpm320_doc0p020_window_0013,validation,no_chatter,0,0.00031136212055571377,1
turning,pca_rgb_reconstruction,2inchStickout_F_08-Jun-2017_rpm320_doc0p020_window_0014,validation,no_chatter,0,0.0003013401001226157,1
turning,pca_rgb_reconstruction,2inchStickout_F_08-Jun-2017_rpm320_doc0p020_window_0015,train,no_chatter,0,0.0002271701960125938,1
turning,pca_rgb_reconstruction,2inchStickout_F_08-Jun-2017_rpm320_doc0p020_window_0016,train,no_chatter,0,0.00027762592071667314,1
turning,pca_rgb_reconstruction,2inchStickout_F_08-Jun-2017_rpm320_doc0p020_window_0017,train,no_chatter,0,0.00026984341093339026,1
turning,pca_rgb_reconstruction,2inchStickout_F_08-Jun-2017_rpm320_doc0p020_window_0018,train,no_chatter,0,0.00029907384305261075,1
turning,pca_rgb_reconstruction,2inchStickout_F_08-Jun-2017_rpm320_doc0p020_window_0019,train,no_chatter,0,0.00027519301511347294,1
turning,pca_rgb_reconstruction,2inchStickout_F_08-Jun-2017_rpm320_doc0p020_window_0020,train,no_chatter,0,0.00027969127404503524,1
turning,pca_rgb_reconstruction,2inchStickout_F_08-Jun-2017_rpm320_doc0p020_window_0021,train,no_chatter,0,0.00025995823671109974,1
turning,pca_rgb_reconstruction,2inchStickout_F_08-Jun-2017_rpm320_doc0p020_window_0022,validation,no_chatter,0,0.00028053231653757393,1
turning,pca_rgb_reconstruction,2inchStickout_F_08-Jun-2017_rpm320_doc0p020_window_0023,train,no_chatter,0,0.0005865755956619978,1
turning,pca_rgb_reconstruction,2inchStickout_F_08-Jun-2017_rpm320_doc0p025_window_0000,train,no_chatter,0,4.779814480571076e-05,1
turning,pca_rgb_reconstruction,2inchStickout_F_08-Jun-2017_rpm320_doc0p025_window_0001,train,no_chatter,0,3.6872872442472726e-05,1
turning,pca_rgb_reconstruction,2inchStickout_F_08-Jun-2017_rpm320_doc0p025_window_0002,train,no_chatter,0,0.00014007648860570043,1
turning,pca_rgb_reconstruction,2inchStickout_F_08-Jun-2017_rpm320_doc0p025_window_0003,validation,no_chatter,0,0.0006757742376066744,1
turning,pca_rgb_reconstruction,2inchStickout_F_08-Jun-2017_rpm320_doc0p025_window_0004,validation,no_chatter,0,0.0002921749255619943,1
turning,pca_rgb_reconstruction,2inchStickout_F_08-Jun-2017_rpm320_doc0p025_window_0005,train,no_chatter,0,0.0002977867261506617,1
turning,pca_rgb_reconstruction,2inchStickout_F_08-Jun-2017_rpm320_doc0p025_window_0006,train,no_chatter,0,0.0002539653214626014,1
turning,pca_rgb_reconstruction,2inchStickout_F_08-Jun-2017_rpm320_doc0p025_window_0007,train,no_chatter,0,0.00027341494569554925,1
turning,pca_rgb_reconstruction,2inchStickout_F_08-Jun-2017_rpm320_doc0p025_window_0008,validation,no_chatter,0,0.0002756916801445186,1
turning,pca_rgb_reconstruction,2inchStickout_F_08-Jun-2017_rpm320_doc0p025_window_0009,train,no_chatter,0,0.0003031973901670426,1
turning,pca_rgb_reconstruction,2inchStickout_F_08-Jun-2017_rpm320_doc0p025_window_0010,train,no_chatter,0,0.00033204510691575706,1
turning,pca_rgb_reconstruction,2inchStickout_F_08-Jun-2017_rpm320_doc0p025_window_0011,train,no_chatter,0,0.00036128051578998566,1
turning,pca_rgb_reconstruction,2inchStickout_F_08-Jun-2017_rpm320_doc0p025_window_0012,validation,no_chatter,0,0.0013853202108293772,1
turning,pca_rgb_reconstruction,2inchStickout_F_08-Jun-2017_rpm320_doc0p025_window_0013,validation,no_chatter,0,0.0015025106258690357,1
turning,pca_rgb_reconstruction,2inchStickout_F_08-Jun-2017_rpm320_doc0p025_window_0014,train,no_chatter,0,0.0018300269730389118,1
turning,pca_rgb_reconstruction,2inchStickout_F_08-Jun-2017_rpm320_doc0p025_window_0015,train,no_chatter,0,0.003286344464868307,1
turning,pca_rgb_reconstruction,2inchStickout_F_08-Jun-2017_rpm320_doc0p025_window_0016,train,no_chatter,0,0.0015028970083221793,1
turning,pca_rgb_reconstruction,2inchStickout_F_08-Jun-2017_rpm320_doc0p025_window_0017,validation,no_chatter,0,0.001038433169014752,1
turning,pca_rgb_reconstruction,2inchStickout_F_08-Jun-2017_rpm320_doc0p025_window_0018,train,no_chatter,0,0.001152983051724732,1
turning,pca_rgb_reconstruction,2inchStickout_F_08-Jun-2017_rpm320_doc0p025_window_0019,train,no_chatter,0,0.0010609348537400365,1
turning,pca_rgb_reconstruction,2inchStickout_F_08-Jun-2017_rpm320_doc0p025_window_0020,train,no_chatter,0,0.001031294814310968,1
turning,pca_rgb_reconstruction,2inchStickout_F_08-Jun-2017_rpm320_doc0p025_window_0021,validation,no_chatter,0,0.0007014108705334365,1
turning,pca_rgb_reconstruction,2inchStickout_F_08-Jun-2017_rpm320_doc0p025_window_0022,train,no_chatter,0,0.00048164778854697943,1
turning,pca_rgb_reconstruction,2inchStickout_F_08-Jun-2017_rpm320_doc0p025_window_0023,validation,no_chatter,0,0.0007639860268682241,1
turning,pca_rgb_reconstruction,2inchStickout_F_08-Jun-2017_rpm425_doc0p010_window_0000,validation,no_chatter,0,4.523841562331654e-05,1
turning,pca_rgb_reconstruction,2inchStickout_F_08-Jun-2017_rpm425_doc0p010_window_0001,train,no_chatter,0,0.00017895673227030784,1
turning,pca_rgb_reconstruction,2inchStickout_F_08-Jun-2017_rpm425_doc0p010_window_0002,train,no_chatter,0,0.0006344376597553492,1
turning,pca_rgb_reconstruction,2inchStickout_F_08-Jun-2017_rpm425_doc0p010_window_0003,train,no_chatter,0,0.0007905893726274371,1
turning,pca_rgb_reconstruction,2inchStickout_F_08-Jun-2017_rpm425_doc0p010_window_0004,train,no_chatter,0,0.0008803348173387349,1
turning,pca_rgb_reconstruction,2inchStickout_F_08-Jun-2017_rpm425_doc0p010_window_0005,validation,no_chatter,0,0.0008914213976822793,1
turning,pca_rgb_reconstruction,2inchStickout_F_08-Jun-2017_rpm425_doc0p010_window_0006,train,no_chatter,0,0.001040134229697287,1
turning,pca_rgb_reconstruction,2inchStickout_F_08-Jun-2017_rpm425_doc0p010_window_0007,train,no_chatter,0,0.0010308562777936459,1
turning,pca_rgb_reconstruction,2inchStickout_F_08-Jun-2017_rpm425_doc0p020_window_0000,train,no_chatter,0,6.038477295078337e-05,1
turning,pca_rgb_reconstruction,2inchStickout_F_08-Jun-2017_rpm425_doc0p020_window_0001,train,no_chatter,0,0.0001988947915378958,1
turning,pca_rgb_reconstruction,2inchStickout_F_08-Jun-2017_rpm425_doc0p020_window_0002,test,no_chatter,0,0.0007282525766640902,1
turning,pca_rgb_reconstruction,2inchStickout_F_08-Jun-2017_rpm425_doc0p020_window_0003,train,no_chatter,0,0.0007327091880142689,1
turning,pca_rgb_reconstruction,2inchStickout_F_08-Jun-2017_rpm425_doc0p020_window_0004,train,no_chatter,0,0.0012650178978219628,1
turning,pca_rgb_reconstruction,2inchStickout_F_08-Jun-2017_rpm425_doc0p020_window_0005,test,no_chatter,0,0.0023910512682050467,1
turning,pca_rgb_reconstruction,2inchStickout_F_08-Jun-2017_rpm425_doc0p020_window_0006,validation,chatter,1,0.0035407235845923424,1
turning,pca_rgb_reconstruction,2inchStickout_F_08-Jun-2017_rpm425_doc0p020_window_0007,validation,chatter,1,0.003524197731167078,1
turning,pca_rgb_reconstruction,2inchStickout_F_08-Jun-2017_rpm770_doc0p010_window_0000,train,no_chatter,0,0.00012463601888157427,1
turning,pca_rgb_reconstruction,2inchStickout_F_08-Jun-2017_rpm770_doc0p010_window_0001,test,chatter,1,0.0038405084051191807,1
turning,pca_rgb_reconstruction,2inchStickout_F_08-Jun-2017_rpm770_doc0p010_window_0002,test,chatter,1,0.00409004045650363,1
turning,pca_rgb_reconstruction,2inchStickout_F_08-Jun-2017_rpm770_doc0p010_window_0003,test,chatter,1,0.0036005412694066763,1
turning,pca_rgb_reconstruction,2inchStickout_F_08-Jun-2017_rpm770_doc0p010_window_0004,test,chatter,1,0.003693605540320277,1
turning,pca_rgb_reconstruction,2inchStickout_F_08-Jun-2017_rpm770_doc0p010_window_0005,test,chatter,1,0.004340435843914747,1
turning,pca_rgb_reconstruction,2inchStickout_F_08-Jun-2017_rpm770_doc0p010_window_0006,test,chatter,1,0.004041827283799648,1
turning,pca_rgb_reconstruction,2inchStickout_F_08-Jun-2017_rpm770_doc0p010_window_0007,test,chatter,1,0.0036417490337044,1
turning,pca_rgb_reconstruction,2inchStickout_F_08-Jun-2017_rpm770_doc0p010_window_0008,test,chatter,1,0.004021819215267897,1
turning,pca_rgb_reconstruction,2inchStickout_F_08-Jun-2017_rpm770_doc0p010_window_0009,test,chatter,1,0.004045968409627676,1
turning,pca_rgb_reconstruction,2inchStickout_F_08-Jun-2017_rpm770_doc0p010_window_0010,test,chatter,1,0.00434217881411314,1
turning,pca_rgb_reconstruction,2inchStickout_F_08-Jun-2017_rpm770_doc0p010_window_0011,test,chatter,1,0.004620797000825405,1
turning,pca_rgb_reconstruction,2inchStickout_F_08-Jun-2017_rpm770_doc0p010_window_0012,test,chatter,1,0.003681681351736188,1
turning,pca_rgb_reconstruction,2inchStickout_F_08-Jun-2017_rpm770_doc0p010_window_0013,test,chatter,1,0.0031997798942029476,1
turning,pca_rgb_reconstruction,2inchStickout_F_08-Jun-2017_rpm770_doc0p010_window_0014,train,no_chatter,0,0.004293389152735472,1
turning,pca_rgb_reconstruction,2inchStickout_F_08-Jun-2017_rpm770_doc0p010_window_0015,train,no_chatter,0,9.916970157064497e-05,1
turning,pca_rgb_reconstruction,2inchStickout_F_08-Jun-2017_rpm770_doc0p010_window_0016,train,no_chatter,0,0.00011492562771309167,1
turning,pca_rgb_reconstruction,2inchStickout_F_08-Jun-2017_rpm770_doc0p010_window_0017,train,no_chatter,0,0.0001159105813712813,1
turning,pca_rgb_reconstruction,2inchStickout_F_08-Jun-2017_rpm770_doc0p010_window_0018,train,no_chatter,0,7.566149724880233e-05,1
turning,pca_rgb_reconstruction,2inchStickout_F_08-Jun-2017_rpm770_doc0p010_window_0019,train,no_chatter,0,7.831090624677017e-05,1
turning,pca_rgb_reconstruction,2inchStickout_F_08-Jun-2017_rpm770_doc0p010_window_0020,train,no_chatter,0,8.939045073930174e-05,1
turning,pca_rgb_reconstruction,2inchStickout_F_08-Jun-2017_rpm770_doc0p010_window_0021,train,no_chatter,0,7.667543104616925e-05,1
turning,pca_rgb_reconstruction,2inchStickout_F_08-Jun-2017_rpm770_doc0p010_window_0022,train,no_chatter,0,5.675471038557589e-05,1
turning,pca_rgb_reconstruction,2inchStickout_F_08-Jun-2017_rpm770_doc0p010_window_0023,train,no_chatter,0,5.119637353345752e-05,1
turning,pca_rgb_reconstruction,2inchStickout_F_08-Jun-2017_smoothingCut2_noChatter_window_0000,train,no_chatter,0,6.545242649735883e-05,1
turning,pca_rgb_reconstruction,2inchStickout_F_08-Jun-2017_smoothingCut2_noChatter_window_0001,test,no_chatter,0,0.00048495762166567147,1
turning,pca_rgb_reconstruction,2inchStickout_F_08-Jun-2017_smoothingCut2_noChatter_window_0002,train,no_chatter,0,0.001279253512620926,1
turning,pca_rgb_reconstruction,2inchStickout_F_08-Jun-2017_smoothingCut2_noChatter_window_0003,train,no_chatter,0,0.0008313253638334572,1
turning,pca_rgb_reconstruction,2inchStickout_F_08-Jun-2017_smoothingCut2_noChatter_window_0004,train,no_chatter,0,0.0007188896997831762,1
turning,pca_rgb_reconstruction,2inchStickout_F_08-Jun-2017_smoothingCut2_noChatter_window_0005,train,no_chatter,0,0.0007057201000861824,1
turning,pca_rgb_reconstruction,2inchStickout_F_08-Jun-2017_smoothingCut2_noChatter_window_0006,train,no_chatter,0,0.0006628013215959072,1
turning,pca_rgb_reconstruction,2inchStickout_F_08-Jun-2017_smoothingCut2_noChatter_window_0007,test,no_chatter,0,0.0007170498138293624,1
turning,pca_rgb_reconstruction,2inchStickout_F_08-Jun-2017_smoothingCut2_noChatter_window_0008,train,no_chatter,0,0.0007428953540511429,1
turning,pca_rgb_reconstruction,2inchStickout_F_08-Jun-2017_smoothingCut2_noChatter_window_0009,train,no_chatter,0,0.0007152727921493351,1
turning,pca_rgb_reconstruction,2inchStickout_F_08-Jun-2017_smoothingCut2_noChatter_window_0010,test,no_chatter,0,0.000673569506034255,1
turning,pca_rgb_reconstruction,2inchStickout_F_08-Jun-2017_smoothingCut2_noChatter_window_0011,train,no_chatter,0,0.0008638320141471922,1
turning,pca_rgb_reconstruction,2p5inchStickout_F_12-Jun-2017_rpm570_doc0p008_window_0000,train,no_chatter,0,0.00029836344765499234,1
turning,pca_rgb_reconstruction,2p5inchStickout_F_12-Jun-2017_rpm570_doc0p008_window_0001,train,no_chatter,0,0.0005180281586945057,1
turning,pca_rgb_reconstruction,2p5inchStickout_F_12-Jun-2017_rpm570_doc0p008_window_0002,train,no_chatter,0,0.0004754177643917501,1
turning,pca_rgb_reconstruction,2p5inchStickout_F_12-Jun-2017_rpm570_doc0p008_window_0003,train,no_chatter,0,0.000521365727763623,1
turning,pca_rgb_reconstruction,2p5inchStickout_F_12-Jun-2017_rpm570_doc0p008_window_0004,train,no_chatter,0,0.0007938564522191882,1
turning,pca_rgb_reconstruction,2p5inchStickout_F_12-Jun-2017_rpm570_doc0p008_window_0005,train,no_chatter,0,0.0007242264691740274,1
turning,pca_rgb_reconstruction,2p5inchStickout_F_12-Jun-2017_rpm570_doc0p008_window_0006,train,no_chatter,0,0.000499878020491451,1
turning,pca_rgb_reconstruction,2p5inchStickout_F_12-Jun-2017_rpm570_doc0p008_window_0007,train,no_chatter,0,0.0005772357108071446,1
turning,pca_rgb_reconstruction,2p5inchStickout_F_12-Jun-2017_rpm570_doc0p008_window_0008,train,no_chatter,0,0.0004876441089436412,1
turning,pca_rgb_reconstruction,2p5inchStickout_F_12-Jun-2017_rpm570_doc0p008_window_0009,validation,no_chatter,0,0.0011188823264092207,1
turning,pca_rgb_reconstruction,4p5inchStickout_F_12-Jun-2017_rpm570_doc0p035_window_0000,validation,no_chatter,0,0.00067757727811113,1
turning,pca_rgb_reconstruction,4p5inchStickout_F_12-Jun-2017_rpm570_doc0p035_window_0001,validation,no_chatter,0,0.0009501215536147356,1
turning,pca_rgb_reconstruction,4p5inchStickout_F_12-Jun-2017_rpm570_doc0p035_window_0002,train,no_chatter,0,0.0009104679338634014,1
turning,pca_rgb_reconstruction,4p5inchStickout_F_12-Jun-2017_rpm570_doc0p035_window_0003,train,no_chatter,0,0.0008244786295108497,1
turning,pca_rgb_reconstruction,4p5inchStickout_F_12-Jun-2017_rpm570_doc0p035_window_0004,train,no_chatter,0,0.0007389025413431227,1
turning,pca_rgb_reconstruction,4p5inchStickout_F_12-Jun-2017_rpm570_doc0p035_window_0005,train,no_chatter,0,0.0007264841697178781,1
turning,pca_rgb_reconstruction,4p5inchStickout_F_12-Jun-2017_rpm570_doc0p035_window_0006,train,no_chatter,0,0.0007315410766750574,1
turning,pca_rgb_reconstruction,4p5inchStickout_F_12-Jun-2017_rpm570_doc0p035_window_0007,train,no_chatter,0,0.0006700819358229637,1
turning,pca_rgb_reconstruction,4p5inchStickout_F_12-Jun-2017_rpm570_doc0p035_window_0008,train,no_chatter,0,0.0006349405157379806,1
turning,pca_rgb_reconstruction,4p5inchStickout_F_12-Jun-2017_rpm570_doc0p035_window_0009,train,no_chatter,0,0.0012604986550286412,1
turning,pca_rgb_reconstruction,4p5inchStickout_F_12-Jun-2017_rpm570_doc0p035_window_0010,validation,no_chatter,0,6.670603033853695e-05,1
turning,pca_rgb_reconstruction,4p5inchStickout_F_12-Jun-2017_rpm570_doc0p035_window_0011,train,no_chatter,0,7.868035027058795e-05,1
turning,pca_rgb_reconstruction,4p5inchStickout_F_13-Jun-2017_rpm1030_doc0p005_window_0000,train,no_chatter,0,6.258086068555713e-05,1
turning,pca_rgb_reconstruction,4p5inchStickout_F_13-Jun-2017_rpm1030_doc0p005_window_0001,test,no_chatter,0,0.0010798797011375427,1
turning,pca_rgb_reconstruction,4p5inchStickout_F_13-Jun-2017_rpm1030_doc0p005_window_0002,test,no_chatter,0,0.000918237492442131,1
turning,pca_rgb_reconstruction,4p5inchStickout_F_13-Jun-2017_rpm1030_doc0p005_window_0003,train,no_chatter,0,0.0010647570015862584,1
turning,pca_rgb_reconstruction,4p5inchStickout_F_13-Jun-2017_rpm1030_doc0p014_window_0000,train,no_chatter,0,6.884169852128252e-05,1
turning,pca_rgb_reconstruction,4p5inchStickout_F_13-Jun-2017_rpm1030_doc0p014_window_0001,train,no_chatter,0,0.0009472539531998336,1
turning,pca_rgb_reconstruction,4p5inchStickout_F_13-Jun-2017_rpm1030_doc0p014_window_0002,validation,no_chatter,0,0.0008868629229255021,1
turning,pca_rgb_reconstruction,4p5inchStickout_F_13-Jun-2017_rpm1030_doc0p014_window_0003,train,no_chatter,0,0.001040931325405836,1
turning,pca_rgb_reconstruction,4p5inchStickout_F_13-Jun-2017_rpm770_doc0p015_window_0000,train,no_chatter,0,4.163629637332633e-05,1
turning,pca_rgb_reconstruction,4p5inchStickout_F_13-Jun-2017_rpm770_doc0p015_window_0001,validation,no_chatter,0,0.0005807154811918736,1
turning,pca_rgb_reconstruction,4p5inchStickout_F_13-Jun-2017_rpm770_doc0p015_window_0002,validation,no_chatter,0,0.0007445905939675868,1
turning,pca_rgb_reconstruction,4p5inchStickout_F_13-Jun-2017_rpm770_doc0p015_window_0003,train,no_chatter,0,0.0008303391514346004,1
turning,pca_rgb_reconstruction,4p5inchStickout_F_13-Jun-2017_rpm770_doc0p015_window_0004,validation,no_chatter,0,0.0011652389075607061,1
turning,pca_rgb_reconstruction,4p5inchStickout_F_13-Jun-2017_rpm770_doc0p015_window_0005,validation,no_chatter,0,0.0007344185723923147,1
turning,one_class_svm_rgb_features,2inchStickout_F_08-Jun-2017_rpm1030_doc0p001_window_0000,train,no_chatter,0,0.05746235270284872,2
turning,one_class_svm_rgb_features,2inchStickout_F_08-Jun-2017_rpm1030_doc0p001_window_0001,validation,chatter,1,0.8810636378751159,2
turning,one_class_svm_rgb_features,2inchStickout_F_08-Jun-2017_rpm1030_doc0p001_window_0002,validation,chatter,1,0.8810636378751159,2
turning,one_class_svm_rgb_features,2inchStickout_F_08-Jun-2017_rpm1030_doc0p001_window_0003,validation,chatter,1,0.8810636378751159,2
turning,one_class_svm_rgb_features,2inchStickout_F_08-Jun-2017_rpm320_doc0p010_window_0000,train,no_chatter,0,-0.1713512923315671,2
turning,one_class_svm_rgb_features,2inchStickout_F_08-Jun-2017_rpm320_doc0p010_window_0001,train,no_chatter,0,-0.14675397923448108,2
turning,one_class_svm_rgb_features,2inchStickout_F_08-Jun-2017_rpm320_doc0p010_window_0002,train,no_chatter,0,-0.13503969905285318,2
turning,one_class_svm_rgb_features,2inchStickout_F_08-Jun-2017_rpm320_doc0p010_window_0003,train,no_chatter,0,-0.1696371075898876,2
turning,one_class_svm_rgb_features,2inchStickout_F_08-Jun-2017_rpm320_doc0p010_window_0004,train,no_chatter,0,-0.25807956872150706,2
turning,one_class_svm_rgb_features,2inchStickout_F_08-Jun-2017_rpm320_doc0p010_window_0005,validation,no_chatter,0,-0.27486107481638966,2
turning,one_class_svm_rgb_features,2inchStickout_F_08-Jun-2017_rpm320_doc0p010_window_0006,validation,no_chatter,0,-0.2756506617116715,2
turning,one_class_svm_rgb_features,2inchStickout_F_08-Jun-2017_rpm320_doc0p010_window_0007,train,no_chatter,0,-0.27115750615930223,2
turning,one_class_svm_rgb_features,2inchStickout_F_08-Jun-2017_rpm320_doc0p010_window_0008,validation,no_chatter,0,-0.30352757970965627,2
turning,one_class_svm_rgb_features,2inchStickout_F_08-Jun-2017_rpm320_doc0p010_window_0009,train,no_chatter,0,0.001877728515388033,2
turning,one_class_svm_rgb_features,2inchStickout_F_08-Jun-2017_rpm320_doc0p010_window_0010,train,no_chatter,0,0.8020956157169461,2
turning,one_class_svm_rgb_features,2inchStickout_F_08-Jun-2017_rpm320_doc0p010_window_0011,validation,no_chatter,0,0.7026135929206588,2
turning,one_class_svm_rgb_features,2inchStickout_F_08-Jun-2017_rpm320_doc0p010_window_0012,train,no_chatter,0,0.32239836306029035,2
turning,one_class_svm_rgb_features,2inchStickout_F_08-Jun-2017_rpm320_doc0p010_window_0013,validation,no_chatter,0,0.4380693707508442,2
turning,one_class_svm_rgb_features,2inchStickout_F_08-Jun-2017_rpm320_doc0p010_window_0014,train,no_chatter,0,0.1857214286665566,2
turning,one_class_svm_rgb_features,2inchStickout_F_08-Jun-2017_rpm320_doc0p010_window_0015,train,no_chatter,0,0.0672973668333473,2
turning,one_class_svm_rgb_features,2inchStickout_F_08-Jun-2017_rpm320_doc0p010_window_0016,train,no_chatter,0,-0.03677960061677554,2
turning,one_class_svm_rgb_features,2inchStickout_F_08-Jun-2017_rpm320_doc0p010_window_0017,train,no_chatter,0,-0.17225293313543244,2
turning,one_class_svm_rgb_features,2inchStickout_F_08-Jun-2017_rpm320_doc0p010_window_0018,train,no_chatter,0,0.08498251306062676,2
turning,one_class_svm_rgb_features,2inchStickout_F_08-Jun-2017_rpm320_doc0p010_window_0019,train,no_chatter,0,-0.10608116082427677,2
turning,one_class_svm_rgb_features,2inchStickout_F_08-Jun-2017_rpm320_doc0p010_window_0020,train,no_chatter,0,-0.1587848342816761,2
turning,one_class_svm_rgb_features,2inchStickout_F_08-Jun-2017_rpm320_doc0p010_window_0021,train,no_chatter,0,-0.07719539034135858,2
turning,one_class_svm_rgb_features,2inchStickout_F_08-Jun-2017_rpm320_doc0p010_window_0022,train,no_chatter,0,0.4568326594782264,2
turning,one_class_svm_rgb_features,2inchStickout_F_08-Jun-2017_rpm320_doc0p010_window_0023,train,no_chatter,0,-0.08792489760813504,2
turning,one_class_svm_rgb_features,2inchStickout_F_08-Jun-2017_rpm320_doc0p045_window_0000,train,no_chatter,0,-0.1273801171743908,2
turning,one_class_svm_rgb_features,2inchStickout_F_08-Jun-2017_rpm320_doc0p045_window_0001,train,no_chatter,0,-0.1858800919823892,2
turning,one_class_svm_rgb_features,2inchStickout_F_08-Jun-2017_rpm320_doc0p045_window_0002,train,no_chatter,0,-0.1485874802602064,2
turning,one_class_svm_rgb_features,2inchStickout_F_08-Jun-2017_rpm320_doc0p045_window_0003,train,no_chatter,0,-0.32862302823770084,2
turning,one_class_svm_rgb_features,2inchStickout_F_08-Jun-2017_rpm320_doc0p045_window_0004,train,no_chatter,0,-0.2521825601907469,2
turning,one_class_svm_rgb_features,2inchStickout_F_08-Jun-2017_rpm320_doc0p045_window_0005,train,no_chatter,0,-0.2947671663658512,2
turning,one_class_svm_rgb_features,2inchStickout_F_08-Jun-2017_rpm320_doc0p045_window_0006,train,no_chatter,0,-0.2971712881340841,2
turning,one_class_svm_rgb_features,2inchStickout_F_08-Jun-2017_rpm320_doc0p045_window_0007,train,no_chatter,0,-0.1284353279037359,2
turning,one_class_svm_rgb_features,2inchStickout_F_08-Jun-2017_rpm320_doc0p045_window_0008,train,no_chatter,0,-0.20697082575165549,2
turning,one_class_svm_rgb_features,2inchStickout_F_08-Jun-2017_rpm320_doc0p045_window_0009,validation,no_chatter,0,-0.20443182313193586,2
turning,one_class_svm_rgb_features,2inchStickout_F_08-Jun-2017_rpm320_doc0p045_window_0010,train,no_chatter,0,-0.2526797949612801,2
turning,one_class_svm_rgb_features,2inchStickout_F_08-Jun-2017_rpm320_doc0p045_window_0011,train,no_chatter,0,-0.01657760836591482,2
turning,one_class_svm_rgb_features,2inchStickout_F_08-Jun-2017_rpm320_doc0p045_window_0012,train,no_chatter,0,-0.22011302058619975,2
turning,one_class_svm_rgb_features,2inchStickout_F_08-Jun-2017_rpm320_doc0p045_window_0013,train,no_chatter,0,-0.34109850946647435,2
turning,one_class_svm_rgb_features,2inchStickout_F_08-Jun-2017_rpm320_doc0p045_window_0014,train,no_chatter,0,-0.3893636475498784,2
turning,one_class_svm_rgb_features,2inchStickout_F_08-Jun-2017_rpm320_doc0p045_window_0015,validation,no_chatter,0,-0.39662771117133533,2
turning,one_class_svm_rgb_features,2inchStickout_F_08-Jun-2017_rpm320_doc0p045_window_0016,validation,no_chatter,0,-0.3030102962641673,2
turning,one_class_svm_rgb_features,2inchStickout_F_08-Jun-2017_rpm320_doc0p045_window_0017,validation,no_chatter,0,-0.3524628866842362,2
turning,one_class_svm_rgb_features,2inchStickout_F_08-Jun-2017_rpm320_doc0p045_window_0018,train,no_chatter,0,-0.31053393555797315,2
turning,one_class_svm_rgb_features,2inchStickout_F_08-Jun-2017_rpm320_doc0p045_window_0019,train,no_chatter,0,-0.34101338619488974,2
turning,one_class_svm_rgb_features,2inchStickout_F_08-Jun-2017_rpm320_doc0p045_window_0020,train,no_chatter,0,-0.1584001924974704,2
turning,one_class_svm_rgb_features,2inchStickout_F_08-Jun-2017_rpm320_doc0p045_window_0021,train,no_chatter,0,-0.26295064227755705,2
turning,one_class_svm_rgb_features,2inchStickout_F_08-Jun-2017_rpm320_doc0p045_window_0022,train,no_chatter,0,-0.30014939348304714,2
turning,one_class_svm_rgb_features,2inchStickout_F_08-Jun-2017_rpm320_doc0p045_window_0023,train,no_chatter,0,-0.30933846584083724,2
turning,one_class_svm_rgb_features,2inchStickout_F_08-Jun-2017_rpm320_doc0p060_xAccDetached_window_0000,train,no_chatter,0,-0.07440768873114456,2
turning,one_class_svm_rgb_features,2inchStickout_F_08-Jun-2017_rpm320_doc0p060_xAccDetached_window_0001,train,no_chatter,0,-0.03469175817581038,2
turning,one_class_svm_rgb_features,2inchStickout_F_08-Jun-2017_rpm320_doc0p060_xAccDetached_window_0002,train,no_chatter,0,0.1168795758273562,2
turning,one_class_svm_rgb_features,2inchStickout_F_08-Jun-2017_rpm320_doc0p060_xAccDetached_window_0003,validation,no_chatter,0,0.0009023953494300407,2
turning,one_class_svm_rgb_features,2inchStickout_F_08-Jun-2017_rpm320_doc0p060_xAccDetached_window_0004,train,no_chatter,0,0.04749718383715629,2
turning,one_class_svm_rgb_features,2inchStickout_F_08-Jun-2017_rpm320_doc0p060_xAccDetached_window_0005,train,no_chatter,0,0.07048510534543584,2
turning,one_class_svm_rgb_features,2inchStickout_F_08-Jun-2017_rpm320_doc0p060_xAccDetached_window_0006,train,no_chatter,0,0.06244214466202591,2
turning,one_class_svm_rgb_features,2inchStickout_F_08-Jun-2017_rpm320_doc0p060_xAccDetached_window_0007,train,no_chatter,0,0.0987002499964269,2
turning,one_class_svm_rgb_features,2inchStickout_F_08-Jun-2017_rpm320_doc0p060_xAccDetached_window_0008,train,no_chatter,0,0.08398124403802054,2
turning,one_class_svm_rgb_features,2inchStickout_F_08-Jun-2017_rpm320_doc0p060_xAccDetached_window_0009,train,no_chatter,0,0.09593524651635665,2
turning,one_class_svm_rgb_features,2inchStickout_F_08-Jun-2017_rpm320_doc0p060_xAccDetached_window_0010,train,no_chatter,0,0.07004536246843118,2
turning,one_class_svm_rgb_features,2inchStickout_F_08-Jun-2017_rpm320_doc0p060_xAccDetached_window_0011,train,no_chatter,0,0.1062654322581077,2
turning,one_class_svm_rgb_features,2inchStickout_F_08-Jun-2017_rpm425_doc0p025_window_0000,train,no_chatter,0,-0.14324925353933404,2
turning,one_class_svm_rgb_features,2inchStickout_F_08-Jun-2017_rpm425_doc0p025_window_0001,train,no_chatter,0,-0.13316893412341357,2
turning,one_class_svm_rgb_features,2inchStickout_F_08-Jun-2017_rpm425_doc0p025_window_0002,test,no_chatter,0,-0.1701377466181727,2
turning,one_class_svm_rgb_features,2inchStickout_F_08-Jun-2017_rpm425_doc0p025_window_0003,train,no_chatter,0,0.009866635504179211,2
turning,one_class_svm_rgb_features,2inchStickout_F_08-Jun-2017_rpm425_doc0p025_window_0004,validation,chatter,1,0.7883583126094265,2
turning,one_class_svm_rgb_features,2inchStickout_F_08-Jun-2017_rpm425_doc0p025_window_0005,validation,chatter,1,0.8776275323917926,2
turning,one_class_svm_rgb_features,2inchStickout_F_08-Jun-2017_rpm425_doc0p025_window_0006,validation,chatter,1,0.8777434208662677,2
turning,one_class_svm_rgb_features,2inchStickout_F_08-Jun-2017_rpm425_doc0p025_window_0007,validation,chatter,1,0.7358605886161171,2
turning,one_class_svm_rgb_features,2inchStickout_F_08-Jun-2017_rpm570_doc0p002_window_0000,train,no_chatter,0,-0.14756240775286134,2
turning,one_class_svm_rgb_features,2inchStickout_F_08-Jun-2017_rpm570_doc0p002_window_0001,train,no_chatter,0,-0.2643799086558557,2
turning,one_class_svm_rgb_features,2inchStickout_F_08-Jun-2017_rpm570_doc0p002_window_0002,test,chatter,1,0.31017375991920937,2
turning,one_class_svm_rgb_features,2inchStickout_F_08-Jun-2017_rpm570_doc0p002_window_0003,test,chatter,1,0.8357526674264536,2
turning,one_class_svm_rgb_features,2inchStickout_F_08-Jun-2017_rpm570_doc0p002_window_0004,train,no_chatter,0,0.15399797412164196,2
turning,one_class_svm_rgb_features,2inchStickout_F_08-Jun-2017_rpm570_doc0p002_window_0005,train,no_chatter,0,0.8116219222181595,2
turning,one_class_svm_rgb_features,2inchStickout_F_08-Jun-2017_rpm570_doc0p005_window_0000,train,no_chatter,0,-0.04341112078509357,2
turning,one_class_svm_rgb_features,2inchStickout_F_08-Jun-2017_rpm570_doc0p005_window_0001,test,no_chatter,0,-0.17914284847307205,2
turning,one_class_svm_rgb_features,2inchStickout_F_08-Jun-2017_rpm570_doc0p005_window_0002,test,chatter,1,0.13760818707085898,2
turning,one_class_svm_rgb_features,2inchStickout_F_08-Jun-2017_rpm570_doc0p005_window_0003,train,no_chatter,0,-0.08726205078810523,2
turning,one_class_svm_rgb_features,2p5inchStickout_F_12-Jun-2017_rpm570_doc0p012_window_0000,train,no_chatter,0,-0.161179004521658,2
turning,one_class_svm_rgb_features,2p5inchStickout_F_12-Jun-2017_rpm570_doc0p012_window_0001,train,no_chatter,0,-0.06094923278012798,2
turning,one_class_svm_rgb_features,2p5inchStickout_F_12-Jun-2017_rpm570_doc0p012_window_0002,test,chatter,1,0.2286623449095796,2
turning,one_class_svm_rgb_features,2p5inchStickout_F_12-Jun-2017_rpm570_doc0p012_window_0003,train,no_chatter,0,-0.22277980611701975,2
turning,one_class_svm_rgb_features,2p5inchStickout_F_12-Jun-2017_rpm570_doc0p012_window_0004,train,no_chatter,0,-0.28270164208863047,2
turning,one_class_svm_rgb_features,2p5inchStickout_F_12-Jun-2017_rpm570_doc0p012_window_0005,train,no_chatter,0,-0.11015864893563887,2
turning,one_class_svm_rgb_features,2p5inchStickout_F_12-Jun-2017_rpm570_doc0p012_window_0006,validation,no_chatter,0,-0.30830083183166457,2
turning,one_class_svm_rgb_features,2p5inchStickout_F_12-Jun-2017_rpm570_doc0p012_window_0007,train,no_chatter,0,-0.2526701140406823,2
turning,one_class_svm_rgb_features,2p5inchStickout_F_12-Jun-2017_rpm570_doc0p012_window_0008,validation,no_chatter,0,-0.2438663794863868,2
turning,one_class_svm_rgb_features,2p5inchStickout_F_12-Jun-2017_rpm570_doc0p012_window_0009,validation,no_chatter,0,-0.3817198654268693,2
turning,one_class_svm_rgb_features,2p5inchStickout_F_12-Jun-2017_rpm570_doc0p014_window_0000,train,no_chatter,0,-0.16813120731917708,2
turning,one_class_svm_rgb_features,2p5inchStickout_F_12-Jun-2017_rpm570_doc0p014_window_0001,train,no_chatter,0,-0.17814246208483875,2
turning,one_class_svm_rgb_features,2p5inchStickout_F_12-Jun-2017_rpm570_doc0p014_window_0002,train,no_chatter,0,0.08910564719013503,2
turning,one_class_svm_rgb_features,2p5inchStickout_F_12-Jun-2017_rpm570_doc0p014_window_0003,validation,no_chatter,0,-0.2665066569508182,2
turning,one_class_svm_rgb_features,2p5inchStickout_F_12-Jun-2017_rpm570_doc0p014_window_0004,validation,no_chatter,0,-0.27203862513321664,2
turning,one_class_svm_rgb_features,2p5inchStickout_F_12-Jun-2017_rpm570_doc0p014_window_0005,validation,no_chatter,0,-0.2701846520087495,2
turning,one_class_svm_rgb_features,2p5inchStickout_F_12-Jun-2017_rpm770_doc0p005_window_0000,train,no_chatter,0,-0.07485571421348913,2
turning,one_class_svm_rgb_features,2p5inchStickout_F_12-Jun-2017_rpm770_doc0p005_window_0001,train,no_chatter,0,0.6313307799823665,2
turning,one_class_svm_rgb_features,2p5inchStickout_F_12-Jun-2017_rpm770_doc0p005_window_0002,train,no_chatter,0,-0.2227481814342157,2
turning,one_class_svm_rgb_features,2p5inchStickout_F_12-Jun-2017_rpm770_doc0p005_window_0003,train,no_chatter,0,-0.041088189626616645,2
turning,one_class_svm_rgb_features,3p5inchStickout_F_12-Jun-2017_rpm570_doc0p025_window_0000,validation,no_chatter,0,0.06411935862811424,2
turning,one_class_svm_rgb_features,3p5inchStickout_F_12-Jun-2017_rpm570_doc0p025_window_0001,train,no_chatter,0,0.020979799123537646,2
turning,one_class_svm_rgb_features,3p5inchStickout_F_12-Jun-2017_rpm570_doc0p025_window_0002,train,no_chatter,0,-0.2627679927181753,2
turning,one_class_svm_rgb_features,3p5inchStickout_F_12-Jun-2017_rpm570_doc0p025_window_0003,validation,no_chatter,0,-0.28099632468616675,2
turning,one_class_svm_rgb_features,3p5inchStickout_F_12-Jun-2017_rpm570_doc0p025_window_0004,train,no_chatter,0,-0.2922030312734244,2
turning,one_class_svm_rgb_features,3p5inchStickout_F_12-Jun-2017_rpm570_doc0p025_window_0005,train,no_chatter,0,-0.18468475583603305,2
turning,one_class_svm_rgb_features,3p5inchStickout_F_12-Jun-2017_rpm570_doc0p025_window_0006,train,no_chatter,0,-0.2272187921519654,2
turning,one_class_svm_rgb_features,3p5inchStickout_F_12-Jun-2017_rpm570_doc0p025_window_0007,train,no_chatter,0,-0.24479668803962606,2
turning,one_class_svm_rgb_features,3p5inchStickout_F_12-Jun-2017_rpm570_doc0p025_window_0008,train,no_chatter,0,-0.2557824500657141,2
turning,one_class_svm_rgb_features,3p5inchStickout_F_12-Jun-2017_rpm570_doc0p025_window_0009,train,no_chatter,0,-0.2221328175794718,2
turning,one_class_svm_rgb_features,3p5inchStickout_F_14-Jun-2017_rpm1030_doc0p002_window_0000,train,no_chatter,0,-0.036184213573487445,2
turning,one_class_svm_rgb_features,3p5inchStickout_F_14-Jun-2017_rpm1030_doc0p002_window_0001,train,no_chatter,0,0.8810601984778583,2
turning,one_class_svm_rgb_features,3p5inchStickout_F_14-Jun-2017_rpm1030_doc0p002_window_0002,train,no_chatter,0,0.8809822013902577,2
turning,one_class_svm_rgb_features,3p5inchStickout_F_14-Jun-2017_rpm770_doc0p010_window_0000,train,no_chatter,0,-0.13338611691810265,2
turning,one_class_svm_rgb_features,3p5inchStickout_F_14-Jun-2017_rpm770_doc0p010_window_0001,train,no_chatter,0,0.034283144795045795,2
turning,one_class_svm_rgb_features,3p5inchStickout_F_14-Jun-2017_rpm770_doc0p010_window_0002,train,no_chatter,0,0.006302358132938002,2
turning,one_class_svm_rgb_features,3p5inchStickout_F_14-Jun-2017_rpm770_doc0p010_window_0003,train,no_chatter,0,-0.12412631710801036,2
turning,one_class_svm_rgb_features,4p5inchStickout_F_12-Jun-2017_rpm570_doc0p040_window_0000,train,no_chatter,0,-0.06270280493167024,2
turning,one_class_svm_rgb_features,4p5inchStickout_F_12-Jun-2017_rpm570_doc0p040_window_0001,train,no_chatter,0,-0.011150633026581591,2
turning,one_class_svm_rgb_features,4p5inchStickout_F_12-Jun-2017_rpm570_doc0p040_window_0002,train,no_chatter,0,0.015714491509805417,2
turning,one_class_svm_rgb_features,4p5inchStickout_F_12-Jun-2017_rpm570_doc0p040_window_0003,train,no_chatter,0,0.02473438636411751,2
turning,one_class_svm_rgb_features,4p5inchStickout_F_12-Jun-2017_rpm570_doc0p040_window_0004,train,no_chatter,0,-0.006640624056890698,2
turning,one_class_svm_rgb_features,4p5inchStickout_F_12-Jun-2017_rpm570_doc0p040_window_0005,train,no_chatter,0,-0.18808789471159526,2
turning,one_class_svm_rgb_features,4p5inchStickout_F_12-Jun-2017_rpm570_doc0p040_window_0006,train,no_chatter,0,0.16079604132856906,2
turning,one_class_svm_rgb_features,4p5inchStickout_F_12-Jun-2017_rpm570_doc0p040_window_0007,train,no_chatter,0,0.42024243561800795,2
turning,one_class_svm_rgb_features,4p5inchStickout_F_12-Jun-2017_rpm570_doc0p040_window_0008,train,no_chatter,0,0.2888660091181995,2
turning,one_class_svm_rgb_features,4p5inchStickout_F_12-Jun-2017_rpm570_doc0p040_window_0009,train,no_chatter,0,0.18440151710253438,2
turning,one_class_svm_rgb_features,4p5inchStickout_F_12-Jun-2017_rpm570_doc0p040_window_0010,train,no_chatter,0,0.006927180048638459,2
turning,one_class_svm_rgb_features,4p5inchStickout_F_12-Jun-2017_rpm570_doc0p040_window_0011,train,no_chatter,0,-0.09935191135793997,2
turning,one_class_svm_rgb_features,4p5inchStickout_F_13-Jun-2017_rpm1030_doc0p015_window_0000,train,no_chatter,0,-0.04413951260047244,2
turning,one_class_svm_rgb_features,4p5inchStickout_F_13-Jun-2017_rpm1030_doc0p015_window_0001,train,no_chatter,0,0.4416835710799759,2
turning,one_class_svm_rgb_features,4p5inchStickout_F_13-Jun-2017_rpm1030_doc0p015_window_0002,train,no_chatter,0,0.39916671587814956,2
turning,one_class_svm_rgb_features,4p5inchStickout_F_13-Jun-2017_rpm1030_doc0p015_window_0003,validation,no_chatter,0,0.29579183264156195,2
turning,isolation_forest_rgb_features,2inchStickout_F_08-Jun-2017_rpm1030_doc0p001_window_0000,train,no_chatter,0,-0.06688038140429331,2
turning,isolation_forest_rgb_features,2inchStickout_F_08-Jun-2017_rpm1030_doc0p001_window_0001,validation,chatter,1,0.29881439517399333,2
turning,isolation_forest_rgb_features,2inchStickout_F_08-Jun-2017_rpm1030_doc0p001_window_0002,validation,chatter,1,0.29181913456144126,2
turning,isolation_forest_rgb_features,2inchStickout_F_08-Jun-2017_rpm1030_doc0p001_window_0003,validation,chatter,1,0.3009791907470395,2
turning,isolation_forest_rgb_features,2inchStickout_F_08-Jun-2017_rpm320_doc0p010_window_0000,train,no_chatter,0,-0.12479409795760316,2
turning,isolation_forest_rgb_features,2inchStickout_F_08-Jun-2017_rpm320_doc0p010_window_0001,train,no_chatter,0,-0.12166472153288077,2
turning,isolation_forest_rgb_features,2inchStickout_F_08-Jun-2017_rpm320_doc0p010_window_0002,train,no_chatter,0,-0.11905196599407902,2
turning,isolation_forest_rgb_features,2inchStickout_F_08-Jun-2017_rpm320_doc0p010_window_0003,train,no_chatter,0,-0.11329644919702636,2
turning,isolation_forest_rgb_features,2inchStickout_F_08-Jun-2017_rpm320_doc0p010_window_0004,train,no_chatter,0,-0.12908034231088839,2
turning,isolation_forest_rgb_features,2inchStickout_F_08-Jun-2017_rpm320_doc0p010_window_0005,validation,no_chatter,0,-0.11862084797210759,2
turning,isolation_forest_rgb_features,2inchStickout_F_08-Jun-2017_rpm320_doc0p010_window_0006,validation,no_chatter,0,-0.12177076078046917,2
turning,isolation_forest_rgb_features,2inchStickout_F_08-Jun-2017_rpm320_doc0p010_window_0007,train,no_chatter,0,-0.12544763154786054,2
turning,isolation_forest_rgb_features,2inchStickout_F_08-Jun-2017_rpm320_doc0p010_window_0008,validation,no_chatter,0,-0.10837696743082581,2
turning,isolation_forest_rgb_features,2inchStickout_F_08-Jun-2017_rpm320_doc0p010_window_0009,train,no_chatter,0,-0.023203358677688912,2
turning,isolation_forest_rgb_features,2inchStickout_F_08-Jun-2017_rpm320_doc0p010_window_0010,train,no_chatter,0,0.05927168598554433,2
turning,isolation_forest_rgb_features,2inchStickout_F_08-Jun-2017_rpm320_doc0p010_window_0011,validation,no_chatter,0,0.028948124574875167,2
turning,isolation_forest_rgb_features,2inchStickout_F_08-Jun-2017_rpm320_doc0p010_window_0012,train,no_chatter,0,-0.05574184435954721,2
turning,isolation_forest_rgb_features,2inchStickout_F_08-Jun-2017_rpm320_doc0p010_window_0013,validation,no_chatter,0,-0.017195523163784476,2
turning,isolation_forest_rgb_features,2inchStickout_F_08-Jun-2017_rpm320_doc0p010_window_0014,train,no_chatter,0,-0.032822280215489,2
turning,isolation_forest_rgb_features,2inchStickout_F_08-Jun-2017_rpm320_doc0p010_window_0015,train,no_chatter,0,-0.0688366015279781,2
turning,isolation_forest_rgb_features,2inchStickout_F_08-Jun-2017_rpm320_doc0p010_window_0016,train,no_chatter,0,-0.05918669332859977,2
turning,isolation_forest_rgb_features,2inchStickout_F_08-Jun-2017_rpm320_doc0p010_window_0017,train,no_chatter,0,-0.08227718945964718,2
turning,isolation_forest_rgb_features,2inchStickout_F_08-Jun-2017_rpm320_doc0p010_window_0018,train,no_chatter,0,-0.08344554628853268,2
turning,isolation_forest_rgb_features,2inchStickout_F_08-Jun-2017_rpm320_doc0p010_window_0019,train,no_chatter,0,-0.07240278636322312,2
turning,isolation_forest_rgb_features,2inchStickout_F_08-Jun-2017_rpm320_doc0p010_window_0020,train,no_chatter,0,-0.08247888594359953,2
turning,isolation_forest_rgb_features,2inchStickout_F_08-Jun-2017_rpm320_doc0p010_window_0021,train,no_chatter,0,-0.05935415428648527,2
turning,isolation_forest_rgb_features,2inchStickout_F_08-Jun-2017_rpm320_doc0p010_window_0022,train,no_chatter,0,-0.057180779583898556,2
turning,isolation_forest_rgb_features,2inchStickout_F_08-Jun-2017_rpm320_doc0p010_window_0023,train,no_chatter,0,-0.07532619315418193,2
turning,isolation_forest_rgb_features,2inchStickout_F_08-Jun-2017_rpm320_doc0p045_window_0000,train,no_chatter,0,-0.12034119890689232,2
turning,isolation_forest_rgb_features,2inchStickout_F_08-Jun-2017_rpm320_doc0p045_window_0001,train,no_chatter,0,-0.12263332521160653,2
turning,isolation_forest_rgb_features,2inchStickout_F_08-Jun-2017_rpm320_doc0p045_window_0002,train,no_chatter,0,-0.11130472141502695,2
turning,isolation_forest_rgb_features,2inchStickout_F_08-Jun-2017_rpm320_doc0p045_window_0003,train,no_chatter,0,-0.12163479863546506,2
turning,isolation_forest_rgb_features,2inchStickout_F_08-Jun-2017_rpm320_doc0p045_window_0004,train,no_chatter,0,-0.12206570312265502,2
turning,isolation_forest_rgb_features,2inchStickout_F_08-Jun-2017_rpm320_doc0p045_window_0005,train,no_chatter,0,-0.11437356581731989,2
turning,isolation_forest_rgb_features,2inchStickout_F_08-Jun-2017_rpm320_doc0p045_window_0006,train,no_chatter,0,-0.1069206599360592,2
turning,isolation_forest_rgb_features,2inchStickout_F_08-Jun-2017_rpm320_doc0p045_window_0007,train,no_chatter,0,-0.09050999170957502,2
turning,isolation_forest_rgb_features,2inchStickout_F_08-Jun-2017_rpm320_doc0p045_window_0008,train,no_chatter,0,-0.11297820676466458,2
turning,isolation_forest_rgb_features,2inchStickout_F_08-Jun-2017_rpm320_doc0p045_window_0009,validation,no_chatter,0,-0.09244786920257347,2
turning,isolation_forest_rgb_features,2inchStickout_F_08-Jun-2017_rpm320_doc0p045_window_0010,train,no_chatter,0,-0.10556052953158984,2
turning,isolation_forest_rgb_features,2inchStickout_F_08-Jun-2017_rpm320_doc0p045_window_0011,train,no_chatter,0,-0.0919716529018556,2
turning,isolation_forest_rgb_features,2inchStickout_F_08-Jun-2017_rpm320_doc0p045_window_0012,train,no_chatter,0,-0.11667243275521738,2
turning,isolation_forest_rgb_features,2inchStickout_F_08-Jun-2017_rpm320_doc0p045_window_0013,train,no_chatter,0,-0.12008876775423805,2
turning,isolation_forest_rgb_features,2inchStickout_F_08-Jun-2017_rpm320_doc0p045_window_0014,train,no_chatter,0,-0.1356021647388947,2
turning,isolation_forest_rgb_features,2inchStickout_F_08-Jun-2017_rpm320_doc0p045_window_0015,validation,no_chatter,0,-0.13527609938016227,2
turning,isolation_forest_rgb_features,2inchStickout_F_08-Jun-2017_rpm320_doc0p045_window_0016,validation,no_chatter,0,-0.13058247758232905,2
turning,isolation_forest_rgb_features,2inchStickout_F_08-Jun-2017_rpm320_doc0p045_window_0017,validation,no_chatter,0,-0.1182154428919166,2
turning,isolation_forest_rgb_features,2inchStickout_F_08-Jun-2017_rpm320_doc0p045_window_0018,train,no_chatter,0,-0.10460126704857042,2
turning,isolation_forest_rgb_features,2inchStickout_F_08-Jun-2017_rpm320_doc0p045_window_0019,train,no_chatter,0,-0.10021563626700991,2
turning,isolation_forest_rgb_features,2inchStickout_F_08-Jun-2017_rpm320_doc0p045_window_0020,train,no_chatter,0,-0.08117491047552439,2
turning,isolation_forest_rgb_features,2inchStickout_F_08-Jun-2017_rpm320_doc0p045_window_0021,train,no_chatter,0,-0.08226598409621066,2
turning,isolation_forest_rgb_features,2inchStickout_F_08-Jun-2017_rpm320_doc0p045_window_0022,train,no_chatter,0,-0.09080559930440857,2
turning,isolation_forest_rgb_features,2inchStickout_F_08-Jun-2017_rpm320_doc0p045_window_0023,train,no_chatter,0,-0.09843920446785381,2
turning,isolation_forest_rgb_features,2inchStickout_F_08-Jun-2017_rpm320_doc0p060_xAccDetached_window_0000,train,no_chatter,0,-0.07539302860281344,2
turning,isolation_forest_rgb_features,2inchStickout_F_08-Jun-2017_rpm320_doc0p060_xAccDetached_window_0001,train,no_chatter,0,-0.0677213044664301,2
turning,isolation_forest_rgb_features,2inchStickout_F_08-Jun-2017_rpm320_doc0p060_xAccDetached_window_0002,train,no_chatter,0,-0.06005136993690696,2
turning,isolation_forest_rgb_features,2inchStickout_F_08-Jun-2017_rpm320_doc0p060_xAccDetached_window_0003,validation,no_chatter,0,-0.07553926768020858,2
turning,isolation_forest_rgb_features,2inchStickout_F_08-Jun-2017_rpm320_doc0p060_xAccDetached_window_0004,train,no_chatter,0,-0.06260316309986624,2
turning,isolation_forest_rgb_features,2inchStickout_F_08-Jun-2017_rpm320_doc0p060_xAccDetached_window_0005,train,no_chatter,0,-0.061087088515725474,2
turning,isolation_forest_rgb_features,2inchStickout_F_08-Jun-2017_rpm320_doc0p060_xAccDetached_window_0006,train,no_chatter,0,-0.045458766681083784,2
turning,isolation_forest_rgb_features,2inchStickout_F_08-Jun-2017_rpm320_doc0p060_xAccDetached_window_0007,train,no_chatter,0,-0.06031148551384835,2
turning,isolation_forest_rgb_features,2inchStickout_F_08-Jun-2017_rpm320_doc0p060_xAccDetached_window_0008,train,no_chatter,0,-0.06066780452287729,2
turning,isolation_forest_rgb_features,2inchStickout_F_08-Jun-2017_rpm320_doc0p060_xAccDetached_window_0009,train,no_chatter,0,-0.058128052339008585,2
turning,isolation_forest_rgb_features,2inchStickout_F_08-Jun-2017_rpm320_doc0p060_xAccDetached_window_0010,train,no_chatter,0,-0.05918135678349956,2
turning,isolation_forest_rgb_features,2inchStickout_F_08-Jun-2017_rpm320_doc0p060_xAccDetached_window_0011,train,no_chatter,0,-0.03993279951907347,2
turning,isolation_forest_rgb_features,2inchStickout_F_08-Jun-2017_rpm425_doc0p025_window_0000,train,no_chatter,0,-0.1215867655796406,2
turning,isolation_forest_rgb_features,2inchStickout_F_08-Jun-2017_rpm425_doc0p025_window_0001,train,no_chatter,0,-0.12319639000673543,2
turning,isolation_forest_rgb_features,2inchStickout_F_08-Jun-2017_rpm425_doc0p025_window_0002,test,no_chatter,0,-0.11525087229379433,2
turning,isolation_forest_rgb_features,2inchStickout_F_08-Jun-2017_rpm425_doc0p025_window_0003,train,no_chatter,0,-0.02748730870755628,2
turning,isolation_forest_rgb_features,2inchStickout_F_08-Jun-2017_rpm425_doc0p025_window_0004,validation,chatter,1,0.08882007930835523,2
turning,isolation_forest_rgb_features,2inchStickout_F_08-Jun-2017_rpm425_doc0p025_window_0005,validation,chatter,1,0.11954252622553829,2
turning,isolation_forest_rgb_features,2inchStickout_F_08-Jun-2017_rpm425_doc0p025_window_0006,validation,chatter,1,0.12039065136235283,2
turning,isolation_forest_rgb_features,2inchStickout_F_08-Jun-2017_rpm425_doc0p025_window_0007,validation,chatter,1,0.07421809810364444,2
turning,isolation_forest_rgb_features,2inchStickout_F_08-Jun-2017_rpm570_doc0p002_window_0000,train,no_chatter,0,-0.11439151306551398,2
turning,isolation_forest_rgb_features,2inchStickout_F_08-Jun-2017_rpm570_doc0p002_window_0001,train,no_chatter,0,-0.1164316455438677,2
turning,isolation_forest_rgb_features,2inchStickout_F_08-Jun-2017_rpm570_doc0p002_window_0002,test,chatter,1,0.02093156376933536,2
turning,isolation_forest_rgb_features,2inchStickout_F_08-Jun-2017_rpm570_doc0p002_window_0003,test,chatter,1,0.1424233020730039,2
turning,isolation_forest_rgb_features,2inchStickout_F_08-Jun-2017_rpm570_doc0p002_window_0004,train,no_chatter,0,0.022000925118555448,2
turning,isolation_forest_rgb_features,2inchStickout_F_08-Jun-2017_rpm570_doc0p002_window_0005,train,no_chatter,0,0.13955775099635548,2
turning,isolation_forest_rgb_features,2inchStickout_F_08-Jun-2017_rpm570_doc0p005_window_0000,train,no_chatter,0,-0.09534983239869271,2
turning,isolation_forest_rgb_features,2inchStickout_F_08-Jun-2017_rpm570_doc0p005_window_0001,test,no_chatter,0,-0.10710375465892868,2
turning,isolation_forest_rgb_features,2inchStickout_F_08-Jun-2017_rpm570_doc0p005_window_0002,test,chatter,1,0.0485691927927141,2
turning,isolation_forest_rgb_features,2inchStickout_F_08-Jun-2017_rpm570_doc0p005_window_0003,train,no_chatter,0,-0.044440522473681854,2
turning,isolation_forest_rgb_features,2p5inchStickout_F_12-Jun-2017_rpm570_doc0p012_window_0000,train,no_chatter,0,-0.08842430871972001,2
turning,isolation_forest_rgb_features,2p5inchStickout_F_12-Jun-2017_rpm570_doc0p012_window_0001,train,no_chatter,0,-0.06918422528866747,2
turning,isolation_forest_rgb_features,2p5inchStickout_F_12-Jun-2017_rpm570_doc0p012_window_0002,test,chatter,1,-0.011152536804714674,2
turning,isolation_forest_rgb_features,2p5inchStickout_F_12-Jun-2017_rpm570_doc0p012_window_0003,train,no_chatter,0,-0.04912731668466991,2
turning,isolation_forest_rgb_features,2p5inchStickout_F_12-Jun-2017_rpm570_doc0p012_window_0004,train,no_chatter,0,-0.05682547840589852,2
turning,isolation_forest_rgb_features,2p5inchStickout_F_12-Jun-2017_rpm570_doc0p012_window_0005,train,no_chatter,0,-0.04525843110207578,2
turning,isolation_forest_rgb_features,2p5inchStickout_F_12-Jun-2017_rpm570_doc0p012_window_0006,validation,no_chatter,0,-0.08607987149511304,2
turning,isolation_forest_rgb_features,2p5inchStickout_F_12-Jun-2017_rpm570_doc0p012_window_0007,train,no_chatter,0,-0.08409090239436329,2
turning,isolation_forest_rgb_features,2p5inchStickout_F_12-Jun-2017_rpm570_doc0p012_window_0008,validation,no_chatter,0,-0.06581256112626871,2
turning,isolation_forest_rgb_features,2p5inchStickout_F_12-Jun-2017_rpm570_doc0p012_window_0009,validation,no_chatter,0,-0.07614576809192813,2
turning,isolation_forest_rgb_features,2p5inchStickout_F_12-Jun-2017_rpm570_doc0p014_window_0000,train,no_chatter,0,-0.09030045326106362,2
turning,isolation_forest_rgb_features,2p5inchStickout_F_12-Jun-2017_rpm570_doc0p014_window_0001,train,no_chatter,0,-0.08855612156433473,2
turning,isolation_forest_rgb_features,2p5inchStickout_F_12-Jun-2017_rpm570_doc0p014_window_0002,train,no_chatter,0,-0.01998751855274733,2
turning,isolation_forest_rgb_features,2p5inchStickout_F_12-Jun-2017_rpm570_doc0p014_window_0003,validation,no_chatter,0,-0.06232709089844796,2
turning,isolation_forest_rgb_features,2p5inchStickout_F_12-Jun-2017_rpm570_doc0p014_window_0004,validation,no_chatter,0,-0.07451660879950955,2
turning,isolation_forest_rgb_features,2p5inchStickout_F_12-Jun-2017_rpm570_doc0p014_window_0005,validation,no_chatter,0,-0.07570338995251585,2
turning,isolation_forest_rgb_features,2p5inchStickout_F_12-Jun-2017_rpm770_doc0p005_window_0000,train,no_chatter,0,-0.07183864917121813,2
turning,isolation_forest_rgb_features,2p5inchStickout_F_12-Jun-2017_rpm770_doc0p005_window_0001,train,no_chatter,0,0.0885009732705514,2
turning,isolation_forest_rgb_features,2p5inchStickout_F_12-Jun-2017_rpm770_doc0p005_window_0002,train,no_chatter,0,-0.08963273487377854,2
turning,isolation_forest_rgb_features,2p5inchStickout_F_12-Jun-2017_rpm770_doc0p005_window_0003,train,no_chatter,0,-0.0020842430698361225,2
turning,isolation_forest_rgb_features,3p5inchStickout_F_12-Jun-2017_rpm570_doc0p025_window_0000,validation,no_chatter,0,-0.06820347335582888,2
turning,isolation_forest_rgb_features,3p5inchStickout_F_12-Jun-2017_rpm570_doc0p025_window_0001,train,no_chatter,0,-0.044309586358316666,2
turning,isolation_forest_rgb_features,3p5inchStickout_F_12-Jun-2017_rpm570_doc0p025_window_0002,train,no_chatter,0,-0.08482097970759678,2
turning,isolation_forest_rgb_features,3p5inchStickout_F_12-Jun-2017_rpm570_doc0p025_window_0003,validation,no_chatter,0,-0.06599116189225751,2
turning,isolation_forest_rgb_features,3p5inchStickout_F_12-Jun-2017_rpm570_doc0p025_window_0004,train,no_chatter,0,-0.08854471234245243,2
turning,isolation_forest_rgb_features,3p5inchStickout_F_12-Jun-2017_rpm570_doc0p025_window_0005,train,no_chatter,0,-0.03538917986659462,2
turning,isolation_forest_rgb_features,3p5inchStickout_F_12-Jun-2017_rpm570_doc0p025_window_0006,train,no_chatter,0,-0.04570024400399447,2
turning,isolation_forest_rgb_features,3p5inchStickout_F_12-Jun-2017_rpm570_doc0p025_window_0007,train,no_chatter,0,-0.060014050114708395,2
turning,isolation_forest_rgb_features,3p5inchStickout_F_12-Jun-2017_rpm570_doc0p025_window_0008,train,no_chatter,0,-0.06243190351034,2
turning,isolation_forest_rgb_features,3p5inchStickout_F_12-Jun-2017_rpm570_doc0p025_window_0009,train,no_chatter,0,-0.06845648968168827,2
turning,isolation_forest_rgb_features,3p5inchStickout_F_14-Jun-2017_rpm1030_doc0p002_window_0000,train,no_chatter,0,-0.06741435149079839,2
turning,isolation_forest_rgb_features,3p5inchStickout_F_14-Jun-2017_rpm1030_doc0p002_window_0001,train,no_chatter,0,0.20115038185313439,2
turning,isolation_forest_rgb_features,3p5inchStickout_F_14-Jun-2017_rpm1030_doc0p002_window_0002,train,no_chatter,0,0.21576718888685242,2
turning,isolation_forest_rgb_features,3p5inchStickout_F_14-Jun-2017_rpm770_doc0p010_window_0000,train,no_chatter,0,-0.07890367791740666,2
turning,isolation_forest_rgb_features,3p5inchStickout_F_14-Jun-2017_rpm770_doc0p010_window_0001,train,no_chatter,0,-0.04092319095027053,2
turning,isolation_forest_rgb_features,3p5inchStickout_F_14-Jun-2017_rpm770_doc0p010_window_0002,train,no_chatter,0,0.021052784531864543,2
turning,isolation_forest_rgb_features,3p5inchStickout_F_14-Jun-2017_rpm770_doc0p010_window_0003,train,no_chatter,0,0.012134137876799067,2
turning,isolation_forest_rgb_features,4p5inchStickout_F_12-Jun-2017_rpm570_doc0p040_window_0000,train,no_chatter,0,-0.07722431486440529,2
turning,isolation_forest_rgb_features,4p5inchStickout_F_12-Jun-2017_rpm570_doc0p040_window_0001,train,no_chatter,0,-0.07528970980896577,2
turning,isolation_forest_rgb_features,4p5inchStickout_F_12-Jun-2017_rpm570_doc0p040_window_0002,train,no_chatter,0,-0.06469313497022794,2
turning,isolation_forest_rgb_features,4p5inchStickout_F_12-Jun-2017_rpm570_doc0p040_window_0003,train,no_chatter,0,-0.07305765149407595,2
turning,isolation_forest_rgb_features,4p5inchStickout_F_12-Jun-2017_rpm570_doc0p040_window_0004,train,no_chatter,0,-0.05593713638972714,2
turning,isolation_forest_rgb_features,4p5inchStickout_F_12-Jun-2017_rpm570_doc0p040_window_0005,train,no_chatter,0,-0.06978316238288407,2
turning,isolation_forest_rgb_features,4p5inchStickout_F_12-Jun-2017_rpm570_doc0p040_window_0006,train,no_chatter,0,-0.01179529975757454,2
turning,isolation_forest_rgb_features,4p5inchStickout_F_12-Jun-2017_rpm570_doc0p040_window_0007,train,no_chatter,0,0.03169824700379742,2
turning,isolation_forest_rgb_features,4p5inchStickout_F_12-Jun-2017_rpm570_doc0p040_window_0008,train,no_chatter,0,0.018445465551196083,2
turning,isolation_forest_rgb_features,4p5inchStickout_F_12-Jun-2017_rpm570_doc0p040_window_0009,train,no_chatter,0,-0.00107433231781362,2
turning,isolation_forest_rgb_features,4p5inchStickout_F_12-Jun-2017_rpm570_doc0p040_window_0010,train,no_chatter,0,-0.045251966749834616,2
turning,isolation_forest_rgb_features,4p5inchStickout_F_12-Jun-2017_rpm570_doc0p040_window_0011,train,no_chatter,0,-0.05582889835954924,2
turning,isolation_forest_rgb_features,4p5inchStickout_F_13-Jun-2017_rpm1030_doc0p015_window_0000,train,no_chatter,0,-0.056094053246950104,2
turning,isolation_forest_rgb_features,4p5inchStickout_F_13-Jun-2017_rpm1030_doc0p015_window_0001,train,no_chatter,0,0.07728410006040698,2
turning,isolation_forest_rgb_features,4p5inchStickout_F_13-Jun-2017_rpm1030_doc0p015_window_0002,train,no_chatter,0,0.07865203511938779,2
turning,isolation_forest_rgb_features,4p5inchStickout_F_13-Jun-2017_rpm1030_doc0p015_window_0003,validation,no_chatter,0,0.07857681165286179,2
turning,pca_rgb_reconstruction,2inchStickout_F_08-Jun-2017_rpm1030_doc0p001_window_0000,train,no_chatter,0,0.0008155433461070061,2
turning,pca_rgb_reconstruction,2inchStickout_F_08-Jun-2017_rpm1030_doc0p001_window_0001,validation,chatter,1,0.008934738114476204,2
turning,pca_rgb_reconstruction,2inchStickout_F_08-Jun-2017_rpm1030_doc0p001_window_0002,validation,chatter,1,0.008757438510656357,2
turning,pca_rgb_reconstruction,2inchStickout_F_08-Jun-2017_rpm1030_doc0p001_window_0003,validation,chatter,1,0.010066807270050049,2
turning,pca_rgb_reconstruction,2inchStickout_F_08-Jun-2017_rpm320_doc0p010_window_0000,train,no_chatter,0,3.2419466151623055e-05,2
turning,pca_rgb_reconstruction,2inchStickout_F_08-Jun-2017_rpm320_doc0p010_window_0001,train,no_chatter,0,3.947001459891908e-05,2
turning,pca_rgb_reconstruction,2inchStickout_F_08-Jun-2017_rpm320_doc0p010_window_0002,train,no_chatter,0,4.1934956243494526e-05,2
turning,pca_rgb_reconstruction,2inchStickout_F_08-Jun-2017_rpm320_doc0p010_window_0003,train,no_chatter,0,0.00017111003398895264,2
turning,pca_rgb_reconstruction,2inchStickout_F_08-Jun-2017_rpm320_doc0p010_window_0004,train,no_chatter,0,0.0003213498857803643,2
turning,pca_rgb_reconstruction,2inchStickout_F_08-Jun-2017_rpm320_doc0p010_window_0005,validation,no_chatter,0,0.0002846991701517254,2
turning,pca_rgb_reconstruction,2inchStickout_F_08-Jun-2017_rpm320_doc0p010_window_0006,validation,no_chatter,0,0.00030656595481559634,2
turning,pca_rgb_reconstruction,2inchStickout_F_08-Jun-2017_rpm320_doc0p010_window_0007,train,no_chatter,0,0.0003764187276829034,2
turning,pca_rgb_reconstruction,2inchStickout_F_08-Jun-2017_rpm320_doc0p010_window_0008,validation,no_chatter,0,0.0007479890482500196,2
turning,pca_rgb_reconstruction,2inchStickout_F_08-Jun-2017_rpm320_doc0p010_window_0009,train,no_chatter,0,0.001565015991218388,2
turning,pca_rgb_reconstruction,2inchStickout_F_08-Jun-2017_rpm320_doc0p010_window_0010,train,no_chatter,0,0.0027404953725636005,2
turning,pca_rgb_reconstruction,2inchStickout_F_08-Jun-2017_rpm320_doc0p010_window_0011,validation,no_chatter,0,0.002708115614950657,2
turning,pca_rgb_reconstruction,2inchStickout_F_08-Jun-2017_rpm320_doc0p010_window_0012,train,no_chatter,0,0.0016139019280672073,2
turning,pca_rgb_reconstruction,2inchStickout_F_08-Jun-2017_rpm320_doc0p010_window_0013,validation,no_chatter,0,0.001523640938103199,2
turning,pca_rgb_reconstruction,2inchStickout_F_08-Jun-2017_rpm320_doc0p010_window_0014,train,no_chatter,0,0.0016897291643545032,2
turning,pca_rgb_reconstruction,2inchStickout_F_08-Jun-2017_rpm320_doc0p010_window_0015,train,no_chatter,0,0.0014893956249579787,2
turning,pca_rgb_reconstruction,2inchStickout_F_08-Jun-2017_rpm320_doc0p010_window_0016,train,no_chatter,0,0.0010240917326882482,2
turning,pca_rgb_reconstruction,2inchStickout_F_08-Jun-2017_rpm320_doc0p010_window_0017,train,no_chatter,0,0.0009741874528117478,2
turning,pca_rgb_reconstruction,2inchStickout_F_08-Jun-2017_rpm320_doc0p010_window_0018,train,no_chatter,0,0.0014008341822773218,2
turning,pca_rgb_reconstruction,2inchStickout_F_08-Jun-2017_rpm320_doc0p010_window_0019,train,no_chatter,0,0.0009767452720552683,2
turning,pca_rgb_reconstruction,2inchStickout_F_08-Jun-2017_rpm320_doc0p010_window_0020,train,no_chatter,0,0.0006949809612706304,2
turning,pca_rgb_reconstruction,2inchStickout_F_08-Jun-2017_rpm320_doc0p010_window_0021,train,no_chatter,0,0.00099253433290869,2
turning,pca_rgb_reconstruction,2inchStickout_F_08-Jun-2017_rpm320_doc0p010_window_0022,train,no_chatter,0,0.0016634510830044746,2
turning,pca_rgb_reconstruction,2inchStickout_F_08-Jun-2017_rpm320_doc0p010_window_0023,train,no_chatter,0,0.0009884623577818274,2
turning,pca_rgb_reconstruction,2inchStickout_F_08-Jun-2017_rpm320_doc0p045_window_0000,train,no_chatter,0,3.7085603253217414e-05,2
turning,pca_rgb_reconstruction,2inchStickout_F_08-Jun-2017_rpm320_doc0p045_window_0001,train,no_chatter,0,2.8725669835694134e-05,2
turning,pca_rgb_reconstruction,2inchStickout_F_08-Jun-2017_rpm320_doc0p045_window_0002,train,no_chatter,0,0.0004814462154172361,2
turning,pca_rgb_reconstruction,2inchStickout_F_08-Jun-2017_rpm320_doc0p045_window_0003,train,no_chatter,0,0.0004914244636893272,2
turning,pca_rgb_reconstruction,2inchStickout_F_08-Jun-2017_rpm320_doc0p045_window_0004,train,no_chatter,0,0.00033296592300757766,2
turning,pca_rgb_reconstruction,2inchStickout_F_08-Jun-2017_rpm320_doc0p045_window_0005,train,no_chatter,0,0.0003286654537077993,2
turning,pca_rgb_reconstruction,2inchStickout_F_08-Jun-2017_rpm320_doc0p045_window_0006,train,no_chatter,0,0.00040208204882219434,2
turning,pca_rgb_reconstruction,2inchStickout_F_08-Jun-2017_rpm320_doc0p045_window_0007,train,no_chatter,0,0.00039590755477547646,2
turning,pca_rgb_reconstruction,2inchStickout_F_08-Jun-2017_rpm320_doc0p045_window_0008,train,no_chatter,0,0.00039131182711571455,2
turning,pca_rgb_reconstruction,2inchStickout_F_08-Jun-2017_rpm320_doc0p045_window_0009,validation,no_chatter,0,0.0003688160504680127,2
turning,pca_rgb_reconstruction,2inchStickout_F_08-Jun-2017_rpm320_doc0p045_window_0010,train,no_chatter,0,0.0003656157641671598,2
turning,pca_rgb_reconstruction,2inchStickout_F_08-Jun-2017_rpm320_doc0p045_window_0011,train,no_chatter,0,0.0003718358348123729,2
turning,pca_rgb_reconstruction,2inchStickout_F_08-Jun-2017_rpm320_doc0p045_window_0012,train,no_chatter,0,0.000337282195687294,2
turning,pca_rgb_reconstruction,2inchStickout_F_08-Jun-2017_rpm320_doc0p045_window_0013,train,no_chatter,0,0.00034140245406888425,2
turning,pca_rgb_reconstruction,2inchStickout_F_08-Jun-2017_rpm320_doc0p045_window_0014,train,no_chatter,0,0.0003450338263064623,2
turning,pca_rgb_reconstruction,2inchStickout_F_08-Jun-2017_rpm320_doc0p045_window_0015,validation,no_chatter,0,0.00035922019742429256,2
turning,pca_rgb_reconstruction,2inchStickout_F_08-Jun-2017_rpm320_doc0p045_window_0016,validation,no_chatter,0,0.00043130654376000166,2
turning,pca_rgb_reconstruction,2inchStickout_F_08-Jun-2017_rpm320_doc0p045_window_0017,validation,no_chatter,0,0.0006210664287209511,2
turning,pca_rgb_reconstruction,2inchStickout_F_08-Jun-2017_rpm320_doc0p045_window_0018,train,no_chatter,0,0.0007867231615819037,2
turning,pca_rgb_reconstruction,2inchStickout_F_08-Jun-2017_rpm320_doc0p045_window_0019,train,no_chatter,0,0.0009406185708940029,2
turning,pca_rgb_reconstruction,2inchStickout_F_08-Jun-2017_rpm320_doc0p045_window_0020,train,no_chatter,0,0.0009946688078343868,2
turning,pca_rgb_reconstruction,2inchStickout_F_08-Jun-2017_rpm320_doc0p045_window_0021,train,no_chatter,0,0.0011570475762709975,2
turning,pca_rgb_reconstruction,2inchStickout_F_08-Jun-2017_rpm320_doc0p045_window_0022,train,no_chatter,0,0.0009362893179059029,2
turning,pca_rgb_reconstruction,2inchStickout_F_08-Jun-2017_rpm320_doc0p045_window_0023,train,no_chatter,0,0.0008087882306426764,2
turning,pca_rgb_reconstruction,2inchStickout_F_08-Jun-2017_rpm320_doc0p060_xAccDetached_window_0000,train,no_chatter,0,0.000246465700911358,2
turning,pca_rgb_reconstruction,2inchStickout_F_08-Jun-2017_rpm320_doc0p060_xAccDetached_window_0001,train,no_chatter,0,0.000308928923914209,2
turning,pca_rgb_reconstruction,2inchStickout_F_08-Jun-2017_rpm320_doc0p060_xAccDetached_window_0002,train,no_chatter,0,0.0012393903452903032,2
turning,pca_rgb_reconstruction,2inchStickout_F_08-Jun-2017_rpm320_doc0p060_xAccDetached_window_0003,validation,no_chatter,0,0.0005823547253385186,2
turning,pca_rgb_reconstruction,2inchStickout_F_08-Jun-2017_rpm320_doc0p060_xAccDetached_window_0004,train,no_chatter,0,0.0008267705561593175,2
turning,pca_rgb_reconstruction,2inchStickout_F_08-Jun-2017_rpm320_doc0p060_xAccDetached_window_0005,train,no_chatter,0,0.0008523064316250384,2
turning,pca_rgb_reconstruction,2inchStickout_F_08-Jun-2017_rpm320_doc0p060_xAccDetached_window_0006,train,no_chatter,0,0.0010328107746317983,2
turning,pca_rgb_reconstruction,2inchStickout_F_08-Jun-2017_rpm320_doc0p060_xAccDetached_window_0007,train,no_chatter,0,0.0010543738026171923,2
turning,pca_rgb_reconstruction,2inchStickout_F_08-Jun-2017_rpm320_doc0p060_xAccDetached_window_0008,train,no_chatter,0,0.0011377809569239616,2
turning,pca_rgb_reconstruction,2inchStickout_F_08-Jun-2017_rpm320_doc0p060_xAccDetached_window_0009,train,no_chatter,0,0.0010200456017628312,2
turning,pca_rgb_reconstruction,2inchStickout_F_08-Jun-2017_rpm320_doc0p060_xAccDetached_window_0010,train,no_chatter,0,0.0009793495992198586,2
turning,pca_rgb_reconstruction,2inchStickout_F_08-Jun-2017_rpm320_doc0p060_xAccDetached_window_0011,train,no_chatter,0,0.0006855607498437166,2
turning,pca_rgb_reconstruction,2inchStickout_F_08-Jun-2017_rpm425_doc0p025_window_0000,train,no_chatter,0,3.4954740840476006e-05,2
turning,pca_rgb_reconstruction,2inchStickout_F_08-Jun-2017_rpm425_doc0p025_window_0001,train,no_chatter,0,3.420586290303618e-05,2
turning,pca_rgb_reconstruction,2inchStickout_F_08-Jun-2017_rpm425_doc0p025_window_0002,test,no_chatter,0,0.0005882767727598548,2
turning,pca_rgb_reconstruction,2inchStickout_F_08-Jun-2017_rpm425_doc0p025_window_0003,train,no_chatter,0,0.0014941863482818007,2
turning,pca_rgb_reconstruction,2inchStickout_F_08-Jun-2017_rpm425_doc0p025_window_0004,validation,chatter,1,0.0018216281896457076,2
turning,pca_rgb_reconstruction,2inchStickout_F_08-Jun-2017_rpm425_doc0p025_window_0005,validation,chatter,1,0.0017371432622894645,2
turning,pca_rgb_reconstruction,2inchStickout_F_08-Jun-2017_rpm425_doc0p025_window_0006,validation,chatter,1,0.0016387100331485271,2
turning,pca_rgb_reconstruction,2inchStickout_F_08-Jun-2017_rpm425_doc0p025_window_0007,validation,chatter,1,0.0014910276513546705,2
turning,pca_rgb_reconstruction,2inchStickout_F_08-Jun-2017_rpm570_doc0p002_window_0000,train,no_chatter,0,4.666857057600282e-05,2
turning,pca_rgb_reconstruction,2inchStickout_F_08-Jun-2017_rpm570_doc0p002_window_0001,train,no_chatter,0,0.0005671100807376206,2
turning,pca_rgb_reconstruction,2inchStickout_F_08-Jun-2017_rpm570_doc0p002_window_0002,test,chatter,1,0.0020613556262105703,2
turning,pca_rgb_reconstruction,2inchStickout_F_08-Jun-2017_rpm570_doc0p002_window_0003,test,chatter,1,0.0031903632916510105,2
turning,pca_rgb_reconstruction,2inchStickout_F_08-Jun-2017_rpm570_doc0p002_window_0004,train,no_chatter,0,0.0022197910584509373,2
turning,pca_rgb_reconstruction,2inchStickout_F_08-Jun-2017_rpm570_doc0p002_window_0005,train,no_chatter,0,0.0025395327247679234,2
turning,pca_rgb_reconstruction,2inchStickout_F_08-Jun-2017_rpm570_doc0p005_window_0000,train,no_chatter,0,5.542883445741609e-05,2
turning,pca_rgb_reconstruction,2inchStickout_F_08-Jun-2017_rpm570_doc0p005_window_0001,test,no_chatter,0,0.0005600807489827275,2
turning,pca_rgb_reconstruction,2inchStickout_F_08-Jun-2017_rpm570_doc0p005_window_0002,test,chatter,1,0.0016329979989677668,2
turning,pca_rgb_reconstruction,2inchStickout_F_08-Jun-2017_rpm570_doc0p005_window_0003,train,no_chatter,0,0.0014402417000383139,2
turning,pca_rgb_reconstruction,2p5inchStickout_F_12-Jun-2017_rpm570_doc0p012_window_0000,train,no_chatter,0,0.00015612119750585407,2
turning,pca_rgb_reconstruction,2p5inchStickout_F_12-Jun-2017_rpm570_doc0p012_window_0001,train,no_chatter,0,0.0010161285754293203,2
turning,pca_rgb_reconstruction,2p5inchStickout_F_12-Jun-2017_rpm570_doc0p012_window_0002,test,chatter,1,0.0014823628589510918,2
turning,pca_rgb_reconstruction,2p5inchStickout_F_12-Jun-2017_rpm570_doc0p012_window_0003,train,no_chatter,0,0.000865813868585974,2
turning,pca_rgb_reconstruction,2p5inchStickout_F_12-Jun-2017_rpm570_doc0p012_window_0004,train,no_chatter,0,0.0007879870827309787,2
turning,pca_rgb_reconstruction,2p5inchStickout_F_12-Jun-2017_rpm570_doc0p012_window_0005,train,no_chatter,0,0.001183436019346118,2
turning,pca_rgb_reconstruction,2p5inchStickout_F_12-Jun-2017_rpm570_doc0p012_window_0006,validation,no_chatter,0,0.0006867393967695534,2
turning,pca_rgb_reconstruction,2p5inchStickout_F_12-Jun-2017_rpm570_doc0p012_window_0007,train,no_chatter,0,0.0007303252350538969,2
turning,pca_rgb_reconstruction,2p5inchStickout_F_12-Jun-2017_rpm570_doc0p012_window_0008,validation,no_chatter,0,0.000850468932185322,2
turning,pca_rgb_reconstruction,2p5inchStickout_F_12-Jun-2017_rpm570_doc0p012_window_0009,validation,no_chatter,0,0.0009749930468387902,2
turning,pca_rgb_reconstruction,2p5inchStickout_F_12-Jun-2017_rpm570_doc0p014_window_0000,train,no_chatter,0,0.00014638439461123198,2
turning,pca_rgb_reconstruction,2p5inchStickout_F_12-Jun-2017_rpm570_doc0p014_window_0001,train,no_chatter,0,0.000671464076731354,2
turning,pca_rgb_reconstruction,2p5inchStickout_F_12-Jun-2017_rpm570_doc0p014_window_0002,train,no_chatter,0,0.0014545252779498696,2
turning,pca_rgb_reconstruction,2p5inchStickout_F_12-Jun-2017_rpm570_doc0p014_window_0003,validation,no_chatter,0,0.0006801605923101306,2
turning,pca_rgb_reconstruction,2p5inchStickout_F_12-Jun-2017_rpm570_doc0p014_window_0004,validation,no_chatter,0,0.0005888619925826788,2
turning,pca_rgb_reconstruction,2p5inchStickout_F_12-Jun-2017_rpm570_doc0p014_window_0005,validation,no_chatter,0,0.0005544740706682205,2
turning,pca_rgb_reconstruction,2p5inchStickout_F_12-Jun-2017_rpm770_doc0p005_window_0000,train,no_chatter,0,0.0005280213663354516,2
turning,pca_rgb_reconstruction,2p5inchStickout_F_12-Jun-2017_rpm770_doc0p005_window_0001,train,no_chatter,0,0.0027044385205954313,2
turning,pca_rgb_reconstruction,2p5inchStickout_F_12-Jun-2017_rpm770_doc0p005_window_0002,train,no_chatter,0,0.001183750107884407,2
turning,pca_rgb_reconstruction,2p5inchStickout_F_12-Jun-2017_rpm770_doc0p005_window_0003,train,no_chatter,0,0.002084439154714346,2
turning,pca_rgb_reconstruction,3p5inchStickout_F_12-Jun-2017_rpm570_doc0p025_window_0000,validation,no_chatter,0,4.5771907025482506e-05,2
turning,pca_rgb_reconstruction,3p5inchStickout_F_12-Jun-2017_rpm570_doc0p025_window_0001,train,no_chatter,0,0.0006903280154801905,2
turning,pca_rgb_reconstruction,3p5inchStickout_F_12-Jun-2017_rpm570_doc0p025_window_0002,train,no_chatter,0,0.0005526763270609081,2
turning,pca_rgb_reconstruction,3p5inchStickout_F_12-Jun-2017_rpm570_doc0p025_window_0003,validation,no_chatter,0,0.0008374689496122301,2
turning,pca_rgb_reconstruction,3p5inchStickout_F_12-Jun-2017_rpm570_doc0p025_window_0004,train,no_chatter,0,0.0007275491370819509,2
turning,pca_rgb_reconstruction,3p5inchStickout_F_12-Jun-2017_rpm570_doc0p025_window_0005,train,no_chatter,0,0.0013038351899012923,2
turning,pca_rgb_reconstruction,3p5inchStickout_F_12-Jun-2017_rpm570_doc0p025_window_0006,train,no_chatter,0,0.0013753297971561551,2
turning,pca_rgb_reconstruction,3p5inchStickout_F_12-Jun-2017_rpm570_doc0p025_window_0007,train,no_chatter,0,0.0008599255816079676,2
turning,pca_rgb_reconstruction,3p5inchStickout_F_12-Jun-2017_rpm570_doc0p025_window_0008,train,no_chatter,0,0.000791411439422518,2
turning,pca_rgb_reconstruction,3p5inchStickout_F_12-Jun-2017_rpm570_doc0p025_window_0009,train,no_chatter,0,0.0008200895390473306,2
turning,pca_rgb_reconstruction,3p5inchStickout_F_14-Jun-2017_rpm1030_doc0p002_window_0000,train,no_chatter,0,9.560390753904358e-05,2
turning,pca_rgb_reconstruction,3p5inchStickout_F_14-Jun-2017_rpm1030_doc0p002_window_0001,train,no_chatter,0,0.0036177150905132294,2
turning,pca_rgb_reconstruction,3p5inchStickout_F_14-Jun-2017_rpm1030_doc0p002_window_0002,train,no_chatter,0,0.0026708771474659443,2
turning,pca_rgb_reconstruction,3p5inchStickout_F_14-Jun-2017_rpm770_doc0p010_window_0000,train,no_chatter,0,9.797443635761738e-05,2
turning,pca_rgb_reconstruction,3p5inchStickout_F_14-Jun-2017_rpm770_doc0p010_window_0001,train,no_chatter,0,0.0008229681989178061,2
turning,pca_rgb_reconstruction,3p5inchStickout_F_14-Jun-2017_rpm770_doc0p010_window_0002,train,no_chatter,0,0.001527860527858138,2
turning,pca_rgb_reconstruction,3p5inchStickout_F_14-Jun-2017_rpm770_doc0p010_window_0003,train,no_chatter,0,0.0013180389069020748,2
turning,pca_rgb_reconstruction,4p5inchStickout_F_12-Jun-2017_rpm570_doc0p040_window_0000,train,no_chatter,0,6.390304042724892e-05,2
turning,pca_rgb_reconstruction,4p5inchStickout_F_12-Jun-2017_rpm570_doc0p040_window_0001,train,no_chatter,0,4.562422327580862e-05,2
turning,pca_rgb_reconstruction,4p5inchStickout_F_12-Jun-2017_rpm570_doc0p040_window_0002,train,no_chatter,0,5.6086348195094615e-05,2
turning,pca_rgb_reconstruction,4p5inchStickout_F_12-Jun-2017_rpm570_doc0p040_window_0003,train,no_chatter,0,4.996549978386611e-05,2
turning,pca_rgb_reconstruction,4p5inchStickout_F_12-Jun-2017_rpm570_doc0p040_window_0004,train,no_chatter,0,0.0005598741117864847,2
turning,pca_rgb_reconstruction,4p5inchStickout_F_12-Jun-2017_rpm570_doc0p040_window_0005,train,no_chatter,0,0.0004801035684067756,2
turning,pca_rgb_reconstruction,4p5inchStickout_F_12-Jun-2017_rpm570_doc0p040_window_0006,train,no_chatter,0,0.0007107767160050571,2
turning,pca_rgb_reconstruction,4p5inchStickout_F_12-Jun-2017_rpm570_doc0p040_window_0007,train,no_chatter,0,0.0008093275246210396,2
turning,pca_rgb_reconstruction,4p5inchStickout_F_12-Jun-2017_rpm570_doc0p040_window_0008,train,no_chatter,0,0.0008348897099494934,2
turning,pca_rgb_reconstruction,4p5inchStickout_F_12-Jun-2017_rpm570_doc0p040_window_0009,train,no_chatter,0,0.0008689783862791955,2
turning,pca_rgb_reconstruction,4p5inchStickout_F_12-Jun-2017_rpm570_doc0p040_window_0010,train,no_chatter,0,0.0011179139837622643,2
turning,pca_rgb_reconstruction,4p5inchStickout_F_12-Jun-2017_rpm570_doc0p040_window_0011,train,no_chatter,0,0.0008992605144158006,2
turning,pca_rgb_reconstruction,4p5inchStickout_F_13-Jun-2017_rpm1030_doc0p015_window_0000,train,no_chatter,0,6.0535188822541386e-05,2
turning,pca_rgb_reconstruction,4p5inchStickout_F_13-Jun-2017_rpm1030_doc0p015_window_0001,train,no_chatter,0,0.0014131218194961548,2
turning,pca_rgb_reconstruction,4p5inchStickout_F_13-Jun-2017_rpm1030_doc0p015_window_0002,train,no_chatter,0,0.0010875778971239924,2
turning,pca_rgb_reconstruction,4p5inchStickout_F_13-Jun-2017_rpm1030_doc0p015_window_0003,validation,no_chatter,0,0.0010280039859935641,2
turning,one_class_svm_rgb_features,2inchStickout_F_08-Jun-2017_rpm320_doc0p015_window_0000,train,no_chatter,0,-0.1687581320540409,3
turning,one_class_svm_rgb_features,2inchStickout_F_08-Jun-2017_rpm320_doc0p015_window_0001,validation,no_chatter,0,-0.1886948493807027,3
turning,one_class_svm_rgb_features,2inchStickout_F_08-Jun-2017_rpm320_doc0p015_window_0002,train,no_chatter,0,-0.18276520060140655,3
turning,one_class_svm_rgb_features,2inchStickout_F_08-Jun-2017_rpm320_doc0p015_window_0003,validation,no_chatter,0,-0.1951864940083744,3
turning,one_class_svm_rgb_features,2inchStickout_F_08-Jun-2017_rpm320_doc0p015_window_0004,train,no_chatter,0,-0.1299483573754573,3
turning,one_class_svm_rgb_features,2inchStickout_F_08-Jun-2017_rpm320_doc0p015_window_0005,train,no_chatter,0,-0.2034362252305465,3
turning,one_class_svm_rgb_features,2inchStickout_F_08-Jun-2017_rpm320_doc0p015_window_0006,train,no_chatter,0,-0.24179401454889848,3
turning,one_class_svm_rgb_features,2inchStickout_F_08-Jun-2017_rpm320_doc0p015_window_0007,train,no_chatter,0,-0.22473418009956114,3
turning,one_class_svm_rgb_features,2inchStickout_F_08-Jun-2017_rpm320_doc0p015_window_0008,train,no_chatter,0,-0.21843665953815272,3
turning,one_class_svm_rgb_features,2inchStickout_F_08-Jun-2017_rpm320_doc0p015_window_0009,train,no_chatter,0,-0.22990014268249126,3
turning,one_class_svm_rgb_features,2inchStickout_F_08-Jun-2017_rpm320_doc0p015_window_0010,train,no_chatter,0,-0.21455052658311635,3
turning,one_class_svm_rgb_features,2inchStickout_F_08-Jun-2017_rpm320_doc0p015_window_0011,train,no_chatter,0,-0.2456469543231835,3
turning,one_class_svm_rgb_features,2inchStickout_F_08-Jun-2017_rpm320_doc0p015_window_0012,train,no_chatter,0,-0.24988732592626806,3
turning,one_class_svm_rgb_features,2inchStickout_F_08-Jun-2017_rpm320_doc0p015_window_0013,validation,no_chatter,0,-0.20660951790379933,3
turning,one_class_svm_rgb_features,2inchStickout_F_08-Jun-2017_rpm320_doc0p015_window_0014,validation,no_chatter,0,-0.37897156702962664,3
turning,one_class_svm_rgb_features,2inchStickout_F_08-Jun-2017_rpm320_doc0p015_window_0015,train,no_chatter,0,-0.3621223495779248,3
turning,one_class_svm_rgb_features,2inchStickout_F_08-Jun-2017_rpm320_doc0p015_window_0016,train,no_chatter,0,-0.3686133178736918,3
turning,one_class_svm_rgb_features,2inchStickout_F_08-Jun-2017_rpm320_doc0p015_window_0017,train,no_chatter,0,-0.36273880817241555,3
turning,one_class_svm_rgb_features,2inchStickout_F_08-Jun-2017_rpm320_doc0p015_window_0018,train,no_chatter,0,-0.3852911819137982,3
turning,one_class_svm_rgb_features,2inchStickout_F_08-Jun-2017_rpm320_doc0p015_window_0019,train,no_chatter,0,-0.38811523850044527,3
turning,one_class_svm_rgb_features,2inchStickout_F_08-Jun-2017_rpm320_doc0p015_window_0020,train,no_chatter,0,-0.3938703714041373,3
turning,one_class_svm_rgb_features,2inchStickout_F_08-Jun-2017_rpm320_doc0p015_window_0021,train,no_chatter,0,-0.37247635898460174,3
turning,one_class_svm_rgb_features,2inchStickout_F_08-Jun-2017_rpm320_doc0p015_window_0022,train,no_chatter,0,-0.33911352204817147,3
turning,one_class_svm_rgb_features,2inchStickout_F_08-Jun-2017_rpm320_doc0p015_window_0023,train,no_chatter,0,-0.31571418855098277,3
turning,one_class_svm_rgb_features,2inchStickout_F_08-Jun-2017_rpm320_doc0p050_window_0000,train,no_chatter,0,-0.1861996669343079,3
turning,one_class_svm_rgb_features,2inchStickout_F_08-Jun-2017_rpm320_doc0p050_window_0001,train,no_chatter,0,-0.2331640405740315,3
turning,one_class_svm_rgb_features,2inchStickout_F_08-Jun-2017_rpm320_doc0p050_window_0002,train,no_chatter,0,-0.2281499689284504,3
turning,one_class_svm_rgb_features,2inchStickout_F_08-Jun-2017_rpm320_doc0p050_window_0003,test,no_chatter,0,-0.0955299020823408,3
turning,one_class_svm_rgb_features,2inchStickout_F_08-Jun-2017_rpm320_doc0p050_window_0004,train,no_chatter,0,-0.36370141077882645,3
turning,one_class_svm_rgb_features,2inchStickout_F_08-Jun-2017_rpm320_doc0p050_window_0005,train,no_chatter,0,-0.3094296743252595,3
turning,one_class_svm_rgb_features,2inchStickout_F_08-Jun-2017_rpm320_doc0p050_window_0006,train,no_chatter,0,-0.15548851259214647,3
turning,one_class_svm_rgb_features,2inchStickout_F_08-Jun-2017_rpm320_doc0p050_window_0007,train,no_chatter,0,-0.17702803996098992,3
turning,one_class_svm_rgb_features,2inchStickout_F_08-Jun-2017_rpm320_doc0p050_window_0008,test,no_chatter,0,-0.2340846784864078,3
turning,one_class_svm_rgb_features,2inchStickout_F_08-Jun-2017_rpm320_doc0p050_window_0009,test,no_chatter,0,-0.2775720553274529,3
turning,one_class_svm_rgb_features,2inchStickout_F_08-Jun-2017_rpm320_doc0p050_window_0010,train,no_chatter,0,-0.2659467627027706,3
turning,one_class_svm_rgb_features,2inchStickout_F_08-Jun-2017_rpm320_doc0p050_window_0011,train,no_chatter,0,-0.1915966616294048,3
turning,one_class_svm_rgb_features,2inchStickout_F_08-Jun-2017_rpm320_doc0p050_window_0012,test,no_chatter,0,-0.18001255355346124,3
turning,one_class_svm_rgb_features,2inchStickout_F_08-Jun-2017_rpm320_doc0p050_window_0013,test,no_chatter,0,-0.16400537738021626,3
turning,one_class_svm_rgb_features,2inchStickout_F_08-Jun-2017_rpm320_doc0p050_window_0014,test,no_chatter,0,-0.20036395632161785,3
turning,one_class_svm_rgb_features,2inchStickout_F_08-Jun-2017_rpm320_doc0p050_window_0015,train,no_chatter,0,-0.19796225345833507,3
turning,one_class_svm_rgb_features,2inchStickout_F_08-Jun-2017_rpm320_doc0p050_window_0016,train,no_chatter,0,-0.11581094120033297,3
turning,one_class_svm_rgb_features,2inchStickout_F_08-Jun-2017_rpm320_doc0p050_window_0017,test,no_chatter,0,-0.2666676430049081,3
turning,one_class_svm_rgb_features,2inchStickout_F_08-Jun-2017_rpm320_doc0p050_window_0018,train,no_chatter,0,-0.3409864533690202,3
turning,one_class_svm_rgb_features,2inchStickout_F_08-Jun-2017_rpm320_doc0p050_window_0019,train,no_chatter,0,-0.38853998082977126,3
turning,one_class_svm_rgb_features,2inchStickout_F_08-Jun-2017_rpm320_doc0p050_window_0020,train,no_chatter,0,-0.3810463018428517,3
turning,one_class_svm_rgb_features,2inchStickout_F_08-Jun-2017_rpm320_doc0p050_window_0021,train,no_chatter,0,-0.271634723033887,3
turning,one_class_svm_rgb_features,2inchStickout_F_08-Jun-2017_rpm320_doc0p050_window_0022,test,no_chatter,0,-0.3634673011472723,3
turning,one_class_svm_rgb_features,2inchStickout_F_08-Jun-2017_rpm320_doc0p050_window_0023,test,no_chatter,0,-0.36745966641434824,3
turning,one_class_svm_rgb_features,2inchStickout_F_08-Jun-2017_rpm570_doc0p001_window_0000,train,no_chatter,0,-0.13546726721466396,3
turning,one_class_svm_rgb_features,2inchStickout_F_08-Jun-2017_rpm570_doc0p001_window_0001,validation,no_chatter,0,-0.0639765906246591,3
turning,one_class_svm_rgb_features,2inchStickout_F_08-Jun-2017_rpm570_doc0p001_window_0002,validation,chatter,1,0.7111931185331808,3
turning,one_class_svm_rgb_features,2inchStickout_F_08-Jun-2017_rpm570_doc0p001_window_0003,validation,chatter,1,0.8493582574342595,3
turning,one_class_svm_rgb_features,2inchStickout_F_08-Jun-2017_rpm570_doc0p001_window_0004,validation,chatter,1,0.8497037934005796,3
turning,one_class_svm_rgb_features,2inchStickout_F_08-Jun-2017_rpm570_doc0p001_window_0005,validation,chatter,1,0.8497038185017435,3
turning,one_class_svm_rgb_features,2inchStickout_F_08-Jun-2017_rpm770_doc0p001_window_0000,test,no_chatter,0,-0.10602203617464723,3
turning,one_class_svm_rgb_features,2inchStickout_F_08-Jun-2017_rpm770_doc0p001_window_0001,train,no_chatter,0,-0.02247978703472897,3
turning,one_class_svm_rgb_features,2inchStickout_F_08-Jun-2017_rpm770_doc0p001_window_0002,train,no_chatter,0,0.2787718549529916,3
turning,one_class_svm_rgb_features,2inchStickout_F_08-Jun-2017_rpm770_doc0p001_window_0003,train,no_chatter,0,0.5124089340931302,3
turning,one_class_svm_rgb_features,2inchStickout_F_08-Jun-2017_rpm770_doc0p001_window_0004,train,no_chatter,0,0.7549159359311626,3
turning,one_class_svm_rgb_features,2inchStickout_F_08-Jun-2017_rpm770_doc0p001_window_0005,train,no_chatter,0,0.8489179009601024,3
turning,one_class_svm_rgb_features,2inchStickout_F_08-Jun-2017_rpm770_doc0p001_window_0006,test,chatter,1,0.8497036578925887,3
turning,one_class_svm_rgb_features,2inchStickout_F_08-Jun-2017_rpm770_doc0p001_window_0007,test,chatter,1,0.8497038185017435,3
turning,one_class_svm_rgb_features,2p5inchStickout_F_12-Jun-2017_rpm570_doc0p003_window_0000,train,no_chatter,0,-0.1518343519329498,3
turning,one_class_svm_rgb_features,2p5inchStickout_F_12-Jun-2017_rpm570_doc0p003_window_0001,test,no_chatter,0,-0.12185485238207139,3
turning,one_class_svm_rgb_features,2p5inchStickout_F_12-Jun-2017_rpm570_doc0p003_window_0002,train,no_chatter,0,-0.3303411598914928,3
turning,one_class_svm_rgb_features,2p5inchStickout_F_12-Jun-2017_rpm570_doc0p003_window_0003,train,no_chatter,0,-0.2571433034474494,3
turning,one_class_svm_rgb_features,2p5inchStickout_F_12-Jun-2017_rpm570_doc0p003_window_0004,train,no_chatter,0,-0.35400844376717944,3
turning,one_class_svm_rgb_features,2p5inchStickout_F_12-Jun-2017_rpm570_doc0p003_window_0005,train,no_chatter,0,-0.35066372366500775,3
turning,one_class_svm_rgb_features,2p5inchStickout_F_12-Jun-2017_rpm570_doc0p003_window_0006,train,no_chatter,0,-0.32923590917489987,3
turning,one_class_svm_rgb_features,2p5inchStickout_F_12-Jun-2017_rpm570_doc0p003_window_0007,train,no_chatter,0,-0.3101891969834377,3
turning,one_class_svm_rgb_features,2p5inchStickout_F_12-Jun-2017_rpm570_doc0p003_window_0008,train,no_chatter,0,-0.14978711805914946,3
turning,one_class_svm_rgb_features,2p5inchStickout_F_12-Jun-2017_rpm570_doc0p003_window_0009,train,no_chatter,0,-0.3290717191837299,3
turning,one_class_svm_rgb_features,2p5inchStickout_F_12-Jun-2017_rpm570_doc0p015_trial2_window_0000,train,no_chatter,0,-0.19424973583919491,3
turning,one_class_svm_rgb_features,2p5inchStickout_F_12-Jun-2017_rpm570_doc0p015_trial2_window_0001,train,no_chatter,0,-0.06780427577171844,3
turning,one_class_svm_rgb_features,2p5inchStickout_F_12-Jun-2017_rpm570_doc0p015_trial2_window_0002,test,chatter,1,0.8496742977234526,3
turning,one_class_svm_rgb_features,2p5inchStickout_F_12-Jun-2017_rpm570_doc0p015_trial2_window_0003,test,chatter,1,0.8497038185017435,3
turning,one_class_svm_rgb_features,2p5inchStickout_F_12-Jun-2017_rpm570_doc0p015_trial2_window_0004,test,chatter,1,0.8497038185016571,3
turning,one_class_svm_rgb_features,2p5inchStickout_F_12-Jun-2017_rpm570_doc0p015_trial2_window_0005,test,chatter,1,0.8489688192418607,3
turning,one_class_svm_rgb_features,3p5inchStickout_F_12-Jun-2017_rpm570_doc0p015_window_0000,train,no_chatter,0,-0.15052907627773726,3
turning,one_class_svm_rgb_features,3p5inchStickout_F_12-Jun-2017_rpm570_doc0p015_window_0001,train,no_chatter,0,-0.029785413921022408,3
turning,one_class_svm_rgb_features,3p5inchStickout_F_12-Jun-2017_rpm570_doc0p015_window_0002,train,no_chatter,0,-0.2729897206546027,3
turning,one_class_svm_rgb_features,3p5inchStickout_F_12-Jun-2017_rpm570_doc0p015_window_0003,train,no_chatter,0,-0.20672528681445368,3
turning,one_class_svm_rgb_features,3p5inchStickout_F_12-Jun-2017_rpm570_doc0p015_window_0004,train,no_chatter,0,-0.15375135137785179,3
turning,one_class_svm_rgb_features,3p5inchStickout_F_12-Jun-2017_rpm570_doc0p015_window_0005,train,no_chatter,0,0.8496737811529664,3
turning,one_class_svm_rgb_features,3p5inchStickout_F_12-Jun-2017_rpm570_doc0p015_window_0006,train,no_chatter,0,0.8497038185017435,3
turning,one_class_svm_rgb_features,3p5inchStickout_F_12-Jun-2017_rpm570_doc0p015_window_0007,train,no_chatter,0,0.8497038185017435,3
turning,one_class_svm_rgb_features,3p5inchStickout_F_12-Jun-2017_rpm570_doc0p015_window_0008,train,no_chatter,0,0.5852980691080321,3
turning,one_class_svm_rgb_features,3p5inchStickout_F_12-Jun-2017_rpm570_doc0p015_window_0009,train,no_chatter,0,0.4003585317600271,3
turning,one_class_svm_rgb_features,3p5inchStickout_F_12-Jun-2017_rpm570_doc0p030_window_0000,train,no_chatter,0,-0.01516587911677414,3
turning,one_class_svm_rgb_features,3p5inchStickout_F_12-Jun-2017_rpm570_doc0p030_window_0001,test,no_chatter,0,-0.09439996825053942,3
turning,one_class_svm_rgb_features,3p5inchStickout_F_12-Jun-2017_rpm570_doc0p030_window_0002,train,no_chatter,0,-0.06402576021335504,3
turning,one_class_svm_rgb_features,3p5inchStickout_F_12-Jun-2017_rpm570_doc0p030_window_0003,train,no_chatter,0,-0.2754852966240785,3
turning,one_class_svm_rgb_features,3p5inchStickout_F_12-Jun-2017_rpm570_doc0p030_window_0004,train,no_chatter,0,-0.23642433546521902,3
turning,one_class_svm_rgb_features,3p5inchStickout_F_12-Jun-2017_rpm570_doc0p030_window_0005,train,no_chatter,0,-0.1660572446912315,3
turning,one_class_svm_rgb_features,3p5inchStickout_F_12-Jun-2017_rpm570_doc0p030_window_0006,train,no_chatter,0,-0.22610922419986645,3
turning,one_class_svm_rgb_features,3p5inchStickout_F_12-Jun-2017_rpm570_doc0p030_window_0007,train,no_chatter,0,0.4355086220098396,3
turning,one_class_svm_rgb_features,3p5inchStickout_F_12-Jun-2017_rpm570_doc0p030_window_0008,train,no_chatter,0,0.849703817539212,3
turning,one_class_svm_rgb_features,3p5inchStickout_F_12-Jun-2017_rpm570_doc0p030_window_0009,test,no_chatter,0,0.6554739233365454,3
turning,one_class_svm_rgb_features,3p5inchStickout_F_14-Jun-2017_rpm770_doc0p008_window_0000,train,no_chatter,0,-0.15285419507127773,3
turning,one_class_svm_rgb_features,3p5inchStickout_F_14-Jun-2017_rpm770_doc0p008_window_0001,train,no_chatter,0,-0.0209426250017547,3
turning,one_class_svm_rgb_features,3p5inchStickout_F_14-Jun-2017_rpm770_doc0p008_window_0002,train,no_chatter,0,-0.2557063784997172,3
turning,one_class_svm_rgb_features,3p5inchStickout_F_14-Jun-2017_rpm770_doc0p008_window_0003,test,no_chatter,0,-0.26502746670556265,3
turning,one_class_svm_rgb_features,3p5inchStickout_F_14-Jun-2017_rpm770_doc0p015_window_0000,validation,no_chatter,0,-0.14989747975327417,3
turning,one_class_svm_rgb_features,3p5inchStickout_F_14-Jun-2017_rpm770_doc0p015_window_0001,train,no_chatter,0,-0.021463398108391707,3
turning,one_class_svm_rgb_features,3p5inchStickout_F_14-Jun-2017_rpm770_doc0p015_window_0002,train,no_chatter,0,0.6992993747162615,3
turning,one_class_svm_rgb_features,3p5inchStickout_F_14-Jun-2017_rpm770_doc0p015_window_0003,validation,no_chatter,0,0.8458318801848136,3
turning,one_class_svm_rgb_features,4p5inchStickout_F_12-Jun-2017_rpm570_doc0p005_window_0000,validation,no_chatter,0,0.023632018934721,3
turning,one_class_svm_rgb_features,4p5inchStickout_F_12-Jun-2017_rpm570_doc0p005_window_0001,train,no_chatter,0,0.01837892831211385,3
turning,one_class_svm_rgb_features,4p5inchStickout_F_12-Jun-2017_rpm570_doc0p005_window_0002,validation,no_chatter,0,0.0066960891592560134,3
turning,one_class_svm_rgb_features,4p5inchStickout_F_12-Jun-2017_rpm570_doc0p005_window_0003,train,no_chatter,0,-0.04523759547468453,3
turning,one_class_svm_rgb_features,4p5inchStickout_F_12-Jun-2017_rpm570_doc0p005_window_0004,train,no_chatter,0,-0.026481423239477442,3
turning,one_class_svm_rgb_features,4p5inchStickout_F_12-Jun-2017_rpm570_doc0p005_window_0005,validation,no_chatter,0,0.027718844632314332,3
turning,one_class_svm_rgb_features,4p5inchStickout_F_12-Jun-2017_rpm570_doc0p005_window_0006,train,no_chatter,0,-0.16362228257244504,3
turning,one_class_svm_rgb_features,4p5inchStickout_F_12-Jun-2017_rpm570_doc0p005_window_0007,train,no_chatter,0,-0.1831828916046031,3
turning,one_class_svm_rgb_features,4p5inchStickout_F_12-Jun-2017_rpm570_doc0p005_window_0008,train,no_chatter,0,-0.15807072624271623,3
turning,one_class_svm_rgb_features,4p5inchStickout_F_12-Jun-2017_rpm570_doc0p005_window_0009,train,no_chatter,0,-0.09662369212101385,3
turning,one_class_svm_rgb_features,4p5inchStickout_F_12-Jun-2017_rpm570_doc0p005_window_0010,train,no_chatter,0,-0.1521421865357312,3
turning,one_class_svm_rgb_features,4p5inchStickout_F_12-Jun-2017_rpm570_doc0p005_window_0011,train,no_chatter,0,-0.17198963283680124,3
turning,one_class_svm_rgb_features,4p5inchStickout_F_13-Jun-2017_rpm1030_doc0p007_window_0000,train,no_chatter,0,0.03760428751207212,3
turning,one_class_svm_rgb_features,4p5inchStickout_F_13-Jun-2017_rpm1030_doc0p007_window_0001,train,no_chatter,0,-0.016094554397876992,3
turning,one_class_svm_rgb_features,4p5inchStickout_F_13-Jun-2017_rpm1030_doc0p007_window_0002,train,no_chatter,0,-0.039147300639581495,3
turning,one_class_svm_rgb_features,4p5inchStickout_F_13-Jun-2017_rpm1030_doc0p007_window_0003,train,no_chatter,0,0.10260393511511123,3
turning,one_class_svm_rgb_features,4p5inchStickout_F_13-Jun-2017_rpm770_doc0p010_window_0000,train,no_chatter,0,-0.054288887508063266,3
turning,one_class_svm_rgb_features,4p5inchStickout_F_13-Jun-2017_rpm770_doc0p010_window_0001,train,no_chatter,0,-0.018844413649731773,3
turning,one_class_svm_rgb_features,4p5inchStickout_F_13-Jun-2017_rpm770_doc0p010_window_0002,train,no_chatter,0,-0.17312789434457765,3
turning,one_class_svm_rgb_features,4p5inchStickout_F_13-Jun-2017_rpm770_doc0p010_window_0003,test,no_chatter,0,-0.18646947280923343,3
turning,one_class_svm_rgb_features,4p5inchStickout_F_13-Jun-2017_rpm770_doc0p010_window_0004,train,no_chatter,0,-0.1956462466606298,3
turning,one_class_svm_rgb_features,4p5inchStickout_F_13-Jun-2017_rpm770_doc0p010_window_0005,train,no_chatter,0,-0.15645654590710045,3
turning,isolation_forest_rgb_features,2inchStickout_F_08-Jun-2017_rpm320_doc0p015_window_0000,train,no_chatter,0,-0.11024014753069233,3
turning,isolation_forest_rgb_features,2inchStickout_F_08-Jun-2017_rpm320_doc0p015_window_0001,validation,no_chatter,0,-0.12083505548683188,3
turning,isolation_forest_rgb_features,2inchStickout_F_08-Jun-2017_rpm320_doc0p015_window_0002,train,no_chatter,0,-0.11168887748913814,3
turning,isolation_forest_rgb_features,2inchStickout_F_08-Jun-2017_rpm320_doc0p015_window_0003,validation,no_chatter,0,-0.11284726497469161,3
turning,isolation_forest_rgb_features,2inchStickout_F_08-Jun-2017_rpm320_doc0p015_window_0004,train,no_chatter,0,-0.10216043760907301,3
turning,isolation_forest_rgb_features,2inchStickout_F_08-Jun-2017_rpm320_doc0p015_window_0005,train,no_chatter,0,-0.10088784345287705,3
turning,isolation_forest_rgb_features,2inchStickout_F_08-Jun-2017_rpm320_doc0p015_window_0006,train,no_chatter,0,-0.11017599290820368,3
turning,isolation_forest_rgb_features,2inchStickout_F_08-Jun-2017_rpm320_doc0p015_window_0007,train,no_chatter,0,-0.1139458849098196,3
turning,isolation_forest_rgb_features,2inchStickout_F_08-Jun-2017_rpm320_doc0p015_window_0008,train,no_chatter,0,-0.11634461283583308,3
turning,isolation_forest_rgb_features,2inchStickout_F_08-Jun-2017_rpm320_doc0p015_window_0009,train,no_chatter,0,-0.11508803337763329,3
turning,isolation_forest_rgb_features,2inchStickout_F_08-Jun-2017_rpm320_doc0p015_window_0010,train,no_chatter,0,-0.11086743133847055,3
turning,isolation_forest_rgb_features,2inchStickout_F_08-Jun-2017_rpm320_doc0p015_window_0011,train,no_chatter,0,-0.11516578065170657,3
turning,isolation_forest_rgb_features,2inchStickout_F_08-Jun-2017_rpm320_doc0p015_window_0012,train,no_chatter,0,-0.12229607814225013,3
turning,isolation_forest_rgb_features,2inchStickout_F_08-Jun-2017_rpm320_doc0p015_window_0013,validation,no_chatter,0,-0.10367946489659485,3
turning,isolation_forest_rgb_features,2inchStickout_F_08-Jun-2017_rpm320_doc0p015_window_0014,validation,no_chatter,0,-0.1293506476453603,3
turning,isolation_forest_rgb_features,2inchStickout_F_08-Jun-2017_rpm320_doc0p015_window_0015,train,no_chatter,0,-0.12612724142447695,3
turning,isolation_forest_rgb_features,2inchStickout_F_08-Jun-2017_rpm320_doc0p015_window_0016,train,no_chatter,0,-0.12221151622424253,3
turning,isolation_forest_rgb_features,2inchStickout_F_08-Jun-2017_rpm320_doc0p015_window_0017,train,no_chatter,0,-0.13337362843399542,3
turning,isolation_forest_rgb_features,2inchStickout_F_08-Jun-2017_rpm320_doc0p015_window_0018,train,no_chatter,0,-0.13151730418988733,3
turning,isolation_forest_rgb_features,2inchStickout_F_08-Jun-2017_rpm320_doc0p015_window_0019,train,no_chatter,0,-0.12186911356866248,3
turning,isolation_forest_rgb_features,2inchStickout_F_08-Jun-2017_rpm320_doc0p015_window_0020,train,no_chatter,0,-0.13080723604549332,3
turning,isolation_forest_rgb_features,2inchStickout_F_08-Jun-2017_rpm320_doc0p015_window_0021,train,no_chatter,0,-0.1271169647211749,3
turning,isolation_forest_rgb_features,2inchStickout_F_08-Jun-2017_rpm320_doc0p015_window_0022,train,no_chatter,0,-0.11807279915940982,3
turning,isolation_forest_rgb_features,2inchStickout_F_08-Jun-2017_rpm320_doc0p015_window_0023,train,no_chatter,0,-0.11998733164426822,3
turning,isolation_forest_rgb_features,2inchStickout_F_08-Jun-2017_rpm320_doc0p050_window_0000,train,no_chatter,0,-0.11763798023957872,3
turning,isolation_forest_rgb_features,2inchStickout_F_08-Jun-2017_rpm320_doc0p050_window_0001,train,no_chatter,0,-0.12995637960219386,3
turning,isolation_forest_rgb_features,2inchStickout_F_08-Jun-2017_rpm320_doc0p050_window_0002,train,no_chatter,0,-0.12817889046611763,3
turning,isolation_forest_rgb_features,2inchStickout_F_08-Jun-2017_rpm320_doc0p050_window_0003,test,no_chatter,0,-0.11187344266509314,3
turning,isolation_forest_rgb_features,2inchStickout_F_08-Jun-2017_rpm320_doc0p050_window_0004,train,no_chatter,0,-0.13017773704081304,3
turning,isolation_forest_rgb_features,2inchStickout_F_08-Jun-2017_rpm320_doc0p050_window_0005,train,no_chatter,0,-0.12345715820282399,3
turning,isolation_forest_rgb_features,2inchStickout_F_08-Jun-2017_rpm320_doc0p050_window_0006,train,no_chatter,0,-0.09838986117629134,3
turning,isolation_forest_rgb_features,2inchStickout_F_08-Jun-2017_rpm320_doc0p050_window_0007,train,no_chatter,0,-0.10275744459216357,3
turning,isolation_forest_rgb_features,2inchStickout_F_08-Jun-2017_rpm320_doc0p050_window_0008,test,no_chatter,0,-0.12343059756605768,3
turning,isolation_forest_rgb_features,2inchStickout_F_08-Jun-2017_rpm320_doc0p050_window_0009,test,no_chatter,0,-0.11775097443604915,3
turning,isolation_forest_rgb_features,2inchStickout_F_08-Jun-2017_rpm320_doc0p050_window_0010,train,no_chatter,0,-0.12174302971962903,3
turning,isolation_forest_rgb_features,2inchStickout_F_08-Jun-2017_rpm320_doc0p050_window_0011,train,no_chatter,0,-0.1062884254242289,3
turning,isolation_forest_rgb_features,2inchStickout_F_08-Jun-2017_rpm320_doc0p050_window_0012,test,no_chatter,0,-0.10812261255095784,3
turning,isolation_forest_rgb_features,2inchStickout_F_08-Jun-2017_rpm320_doc0p050_window_0013,test,no_chatter,0,-0.09378307042509032,3
turning,isolation_forest_rgb_features,2inchStickout_F_08-Jun-2017_rpm320_doc0p050_window_0014,test,no_chatter,0,-0.10611770034761353,3
turning,isolation_forest_rgb_features,2inchStickout_F_08-Jun-2017_rpm320_doc0p050_window_0015,train,no_chatter,0,-0.09168227584142108,3
turning,isolation_forest_rgb_features,2inchStickout_F_08-Jun-2017_rpm320_doc0p050_window_0016,train,no_chatter,0,-0.10768092279846958,3
turning,isolation_forest_rgb_features,2inchStickout_F_08-Jun-2017_rpm320_doc0p050_window_0017,test,no_chatter,0,-0.12419004537311001,3
turning,isolation_forest_rgb_features,2inchStickout_F_08-Jun-2017_rpm320_doc0p050_window_0018,train,no_chatter,0,-0.12868206308727553,3
turning,isolation_forest_rgb_features,2inchStickout_F_08-Jun-2017_rpm320_doc0p050_window_0019,train,no_chatter,0,-0.1224804647778216,3
turning,isolation_forest_rgb_features,2inchStickout_F_08-Jun-2017_rpm320_doc0p050_window_0020,train,no_chatter,0,-0.1327556387947209,3
turning,isolation_forest_rgb_features,2inchStickout_F_08-Jun-2017_rpm320_doc0p050_window_0021,train,no_chatter,0,-0.11947422125245488,3
turning,isolation_forest_rgb_features,2inchStickout_F_08-Jun-2017_rpm320_doc0p050_window_0022,test,no_chatter,0,-0.1281196792829567,3
turning,isolation_forest_rgb_features,2inchStickout_F_08-Jun-2017_rpm320_doc0p050_window_0023,test,no_chatter,0,-0.12017588885948555,3
turning,isolation_forest_rgb_features,2inchStickout_F_08-Jun-2017_rpm570_doc0p001_window_0000,train,no_chatter,0,-0.1128410645609087,3
turning,isolation_forest_rgb_features,2inchStickout_F_08-Jun-2017_rpm570_doc0p001_window_0001,validation,no_chatter,0,-0.058195721960261015,3
turning,isolation_forest_rgb_features,2inchStickout_F_08-Jun-2017_rpm570_doc0p001_window_0002,validation,chatter,1,0.08051327701469913,3
turning,isolation_forest_rgb_features,2inchStickout_F_08-Jun-2017_rpm570_doc0p001_window_0003,validation,chatter,1,0.13914903679708068,3
turning,isolation_forest_rgb_features,2inchStickout_F_08-Jun-2017_rpm570_doc0p001_window_0004,validation,chatter,1,0.15223131565695136,3
turning,isolation_forest_rgb_features,2inchStickout_F_08-Jun-2017_rpm570_doc0p001_window_0005,validation,chatter,1,0.1557894369208832,3
turning,isolation_forest_rgb_features,2inchStickout_F_08-Jun-2017_rpm770_doc0p001_window_0000,test,no_chatter,0,-0.1027427629937489,3
turning,isolation_forest_rgb_features,2inchStickout_F_08-Jun-2017_rpm770_doc0p001_window_0001,train,no_chatter,0,-0.042300260226753206,3
turning,isolation_forest_rgb_features,2inchStickout_F_08-Jun-2017_rpm770_doc0p001_window_0002,train,no_chatter,0,0.020716087113044512,3
turning,isolation_forest_rgb_features,2inchStickout_F_08-Jun-2017_rpm770_doc0p001_window_0003,train,no_chatter,0,0.06156439829751004,3
turning,isolation_forest_rgb_features,2inchStickout_F_08-Jun-2017_rpm770_doc0p001_window_0004,train,no_chatter,0,0.08063373375710814,3
turning,isolation_forest_rgb_features,2inchStickout_F_08-Jun-2017_rpm770_doc0p001_window_0005,train,no_chatter,0,0.14651576279079837,3
turning,isolation_forest_rgb_features,2inchStickout_F_08-Jun-2017_rpm770_doc0p001_window_0006,test,chatter,1,0.180041227978611,3
turning,isolation_forest_rgb_features,2inchStickout_F_08-Jun-2017_rpm770_doc0p001_window_0007,test,chatter,1,0.20747414039019196,3
turning,isolation_forest_rgb_features,2p5inchStickout_F_12-Jun-2017_rpm570_doc0p003_window_0000,train,no_chatter,0,-0.09183676881992825,3
turning,isolation_forest_rgb_features,2p5inchStickout_F_12-Jun-2017_rpm570_doc0p003_window_0001,test,no_chatter,0,-0.07334324177475471,3
turning,isolation_forest_rgb_features,2p5inchStickout_F_12-Jun-2017_rpm570_doc0p003_window_0002,train,no_chatter,0,-0.11226620653881508,3
turning,isolation_forest_rgb_features,2p5inchStickout_F_12-Jun-2017_rpm570_doc0p003_window_0003,train,no_chatter,0,-0.07396987845401615,3
turning,isolation_forest_rgb_features,2p5inchStickout_F_12-Jun-2017_rpm570_doc0p003_window_0004,train,no_chatter,0,-0.08437865153627505,3
turning,isolation_forest_rgb_features,2p5inchStickout_F_12-Jun-2017_rpm570_doc0p003_window_0005,train,no_chatter,0,-0.11481404567670545,3
turning,isolation_forest_rgb_features,2p5inchStickout_F_12-Jun-2017_rpm570_doc0p003_window_0006,train,no_chatter,0,-0.08706153556697388,3
turning,isolation_forest_rgb_features,2p5inchStickout_F_12-Jun-2017_rpm570_doc0p003_window_0007,train,no_chatter,0,-0.08327293647853673,3
turning,isolation_forest_rgb_features,2p5inchStickout_F_12-Jun-2017_rpm570_doc0p003_window_0008,train,no_chatter,0,-0.08007285764862587,3
turning,isolation_forest_rgb_features,2p5inchStickout_F_12-Jun-2017_rpm570_doc0p003_window_0009,train,no_chatter,0,-0.1037255668860001,3
turning,isolation_forest_rgb_features,2p5inchStickout_F_12-Jun-2017_rpm570_doc0p015_trial2_window_0000,train,no_chatter,0,-0.09590460255176436,3
turning,isolation_forest_rgb_features,2p5inchStickout_F_12-Jun-2017_rpm570_doc0p015_trial2_window_0001,train,no_chatter,0,-0.0682714190539998,3
turning,isolation_forest_rgb_features,2p5inchStickout_F_12-Jun-2017_rpm570_doc0p015_trial2_window_0002,test,chatter,1,0.11455955086808478,3
turning,isolation_forest_rgb_features,2p5inchStickout_F_12-Jun-2017_rpm570_doc0p015_trial2_window_0003,test,chatter,1,0.19606271575758183,3
turning,isolation_forest_rgb_features,2p5inchStickout_F_12-Jun-2017_rpm570_doc0p015_trial2_window_0004,test,chatter,1,0.19097746035945073,3
turning,isolation_forest_rgb_features,2p5inchStickout_F_12-Jun-2017_rpm570_doc0p015_trial2_window_0005,test,chatter,1,0.17650037940539176,3
turning,isolation_forest_rgb_features,3p5inchStickout_F_12-Jun-2017_rpm570_doc0p015_window_0000,train,no_chatter,0,-0.09335179386199871,3
turning,isolation_forest_rgb_features,3p5inchStickout_F_12-Jun-2017_rpm570_doc0p015_window_0001,train,no_chatter,0,-0.0713139522525022,3
turning,isolation_forest_rgb_features,3p5inchStickout_F_12-Jun-2017_rpm570_doc0p015_window_0002,train,no_chatter,0,-0.09127260596822051,3
turning,isolation_forest_rgb_features,3p5inchStickout_F_12-Jun-2017_rpm570_doc0p015_window_0003,train,no_chatter,0,-0.041050987458128796,3
turning,isolation_forest_rgb_features,3p5inchStickout_F_12-Jun-2017_rpm570_doc0p015_window_0004,train,no_chatter,0,-0.04336575609724591,3
turning,isolation_forest_rgb_features,3p5inchStickout_F_12-Jun-2017_rpm570_doc0p015_window_0005,train,no_chatter,0,-0.027308936080420676,3
turning,isolation_forest_rgb_features,3p5inchStickout_F_12-Jun-2017_rpm570_doc0p015_window_0006,train,no_chatter,0,0.07364849553206354,3
turning,isolation_forest_rgb_features,3p5inchStickout_F_12-Jun-2017_rpm570_doc0p015_window_0007,train,no_chatter,0,0.03468463010330547,3
turning,isolation_forest_rgb_features,3p5inchStickout_F_12-Jun-2017_rpm570_doc0p015_window_0008,train,no_chatter,0,0.014033908273954343,3
turning,isolation_forest_rgb_features,3p5inchStickout_F_12-Jun-2017_rpm570_doc0p015_window_0009,train,no_chatter,0,-0.003897227838729811,3
turning,isolation_forest_rgb_features,3p5inchStickout_F_12-Jun-2017_rpm570_doc0p030_window_0000,train,no_chatter,0,-0.07615940019942169,3
turning,isolation_forest_rgb_features,3p5inchStickout_F_12-Jun-2017_rpm570_doc0p030_window_0001,test,no_chatter,0,-0.08278250389244501,3
turning,isolation_forest_rgb_features,3p5inchStickout_F_12-Jun-2017_rpm570_doc0p030_window_0002,train,no_chatter,0,-0.05707092228115057,3
turning,isolation_forest_rgb_features,3p5inchStickout_F_12-Jun-2017_rpm570_doc0p030_window_0003,train,no_chatter,0,-0.058471468598662035,3
turning,isolation_forest_rgb_features,3p5inchStickout_F_12-Jun-2017_rpm570_doc0p030_window_0004,train,no_chatter,0,-0.0633419982542181,3
turning,isolation_forest_rgb_features,3p5inchStickout_F_12-Jun-2017_rpm570_doc0p030_window_0005,train,no_chatter,0,-0.03665709823189561,3
turning,isolation_forest_rgb_features,3p5inchStickout_F_12-Jun-2017_rpm570_doc0p030_window_0006,train,no_chatter,0,-0.06613243298076821,3
turning,isolation_forest_rgb_features,3p5inchStickout_F_12-Jun-2017_rpm570_doc0p030_window_0007,train,no_chatter,0,-0.011291968607230418,3
turning,isolation_forest_rgb_features,3p5inchStickout_F_12-Jun-2017_rpm570_doc0p030_window_0008,train,no_chatter,0,0.04703591572001575,3
turning,isolation_forest_rgb_features,3p5inchStickout_F_12-Jun-2017_rpm570_doc0p030_window_0009,test,no_chatter,0,0.013792018139120565,3
turning,isolation_forest_rgb_features,3p5inchStickout_F_14-Jun-2017_rpm770_doc0p008_window_0000,train,no_chatter,0,-0.08648634878838829,3
turning,isolation_forest_rgb_features,3p5inchStickout_F_14-Jun-2017_rpm770_doc0p008_window_0001,train,no_chatter,0,-0.053140270741942996,3
turning,isolation_forest_rgb_features,3p5inchStickout_F_14-Jun-2017_rpm770_doc0p008_window_0002,train,no_chatter,0,-0.056483386962006166,3
turning,isolation_forest_rgb_features,3p5inchStickout_F_14-Jun-2017_rpm770_doc0p008_window_0003,test,no_chatter,0,-0.06992729137541337,3
turning,isolation_forest_rgb_features,3p5inchStickout_F_14-Jun-2017_rpm770_doc0p015_window_0000,validation,no_chatter,0,-0.08344192882644103,3
turning,isolation_forest_rgb_features,3p5inchStickout_F_14-Jun-2017_rpm770_doc0p015_window_0001,train,no_chatter,0,-0.07174358403950559,3
turning,isolation_forest_rgb_features,3p5inchStickout_F_14-Jun-2017_rpm770_doc0p015_window_0002,train,no_chatter,0,0.10171872020795636,3
turning,isolation_forest_rgb_features,3p5inchStickout_F_14-Jun-2017_rpm770_doc0p015_window_0003,validation,no_chatter,0,0.1209773766624932,3
turning,isolation_forest_rgb_features,4p5inchStickout_F_12-Jun-2017_rpm570_doc0p005_window_0000,validation,no_chatter,0,-0.08103831421991858,3
turning,isolation_forest_rgb_features,4p5inchStickout_F_12-Jun-2017_rpm570_doc0p005_window_0001,train,no_chatter,0,-0.07157764977506259,3
turning,isolation_forest_rgb_features,4p5inchStickout_F_12-Jun-2017_rpm570_doc0p005_window_0002,validation,no_chatter,0,-0.07870695298478253,3
turning,isolation_forest_rgb_features,4p5inchStickout_F_12-Jun-2017_rpm570_doc0p005_window_0003,train,no_chatter,0,-0.0912396352493765,3
turning,isolation_forest_rgb_features,4p5inchStickout_F_12-Jun-2017_rpm570_doc0p005_window_0004,train,no_chatter,0,-0.08738705131807728,3
turning,isolation_forest_rgb_features,4p5inchStickout_F_12-Jun-2017_rpm570_doc0p005_window_0005,validation,no_chatter,0,-0.052454812678520646,3
turning,isolation_forest_rgb_features,4p5inchStickout_F_12-Jun-2017_rpm570_doc0p005_window_0006,train,no_chatter,0,-0.08844544736756038,3
turning,isolation_forest_rgb_features,4p5inchStickout_F_12-Jun-2017_rpm570_doc0p005_window_0007,train,no_chatter,0,-0.08988325160654342,3
turning,isolation_forest_rgb_features,4p5inchStickout_F_12-Jun-2017_rpm570_doc0p005_window_0008,train,no_chatter,0,-0.0841907892023821,3
turning,isolation_forest_rgb_features,4p5inchStickout_F_12-Jun-2017_rpm570_doc0p005_window_0009,train,no_chatter,0,-0.06938181289362705,3
turning,isolation_forest_rgb_features,4p5inchStickout_F_12-Jun-2017_rpm570_doc0p005_window_0010,train,no_chatter,0,-0.0849528874982568,3
turning,isolation_forest_rgb_features,4p5inchStickout_F_12-Jun-2017_rpm570_doc0p005_window_0011,train,no_chatter,0,-0.09442724843970346,3
turning,isolation_forest_rgb_features,4p5inchStickout_F_13-Jun-2017_rpm1030_doc0p007_window_0000,train,no_chatter,0,-0.04486188855727319,3
turning,isolation_forest_rgb_features,4p5inchStickout_F_13-Jun-2017_rpm1030_doc0p007_window_0001,train,no_chatter,0,-0.043592899501515237,3
turning,isolation_forest_rgb_features,4p5inchStickout_F_13-Jun-2017_rpm1030_doc0p007_window_0002,train,no_chatter,0,-0.046772817493716756,3
turning,isolation_forest_rgb_features,4p5inchStickout_F_13-Jun-2017_rpm1030_doc0p007_window_0003,train,no_chatter,0,-0.03272524380952302,3
turning,isolation_forest_rgb_features,4p5inchStickout_F_13-Jun-2017_rpm770_doc0p010_window_0000,train,no_chatter,0,-0.09194796773615321,3
turning,isolation_forest_rgb_features,4p5inchStickout_F_13-Jun-2017_rpm770_doc0p010_window_0001,train,no_chatter,0,-0.06208349755307829,3
turning,isolation_forest_rgb_features,4p5inchStickout_F_13-Jun-2017_rpm770_doc0p010_window_0002,train,no_chatter,0,-0.07091325765750156,3
turning,isolation_forest_rgb_features,4p5inchStickout_F_13-Jun-2017_rpm770_doc0p010_window_0003,test,no_chatter,0,-0.0655915194677143,3
turning,isolation_forest_rgb_features,4p5inchStickout_F_13-Jun-2017_rpm770_doc0p010_window_0004,train,no_chatter,0,-0.07340644214715036,3
turning,isolation_forest_rgb_features,4p5inchStickout_F_13-Jun-2017_rpm770_doc0p010_window_0005,train,no_chatter,0,-0.06978489760562828,3
turning,pca_rgb_reconstruction,2inchStickout_F_08-Jun-2017_rpm320_doc0p015_window_0000,train,no_chatter,0,4.008137693745084e-05,3
turning,pca_rgb_reconstruction,2inchStickout_F_08-Jun-2017_rpm320_doc0p015_window_0001,validation,no_chatter,0,3.477294012554921e-05,3
turning,pca_rgb_reconstruction,2inchStickout_F_08-Jun-2017_rpm320_doc0p015_window_0002,train,no_chatter,0,3.974830178776756e-05,3
turning,pca_rgb_reconstruction,2inchStickout_F_08-Jun-2017_rpm320_doc0p015_window_0003,validation,no_chatter,0,0.00027660405612550676,3
turning,pca_rgb_reconstruction,2inchStickout_F_08-Jun-2017_rpm320_doc0p015_window_0004,train,no_chatter,0,0.0005240842001512647,3
turning,pca_rgb_reconstruction,2inchStickout_F_08-Jun-2017_rpm320_doc0p015_window_0005,train,no_chatter,0,0.0005676725413650274,3
turning,pca_rgb_reconstruction,2inchStickout_F_08-Jun-2017_rpm320_doc0p015_window_0006,train,no_chatter,0,0.0005281927878968418,3
turning,pca_rgb_reconstruction,2inchStickout_F_08-Jun-2017_rpm320_doc0p015_window_0007,train,no_chatter,0,0.000349080451996997,3
turning,pca_rgb_reconstruction,2inchStickout_F_08-Jun-2017_rpm320_doc0p015_window_0008,train,no_chatter,0,0.0004014937439933419,3
turning,pca_rgb_reconstruction,2inchStickout_F_08-Jun-2017_rpm320_doc0p015_window_0009,train,no_chatter,0,0.0004972340539097786,3
turning,pca_rgb_reconstruction,2inchStickout_F_08-Jun-2017_rpm320_doc0p015_window_0010,train,no_chatter,0,0.0004014988662675023,3
turning,pca_rgb_reconstruction,2inchStickout_F_08-Jun-2017_rpm320_doc0p015_window_0011,train,no_chatter,0,0.0003557232266757637,3
turning,pca_rgb_reconstruction,2inchStickout_F_08-Jun-2017_rpm320_doc0p015_window_0012,train,no_chatter,0,0.00033588800579309464,3
turning,pca_rgb_reconstruction,2inchStickout_F_08-Jun-2017_rpm320_doc0p015_window_0013,validation,no_chatter,0,0.00045083180884830654,3
turning,pca_rgb_reconstruction,2inchStickout_F_08-Jun-2017_rpm320_doc0p015_window_0014,validation,no_chatter,0,0.0005328565603122115,3
turning,pca_rgb_reconstruction,2inchStickout_F_08-Jun-2017_rpm320_doc0p015_window_0015,train,no_chatter,0,0.00032103416742756963,3
turning,pca_rgb_reconstruction,2inchStickout_F_08-Jun-2017_rpm320_doc0p015_window_0016,train,no_chatter,0,0.0004125793348066509,3
turning,pca_rgb_reconstruction,2inchStickout_F_08-Jun-2017_rpm320_doc0p015_window_0017,train,no_chatter,0,0.00032425258541479707,3
turning,pca_rgb_reconstruction,2inchStickout_F_08-Jun-2017_rpm320_doc0p015_window_0018,train,no_chatter,0,0.00035900078364647925,3
turning,pca_rgb_reconstruction,2inchStickout_F_08-Jun-2017_rpm320_doc0p015_window_0019,train,no_chatter,0,0.0004925004905089736,3
turning,pca_rgb_reconstruction,2inchStickout_F_08-Jun-2017_rpm320_doc0p015_window_0020,train,no_chatter,0,0.00044272112427279353,3
turning,pca_rgb_reconstruction,2inchStickout_F_08-Jun-2017_rpm320_doc0p015_window_0021,train,no_chatter,0,0.00039146325434558094,3
turning,pca_rgb_reconstruction,2inchStickout_F_08-Jun-2017_rpm320_doc0p015_window_0022,train,no_chatter,0,0.00030691438587382436,3
turning,pca_rgb_reconstruction,2inchStickout_F_08-Jun-2017_rpm320_doc0p015_window_0023,train,no_chatter,0,0.0005603707395493984,3
turning,pca_rgb_reconstruction,2inchStickout_F_08-Jun-2017_rpm320_doc0p050_window_0000,train,no_chatter,0,4.169300154899247e-05,3
turning,pca_rgb_reconstruction,2inchStickout_F_08-Jun-2017_rpm320_doc0p050_window_0001,train,no_chatter,0,3.205786197213456e-05,3
turning,pca_rgb_reconstruction,2inchStickout_F_08-Jun-2017_rpm320_doc0p050_window_0002,train,no_chatter,0,3.213738455087878e-05,3
turning,pca_rgb_reconstruction,2inchStickout_F_08-Jun-2017_rpm320_doc0p050_window_0003,test,no_chatter,0,0.0012307296274229884,3
turning,pca_rgb_reconstruction,2inchStickout_F_08-Jun-2017_rpm320_doc0p050_window_0004,train,no_chatter,0,0.0003664982214104384,3
turning,pca_rgb_reconstruction,2inchStickout_F_08-Jun-2017_rpm320_doc0p050_window_0005,train,no_chatter,0,0.000378444412490353,3
turning,pca_rgb_reconstruction,2inchStickout_F_08-Jun-2017_rpm320_doc0p050_window_0006,train,no_chatter,0,0.000416622671764344,3
turning,pca_rgb_reconstruction,2inchStickout_F_08-Jun-2017_rpm320_doc0p050_window_0007,train,no_chatter,0,0.0004419376782607287,3
turning,pca_rgb_reconstruction,2inchStickout_F_08-Jun-2017_rpm320_doc0p050_window_0008,test,no_chatter,0,0.0003293262852821499,3
turning,pca_rgb_reconstruction,2inchStickout_F_08-Jun-2017_rpm320_doc0p050_window_0009,test,no_chatter,0,0.00042920143459923565,3
turning,pca_rgb_reconstruction,2inchStickout_F_08-Jun-2017_rpm320_doc0p050_window_0010,train,no_chatter,0,0.00041369246901012957,3
turning,pca_rgb_reconstruction,2inchStickout_F_08-Jun-2017_rpm320_doc0p050_window_0011,train,no_chatter,0,0.00043279866804368794,3
turning,pca_rgb_reconstruction,2inchStickout_F_08-Jun-2017_rpm320_doc0p050_window_0012,test,no_chatter,0,0.00034211462480016053,3
turning,pca_rgb_reconstruction,2inchStickout_F_08-Jun-2017_rpm320_doc0p050_window_0013,test,no_chatter,0,0.0005966083845123649,3
turning,pca_rgb_reconstruction,2inchStickout_F_08-Jun-2017_rpm320_doc0p050_window_0014,test,no_chatter,0,0.0004665020387619734,3
turning,pca_rgb_reconstruction,2inchStickout_F_08-Jun-2017_rpm320_doc0p050_window_0015,train,no_chatter,0,0.0006735407514497638,3
turning,pca_rgb_reconstruction,2inchStickout_F_08-Jun-2017_rpm320_doc0p050_window_0016,train,no_chatter,0,0.00042555376421660185,3
turning,pca_rgb_reconstruction,2inchStickout_F_08-Jun-2017_rpm320_doc0p050_window_0017,test,no_chatter,0,0.0004320967709645629,3
turning,pca_rgb_reconstruction,2inchStickout_F_08-Jun-2017_rpm320_doc0p050_window_0018,train,no_chatter,0,0.0004528670397121459,3
turning,pca_rgb_reconstruction,2inchStickout_F_08-Jun-2017_rpm320_doc0p050_window_0019,train,no_chatter,0,0.0006942941108718514,3
turning,pca_rgb_reconstruction,2inchStickout_F_08-Jun-2017_rpm320_doc0p050_window_0020,train,no_chatter,0,0.0003860762226395309,3
turning,pca_rgb_reconstruction,2inchStickout_F_08-Jun-2017_rpm320_doc0p050_window_0021,train,no_chatter,0,0.0004597789666149765,3
turning,pca_rgb_reconstruction,2inchStickout_F_08-Jun-2017_rpm320_doc0p050_window_0022,test,no_chatter,0,0.0004372376424726099,3
turning,pca_rgb_reconstruction,2inchStickout_F_08-Jun-2017_rpm320_doc0p050_window_0023,test,no_chatter,0,0.000581474625505507,3
turning,pca_rgb_reconstruction,2inchStickout_F_08-Jun-2017_rpm570_doc0p001_window_0000,train,no_chatter,0,4.594048368744552e-05,3
turning,pca_rgb_reconstruction,2inchStickout_F_08-Jun-2017_rpm570_doc0p001_window_0001,validation,no_chatter,0,0.0009033486130647361,3
turning,pca_rgb_reconstruction,2inchStickout_F_08-Jun-2017_rpm570_doc0p001_window_0002,validation,chatter,1,0.0014398364583030343,3
turning,pca_rgb_reconstruction,2inchStickout_F_08-Jun-2017_rpm570_doc0p001_window_0003,validation,chatter,1,0.001996307633817196,3
turning,pca_rgb_reconstruction,2inchStickout_F_08-Jun-2017_rpm570_doc0p001_window_0004,validation,chatter,1,0.002126371720805764,3
turning,pca_rgb_reconstruction,2inchStickout_F_08-Jun-2017_rpm570_doc0p001_window_0005,validation,chatter,1,0.002442672150209546,3
turning,pca_rgb_reconstruction,2inchStickout_F_08-Jun-2017_rpm770_doc0p001_window_0000,test,no_chatter,0,0.0001005977755994536,3
turning,pca_rgb_reconstruction,2inchStickout_F_08-Jun-2017_rpm770_doc0p001_window_0001,train,no_chatter,0,0.0010752723319455981,3
turning,pca_rgb_reconstruction,2inchStickout_F_08-Jun-2017_rpm770_doc0p001_window_0002,train,no_chatter,0,0.0013577865902334452,3
turning,pca_rgb_reconstruction,2inchStickout_F_08-Jun-2017_rpm770_doc0p001_window_0003,train,no_chatter,0,0.00126314302906394,3
turning,pca_rgb_reconstruction,2inchStickout_F_08-Jun-2017_rpm770_doc0p001_window_0004,train,no_chatter,0,0.0016282215947285295,3
turning,pca_rgb_reconstruction,2inchStickout_F_08-Jun-2017_rpm770_doc0p001_window_0005,train,no_chatter,0,0.0020158346742391586,3
turning,pca_rgb_reconstruction,2inchStickout_F_08-Jun-2017_rpm770_doc0p001_window_0006,test,chatter,1,0.002856795908883214,3
turning,pca_rgb_reconstruction,2inchStickout_F_08-Jun-2017_rpm770_doc0p001_window_0007,test,chatter,1,0.0041066124103963375,3
turning,pca_rgb_reconstruction,2p5inchStickout_F_12-Jun-2017_rpm570_doc0p003_window_0000,train,no_chatter,0,0.0001382194022880867,3
turning,pca_rgb_reconstruction,2p5inchStickout_F_12-Jun-2017_rpm570_doc0p003_window_0001,test,no_chatter,0,0.0003579935582820326,3
turning,pca_rgb_reconstruction,2p5inchStickout_F_12-Jun-2017_rpm570_doc0p003_window_0002,train,no_chatter,0,0.0004781394964084029,3
turning,pca_rgb_reconstruction,2p5inchStickout_F_12-Jun-2017_rpm570_doc0p003_window_0003,train,no_chatter,0,0.0018135964637622237,3
turning,pca_rgb_reconstruction,2p5inchStickout_F_12-Jun-2017_rpm570_doc0p003_window_0004,train,no_chatter,0,0.0012204040540382266,3
turning,pca_rgb_reconstruction,2p5inchStickout_F_12-Jun-2017_rpm570_doc0p003_window_0005,train,no_chatter,0,0.0005129569326527417,3
turning,pca_rgb_reconstruction,2p5inchStickout_F_12-Jun-2017_rpm570_doc0p003_window_0006,train,no_chatter,0,0.0005261000478640199,3
turning,pca_rgb_reconstruction,2p5inchStickout_F_12-Jun-2017_rpm570_doc0p003_window_0007,train,no_chatter,0,0.0011445864802226424,3
turning,pca_rgb_reconstruction,2p5inchStickout_F_12-Jun-2017_rpm570_doc0p003_window_0008,train,no_chatter,0,0.0007840328034944832,3
turning,pca_rgb_reconstruction,2p5inchStickout_F_12-Jun-2017_rpm570_doc0p003_window_0009,train,no_chatter,0,0.0006172276916913688,3
turning,pca_rgb_reconstruction,2p5inchStickout_F_12-Jun-2017_rpm570_doc0p015_trial2_window_0000,train,no_chatter,0,0.00012952419638168067,3
turning,pca_rgb_reconstruction,2p5inchStickout_F_12-Jun-2017_rpm570_doc0p015_trial2_window_0001,train,no_chatter,0,0.0005717635503970087,3
turning,pca_rgb_reconstruction,2p5inchStickout_F_12-Jun-2017_rpm570_doc0p015_trial2_window_0002,test,chatter,1,0.0020334897562861443,3
turning,pca_rgb_reconstruction,2p5inchStickout_F_12-Jun-2017_rpm570_doc0p015_trial2_window_0003,test,chatter,1,0.002235119929537177,3
turning,pca_rgb_reconstruction,2p5inchStickout_F_12-Jun-2017_rpm570_doc0p015_trial2_window_0004,test,chatter,1,0.002222446259111166,3
turning,pca_rgb_reconstruction,2p5inchStickout_F_12-Jun-2017_rpm570_doc0p015_trial2_window_0005,test,chatter,1,0.0025309044867753983,3
turning,pca_rgb_reconstruction,3p5inchStickout_F_12-Jun-2017_rpm570_doc0p015_window_0000,train,no_chatter,0,3.023453064088244e-05,3
turning,pca_rgb_reconstruction,3p5inchStickout_F_12-Jun-2017_rpm570_doc0p015_window_0001,train,no_chatter,0,0.0008761009084992111,3
turning,pca_rgb_reconstruction,3p5inchStickout_F_12-Jun-2017_rpm570_doc0p015_window_0002,train,no_chatter,0,0.0009338126983493567,3
turning,pca_rgb_reconstruction,3p5inchStickout_F_12-Jun-2017_rpm570_doc0p015_window_0003,train,no_chatter,0,0.001275850459933281,3
turning,pca_rgb_reconstruction,3p5inchStickout_F_12-Jun-2017_rpm570_doc0p015_window_0004,train,no_chatter,0,0.0009252562886103988,3
turning,pca_rgb_reconstruction,3p5inchStickout_F_12-Jun-2017_rpm570_doc0p015_window_0005,train,no_chatter,0,0.0012084150221198797,3
turning,pca_rgb_reconstruction,3p5inchStickout_F_12-Jun-2017_rpm570_doc0p015_window_0006,train,no_chatter,0,0.004483913071453571,3
turning,pca_rgb_reconstruction,3p5inchStickout_F_12-Jun-2017_rpm570_doc0p015_window_0007,train,no_chatter,0,0.002694790018722415,3
turning,pca_rgb_reconstruction,3p5inchStickout_F_12-Jun-2017_rpm570_doc0p015_window_0008,train,no_chatter,0,0.002074439777061343,3
turning,pca_rgb_reconstruction,3p5inchStickout_F_12-Jun-2017_rpm570_doc0p015_window_0009,train,no_chatter,0,0.0020909137092530727,3
turning,pca_rgb_reconstruction,3p5inchStickout_F_12-Jun-2017_rpm570_doc0p030_window_0000,train,no_chatter,0,4.8998619604390115e-05,3
turning,pca_rgb_reconstruction,3p5inchStickout_F_12-Jun-2017_rpm570_doc0p030_window_0001,test,no_chatter,0,3.2842097425600514e-05,3
turning,pca_rgb_reconstruction,3p5inchStickout_F_12-Jun-2017_rpm570_doc0p030_window_0002,train,no_chatter,0,0.001056239358149469,3
turning,pca_rgb_reconstruction,3p5inchStickout_F_12-Jun-2017_rpm570_doc0p030_window_0003,train,no_chatter,0,0.0005374661996029317,3
turning,pca_rgb_reconstruction,3p5inchStickout_F_12-Jun-2017_rpm570_doc0p030_window_0004,train,no_chatter,0,0.0008040188113227487,3
turning,pca_rgb_reconstruction,3p5inchStickout_F_12-Jun-2017_rpm570_doc0p030_window_0005,train,no_chatter,0,0.0008759322226978838,3
turning,pca_rgb_reconstruction,3p5inchStickout_F_12-Jun-2017_rpm570_doc0p030_window_0006,train,no_chatter,0,0.0007582284742966294,3
turning,pca_rgb_reconstruction,3p5inchStickout_F_12-Jun-2017_rpm570_doc0p030_window_0007,train,no_chatter,0,0.0016557234339416027,3
turning,pca_rgb_reconstruction,3p5inchStickout_F_12-Jun-2017_rpm570_doc0p030_window_0008,train,no_chatter,0,0.0034121223725378513,3
turning,pca_rgb_reconstruction,3p5inchStickout_F_12-Jun-2017_rpm570_doc0p030_window_0009,test,no_chatter,0,0.002324149012565613,3
turning,pca_rgb_reconstruction,3p5inchStickout_F_14-Jun-2017_rpm770_doc0p008_window_0000,train,no_chatter,0,9.820342529565096e-05,3
turning,pca_rgb_reconstruction,3p5inchStickout_F_14-Jun-2017_rpm770_doc0p008_window_0001,train,no_chatter,0,0.0006202784716151655,3
turning,pca_rgb_reconstruction,3p5inchStickout_F_14-Jun-2017_rpm770_doc0p008_window_0002,train,no_chatter,0,0.0008479779353365302,3
turning,pca_rgb_reconstruction,3p5inchStickout_F_14-Jun-2017_rpm770_doc0p008_window_0003,test,no_chatter,0,0.0007135067135095596,3
turning,pca_rgb_reconstruction,3p5inchStickout_F_14-Jun-2017_rpm770_doc0p015_window_0000,validation,no_chatter,0,9.198568295687437e-05,3
turning,pca_rgb_reconstruction,3p5inchStickout_F_14-Jun-2017_rpm770_doc0p015_window_0001,train,no_chatter,0,0.0008236829889938235,3
turning,pca_rgb_reconstruction,3p5inchStickout_F_14-Jun-2017_rpm770_doc0p015_window_0002,train,no_chatter,0,0.00188826909288764,3
turning,pca_rgb_reconstruction,3p5inchStickout_F_14-Jun-2017_rpm770_doc0p015_window_0003,validation,no_chatter,0,0.0023117728997021914,3
turning,pca_rgb_reconstruction,4p5inchStickout_F_12-Jun-2017_rpm570_doc0p005_window_0000,validation,no_chatter,0,4.8046356823761016e-05,3
turning,pca_rgb_reconstruction,4p5inchStickout_F_12-Jun-2017_rpm570_doc0p005_window_0001,train,no_chatter,0,4.828483361052349e-05,3
turning,pca_rgb_reconstruction,4p5inchStickout_F_12-Jun-2017_rpm570_doc0p005_window_0002,validation,no_chatter,0,4.3677813664544374e-05,3
turning,pca_rgb_reconstruction,4p5inchStickout_F_12-Jun-2017_rpm570_doc0p005_window_0003,train,no_chatter,0,3.50391237589065e-05,3
turning,pca_rgb_reconstruction,4p5inchStickout_F_12-Jun-2017_rpm570_doc0p005_window_0004,train,no_chatter,0,3.4156018955400214e-05,3
turning,pca_rgb_reconstruction,4p5inchStickout_F_12-Jun-2017_rpm570_doc0p005_window_0005,validation,no_chatter,0,0.0005932126077823341,3
turning,pca_rgb_reconstruction,4p5inchStickout_F_12-Jun-2017_rpm570_doc0p005_window_0006,train,no_chatter,0,0.0004775280540343374,3
turning,pca_rgb_reconstruction,4p5inchStickout_F_12-Jun-2017_rpm570_doc0p005_window_0007,train,no_chatter,0,0.0005151362856850028,3
turning,pca_rgb_reconstruction,4p5inchStickout_F_12-Jun-2017_rpm570_doc0p005_window_0008,train,no_chatter,0,0.0005417093052528799,3
turning,pca_rgb_reconstruction,4p5inchStickout_F_12-Jun-2017_rpm570_doc0p005_window_0009,train,no_chatter,0,0.0006362663116306067,3
turning,pca_rgb_reconstruction,4p5inchStickout_F_12-Jun-2017_rpm570_doc0p005_window_0010,train,no_chatter,0,0.0007711653597652912,3
turning,pca_rgb_reconstruction,4p5inchStickout_F_12-Jun-2017_rpm570_doc0p005_window_0011,train,no_chatter,0,0.0005879278178326786,3
turning,pca_rgb_reconstruction,4p5inchStickout_F_13-Jun-2017_rpm1030_doc0p007_window_0000,train,no_chatter,0,8.623018220532686e-05,3
turning,pca_rgb_reconstruction,4p5inchStickout_F_13-Jun-2017_rpm1030_doc0p007_window_0001,train,no_chatter,0,0.0008127234759740531,3
turning,pca_rgb_reconstruction,4p5inchStickout_F_13-Jun-2017_rpm1030_doc0p007_window_0002,train,no_chatter,0,0.0008474544738419354,3
turning,pca_rgb_reconstruction,4p5inchStickout_F_13-Jun-2017_rpm1030_doc0p007_window_0003,train,no_chatter,0,0.0014474554918706417,3
turning,pca_rgb_reconstruction,4p5inchStickout_F_13-Jun-2017_rpm770_doc0p010_window_0000,train,no_chatter,0,4.4280484871705994e-05,3
turning,pca_rgb_reconstruction,4p5inchStickout_F_13-Jun-2017_rpm770_doc0p010_window_0001,train,no_chatter,0,6.560039764735848e-05,3
turning,pca_rgb_reconstruction,4p5inchStickout_F_13-Jun-2017_rpm770_doc0p010_window_0002,train,no_chatter,0,0.0007405286887660623,3
turning,pca_rgb_reconstruction,4p5inchStickout_F_13-Jun-2017_rpm770_doc0p010_window_0003,test,no_chatter,0,0.00083566689863801,3
turning,pca_rgb_reconstruction,4p5inchStickout_F_13-Jun-2017_rpm770_doc0p010_window_0004,train,no_chatter,0,0.0009600624907761812,3
turning,pca_rgb_reconstruction,4p5inchStickout_F_13-Jun-2017_rpm770_doc0p010_window_0005,train,no_chatter,0,0.0007861336343921721,3
turning,one_class_svm_rgb_features,2inchStickout_F_08-Jun-2017_rpm320_doc0p035_window_0000,train,no_chatter,0,-0.13989675589118178,4
turning,one_class_svm_rgb_features,2inchStickout_F_08-Jun-2017_rpm320_doc0p035_window_0001,train,no_chatter,0,-0.16241346240960686,4
turning,one_class_svm_rgb_features,2inchStickout_F_08-Jun-2017_rpm320_doc0p035_window_0002,train,no_chatter,0,-0.1727560575447088,4
turning,one_class_svm_rgb_features,2inchStickout_F_08-Jun-2017_rpm320_doc0p035_window_0003,validation,no_chatter,0,-0.18661030063893702,4
turning,one_class_svm_rgb_features,2inchStickout_F_08-Jun-2017_rpm320_doc0p035_window_0004,train,no_chatter,0,-0.1959192501562903,4
turning,one_class_svm_rgb_features,2inchStickout_F_08-Jun-2017_rpm320_doc0p035_window_0005,train,no_chatter,0,-0.24897870547106016,4
turning,one_class_svm_rgb_features,2inchStickout_F_08-Jun-2017_rpm320_doc0p035_window_0006,train,no_chatter,0,-0.2561363450484726,4
turning,one_class_svm_rgb_features,2inchStickout_F_08-Jun-2017_rpm320_doc0p035_window_0007,train,no_chatter,0,-0.26812079780857334,4
turning,one_class_svm_rgb_features,2inchStickout_F_08-Jun-2017_rpm320_doc0p035_window_0008,train,no_chatter,0,-0.27229072162253787,4
turning,one_class_svm_rgb_features,2inchStickout_F_08-Jun-2017_rpm320_doc0p035_window_0009,train,no_chatter,0,-0.27043468842544893,4
turning,one_class_svm_rgb_features,2inchStickout_F_08-Jun-2017_rpm320_doc0p035_window_0010,train,no_chatter,0,-0.28037695339388935,4
turning,one_class_svm_rgb_features,2inchStickout_F_08-Jun-2017_rpm320_doc0p035_window_0011,train,no_chatter,0,-0.2625219620895185,4
turning,one_class_svm_rgb_features,2inchStickout_F_08-Jun-2017_rpm320_doc0p035_window_0012,train,no_chatter,0,-0.25177342581251505,4
turning,one_class_svm_rgb_features,2inchStickout_F_08-Jun-2017_rpm320_doc0p035_window_0013,train,no_chatter,0,-0.2647121633518217,4
turning,one_class_svm_rgb_features,2inchStickout_F_08-Jun-2017_rpm320_doc0p035_window_0014,train,no_chatter,0,-0.29415526350276466,4
turning,one_class_svm_rgb_features,2inchStickout_F_08-Jun-2017_rpm320_doc0p035_window_0015,train,no_chatter,0,-0.18951827905381768,4
turning,one_class_svm_rgb_features,2inchStickout_F_08-Jun-2017_rpm320_doc0p035_window_0016,train,no_chatter,0,-0.23221688707759025,4
turning,one_class_svm_rgb_features,2inchStickout_F_08-Jun-2017_rpm320_doc0p035_window_0017,train,no_chatter,0,-0.18579715897936766,4
turning,one_class_svm_rgb_features,2inchStickout_F_08-Jun-2017_rpm320_doc0p035_window_0018,train,no_chatter,0,-0.20824788026109187,4
turning,one_class_svm_rgb_features,2inchStickout_F_08-Jun-2017_rpm320_doc0p035_window_0019,train,no_chatter,0,-0.2562056327556932,4
turning,one_class_svm_rgb_features,2inchStickout_F_08-Jun-2017_rpm320_doc0p035_window_0020,validation,no_chatter,0,-0.2218303662761265,4
turning,one_class_svm_rgb_features,2inchStickout_F_08-Jun-2017_rpm320_doc0p035_window_0021,train,no_chatter,0,-0.2688274976564873,4
turning,one_class_svm_rgb_features,2inchStickout_F_08-Jun-2017_rpm320_doc0p035_window_0022,validation,no_chatter,0,-0.26467867530894607,4
turning,one_class_svm_rgb_features,2inchStickout_F_08-Jun-2017_rpm320_doc0p035_window_0023,train,no_chatter,0,-0.2939843362484089,4
turning,one_class_svm_rgb_features,2inchStickout_F_08-Jun-2017_rpm320_doc0p040_window_0000,test,no_chatter,0,-0.04578798564312292,4
turning,one_class_svm_rgb_features,2inchStickout_F_08-Jun-2017_rpm320_doc0p040_window_0001,train,no_chatter,0,-0.11909283995848452,4
turning,one_class_svm_rgb_features,2inchStickout_F_08-Jun-2017_rpm320_doc0p040_window_0002,train,no_chatter,0,-0.18215502496426672,4
turning,one_class_svm_rgb_features,2inchStickout_F_08-Jun-2017_rpm320_doc0p040_window_0003,test,no_chatter,0,-0.08604557141912572,4
turning,one_class_svm_rgb_features,2inchStickout_F_08-Jun-2017_rpm320_doc0p040_window_0004,test,no_chatter,0,-0.17228459020710873,4
turning,one_class_svm_rgb_features,2inchStickout_F_08-Jun-2017_rpm320_doc0p040_window_0005,train,no_chatter,0,-0.1030855656314763,4
turning,one_class_svm_rgb_features,2inchStickout_F_08-Jun-2017_rpm320_doc0p040_window_0006,train,no_chatter,0,-0.06992883013387807,4
turning,one_class_svm_rgb_features,2inchStickout_F_08-Jun-2017_rpm320_doc0p040_window_0007,train,no_chatter,0,-0.1011301165041123,4
turning,one_class_svm_rgb_features,2inchStickout_F_08-Jun-2017_rpm320_doc0p040_window_0008,train,no_chatter,0,-0.1347578912468791,4
turning,one_class_svm_rgb_features,2inchStickout_F_08-Jun-2017_rpm320_doc0p040_window_0009,train,no_chatter,0,-0.16333933256117072,4
turning,one_class_svm_rgb_features,2inchStickout_F_08-Jun-2017_rpm320_doc0p040_window_0010,train,no_chatter,0,-0.22193314388192698,4
turning,one_class_svm_rgb_features,2inchStickout_F_08-Jun-2017_rpm320_doc0p040_window_0011,train,no_chatter,0,-0.2433741536093066,4
turning,one_class_svm_rgb_features,2inchStickout_F_08-Jun-2017_rpm320_doc0p040_window_0012,test,no_chatter,0,-0.25218925416673565,4
turning,one_class_svm_rgb_features,2inchStickout_F_08-Jun-2017_rpm320_doc0p040_window_0013,train,no_chatter,0,-0.3511765173404682,4
turning,one_class_svm_rgb_features,2inchStickout_F_08-Jun-2017_rpm320_doc0p040_window_0014,train,no_chatter,0,-0.312545908655103,4
turning,one_class_svm_rgb_features,2inchStickout_F_08-Jun-2017_rpm320_doc0p040_window_0015,train,no_chatter,0,-0.2613052038482959,4
turning,one_class_svm_rgb_features,2inchStickout_F_08-Jun-2017_rpm320_doc0p040_window_0016,train,no_chatter,0,-0.11547298910547665,4
turning,one_class_svm_rgb_features,2inchStickout_F_08-Jun-2017_rpm320_doc0p040_window_0017,train,no_chatter,0,-0.2258578020985842,4
turning,one_class_svm_rgb_features,2inchStickout_F_08-Jun-2017_rpm320_doc0p040_window_0018,train,no_chatter,0,-0.2329716773475683,4
turning,one_class_svm_rgb_features,2inchStickout_F_08-Jun-2017_rpm320_doc0p040_window_0019,train,no_chatter,0,-0.2840779869901642,4
turning,one_class_svm_rgb_features,2inchStickout_F_08-Jun-2017_rpm320_doc0p040_window_0020,train,no_chatter,0,-0.26727255069439093,4
turning,one_class_svm_rgb_features,2inchStickout_F_08-Jun-2017_rpm320_doc0p040_window_0021,train,no_chatter,0,-0.22861743857395767,4
turning,one_class_svm_rgb_features,2inchStickout_F_08-Jun-2017_rpm320_doc0p040_window_0022,test,no_chatter,0,-0.24757479633038781,4
turning,one_class_svm_rgb_features,2inchStickout_F_08-Jun-2017_rpm320_doc0p040_window_0023,train,no_chatter,0,-0.20026786922260364,4
turning,one_class_svm_rgb_features,2inchStickout_F_08-Jun-2017_rpm425_doc0p005_window_0000,train,no_chatter,0,0.0029914039391637504,4
turning,one_class_svm_rgb_features,2inchStickout_F_08-Jun-2017_rpm425_doc0p005_window_0001,train,no_chatter,0,-0.006353180839463568,4
turning,one_class_svm_rgb_features,2inchStickout_F_08-Jun-2017_rpm425_doc0p005_window_0002,train,no_chatter,0,-0.06975292914716613,4
turning,one_class_svm_rgb_features,2inchStickout_F_08-Jun-2017_rpm425_doc0p005_window_0003,test,no_chatter,0,-0.09755839165539859,4
turning,one_class_svm_rgb_features,2inchStickout_F_08-Jun-2017_rpm425_doc0p005_window_0004,train,no_chatter,0,-0.10869020058746126,4
turning,one_class_svm_rgb_features,2inchStickout_F_08-Jun-2017_rpm425_doc0p005_window_0005,test,no_chatter,0,-0.08948334258830437,4
turning,one_class_svm_rgb_features,2inchStickout_F_08-Jun-2017_rpm425_doc0p005_window_0006,train,no_chatter,0,-0.08995439251639858,4
turning,one_class_svm_rgb_features,2inchStickout_F_08-Jun-2017_rpm425_doc0p005_window_0007,train,no_chatter,0,-0.09491210296514585,4
turning,one_class_svm_rgb_features,2inchStickout_F_08-Jun-2017_rpm425_doc0p015_window_0000,train,no_chatter,0,-0.14792758340277157,4
turning,one_class_svm_rgb_features,2inchStickout_F_08-Jun-2017_rpm425_doc0p015_window_0001,train,no_chatter,0,-0.13693652925928212,4
turning,one_class_svm_rgb_features,2inchStickout_F_08-Jun-2017_rpm425_doc0p015_window_0002,train,no_chatter,0,-0.181053888994829,4
turning,one_class_svm_rgb_features,2inchStickout_F_08-Jun-2017_rpm425_doc0p015_window_0003,train,no_chatter,0,-0.26723393303521603,4
turning,one_class_svm_rgb_features,2inchStickout_F_08-Jun-2017_rpm425_doc0p015_window_0004,train,no_chatter,0,-0.2910302117436758,4
turning,one_class_svm_rgb_features,2inchStickout_F_08-Jun-2017_rpm425_doc0p015_window_0005,train,no_chatter,0,-0.25488496797974625,4
turning,one_class_svm_rgb_features,2inchStickout_F_08-Jun-2017_rpm425_doc0p015_window_0006,train,no_chatter,0,-0.2571068507405825,4
turning,one_class_svm_rgb_features,2inchStickout_F_08-Jun-2017_rpm425_doc0p015_window_0007,validation,no_chatter,0,-0.24381641821875522,4
turning,one_class_svm_rgb_features,2inchStickout_F_08-Jun-2017_rpm770_doc0p005_window_0000,validation,chatter,1,0.8263915987233581,4
turning,one_class_svm_rgb_features,2inchStickout_F_08-Jun-2017_rpm770_doc0p005_window_0001,validation,chatter,1,0.8263915987246062,4
turning,one_class_svm_rgb_features,2inchStickout_F_08-Jun-2017_rpm770_doc0p005_window_0002,validation,chatter,1,0.8263915987246062,4
turning,one_class_svm_rgb_features,2inchStickout_F_08-Jun-2017_rpm770_doc0p005_window_0003,validation,chatter,1,0.8263915987246062,4
turning,one_class_svm_rgb_features,2inchStickout_F_08-Jun-2017_rpm770_doc0p005_window_0004,validation,chatter,1,0.8263915987246062,4
turning,one_class_svm_rgb_features,2inchStickout_F_08-Jun-2017_rpm770_doc0p005_window_0005,validation,chatter,1,0.8263915987246062,4
turning,one_class_svm_rgb_features,2inchStickout_F_08-Jun-2017_rpm770_doc0p005_window_0006,validation,chatter,1,0.8263915987246062,4
turning,one_class_svm_rgb_features,2inchStickout_F_08-Jun-2017_rpm770_doc0p005_window_0007,validation,chatter,1,0.8263915987246062,4
turning,one_class_svm_rgb_features,2inchStickout_F_08-Jun-2017_rpm770_doc0p005_window_0008,validation,chatter,1,0.8263915987246062,4
turning,one_class_svm_rgb_features,2inchStickout_F_08-Jun-2017_rpm770_doc0p005_window_0009,validation,chatter,1,0.8263915987246062,4
turning,one_class_svm_rgb_features,2inchStickout_F_08-Jun-2017_rpm770_doc0p005_window_0010,validation,chatter,1,0.8263914189837349,4
turning,one_class_svm_rgb_features,2inchStickout_F_08-Jun-2017_rpm770_doc0p005_window_0011,train,no_chatter,0,0.7236437623629575,4
turning,one_class_svm_rgb_features,2p5inchStickout_F_12-Jun-2017_rpm570_doc0p015_window_0000,validation,no_chatter,0,-0.15455182386374022,4
turning,one_class_svm_rgb_features,2p5inchStickout_F_12-Jun-2017_rpm570_doc0p015_window_0001,train,no_chatter,0,-0.09776805862368776,4
turning,one_class_svm_rgb_features,2p5inchStickout_F_12-Jun-2017_rpm570_doc0p015_window_0002,train,no_chatter,0,-0.22000567721780429,4
turning,one_class_svm_rgb_features,2p5inchStickout_F_12-Jun-2017_rpm570_doc0p015_window_0003,train,no_chatter,0,0.8263915406292967,4
turning,one_class_svm_rgb_features,2p5inchStickout_F_12-Jun-2017_rpm570_doc0p015_window_0004,train,no_chatter,0,-0.29355649166650455,4
turning,one_class_svm_rgb_features,2p5inchStickout_F_12-Jun-2017_rpm570_doc0p015_window_0005,train,no_chatter,0,-0.053878221277017246,4
turning,one_class_svm_rgb_features,2p5inchStickout_F_12-Jun-2017_rpm570_doc0p015_window_0006,train,no_chatter,0,0.11801225411889238,4
turning,one_class_svm_rgb_features,2p5inchStickout_F_12-Jun-2017_rpm570_doc0p015_window_0007,train,no_chatter,0,0.5560063821483799,4
turning,one_class_svm_rgb_features,2p5inchStickout_F_12-Jun-2017_rpm570_doc0p015_window_0008,train,no_chatter,0,-0.1589288917521916,4
turning,one_class_svm_rgb_features,2p5inchStickout_F_12-Jun-2017_rpm570_doc0p015_window_0009,train,no_chatter,0,0.8263915987246002,4
turning,one_class_svm_rgb_features,2p5inchStickout_F_12-Jun-2017_rpm770_doc0p002_window_0000,train,no_chatter,0,-0.1505195164411669,4
turning,one_class_svm_rgb_features,2p5inchStickout_F_12-Jun-2017_rpm770_doc0p002_window_0001,train,no_chatter,0,-0.270045718987157,4
turning,one_class_svm_rgb_features,2p5inchStickout_F_12-Jun-2017_rpm770_doc0p002_window_0002,train,no_chatter,0,0.8263915987246062,4
turning,one_class_svm_rgb_features,2p5inchStickout_F_12-Jun-2017_rpm770_doc0p002_window_0003,train,no_chatter,0,0.8263915931980785,4
turning,one_class_svm_rgb_features,3inchStickout_F_12-Jun-2017_rpm570_doc0p015_window_0000,train,no_chatter,0,-0.12344472062872502,4
turning,one_class_svm_rgb_features,3inchStickout_F_12-Jun-2017_rpm570_doc0p015_window_0001,test,no_chatter,0,-0.1381419694695294,4
turning,one_class_svm_rgb_features,3inchStickout_F_12-Jun-2017_rpm570_doc0p015_window_0002,train,no_chatter,0,-0.06820481986987303,4
turning,one_class_svm_rgb_features,3inchStickout_F_12-Jun-2017_rpm570_doc0p015_window_0003,train,no_chatter,0,-0.0853640589466721,4
turning,one_class_svm_rgb_features,3inchStickout_F_12-Jun-2017_rpm570_doc0p015_window_0004,train,no_chatter,0,-0.052774741905566636,4
turning,one_class_svm_rgb_features,3inchStickout_F_12-Jun-2017_rpm570_doc0p015_window_0005,train,no_chatter,0,-0.11059396908215724,4
turning,one_class_svm_rgb_features,3inchStickout_F_12-Jun-2017_rpm570_doc0p015_window_0006,train,no_chatter,0,-0.1051148073538718,4
turning,one_class_svm_rgb_features,3inchStickout_F_12-Jun-2017_rpm570_doc0p015_window_0007,train,no_chatter,0,-0.12302887963766662,4
turning,one_class_svm_rgb_features,3inchStickout_F_12-Jun-2017_rpm570_doc0p015_window_0008,train,no_chatter,0,-0.1291607322114533,4
turning,one_class_svm_rgb_features,3inchStickout_F_12-Jun-2017_rpm570_doc0p015_window_0009,train,no_chatter,0,0.4896477937487681,4
turning,one_class_svm_rgb_features,4p5inchStickout_F_12-Jun-2017_rpm570_doc0p010_window_0000,train,no_chatter,0,-0.11506735188744599,4
turning,one_class_svm_rgb_features,4p5inchStickout_F_12-Jun-2017_rpm570_doc0p010_window_0001,train,no_chatter,0,-0.04870823515180167,4
turning,one_class_svm_rgb_features,4p5inchStickout_F_12-Jun-2017_rpm570_doc0p010_window_0002,test,no_chatter,0,-0.056678527525270805,4
turning,one_class_svm_rgb_features,4p5inchStickout_F_12-Jun-2017_rpm570_doc0p010_window_0003,train,no_chatter,0,-0.07814097549892796,4
turning,one_class_svm_rgb_features,4p5inchStickout_F_12-Jun-2017_rpm570_doc0p010_window_0004,train,no_chatter,0,-0.02321849953354138,4
turning,one_class_svm_rgb_features,4p5inchStickout_F_12-Jun-2017_rpm570_doc0p010_window_0005,train,no_chatter,0,-0.10583409461801085,4
turning,one_class_svm_rgb_features,4p5inchStickout_F_12-Jun-2017_rpm570_doc0p010_window_0006,train,no_chatter,0,-0.12802198327632264,4
turning,one_class_svm_rgb_features,4p5inchStickout_F_12-Jun-2017_rpm570_doc0p010_window_0007,train,no_chatter,0,-0.1351266905052596,4
turning,one_class_svm_rgb_features,4p5inchStickout_F_12-Jun-2017_rpm570_doc0p010_window_0008,train,no_chatter,0,-0.16625485435419518,4
turning,one_class_svm_rgb_features,4p5inchStickout_F_12-Jun-2017_rpm570_doc0p010_window_0009,train,no_chatter,0,0.12650334382676476,4
turning,one_class_svm_rgb_features,4p5inchStickout_F_12-Jun-2017_rpm570_doc0p010_window_0010,train,no_chatter,0,0.007767169470747071,4
turning,one_class_svm_rgb_features,4p5inchStickout_F_12-Jun-2017_rpm570_doc0p010_window_0011,train,no_chatter,0,-0.1834466695132797,4
turning,one_class_svm_rgb_features,4p5inchStickout_F_13-Jun-2017_rpm1030_doc0p012_window_0000,train,no_chatter,0,0.013433197969162869,4
turning,one_class_svm_rgb_features,4p5inchStickout_F_13-Jun-2017_rpm1030_doc0p012_window_0001,train,no_chatter,0,0.0629075392161833,4
turning,one_class_svm_rgb_features,4p5inchStickout_F_13-Jun-2017_rpm1030_doc0p012_window_0002,test,no_chatter,0,-0.13599413035190844,4
turning,one_class_svm_rgb_features,4p5inchStickout_F_13-Jun-2017_rpm1030_doc0p012_window_0003,train,no_chatter,0,-0.1236886594664176,4
turning,one_class_svm_rgb_features,4p5inchStickout_F_13-Jun-2017_rpm1030_doc0p016_window_0000,test,no_chatter,0,-0.05916648849416928,4
turning,one_class_svm_rgb_features,4p5inchStickout_F_13-Jun-2017_rpm1030_doc0p016_window_0001,train,no_chatter,0,-0.08703157517638771,4
turning,one_class_svm_rgb_features,4p5inchStickout_F_13-Jun-2017_rpm1030_doc0p016_window_0002,train,no_chatter,0,-0.023109776560958473,4
turning,one_class_svm_rgb_features,4p5inchStickout_F_13-Jun-2017_rpm1030_doc0p016_window_0003,train,no_chatter,0,-0.030140091242126243,4
turning,isolation_forest_rgb_features,2inchStickout_F_08-Jun-2017_rpm320_doc0p035_window_0000,train,no_chatter,0,-0.11777435631951094,4
turning,isolation_forest_rgb_features,2inchStickout_F_08-Jun-2017_rpm320_doc0p035_window_0001,train,no_chatter,0,-0.11545326299611824,4
turning,isolation_forest_rgb_features,2inchStickout_F_08-Jun-2017_rpm320_doc0p035_window_0002,train,no_chatter,0,-0.1122306582185581,4
turning,isolation_forest_rgb_features,2inchStickout_F_08-Jun-2017_rpm320_doc0p035_window_0003,validation,no_chatter,0,-0.10122580921193947,4
turning,isolation_forest_rgb_features,2inchStickout_F_08-Jun-2017_rpm320_doc0p035_window_0004,train,no_chatter,0,-0.11222547000697974,4
turning,isolation_forest_rgb_features,2inchStickout_F_08-Jun-2017_rpm320_doc0p035_window_0005,train,no_chatter,0,-0.11820040713314545,4
turning,isolation_forest_rgb_features,2inchStickout_F_08-Jun-2017_rpm320_doc0p035_window_0006,train,no_chatter,0,-0.12220931931313628,4
turning,isolation_forest_rgb_features,2inchStickout_F_08-Jun-2017_rpm320_doc0p035_window_0007,train,no_chatter,0,-0.12001118365034891,4
turning,isolation_forest_rgb_features,2inchStickout_F_08-Jun-2017_rpm320_doc0p035_window_0008,train,no_chatter,0,-0.12355481712957467,4
turning,isolation_forest_rgb_features,2inchStickout_F_08-Jun-2017_rpm320_doc0p035_window_0009,train,no_chatter,0,-0.11966299321392948,4
turning,isolation_forest_rgb_features,2inchStickout_F_08-Jun-2017_rpm320_doc0p035_window_0010,train,no_chatter,0,-0.1247918167694741,4
turning,isolation_forest_rgb_features,2inchStickout_F_08-Jun-2017_rpm320_doc0p035_window_0011,train,no_chatter,0,-0.11929603757399143,4
turning,isolation_forest_rgb_features,2inchStickout_F_08-Jun-2017_rpm320_doc0p035_window_0012,train,no_chatter,0,-0.11429022452594023,4
turning,isolation_forest_rgb_features,2inchStickout_F_08-Jun-2017_rpm320_doc0p035_window_0013,train,no_chatter,0,-0.1126098054319204,4
turning,isolation_forest_rgb_features,2inchStickout_F_08-Jun-2017_rpm320_doc0p035_window_0014,train,no_chatter,0,-0.11668476112974607,4
turning,isolation_forest_rgb_features,2inchStickout_F_08-Jun-2017_rpm320_doc0p035_window_0015,train,no_chatter,0,-0.11496801056232236,4
turning,isolation_forest_rgb_features,2inchStickout_F_08-Jun-2017_rpm320_doc0p035_window_0016,train,no_chatter,0,-0.12526536223916074,4
turning,isolation_forest_rgb_features,2inchStickout_F_08-Jun-2017_rpm320_doc0p035_window_0017,train,no_chatter,0,-0.12192468165433251,4
turning,isolation_forest_rgb_features,2inchStickout_F_08-Jun-2017_rpm320_doc0p035_window_0018,train,no_chatter,0,-0.11810080635156112,4
turning,isolation_forest_rgb_features,2inchStickout_F_08-Jun-2017_rpm320_doc0p035_window_0019,train,no_chatter,0,-0.1265170166098037,4
turning,isolation_forest_rgb_features,2inchStickout_F_08-Jun-2017_rpm320_doc0p035_window_0020,validation,no_chatter,0,-0.12061413361886558,4
turning,isolation_forest_rgb_features,2inchStickout_F_08-Jun-2017_rpm320_doc0p035_window_0021,train,no_chatter,0,-0.11300845180454361,4
turning,isolation_forest_rgb_features,2inchStickout_F_08-Jun-2017_rpm320_doc0p035_window_0022,validation,no_chatter,0,-0.11219302731789227,4
turning,isolation_forest_rgb_features,2inchStickout_F_08-Jun-2017_rpm320_doc0p035_window_0023,train,no_chatter,0,-0.1081827443960992,4
turning,isolation_forest_rgb_features,2inchStickout_F_08-Jun-2017_rpm320_doc0p040_window_0000,test,no_chatter,0,-0.10235942678973697,4
turning,isolation_forest_rgb_features,2inchStickout_F_08-Jun-2017_rpm320_doc0p040_window_0001,train,no_chatter,0,-0.10147580077547103,4
turning,isolation_forest_rgb_features,2inchStickout_F_08-Jun-2017_rpm320_doc0p040_window_0002,train,no_chatter,0,-0.11580935268146225,4
turning,isolation_forest_rgb_features,2inchStickout_F_08-Jun-2017_rpm320_doc0p040_window_0003,test,no_chatter,0,-0.09556708791168517,4
turning,isolation_forest_rgb_features,2inchStickout_F_08-Jun-2017_rpm320_doc0p040_window_0004,test,no_chatter,0,-0.11344991261775467,4
turning,isolation_forest_rgb_features,2inchStickout_F_08-Jun-2017_rpm320_doc0p040_window_0005,train,no_chatter,0,-0.1134348857372755,4
turning,isolation_forest_rgb_features,2inchStickout_F_08-Jun-2017_rpm320_doc0p040_window_0006,train,no_chatter,0,-0.09721721981533793,4
turning,isolation_forest_rgb_features,2inchStickout_F_08-Jun-2017_rpm320_doc0p040_window_0007,train,no_chatter,0,-0.09916002481145547,4
turning,isolation_forest_rgb_features,2inchStickout_F_08-Jun-2017_rpm320_doc0p040_window_0008,train,no_chatter,0,-0.1011448175212123,4
turning,isolation_forest_rgb_features,2inchStickout_F_08-Jun-2017_rpm320_doc0p040_window_0009,train,no_chatter,0,-0.10057848455783086,4
turning,isolation_forest_rgb_features,2inchStickout_F_08-Jun-2017_rpm320_doc0p040_window_0010,train,no_chatter,0,-0.10625470139877291,4
turning,isolation_forest_rgb_features,2inchStickout_F_08-Jun-2017_rpm320_doc0p040_window_0011,train,no_chatter,0,-0.11926274764114347,4
turning,isolation_forest_rgb_features,2inchStickout_F_08-Jun-2017_rpm320_doc0p040_window_0012,test,no_chatter,0,-0.10059381582408211,4
turning,isolation_forest_rgb_features,2inchStickout_F_08-Jun-2017_rpm320_doc0p040_window_0013,train,no_chatter,0,-0.11392697224394471,4
turning,isolation_forest_rgb_features,2inchStickout_F_08-Jun-2017_rpm320_doc0p040_window_0014,train,no_chatter,0,-0.11678820913832977,4
turning,isolation_forest_rgb_features,2inchStickout_F_08-Jun-2017_rpm320_doc0p040_window_0015,train,no_chatter,0,-0.11759902729710064,4
turning,isolation_forest_rgb_features,2inchStickout_F_08-Jun-2017_rpm320_doc0p040_window_0016,train,no_chatter,0,-0.10790260314451622,4
turning,isolation_forest_rgb_features,2inchStickout_F_08-Jun-2017_rpm320_doc0p040_window_0017,train,no_chatter,0,-0.10149817331961064,4
turning,isolation_forest_rgb_features,2inchStickout_F_08-Jun-2017_rpm320_doc0p040_window_0018,train,no_chatter,0,-0.10976358228669086,4
turning,isolation_forest_rgb_features,2inchStickout_F_08-Jun-2017_rpm320_doc0p040_window_0019,train,no_chatter,0,-0.11444675586563074,4
turning,isolation_forest_rgb_features,2inchStickout_F_08-Jun-2017_rpm320_doc0p040_window_0020,train,no_chatter,0,-0.11487904185877179,4
turning,isolation_forest_rgb_features,2inchStickout_F_08-Jun-2017_rpm320_doc0p040_window_0021,train,no_chatter,0,-0.10277854273838172,4
turning,isolation_forest_rgb_features,2inchStickout_F_08-Jun-2017_rpm320_doc0p040_window_0022,test,no_chatter,0,-0.10651775676519004,4
turning,isolation_forest_rgb_features,2inchStickout_F_08-Jun-2017_rpm320_doc0p040_window_0023,train,no_chatter,0,-0.09806594686777403,4
turning,isolation_forest_rgb_features,2inchStickout_F_08-Jun-2017_rpm425_doc0p005_window_0000,train,no_chatter,0,-0.09962692499713999,4
turning,isolation_forest_rgb_features,2inchStickout_F_08-Jun-2017_rpm425_doc0p005_window_0001,train,no_chatter,0,-0.09333895754959615,4
turning,isolation_forest_rgb_features,2inchStickout_F_08-Jun-2017_rpm425_doc0p005_window_0002,train,no_chatter,0,-0.09766633097497812,4
turning,isolation_forest_rgb_features,2inchStickout_F_08-Jun-2017_rpm425_doc0p005_window_0003,test,no_chatter,0,-0.10753057534707089,4
turning,isolation_forest_rgb_features,2inchStickout_F_08-Jun-2017_rpm425_doc0p005_window_0004,train,no_chatter,0,-0.10284773617599274,4
turning,isolation_forest_rgb_features,2inchStickout_F_08-Jun-2017_rpm425_doc0p005_window_0005,test,no_chatter,0,-0.10794930767880245,4
turning,isolation_forest_rgb_features,2inchStickout_F_08-Jun-2017_rpm425_doc0p005_window_0006,train,no_chatter,0,-0.10757032942627215,4
turning,isolation_forest_rgb_features,2inchStickout_F_08-Jun-2017_rpm425_doc0p005_window_0007,train,no_chatter,0,-0.10065492894355554,4
turning,isolation_forest_rgb_features,2inchStickout_F_08-Jun-2017_rpm425_doc0p015_window_0000,train,no_chatter,0,-0.11347798272640358,4
turning,isolation_forest_rgb_features,2inchStickout_F_08-Jun-2017_rpm425_doc0p015_window_0001,train,no_chatter,0,-0.10791277869697513,4
turning,isolation_forest_rgb_features,2inchStickout_F_08-Jun-2017_rpm425_doc0p015_window_0002,train,no_chatter,0,-0.11405399402951677,4
turning,isolation_forest_rgb_features,2inchStickout_F_08-Jun-2017_rpm425_doc0p015_window_0003,train,no_chatter,0,-0.12318664245185718,4
turning,isolation_forest_rgb_features,2inchStickout_F_08-Jun-2017_rpm425_doc0p015_window_0004,train,no_chatter,0,-0.12812522915628322,4
turning,isolation_forest_rgb_features,2inchStickout_F_08-Jun-2017_rpm425_doc0p015_window_0005,train,no_chatter,0,-0.12005088362408439,4
turning,isolation_forest_rgb_features,2inchStickout_F_08-Jun-2017_rpm425_doc0p015_window_0006,train,no_chatter,0,-0.11492556657544417,4
turning,isolation_forest_rgb_features,2inchStickout_F_08-Jun-2017_rpm425_doc0p015_window_0007,validation,no_chatter,0,-0.10951408306700172,4
turning,isolation_forest_rgb_features,2inchStickout_F_08-Jun-2017_rpm770_doc0p005_window_0000,validation,chatter,1,0.20996949504227347,4
turning,isolation_forest_rgb_features,2inchStickout_F_08-Jun-2017_rpm770_doc0p005_window_0001,validation,chatter,1,0.27538433651858774,4
turning,isolation_forest_rgb_features,2inchStickout_F_08-Jun-2017_rpm770_doc0p005_window_0002,validation,chatter,1,0.28754484078789055,4
turning,isolation_forest_rgb_features,2inchStickout_F_08-Jun-2017_rpm770_doc0p005_window_0003,validation,chatter,1,0.2774856363815418,4
turning,isolation_forest_rgb_features,2inchStickout_F_08-Jun-2017_rpm770_doc0p005_window_0004,validation,chatter,1,0.2780118505178505,4
turning,isolation_forest_rgb_features,2inchStickout_F_08-Jun-2017_rpm770_doc0p005_window_0005,validation,chatter,1,0.2806482682690864,4
turning,isolation_forest_rgb_features,2inchStickout_F_08-Jun-2017_rpm770_doc0p005_window_0006,validation,chatter,1,0.2743358172303634,4
turning,isolation_forest_rgb_features,2inchStickout_F_08-Jun-2017_rpm770_doc0p005_window_0007,validation,chatter,1,0.2817053351751826,4
turning,isolation_forest_rgb_features,2inchStickout_F_08-Jun-2017_rpm770_doc0p005_window_0008,validation,chatter,1,0.2817053351751826,4
turning,isolation_forest_rgb_features,2inchStickout_F_08-Jun-2017_rpm770_doc0p005_window_0009,validation,chatter,1,0.28594793581687794,4
turning,isolation_forest_rgb_features,2inchStickout_F_08-Jun-2017_rpm770_doc0p005_window_0010,validation,chatter,1,0.2347999221013295,4
turning,isolation_forest_rgb_features,2inchStickout_F_08-Jun-2017_rpm770_doc0p005_window_0011,train,no_chatter,0,0.1598872252408311,4
turning,isolation_forest_rgb_features,2p5inchStickout_F_12-Jun-2017_rpm570_doc0p015_window_0000,validation,no_chatter,0,-0.09427789749503401,4
turning,isolation_forest_rgb_features,2p5inchStickout_F_12-Jun-2017_rpm570_doc0p015_window_0001,train,no_chatter,0,-0.09389467066792406,4
turning,isolation_forest_rgb_features,2p5inchStickout_F_12-Jun-2017_rpm570_doc0p015_window_0002,train,no_chatter,0,-0.060444730272495695,4
turning,isolation_forest_rgb_features,2p5inchStickout_F_12-Jun-2017_rpm570_doc0p015_window_0003,train,no_chatter,0,-0.011151267430655643,4
turning,isolation_forest_rgb_features,2p5inchStickout_F_12-Jun-2017_rpm570_doc0p015_window_0004,train,no_chatter,0,-0.07837159757302675,4
turning,isolation_forest_rgb_features,2p5inchStickout_F_12-Jun-2017_rpm570_doc0p015_window_0005,train,no_chatter,0,-0.027592264701763625,4
turning,isolation_forest_rgb_features,2p5inchStickout_F_12-Jun-2017_rpm570_doc0p015_window_0006,train,no_chatter,0,0.02490320885886832,4
turning,isolation_forest_rgb_features,2p5inchStickout_F_12-Jun-2017_rpm570_doc0p015_window_0007,train,no_chatter,0,-0.0345617844624288,4
turning,isolation_forest_rgb_features,2p5inchStickout_F_12-Jun-2017_rpm570_doc0p015_window_0008,train,no_chatter,0,-0.041251803243316953,4
turning,isolation_forest_rgb_features,2p5inchStickout_F_12-Jun-2017_rpm570_doc0p015_window_0009,train,no_chatter,0,0.10253588963216342,4
turning,isolation_forest_rgb_features,2p5inchStickout_F_12-Jun-2017_rpm770_doc0p002_window_0000,train,no_chatter,0,-0.08457923146073337,4
turning,isolation_forest_rgb_features,2p5inchStickout_F_12-Jun-2017_rpm770_doc0p002_window_0001,train,no_chatter,0,-0.08651906572878865,4
turning,isolation_forest_rgb_features,2p5inchStickout_F_12-Jun-2017_rpm770_doc0p002_window_0002,train,no_chatter,0,0.14963132822320657,4
turning,isolation_forest_rgb_features,2p5inchStickout_F_12-Jun-2017_rpm770_doc0p002_window_0003,train,no_chatter,0,0.1178989900411812,4
turning,isolation_forest_rgb_features,3inchStickout_F_12-Jun-2017_rpm570_doc0p015_window_0000,train,no_chatter,0,-0.07562323767026685,4
turning,isolation_forest_rgb_features,3inchStickout_F_12-Jun-2017_rpm570_doc0p015_window_0001,test,no_chatter,0,-0.07041935161944107,4
turning,isolation_forest_rgb_features,3inchStickout_F_12-Jun-2017_rpm570_doc0p015_window_0002,train,no_chatter,0,-0.06019688595003014,4
turning,isolation_forest_rgb_features,3inchStickout_F_12-Jun-2017_rpm570_doc0p015_window_0003,train,no_chatter,0,-0.07360965679917575,4
turning,isolation_forest_rgb_features,3inchStickout_F_12-Jun-2017_rpm570_doc0p015_window_0004,train,no_chatter,0,-0.09112799489877149,4
turning,isolation_forest_rgb_features,3inchStickout_F_12-Jun-2017_rpm570_doc0p015_window_0005,train,no_chatter,0,-0.08712476003562569,4
turning,isolation_forest_rgb_features,3inchStickout_F_12-Jun-2017_rpm570_doc0p015_window_0006,train,no_chatter,0,-0.07982332234465905,4
turning,isolation_forest_rgb_features,3inchStickout_F_12-Jun-2017_rpm570_doc0p015_window_0007,train,no_chatter,0,-0.09016284061552182,4
turning,isolation_forest_rgb_features,3inchStickout_F_12-Jun-2017_rpm570_doc0p015_window_0008,train,no_chatter,0,-0.09543713998056463,4
turning,isolation_forest_rgb_features,3inchStickout_F_12-Jun-2017_rpm570_doc0p015_window_0009,train,no_chatter,0,-0.06758447021449654,4
turning,isolation_forest_rgb_features,4p5inchStickout_F_12-Jun-2017_rpm570_doc0p010_window_0000,train,no_chatter,0,-0.08861431196223413,4
turning,isolation_forest_rgb_features,4p5inchStickout_F_12-Jun-2017_rpm570_doc0p010_window_0001,train,no_chatter,0,-0.08882464261063211,4
turning,isolation_forest_rgb_features,4p5inchStickout_F_12-Jun-2017_rpm570_doc0p010_window_0002,test,no_chatter,0,-0.07916987746591442,4
turning,isolation_forest_rgb_features,4p5inchStickout_F_12-Jun-2017_rpm570_doc0p010_window_0003,train,no_chatter,0,-0.08927442281758952,4
turning,isolation_forest_rgb_features,4p5inchStickout_F_12-Jun-2017_rpm570_doc0p010_window_0004,train,no_chatter,0,-0.06086512957225715,4
turning,isolation_forest_rgb_features,4p5inchStickout_F_12-Jun-2017_rpm570_doc0p010_window_0005,train,no_chatter,0,-0.08500165478215688,4
turning,isolation_forest_rgb_features,4p5inchStickout_F_12-Jun-2017_rpm570_doc0p010_window_0006,train,no_chatter,0,-0.0822479403497971,4
turning,isolation_forest_rgb_features,4p5inchStickout_F_12-Jun-2017_rpm570_doc0p010_window_0007,train,no_chatter,0,-0.09600643122443381,4
turning,isolation_forest_rgb_features,4p5inchStickout_F_12-Jun-2017_rpm570_doc0p010_window_0008,train,no_chatter,0,-0.09037002017657064,4
turning,isolation_forest_rgb_features,4p5inchStickout_F_12-Jun-2017_rpm570_doc0p010_window_0009,train,no_chatter,0,-0.03387643839096033,4
turning,isolation_forest_rgb_features,4p5inchStickout_F_12-Jun-2017_rpm570_doc0p010_window_0010,train,no_chatter,0,-0.0651550880675118,4
turning,isolation_forest_rgb_features,4p5inchStickout_F_12-Jun-2017_rpm570_doc0p010_window_0011,train,no_chatter,0,-0.10030269764264488,4
turning,isolation_forest_rgb_features,4p5inchStickout_F_13-Jun-2017_rpm1030_doc0p012_window_0000,train,no_chatter,0,-0.04375631111219497,4
turning,isolation_forest_rgb_features,4p5inchStickout_F_13-Jun-2017_rpm1030_doc0p012_window_0001,train,no_chatter,0,0.014719247864412477,4
turning,isolation_forest_rgb_features,4p5inchStickout_F_13-Jun-2017_rpm1030_doc0p012_window_0002,test,no_chatter,0,-0.021640762116757528,4
turning,isolation_forest_rgb_features,4p5inchStickout_F_13-Jun-2017_rpm1030_doc0p012_window_0003,train,no_chatter,0,-0.06824537374905387,4
turning,isolation_forest_rgb_features,4p5inchStickout_F_13-Jun-2017_rpm1030_doc0p016_window_0000,test,no_chatter,0,-0.05429226822763089,4
turning,isolation_forest_rgb_features,4p5inchStickout_F_13-Jun-2017_rpm1030_doc0p016_window_0001,train,no_chatter,0,-0.027010852130891938,4
turning,isolation_forest_rgb_features,4p5inchStickout_F_13-Jun-2017_rpm1030_doc0p016_window_0002,train,no_chatter,0,0.03430152373274131,4
turning,isolation_forest_rgb_features,4p5inchStickout_F_13-Jun-2017_rpm1030_doc0p016_window_0003,train,no_chatter,0,0.02645948391315922,4
turning,pca_rgb_reconstruction,2inchStickout_F_08-Jun-2017_rpm320_doc0p035_window_0000,train,no_chatter,0,3.257000571466051e-05,4
turning,pca_rgb_reconstruction,2inchStickout_F_08-Jun-2017_rpm320_doc0p035_window_0001,train,no_chatter,0,3.3432923373766243e-05,4
turning,pca_rgb_reconstruction,2inchStickout_F_08-Jun-2017_rpm320_doc0p035_window_0002,train,no_chatter,0,3.3234842703677714e-05,4
turning,pca_rgb_reconstruction,2inchStickout_F_08-Jun-2017_rpm320_doc0p035_window_0003,validation,no_chatter,0,0.00012477148266043514,4
turning,pca_rgb_reconstruction,2inchStickout_F_08-Jun-2017_rpm320_doc0p035_window_0004,train,no_chatter,0,0.0005871280445717275,4
turning,pca_rgb_reconstruction,2inchStickout_F_08-Jun-2017_rpm320_doc0p035_window_0005,train,no_chatter,0,0.00030365315615199506,4
turning,pca_rgb_reconstruction,2inchStickout_F_08-Jun-2017_rpm320_doc0p035_window_0006,train,no_chatter,0,0.0002700450422707945,4
turning,pca_rgb_reconstruction,2inchStickout_F_08-Jun-2017_rpm320_doc0p035_window_0007,train,no_chatter,0,0.00030138541478663683,4
turning,pca_rgb_reconstruction,2inchStickout_F_08-Jun-2017_rpm320_doc0p035_window_0008,train,no_chatter,0,0.0002882645057979971,4
turning,pca_rgb_reconstruction,2inchStickout_F_08-Jun-2017_rpm320_doc0p035_window_0009,train,no_chatter,0,0.0003096029395237565,4
turning,pca_rgb_reconstruction,2inchStickout_F_08-Jun-2017_rpm320_doc0p035_window_0010,train,no_chatter,0,0.0004111669841222465,4
turning,pca_rgb_reconstruction,2inchStickout_F_08-Jun-2017_rpm320_doc0p035_window_0011,train,no_chatter,0,0.00042554669198580086,4
turning,pca_rgb_reconstruction,2inchStickout_F_08-Jun-2017_rpm320_doc0p035_window_0012,train,no_chatter,0,0.0005170362419448793,4
turning,pca_rgb_reconstruction,2inchStickout_F_08-Jun-2017_rpm320_doc0p035_window_0013,train,no_chatter,0,0.0004588123701978475,4
turning,pca_rgb_reconstruction,2inchStickout_F_08-Jun-2017_rpm320_doc0p035_window_0014,train,no_chatter,0,0.0003303137782495469,4
turning,pca_rgb_reconstruction,2inchStickout_F_08-Jun-2017_rpm320_doc0p035_window_0015,train,no_chatter,0,0.0004166716826148331,4
turning,pca_rgb_reconstruction,2inchStickout_F_08-Jun-2017_rpm320_doc0p035_window_0016,train,no_chatter,0,0.00044929698924534023,4
turning,pca_rgb_reconstruction,2inchStickout_F_08-Jun-2017_rpm320_doc0p035_window_0017,train,no_chatter,0,0.0004366595239844173,4
turning,pca_rgb_reconstruction,2inchStickout_F_08-Jun-2017_rpm320_doc0p035_window_0018,train,no_chatter,0,0.0004352091928012669,4
turning,pca_rgb_reconstruction,2inchStickout_F_08-Jun-2017_rpm320_doc0p035_window_0019,train,no_chatter,0,0.0004403414495754987,4
turning,pca_rgb_reconstruction,2inchStickout_F_08-Jun-2017_rpm320_doc0p035_window_0020,validation,no_chatter,0,0.00043714698404073715,4
turning,pca_rgb_reconstruction,2inchStickout_F_08-Jun-2017_rpm320_doc0p035_window_0021,train,no_chatter,0,0.00048091463395394385,4
turning,pca_rgb_reconstruction,2inchStickout_F_08-Jun-2017_rpm320_doc0p035_window_0022,validation,no_chatter,0,0.0005584792234003544,4
turning,pca_rgb_reconstruction,2inchStickout_F_08-Jun-2017_rpm320_doc0p035_window_0023,train,no_chatter,0,0.0005711364792659879,4
turning,pca_rgb_reconstruction,2inchStickout_F_08-Jun-2017_rpm320_doc0p040_window_0000,test,no_chatter,0,4.612554039340466e-05,4
turning,pca_rgb_reconstruction,2inchStickout_F_08-Jun-2017_rpm320_doc0p040_window_0001,train,no_chatter,0,4.088395871804096e-05,4
turning,pca_rgb_reconstruction,2inchStickout_F_08-Jun-2017_rpm320_doc0p040_window_0002,train,no_chatter,0,3.1283972930395976e-05,4
turning,pca_rgb_reconstruction,2inchStickout_F_08-Jun-2017_rpm320_doc0p040_window_0003,test,no_chatter,0,0.0006968855741433799,4
turning,pca_rgb_reconstruction,2inchStickout_F_08-Jun-2017_rpm320_doc0p040_window_0004,test,no_chatter,0,0.0006028421339578927,4
turning,pca_rgb_reconstruction,2inchStickout_F_08-Jun-2017_rpm320_doc0p040_window_0005,train,no_chatter,0,0.000301927124382928,4
turning,pca_rgb_reconstruction,2inchStickout_F_08-Jun-2017_rpm320_doc0p040_window_0006,train,no_chatter,0,0.0004030884592793882,4
turning,pca_rgb_reconstruction,2inchStickout_F_08-Jun-2017_rpm320_doc0p040_window_0007,train,no_chatter,0,0.0004572002508211881,4
turning,pca_rgb_reconstruction,2inchStickout_F_08-Jun-2017_rpm320_doc0p040_window_0008,train,no_chatter,0,0.0006253328756429255,4
turning,pca_rgb_reconstruction,2inchStickout_F_08-Jun-2017_rpm320_doc0p040_window_0009,train,no_chatter,0,0.0007445146911777556,4
turning,pca_rgb_reconstruction,2inchStickout_F_08-Jun-2017_rpm320_doc0p040_window_0010,train,no_chatter,0,0.0006584861548617482,4
turning,pca_rgb_reconstruction,2inchStickout_F_08-Jun-2017_rpm320_doc0p040_window_0011,train,no_chatter,0,0.0005563578451983631,4
turning,pca_rgb_reconstruction,2inchStickout_F_08-Jun-2017_rpm320_doc0p040_window_0012,test,no_chatter,0,0.0007205242291092873,4
turning,pca_rgb_reconstruction,2inchStickout_F_08-Jun-2017_rpm320_doc0p040_window_0013,train,no_chatter,0,0.000726387370377779,4
turning,pca_rgb_reconstruction,2inchStickout_F_08-Jun-2017_rpm320_doc0p040_window_0014,train,no_chatter,0,0.0007752960082143545,4
turning,pca_rgb_reconstruction,2inchStickout_F_08-Jun-2017_rpm320_doc0p040_window_0015,train,no_chatter,0,0.0006487544160336256,4
turning,pca_rgb_reconstruction,2inchStickout_F_08-Jun-2017_rpm320_doc0p040_window_0016,train,no_chatter,0,0.000461833318695426,4
turning,pca_rgb_reconstruction,2inchStickout_F_08-Jun-2017_rpm320_doc0p040_window_0017,train,no_chatter,0,0.000446570833446458,4
turning,pca_rgb_reconstruction,2inchStickout_F_08-Jun-2017_rpm320_doc0p040_window_0018,train,no_chatter,0,0.0004750555381178856,4
turning,pca_rgb_reconstruction,2inchStickout_F_08-Jun-2017_rpm320_doc0p040_window_0019,train,no_chatter,0,0.0004791601386386901,4
turning,pca_rgb_reconstruction,2inchStickout_F_08-Jun-2017_rpm320_doc0p040_window_0020,train,no_chatter,0,0.0005636134301312268,4
turning,pca_rgb_reconstruction,2inchStickout_F_08-Jun-2017_rpm320_doc0p040_window_0021,train,no_chatter,0,0.00038601586129516363,4
turning,pca_rgb_reconstruction,2inchStickout_F_08-Jun-2017_rpm320_doc0p040_window_0022,test,no_chatter,0,0.0004890760174021125,4
turning,pca_rgb_reconstruction,2inchStickout_F_08-Jun-2017_rpm320_doc0p040_window_0023,train,no_chatter,0,0.00040329693001694977,4
turning,pca_rgb_reconstruction,2inchStickout_F_08-Jun-2017_rpm425_doc0p005_window_0000,train,no_chatter,0,6.344524445012212e-05,4
turning,pca_rgb_reconstruction,2inchStickout_F_08-Jun-2017_rpm425_doc0p005_window_0001,train,no_chatter,0,5.990057979943231e-05,4
turning,pca_rgb_reconstruction,2inchStickout_F_08-Jun-2017_rpm425_doc0p005_window_0002,train,no_chatter,0,0.0004116808995604515,4
turning,pca_rgb_reconstruction,2inchStickout_F_08-Jun-2017_rpm425_doc0p005_window_0003,test,no_chatter,0,0.0006320723914541304,4
turning,pca_rgb_reconstruction,2inchStickout_F_08-Jun-2017_rpm425_doc0p005_window_0004,train,no_chatter,0,0.0006656491314060986,4
turning,pca_rgb_reconstruction,2inchStickout_F_08-Jun-2017_rpm425_doc0p005_window_0005,test,no_chatter,0,0.0006860998109914362,4
turning,pca_rgb_reconstruction,2inchStickout_F_08-Jun-2017_rpm425_doc0p005_window_0006,train,no_chatter,0,0.0006297825020737946,4
turning,pca_rgb_reconstruction,2inchStickout_F_08-Jun-2017_rpm425_doc0p005_window_0007,train,no_chatter,0,0.0007383451447822154,4
turning,pca_rgb_reconstruction,2inchStickout_F_08-Jun-2017_rpm425_doc0p015_window_0000,train,no_chatter,0,4.344454646343365e-05,4
turning,pca_rgb_reconstruction,2inchStickout_F_08-Jun-2017_rpm425_doc0p015_window_0001,train,no_chatter,0,4.5630695240106434e-05,4
turning,pca_rgb_reconstruction,2inchStickout_F_08-Jun-2017_rpm425_doc0p015_window_0002,train,no_chatter,0,0.0005750811542384326,4
turning,pca_rgb_reconstruction,2inchStickout_F_08-Jun-2017_rpm425_doc0p015_window_0003,train,no_chatter,0,0.0006720445235259831,4
turning,pca_rgb_reconstruction,2inchStickout_F_08-Jun-2017_rpm425_doc0p015_window_0004,train,no_chatter,0,0.0007918524788692594,4
turning,pca_rgb_reconstruction,2inchStickout_F_08-Jun-2017_rpm425_doc0p015_window_0005,train,no_chatter,0,0.0008606890332885087,4
turning,pca_rgb_reconstruction,2inchStickout_F_08-Jun-2017_rpm425_doc0p015_window_0006,train,no_chatter,0,0.0011082408018410206,4
turning,pca_rgb_reconstruction,2inchStickout_F_08-Jun-2017_rpm425_doc0p015_window_0007,validation,no_chatter,0,0.00119939842261374,4
turning,pca_rgb_reconstruction,2inchStickout_F_08-Jun-2017_rpm770_doc0p005_window_0000,validation,chatter,1,0.003234402509406209,4
turning,pca_rgb_reconstruction,2inchStickout_F_08-Jun-2017_rpm770_doc0p005_window_0001,validation,chatter,1,0.006630535703152418,4
turning,pca_rgb_reconstruction,2inchStickout_F_08-Jun-2017_rpm770_doc0p005_window_0002,validation,chatter,1,0.006874431855976582,4
turning,pca_rgb_reconstruction,2inchStickout_F_08-Jun-2017_rpm770_doc0p005_window_0003,validation,chatter,1,0.005576841998845339,4
turning,pca_rgb_reconstruction,2inchStickout_F_08-Jun-2017_rpm770_doc0p005_window_0004,validation,chatter,1,0.006723328959196806,4
turning,pca_rgb_reconstruction,2inchStickout_F_08-Jun-2017_rpm770_doc0p005_window_0005,validation,chatter,1,0.0072403280064463615,4
turning,pca_rgb_reconstruction,2inchStickout_F_08-Jun-2017_rpm770_doc0p005_window_0006,validation,chatter,1,0.006825109012424946,4
turning,pca_rgb_reconstruction,2inchStickout_F_08-Jun-2017_rpm770_doc0p005_window_0007,validation,chatter,1,0.007219504099339247,4
turning,pca_rgb_reconstruction,2inchStickout_F_08-Jun-2017_rpm770_doc0p005_window_0008,validation,chatter,1,0.007074120920151472,4
turning,pca_rgb_reconstruction,2inchStickout_F_08-Jun-2017_rpm770_doc0p005_window_0009,validation,chatter,1,0.006583778187632561,4
turning,pca_rgb_reconstruction,2inchStickout_F_08-Jun-2017_rpm770_doc0p005_window_0010,validation,chatter,1,0.004849937744438648,4
turning,pca_rgb_reconstruction,2inchStickout_F_08-Jun-2017_rpm770_doc0p005_window_0011,train,no_chatter,0,0.003364515956491232,4
turning,pca_rgb_reconstruction,2p5inchStickout_F_12-Jun-2017_rpm570_doc0p015_window_0000,validation,no_chatter,0,0.00015872676158323884,4
turning,pca_rgb_reconstruction,2p5inchStickout_F_12-Jun-2017_rpm570_doc0p015_window_0001,train,no_chatter,0,0.0011192382080480456,4
turning,pca_rgb_reconstruction,2p5inchStickout_F_12-Jun-2017_rpm570_doc0p015_window_0002,train,no_chatter,0,0.0018940570298582315,4
turning,pca_rgb_reconstruction,2p5inchStickout_F_12-Jun-2017_rpm570_doc0p015_window_0003,train,no_chatter,0,0.002692271489650011,4
turning,pca_rgb_reconstruction,2p5inchStickout_F_12-Jun-2017_rpm570_doc0p015_window_0004,train,no_chatter,0,0.0011063696583732963,4
turning,pca_rgb_reconstruction,2p5inchStickout_F_12-Jun-2017_rpm570_doc0p015_window_0005,train,no_chatter,0,0.0016871283296495676,4
turning,pca_rgb_reconstruction,2p5inchStickout_F_12-Jun-2017_rpm570_doc0p015_window_0006,train,no_chatter,0,0.0021699981298297644,4
turning,pca_rgb_reconstruction,2p5inchStickout_F_12-Jun-2017_rpm570_doc0p015_window_0007,train,no_chatter,0,0.0016674926737323403,4
turning,pca_rgb_reconstruction,2p5inchStickout_F_12-Jun-2017_rpm570_doc0p015_window_0008,train,no_chatter,0,0.002044552005827427,4
turning,pca_rgb_reconstruction,2p5inchStickout_F_12-Jun-2017_rpm570_doc0p015_window_0009,train,no_chatter,0,0.0050092157907783985,4
turning,pca_rgb_reconstruction,2p5inchStickout_F_12-Jun-2017_rpm770_doc0p002_window_0000,train,no_chatter,0,0.0002461286203470081,4
turning,pca_rgb_reconstruction,2p5inchStickout_F_12-Jun-2017_rpm770_doc0p002_window_0001,train,no_chatter,0,0.0012113130651414394,4
turning,pca_rgb_reconstruction,2p5inchStickout_F_12-Jun-2017_rpm770_doc0p002_window_0002,train,no_chatter,0,0.005978986155241728,4
turning,pca_rgb_reconstruction,2p5inchStickout_F_12-Jun-2017_rpm770_doc0p002_window_0003,train,no_chatter,0,0.0047645182348787785,4
turning,pca_rgb_reconstruction,3inchStickout_F_12-Jun-2017_rpm570_doc0p015_window_0000,train,no_chatter,0,5.656146822730079e-05,4
turning,pca_rgb_reconstruction,3inchStickout_F_12-Jun-2017_rpm570_doc0p015_window_0001,test,no_chatter,0,6.686864071525633e-05,4
turning,pca_rgb_reconstruction,3inchStickout_F_12-Jun-2017_rpm570_doc0p015_window_0002,train,no_chatter,0,0.00016513041919097304,4
turning,pca_rgb_reconstruction,3inchStickout_F_12-Jun-2017_rpm570_doc0p015_window_0003,train,no_chatter,0,0.001279914635233581,4
turning,pca_rgb_reconstruction,3inchStickout_F_12-Jun-2017_rpm570_doc0p015_window_0004,train,no_chatter,0,0.0017986588645726442,4
turning,pca_rgb_reconstruction,3inchStickout_F_12-Jun-2017_rpm570_doc0p015_window_0005,train,no_chatter,0,0.0016480793710798025,4
turning,pca_rgb_reconstruction,3inchStickout_F_12-Jun-2017_rpm570_doc0p015_window_0006,train,no_chatter,0,0.0019040327752009034,4
turning,pca_rgb_reconstruction,3inchStickout_F_12-Jun-2017_rpm570_doc0p015_window_0007,train,no_chatter,0,0.0017730281688272953,4
turning,pca_rgb_reconstruction,3inchStickout_F_12-Jun-2017_rpm570_doc0p015_window_0008,train,no_chatter,0,0.001792599679902196,4
turning,pca_rgb_reconstruction,3inchStickout_F_12-Jun-2017_rpm570_doc0p015_window_0009,train,no_chatter,0,0.003239700570702553,4
turning,pca_rgb_reconstruction,4p5inchStickout_F_12-Jun-2017_rpm570_doc0p010_window_0000,train,no_chatter,0,3.61194834113121e-05,4
turning,pca_rgb_reconstruction,4p5inchStickout_F_12-Jun-2017_rpm570_doc0p010_window_0001,train,no_chatter,0,3.0938674171920866e-05,4
turning,pca_rgb_reconstruction,4p5inchStickout_F_12-Jun-2017_rpm570_doc0p010_window_0002,test,no_chatter,0,2.8969785489607602e-05,4
turning,pca_rgb_reconstruction,4p5inchStickout_F_12-Jun-2017_rpm570_doc0p010_window_0003,train,no_chatter,0,4.419653851073235e-05,4
turning,pca_rgb_reconstruction,4p5inchStickout_F_12-Jun-2017_rpm570_doc0p010_window_0004,train,no_chatter,0,7.152158650569618e-05,4
turning,pca_rgb_reconstruction,4p5inchStickout_F_12-Jun-2017_rpm570_doc0p010_window_0005,train,no_chatter,0,0.0004772873653564602,4
turning,pca_rgb_reconstruction,4p5inchStickout_F_12-Jun-2017_rpm570_doc0p010_window_0006,train,no_chatter,0,0.0006700156372971833,4
turning,pca_rgb_reconstruction,4p5inchStickout_F_12-Jun-2017_rpm570_doc0p010_window_0007,train,no_chatter,0,0.0004823149647563696,4
turning,pca_rgb_reconstruction,4p5inchStickout_F_12-Jun-2017_rpm570_doc0p010_window_0008,train,no_chatter,0,0.0005615496775135398,4
turning,pca_rgb_reconstruction,4p5inchStickout_F_12-Jun-2017_rpm570_doc0p010_window_0009,train,no_chatter,0,0.001048142439685762,4
turning,pca_rgb_reconstruction,4p5inchStickout_F_12-Jun-2017_rpm570_doc0p010_window_0010,train,no_chatter,0,0.000622953346464783,4
turning,pca_rgb_reconstruction,4p5inchStickout_F_12-Jun-2017_rpm570_doc0p010_window_0011,train,no_chatter,0,0.000655541371088475,4
turning,pca_rgb_reconstruction,4p5inchStickout_F_13-Jun-2017_rpm1030_doc0p012_window_0000,train,no_chatter,0,8.758017065702006e-05,4
turning,pca_rgb_reconstruction,4p5inchStickout_F_13-Jun-2017_rpm1030_doc0p012_window_0001,train,no_chatter,0,0.001035138382576406,4
turning,pca_rgb_reconstruction,4p5inchStickout_F_13-Jun-2017_rpm1030_doc0p012_window_0002,test,no_chatter,0,0.00073004059959203,4
turning,pca_rgb_reconstruction,4p5inchStickout_F_13-Jun-2017_rpm1030_doc0p012_window_0003,train,no_chatter,0,0.0009366868180222809,4
turning,pca_rgb_reconstruction,4p5inchStickout_F_13-Jun-2017_rpm1030_doc0p016_window_0000,test,no_chatter,0,8.508696919307113e-05,4
turning,pca_rgb_reconstruction,4p5inchStickout_F_13-Jun-2017_rpm1030_doc0p016_window_0001,train,no_chatter,0,0.0009767523733898997,4
turning,pca_rgb_reconstruction,4p5inchStickout_F_13-Jun-2017_rpm1030_doc0p016_window_0002,train,no_chatter,0,0.0008068675524555147,4
turning,pca_rgb_reconstruction,4p5inchStickout_F_13-Jun-2017_rpm1030_doc0p016_window_0003,train,no_chatter,0,0.0008855978958308697,4
turning,one_class_svm_rgb_features,2inchStickout_F_08-Jun-2017_rpm320_doc0p005_window_0000,train,no_chatter,0,-0.16555934828425256,5
turning,one_class_svm_rgb_features,2inchStickout_F_08-Jun-2017_rpm320_doc0p005_window_0001,train,no_chatter,0,-0.09932640013535055,5
turning,one_class_svm_rgb_features,2inchStickout_F_08-Jun-2017_rpm320_doc0p005_window_0002,train,no_chatter,0,-0.07773216089181734,5
turning,one_class_svm_rgb_features,2inchStickout_F_08-Jun-2017_rpm320_doc0p005_window_0003,train,no_chatter,0,-0.0840668802263832,5
turning,one_class_svm_rgb_features,2inchStickout_F_08-Jun-2017_rpm320_doc0p005_window_0004,train,no_chatter,0,-0.05812038279759357,5
turning,one_class_svm_rgb_features,2inchStickout_F_08-Jun-2017_rpm320_doc0p005_window_0005,validation,no_chatter,0,0.7950672764721629,5
turning,one_class_svm_rgb_features,2inchStickout_F_08-Jun-2017_rpm320_doc0p005_window_0006,validation,chatter,1,0.6232646872302295,5
turning,one_class_svm_rgb_features,2inchStickout_F_08-Jun-2017_rpm320_doc0p005_window_0007,validation,chatter,1,0.5664943187303113,5
turning,one_class_svm_rgb_features,2inchStickout_F_08-Jun-2017_rpm320_doc0p005_window_0008,validation,chatter,1,0.8443774285616655,5
turning,one_class_svm_rgb_features,2inchStickout_F_08-Jun-2017_rpm320_doc0p005_window_0009,validation,chatter,1,0.8658184535316509,5
turning,one_class_svm_rgb_features,2inchStickout_F_08-Jun-2017_rpm320_doc0p005_window_0010,validation,chatter,1,0.5183240400987648,5
turning,one_class_svm_rgb_features,2inchStickout_F_08-Jun-2017_rpm320_doc0p005_window_0011,validation,chatter,1,0.41793808814813155,5
turning,one_class_svm_rgb_features,2inchStickout_F_08-Jun-2017_rpm320_doc0p005_window_0012,train,no_chatter,0,0.25249684920089943,5
turning,one_class_svm_rgb_features,2inchStickout_F_08-Jun-2017_rpm320_doc0p005_window_0013,train,no_chatter,0,0.07499585269432174,5
turning,one_class_svm_rgb_features,2inchStickout_F_08-Jun-2017_rpm320_doc0p005_window_0014,train,no_chatter,0,0.1630623764246275,5
turning,one_class_svm_rgb_features,2inchStickout_F_08-Jun-2017_rpm320_doc0p005_window_0015,train,no_chatter,0,0.13895536811549924,5
turning,one_class_svm_rgb_features,2inchStickout_F_08-Jun-2017_rpm320_doc0p005_window_0016,train,no_chatter,0,0.03827089538390782,5
turning,one_class_svm_rgb_features,2inchStickout_F_08-Jun-2017_rpm320_doc0p005_window_0017,train,no_chatter,0,0.01033822210657176,5
turning,one_class_svm_rgb_features,2inchStickout_F_08-Jun-2017_rpm320_doc0p005_window_0018,train,no_chatter,0,1.771555877971842e-05,5
turning,one_class_svm_rgb_features,2inchStickout_F_08-Jun-2017_rpm320_doc0p005_window_0019,train,no_chatter,0,-0.06564858776507165,5
turning,one_class_svm_rgb_features,2inchStickout_F_08-Jun-2017_rpm320_doc0p005_window_0020,train,no_chatter,0,-0.1566125143033965,5
turning,one_class_svm_rgb_features,2inchStickout_F_08-Jun-2017_rpm320_doc0p005_window_0021,train,no_chatter,0,-0.12382571134752807,5
turning,one_class_svm_rgb_features,2inchStickout_F_08-Jun-2017_rpm320_doc0p005_window_0022,train,no_chatter,0,0.885823400524733,5
turning,one_class_svm_rgb_features,2inchStickout_F_08-Jun-2017_rpm320_doc0p005_window_0023,train,no_chatter,0,-0.2020140088311957,5
turning,one_class_svm_rgb_features,2inchStickout_F_08-Jun-2017_rpm320_doc0p030_window_0000,train,no_chatter,0,-0.1650073251992663,5
turning,one_class_svm_rgb_features,2inchStickout_F_08-Jun-2017_rpm320_doc0p030_window_0001,train,no_chatter,0,-0.20854788096376953,5
turning,one_class_svm_rgb_features,2inchStickout_F_08-Jun-2017_rpm320_doc0p030_window_0002,train,no_chatter,0,-0.17961128250381497,5
turning,one_class_svm_rgb_features,2inchStickout_F_08-Jun-2017_rpm320_doc0p030_window_0003,train,no_chatter,0,-0.09492757981198208,5
turning,one_class_svm_rgb_features,2inchStickout_F_08-Jun-2017_rpm320_doc0p030_window_0004,train,no_chatter,0,-0.19133704162452703,5
turning,one_class_svm_rgb_features,2inchStickout_F_08-Jun-2017_rpm320_doc0p030_window_0005,train,no_chatter,0,-0.30633860734404617,5
turning,one_class_svm_rgb_features,2inchStickout_F_08-Jun-2017_rpm320_doc0p030_window_0006,train,no_chatter,0,-0.2774422339677567,5
turning,one_class_svm_rgb_features,2inchStickout_F_08-Jun-2017_rpm320_doc0p030_window_0007,train,no_chatter,0,-0.2571278141248685,5
turning,one_class_svm_rgb_features,2inchStickout_F_08-Jun-2017_rpm320_doc0p030_window_0008,train,no_chatter,0,-0.28282542566769653,5
turning,one_class_svm_rgb_features,2inchStickout_F_08-Jun-2017_rpm320_doc0p030_window_0009,train,no_chatter,0,-0.30942683107600555,5
turning,one_class_svm_rgb_features,2inchStickout_F_08-Jun-2017_rpm320_doc0p030_window_0010,train,no_chatter,0,-0.30882684902014046,5
turning,one_class_svm_rgb_features,2inchStickout_F_08-Jun-2017_rpm320_doc0p030_window_0011,validation,no_chatter,0,-0.30790192263207117,5
turning,one_class_svm_rgb_features,2inchStickout_F_08-Jun-2017_rpm320_doc0p030_window_0012,validation,no_chatter,0,-0.31789360690583934,5
turning,one_class_svm_rgb_features,2inchStickout_F_08-Jun-2017_rpm320_doc0p030_window_0013,train,no_chatter,0,-0.21192126889447382,5
turning,one_class_svm_rgb_features,2inchStickout_F_08-Jun-2017_rpm320_doc0p030_window_0014,train,no_chatter,0,-0.24299455045915153,5
turning,one_class_svm_rgb_features,2inchStickout_F_08-Jun-2017_rpm320_doc0p030_window_0015,train,no_chatter,0,-0.2777833179959861,5
turning,one_class_svm_rgb_features,2inchStickout_F_08-Jun-2017_rpm320_doc0p030_window_0016,train,no_chatter,0,-0.25400840673558833,5
turning,one_class_svm_rgb_features,2inchStickout_F_08-Jun-2017_rpm320_doc0p030_window_0017,train,no_chatter,0,-0.2391712259854748,5
turning,one_class_svm_rgb_features,2inchStickout_F_08-Jun-2017_rpm320_doc0p030_window_0018,train,no_chatter,0,-0.0853025166869974,5
turning,one_class_svm_rgb_features,2inchStickout_F_08-Jun-2017_rpm320_doc0p030_window_0019,validation,no_chatter,0,-0.14918653288766537,5
turning,one_class_svm_rgb_features,2inchStickout_F_08-Jun-2017_rpm320_doc0p030_window_0020,validation,no_chatter,0,-0.11820134461682952,5
turning,one_class_svm_rgb_features,2inchStickout_F_08-Jun-2017_rpm320_doc0p030_window_0021,train,no_chatter,0,-0.11251287655091236,5
turning,one_class_svm_rgb_features,2inchStickout_F_08-Jun-2017_rpm320_doc0p030_window_0022,train,no_chatter,0,-0.004505109833187415,5
turning,one_class_svm_rgb_features,2inchStickout_F_08-Jun-2017_rpm320_doc0p030_window_0023,train,no_chatter,0,-0.022152387129768192,5
turning,one_class_svm_rgb_features,2inchStickout_F_08-Jun-2017_rpm425_doc0p017_window_0000,train,no_chatter,0,-0.10986136854854933,5
turning,one_class_svm_rgb_features,2inchStickout_F_08-Jun-2017_rpm425_doc0p017_window_0001,train,no_chatter,0,-0.18577732009864079,5
turning,one_class_svm_rgb_features,2inchStickout_F_08-Jun-2017_rpm425_doc0p017_window_0002,validation,no_chatter,0,-0.3079559266002192,5
turning,one_class_svm_rgb_features,2inchStickout_F_08-Jun-2017_rpm425_doc0p017_window_0003,validation,no_chatter,0,-0.21659529916481257,5
turning,one_class_svm_rgb_features,2inchStickout_F_08-Jun-2017_rpm425_doc0p017_window_0004,validation,no_chatter,0,-0.030497016357472595,5
turning,one_class_svm_rgb_features,2inchStickout_F_08-Jun-2017_rpm425_doc0p017_window_0005,validation,no_chatter,0,-0.19611088060953685,5
turning,one_class_svm_rgb_features,2inchStickout_F_08-Jun-2017_rpm425_doc0p017_window_0006,train,no_chatter,0,-0.3005003440301117,5
turning,one_class_svm_rgb_features,2inchStickout_F_08-Jun-2017_rpm425_doc0p017_window_0007,train,no_chatter,0,0.23609250322341035,5
turning,one_class_svm_rgb_features,2inchStickout_F_08-Jun-2017_rpm570_doc0p010_window_0000,test,no_chatter,0,-0.15671932768633678,5
turning,one_class_svm_rgb_features,2inchStickout_F_08-Jun-2017_rpm570_doc0p010_window_0001,test,no_chatter,0,-0.1084344948832765,5
turning,one_class_svm_rgb_features,2inchStickout_F_08-Jun-2017_rpm570_doc0p010_window_0002,test,chatter,1,0.5848128939787627,5
turning,one_class_svm_rgb_features,2inchStickout_F_08-Jun-2017_rpm570_doc0p010_window_0003,test,chatter,1,0.43188675603740506,5
turning,one_class_svm_rgb_features,2inchStickout_F_08-Jun-2017_rpm570_doc0p010_window_0004,test,chatter,1,0.8716276692596503,5
turning,one_class_svm_rgb_features,2inchStickout_F_08-Jun-2017_rpm570_doc0p010_window_0005,test,chatter,1,0.88549594769888,5
turning,one_class_svm_rgb_features,2inchStickout_F_08-Jun-2017_rpm770_doc0p002_window_0000,train,no_chatter,0,-0.17536964831109358,5
turning,one_class_svm_rgb_features,2inchStickout_F_08-Jun-2017_rpm770_doc0p002_window_0001,validation,chatter,1,0.8427529754257791,5
turning,one_class_svm_rgb_features,2inchStickout_F_08-Jun-2017_rpm770_doc0p002_window_0002,validation,chatter,1,0.8858234010025632,5
turning,one_class_svm_rgb_features,2inchStickout_F_08-Jun-2017_rpm770_doc0p002_window_0003,train,no_chatter,0,0.47956720809782344,5
turning,one_class_svm_rgb_features,2inchStickout_F_08-Jun-2017_rpm770_doc0p002_window_0004,validation,chatter,1,0.44936176573677283,5
turning,one_class_svm_rgb_features,2inchStickout_F_08-Jun-2017_rpm770_doc0p002_window_0005,train,no_chatter,0,0.26801246781285304,5
turning,one_class_svm_rgb_features,2inchStickout_F_08-Jun-2017_rpm770_doc0p002_window_0006,train,no_chatter,0,0.8858234010025632,5
turning,one_class_svm_rgb_features,2inchStickout_F_08-Jun-2017_rpm770_doc0p002_window_0007,validation,chatter,1,0.8608348250456582,5
turning,one_class_svm_rgb_features,2p5inchStickout_F_12-Jun-2017_rpm570_doc0p005_window_0000,test,no_chatter,0,-0.2009802374792795,5
turning,one_class_svm_rgb_features,2p5inchStickout_F_12-Jun-2017_rpm570_doc0p005_window_0001,train,no_chatter,0,-0.014112830874732696,5
turning,one_class_svm_rgb_features,2p5inchStickout_F_12-Jun-2017_rpm570_doc0p005_window_0002,train,no_chatter,0,-0.22073379501550305,5
turning,one_class_svm_rgb_features,2p5inchStickout_F_12-Jun-2017_rpm570_doc0p005_window_0003,train,no_chatter,0,-0.28430443682645445,5
turning,one_class_svm_rgb_features,2p5inchStickout_F_12-Jun-2017_rpm570_doc0p005_window_0004,test,no_chatter,0,-0.03713469107584089,5
turning,one_class_svm_rgb_features,2p5inchStickout_F_12-Jun-2017_rpm570_doc0p005_window_0005,train,no_chatter,0,0.8858234010025632,5
turning,one_class_svm_rgb_features,2p5inchStickout_F_12-Jun-2017_rpm570_doc0p005_window_0006,train,no_chatter,0,-0.2810559237271637,5
turning,one_class_svm_rgb_features,2p5inchStickout_F_12-Jun-2017_rpm570_doc0p005_window_0007,train,no_chatter,0,-0.2770274124271237,5
turning,one_class_svm_rgb_features,2p5inchStickout_F_12-Jun-2017_rpm570_doc0p005_window_0008,test,no_chatter,0,0.15132169754535252,5
turning,one_class_svm_rgb_features,2p5inchStickout_F_12-Jun-2017_rpm570_doc0p005_window_0009,train,no_chatter,0,0.8858234010025632,5
turning,one_class_svm_rgb_features,2p5inchStickout_F_12-Jun-2017_rpm570_doc0p010_window_0000,train,no_chatter,0,-0.19252359306346545,5
turning,one_class_svm_rgb_features,2p5inchStickout_F_12-Jun-2017_rpm570_doc0p010_window_0001,train,no_chatter,0,-0.17615456907635973,5
turning,one_class_svm_rgb_features,2p5inchStickout_F_12-Jun-2017_rpm570_doc0p010_window_0002,train,no_chatter,0,-0.27493213534430216,5
turning,one_class_svm_rgb_features,2p5inchStickout_F_12-Jun-2017_rpm570_doc0p010_window_0003,test,no_chatter,0,-0.28444913156135265,5
turning,one_class_svm_rgb_features,2p5inchStickout_F_12-Jun-2017_rpm570_doc0p010_window_0004,train,no_chatter,0,-0.30358545083659294,5
turning,one_class_svm_rgb_features,2p5inchStickout_F_12-Jun-2017_rpm570_doc0p010_window_0005,train,no_chatter,0,-0.2978040875718495,5
turning,one_class_svm_rgb_features,2p5inchStickout_F_12-Jun-2017_rpm570_doc0p010_window_0006,test,no_chatter,0,-0.22568957629237074,5
turning,one_class_svm_rgb_features,2p5inchStickout_F_12-Jun-2017_rpm570_doc0p010_window_0007,train,no_chatter,0,-0.2596735409378996,5
turning,one_class_svm_rgb_features,2p5inchStickout_F_12-Jun-2017_rpm570_doc0p010_window_0008,train,no_chatter,0,-0.2571591804092155,5
turning,one_class_svm_rgb_features,2p5inchStickout_F_12-Jun-2017_rpm570_doc0p010_window_0009,test,no_chatter,0,-0.2757915806999236,5
turning,one_class_svm_rgb_features,3p5inchStickout_F_14-Jun-2017_rpm770_doc0p005_window_0000,validation,no_chatter,0,-0.032837117173794006,5
turning,one_class_svm_rgb_features,3p5inchStickout_F_14-Jun-2017_rpm770_doc0p005_window_0001,train,no_chatter,0,0.06566390309148196,5
turning,one_class_svm_rgb_features,3p5inchStickout_F_14-Jun-2017_rpm770_doc0p005_window_0002,train,no_chatter,0,-0.0004056671054797345,5
turning,one_class_svm_rgb_features,3p5inchStickout_F_14-Jun-2017_rpm770_doc0p005_window_0003,train,no_chatter,0,0.13680378389771497,5
turning,one_class_svm_rgb_features,4p5inchStickout_F_12-Jun-2017_rpm570_doc0p015_window_0000,train,no_chatter,0,-0.07319054539492686,5
turning,one_class_svm_rgb_features,4p5inchStickout_F_12-Jun-2017_rpm570_doc0p015_window_0001,train,no_chatter,0,-0.09455813411410241,5
turning,one_class_svm_rgb_features,4p5inchStickout_F_12-Jun-2017_rpm570_doc0p015_window_0002,train,no_chatter,0,-0.10432396163700286,5
turning,one_class_svm_rgb_features,4p5inchStickout_F_12-Jun-2017_rpm570_doc0p015_window_0003,train,no_chatter,0,-0.06825121332266515,5
turning,one_class_svm_rgb_features,4p5inchStickout_F_12-Jun-2017_rpm570_doc0p015_window_0004,train,no_chatter,0,0.034176868340337396,5
turning,one_class_svm_rgb_features,4p5inchStickout_F_12-Jun-2017_rpm570_doc0p015_window_0005,train,no_chatter,0,-0.13313929569795513,5
turning,one_class_svm_rgb_features,4p5inchStickout_F_12-Jun-2017_rpm570_doc0p015_window_0006,train,no_chatter,0,-0.11402584856193076,5
turning,one_class_svm_rgb_features,4p5inchStickout_F_12-Jun-2017_rpm570_doc0p015_window_0007,train,no_chatter,0,-0.12536882220285706,5
turning,one_class_svm_rgb_features,4p5inchStickout_F_12-Jun-2017_rpm570_doc0p015_window_0008,train,no_chatter,0,-0.16164906978261384,5
turning,one_class_svm_rgb_features,4p5inchStickout_F_12-Jun-2017_rpm570_doc0p015_window_0009,train,no_chatter,0,-0.18653649688220098,5
turning,one_class_svm_rgb_features,4p5inchStickout_F_12-Jun-2017_rpm570_doc0p015_window_0010,train,no_chatter,0,-0.07061034793581888,5
turning,one_class_svm_rgb_features,4p5inchStickout_F_12-Jun-2017_rpm570_doc0p015_window_0011,train,no_chatter,0,-0.050973074910781624,5
turning,one_class_svm_rgb_features,4p5inchStickout_F_12-Jun-2017_rpm570_doc0p025_window_0000,train,no_chatter,0,-0.09190849103210375,5
turning,one_class_svm_rgb_features,4p5inchStickout_F_12-Jun-2017_rpm570_doc0p025_window_0001,train,no_chatter,0,-0.06058012089340059,5
turning,one_class_svm_rgb_features,4p5inchStickout_F_12-Jun-2017_rpm570_doc0p025_window_0002,train,no_chatter,0,-0.0967708770298551,5
turning,one_class_svm_rgb_features,4p5inchStickout_F_12-Jun-2017_rpm570_doc0p025_window_0003,train,no_chatter,0,-0.12071537471355764,5
turning,one_class_svm_rgb_features,4p5inchStickout_F_12-Jun-2017_rpm570_doc0p025_window_0004,train,no_chatter,0,-0.06987319826514748,5
turning,one_class_svm_rgb_features,4p5inchStickout_F_12-Jun-2017_rpm570_doc0p025_window_0005,train,no_chatter,0,-0.14338909475679928,5
turning,one_class_svm_rgb_features,4p5inchStickout_F_12-Jun-2017_rpm570_doc0p025_window_0006,test,no_chatter,0,-0.12675166731833754,5
turning,one_class_svm_rgb_features,4p5inchStickout_F_12-Jun-2017_rpm570_doc0p025_window_0007,train,no_chatter,0,-0.0812339847440855,5
turning,one_class_svm_rgb_features,4p5inchStickout_F_12-Jun-2017_rpm570_doc0p025_window_0008,train,no_chatter,0,-0.09247226438994205,5
turning,one_class_svm_rgb_features,4p5inchStickout_F_12-Jun-2017_rpm570_doc0p025_window_0009,train,no_chatter,0,-0.1661636173164518,5
turning,one_class_svm_rgb_features,4p5inchStickout_F_12-Jun-2017_rpm570_doc0p025_window_0010,train,no_chatter,0,-0.10810127453056506,5
turning,one_class_svm_rgb_features,4p5inchStickout_F_12-Jun-2017_rpm570_doc0p025_window_0011,train,no_chatter,0,-0.07841687542654452,5
turning,one_class_svm_rgb_features,4p5inchStickout_F_13-Jun-2017_rpm1030_doc0p010_window_0000,train,no_chatter,0,-0.04752041570589538,5
turning,one_class_svm_rgb_features,4p5inchStickout_F_13-Jun-2017_rpm1030_doc0p010_window_0001,test,no_chatter,0,0.19102880213366935,5
turning,one_class_svm_rgb_features,4p5inchStickout_F_13-Jun-2017_rpm1030_doc0p010_window_0002,train,no_chatter,0,-0.08930355635451559,5
turning,one_class_svm_rgb_features,4p5inchStickout_F_13-Jun-2017_rpm1030_doc0p010_window_0003,train,no_chatter,0,0.04307046837340378,5
turning,one_class_svm_rgb_features,4p5inchStickout_F_13-Jun-2017_rpm1030_doc0p013_window_0000,test,no_chatter,0,-0.060640758542639284,5
turning,one_class_svm_rgb_features,4p5inchStickout_F_13-Jun-2017_rpm1030_doc0p013_window_0001,train,no_chatter,0,-0.016929290902775063,5
turning,one_class_svm_rgb_features,4p5inchStickout_F_13-Jun-2017_rpm1030_doc0p013_window_0002,test,no_chatter,0,-0.05441894078202081,5
turning,one_class_svm_rgb_features,4p5inchStickout_F_13-Jun-2017_rpm1030_doc0p013_window_0003,train,no_chatter,0,-0.09909617455804054,5
turning,one_class_svm_rgb_features,4p5inchStickout_F_13-Jun-2017_rpm770_doc0p020_window_0000,train,no_chatter,0,-0.1044416030266836,5
turning,one_class_svm_rgb_features,4p5inchStickout_F_13-Jun-2017_rpm770_doc0p020_window_0001,train,no_chatter,0,-0.09404955105853696,5
turning,one_class_svm_rgb_features,4p5inchStickout_F_13-Jun-2017_rpm770_doc0p020_window_0002,test,no_chatter,0,-0.09363884432029956,5
turning,one_class_svm_rgb_features,4p5inchStickout_F_13-Jun-2017_rpm770_doc0p020_window_0003,train,no_chatter,0,-0.07806113915320567,5
turning,one_class_svm_rgb_features,4p5inchStickout_F_13-Jun-2017_rpm770_doc0p020_window_0004,train,no_chatter,0,-0.09657524838266451,5
turning,one_class_svm_rgb_features,4p5inchStickout_F_13-Jun-2017_rpm770_doc0p020_window_0005,train,no_chatter,0,-0.13723674333662195,5
turning,isolation_forest_rgb_features,2inchStickout_F_08-Jun-2017_rpm320_doc0p005_window_0000,train,no_chatter,0,-0.11584608929838552,5
turning,isolation_forest_rgb_features,2inchStickout_F_08-Jun-2017_rpm320_doc0p005_window_0001,train,no_chatter,0,-0.114996531113231,5
turning,isolation_forest_rgb_features,2inchStickout_F_08-Jun-2017_rpm320_doc0p005_window_0002,train,no_chatter,0,-0.10534453970348828,5
turning,isolation_forest_rgb_features,2inchStickout_F_08-Jun-2017_rpm320_doc0p005_window_0003,train,no_chatter,0,-0.10239706573041774,5
turning,isolation_forest_rgb_features,2inchStickout_F_08-Jun-2017_rpm320_doc0p005_window_0004,train,no_chatter,0,-0.09732316385496559,5
turning,isolation_forest_rgb_features,2inchStickout_F_08-Jun-2017_rpm320_doc0p005_window_0005,validation,no_chatter,0,0.051451891696666974,5
turning,isolation_forest_rgb_features,2inchStickout_F_08-Jun-2017_rpm320_doc0p005_window_0006,validation,chatter,1,0.08100376269488285,5
turning,isolation_forest_rgb_features,2inchStickout_F_08-Jun-2017_rpm320_doc0p005_window_0007,validation,chatter,1,0.058076159284636164,5
turning,isolation_forest_rgb_features,2inchStickout_F_08-Jun-2017_rpm320_doc0p005_window_0008,validation,chatter,1,0.08825197705051391,5
turning,isolation_forest_rgb_features,2inchStickout_F_08-Jun-2017_rpm320_doc0p005_window_0009,validation,chatter,1,0.053514294610630175,5
turning,isolation_forest_rgb_features,2inchStickout_F_08-Jun-2017_rpm320_doc0p005_window_0010,validation,chatter,1,0.02033912820891648,5
turning,isolation_forest_rgb_features,2inchStickout_F_08-Jun-2017_rpm320_doc0p005_window_0011,validation,chatter,1,0.013148050118118593,5
turning,isolation_forest_rgb_features,2inchStickout_F_08-Jun-2017_rpm320_doc0p005_window_0012,train,no_chatter,0,-0.008725150670087556,5
turning,isolation_forest_rgb_features,2inchStickout_F_08-Jun-2017_rpm320_doc0p005_window_0013,train,no_chatter,0,-0.0829709405009964,5
turning,isolation_forest_rgb_features,2inchStickout_F_08-Jun-2017_rpm320_doc0p005_window_0014,train,no_chatter,0,-0.07003731627808979,5
turning,isolation_forest_rgb_features,2inchStickout_F_08-Jun-2017_rpm320_doc0p005_window_0015,train,no_chatter,0,-0.06406625509604702,5
turning,isolation_forest_rgb_features,2inchStickout_F_08-Jun-2017_rpm320_doc0p005_window_0016,train,no_chatter,0,-0.0966615121554239,5
turning,isolation_forest_rgb_features,2inchStickout_F_08-Jun-2017_rpm320_doc0p005_window_0017,train,no_chatter,0,-0.09637290213618627,5
turning,isolation_forest_rgb_features,2inchStickout_F_08-Jun-2017_rpm320_doc0p005_window_0018,train,no_chatter,0,-0.09101167962569667,5
turning,isolation_forest_rgb_features,2inchStickout_F_08-Jun-2017_rpm320_doc0p005_window_0019,train,no_chatter,0,-0.09544960269593555,5
turning,isolation_forest_rgb_features,2inchStickout_F_08-Jun-2017_rpm320_doc0p005_window_0020,train,no_chatter,0,-0.10688939438335388,5
turning,isolation_forest_rgb_features,2inchStickout_F_08-Jun-2017_rpm320_doc0p005_window_0021,train,no_chatter,0,-0.06813586296380614,5
turning,isolation_forest_rgb_features,2inchStickout_F_08-Jun-2017_rpm320_doc0p005_window_0022,train,no_chatter,0,0.008936655913444391,5
turning,isolation_forest_rgb_features,2inchStickout_F_08-Jun-2017_rpm320_doc0p005_window_0023,train,no_chatter,0,-0.04646465668184058,5
turning,isolation_forest_rgb_features,2inchStickout_F_08-Jun-2017_rpm320_doc0p030_window_0000,train,no_chatter,0,-0.12006222184213733,5
turning,isolation_forest_rgb_features,2inchStickout_F_08-Jun-2017_rpm320_doc0p030_window_0001,train,no_chatter,0,-0.12296193768896196,5
turning,isolation_forest_rgb_features,2inchStickout_F_08-Jun-2017_rpm320_doc0p030_window_0002,train,no_chatter,0,-0.12201244095926239,5
turning,isolation_forest_rgb_features,2inchStickout_F_08-Jun-2017_rpm320_doc0p030_window_0003,train,no_chatter,0,-0.10718746597721152,5
turning,isolation_forest_rgb_features,2inchStickout_F_08-Jun-2017_rpm320_doc0p030_window_0004,train,no_chatter,0,-0.12126590193270159,5
turning,isolation_forest_rgb_features,2inchStickout_F_08-Jun-2017_rpm320_doc0p030_window_0005,train,no_chatter,0,-0.13614627567149862,5
turning,isolation_forest_rgb_features,2inchStickout_F_08-Jun-2017_rpm320_doc0p030_window_0006,train,no_chatter,0,-0.13249611141181517,5
turning,isolation_forest_rgb_features,2inchStickout_F_08-Jun-2017_rpm320_doc0p030_window_0007,train,no_chatter,0,-0.13000637352296074,5
turning,isolation_forest_rgb_features,2inchStickout_F_08-Jun-2017_rpm320_doc0p030_window_0008,train,no_chatter,0,-0.13114706669967613,5
turning,isolation_forest_rgb_features,2inchStickout_F_08-Jun-2017_rpm320_doc0p030_window_0009,train,no_chatter,0,-0.13584704400388742,5
turning,isolation_forest_rgb_features,2inchStickout_F_08-Jun-2017_rpm320_doc0p030_window_0010,train,no_chatter,0,-0.13937093605794104,5
turning,isolation_forest_rgb_features,2inchStickout_F_08-Jun-2017_rpm320_doc0p030_window_0011,validation,no_chatter,0,-0.13276973366812572,5
turning,isolation_forest_rgb_features,2inchStickout_F_08-Jun-2017_rpm320_doc0p030_window_0012,validation,no_chatter,0,-0.1348633324366545,5
turning,isolation_forest_rgb_features,2inchStickout_F_08-Jun-2017_rpm320_doc0p030_window_0013,train,no_chatter,0,-0.12310203036222739,5
turning,isolation_forest_rgb_features,2inchStickout_F_08-Jun-2017_rpm320_doc0p030_window_0014,train,no_chatter,0,-0.11244606320678052,5
turning,isolation_forest_rgb_features,2inchStickout_F_08-Jun-2017_rpm320_doc0p030_window_0015,train,no_chatter,0,-0.13227380636388142,5
turning,isolation_forest_rgb_features,2inchStickout_F_08-Jun-2017_rpm320_doc0p030_window_0016,train,no_chatter,0,-0.13441240113677172,5
turning,isolation_forest_rgb_features,2inchStickout_F_08-Jun-2017_rpm320_doc0p030_window_0017,train,no_chatter,0,-0.11813959825354925,5
turning,isolation_forest_rgb_features,2inchStickout_F_08-Jun-2017_rpm320_doc0p030_window_0018,train,no_chatter,0,-0.11356084295819707,5
turning,isolation_forest_rgb_features,2inchStickout_F_08-Jun-2017_rpm320_doc0p030_window_0019,validation,no_chatter,0,-0.09385595507855554,5
turning,isolation_forest_rgb_features,2inchStickout_F_08-Jun-2017_rpm320_doc0p030_window_0020,validation,no_chatter,0,-0.06951155180957241,5
turning,isolation_forest_rgb_features,2inchStickout_F_08-Jun-2017_rpm320_doc0p030_window_0021,train,no_chatter,0,-0.06686591258827584,5
turning,isolation_forest_rgb_features,2inchStickout_F_08-Jun-2017_rpm320_doc0p030_window_0022,train,no_chatter,0,-0.05363565365586759,5
turning,isolation_forest_rgb_features,2inchStickout_F_08-Jun-2017_rpm320_doc0p030_window_0023,train,no_chatter,0,-0.04549920578353722,5
turning,isolation_forest_rgb_features,2inchStickout_F_08-Jun-2017_rpm425_doc0p017_window_0000,train,no_chatter,0,-0.09896834293131057,5
turning,isolation_forest_rgb_features,2inchStickout_F_08-Jun-2017_rpm425_doc0p017_window_0001,train,no_chatter,0,-0.10465934958516404,5
turning,isolation_forest_rgb_features,2inchStickout_F_08-Jun-2017_rpm425_doc0p017_window_0002,validation,no_chatter,0,-0.1281735913668126,5
turning,isolation_forest_rgb_features,2inchStickout_F_08-Jun-2017_rpm425_doc0p017_window_0003,validation,no_chatter,0,-0.1083812840245465,5
turning,isolation_forest_rgb_features,2inchStickout_F_08-Jun-2017_rpm425_doc0p017_window_0004,validation,no_chatter,0,-0.025077633765980323,5
turning,isolation_forest_rgb_features,2inchStickout_F_08-Jun-2017_rpm425_doc0p017_window_0005,validation,no_chatter,0,-0.04036518808042011,5
turning,isolation_forest_rgb_features,2inchStickout_F_08-Jun-2017_rpm425_doc0p017_window_0006,train,no_chatter,0,-0.10102648694142119,5
turning,isolation_forest_rgb_features,2inchStickout_F_08-Jun-2017_rpm425_doc0p017_window_0007,train,no_chatter,0,0.0011000475126063947,5
turning,isolation_forest_rgb_features,2inchStickout_F_08-Jun-2017_rpm570_doc0p010_window_0000,test,no_chatter,0,-0.10462493546207446,5
turning,isolation_forest_rgb_features,2inchStickout_F_08-Jun-2017_rpm570_doc0p010_window_0001,test,no_chatter,0,-0.07741592318738383,5
turning,isolation_forest_rgb_features,2inchStickout_F_08-Jun-2017_rpm570_doc0p010_window_0002,test,chatter,1,0.12925695613189325,5
turning,isolation_forest_rgb_features,2inchStickout_F_08-Jun-2017_rpm570_doc0p010_window_0003,test,chatter,1,0.09798191320568728,5
turning,isolation_forest_rgb_features,2inchStickout_F_08-Jun-2017_rpm570_doc0p010_window_0004,test,chatter,1,0.14143932765521117,5
turning,isolation_forest_rgb_features,2inchStickout_F_08-Jun-2017_rpm570_doc0p010_window_0005,test,chatter,1,0.17594175456393157,5
turning,isolation_forest_rgb_features,2inchStickout_F_08-Jun-2017_rpm770_doc0p002_window_0000,train,no_chatter,0,-0.12009139433517879,5
turning,isolation_forest_rgb_features,2inchStickout_F_08-Jun-2017_rpm770_doc0p002_window_0001,validation,chatter,1,0.1254216247826635,5
turning,isolation_forest_rgb_features,2inchStickout_F_08-Jun-2017_rpm770_doc0p002_window_0002,validation,chatter,1,0.23694611730649762,5
turning,isolation_forest_rgb_features,2inchStickout_F_08-Jun-2017_rpm770_doc0p002_window_0003,train,no_chatter,0,0.08003356057213606,5
turning,isolation_forest_rgb_features,2inchStickout_F_08-Jun-2017_rpm770_doc0p002_window_0004,validation,chatter,1,0.04898222613005743,5
turning,isolation_forest_rgb_features,2inchStickout_F_08-Jun-2017_rpm770_doc0p002_window_0005,train,no_chatter,0,0.06388798279297925,5
turning,isolation_forest_rgb_features,2inchStickout_F_08-Jun-2017_rpm770_doc0p002_window_0006,train,no_chatter,0,0.22061740037347377,5
turning,isolation_forest_rgb_features,2inchStickout_F_08-Jun-2017_rpm770_doc0p002_window_0007,validation,chatter,1,0.17593346771250662,5
turning,isolation_forest_rgb_features,2p5inchStickout_F_12-Jun-2017_rpm570_doc0p005_window_0000,test,no_chatter,0,-0.09282555300141077,5
turning,isolation_forest_rgb_features,2p5inchStickout_F_12-Jun-2017_rpm570_doc0p005_window_0001,train,no_chatter,0,-0.061711051095012515,5
turning,isolation_forest_rgb_features,2p5inchStickout_F_12-Jun-2017_rpm570_doc0p005_window_0002,train,no_chatter,0,-0.08529638015814273,5
turning,isolation_forest_rgb_features,2p5inchStickout_F_12-Jun-2017_rpm570_doc0p005_window_0003,train,no_chatter,0,-0.07776514493657105,5
turning,isolation_forest_rgb_features,2p5inchStickout_F_12-Jun-2017_rpm570_doc0p005_window_0004,test,no_chatter,0,-0.03399960304303595,5
turning,isolation_forest_rgb_features,2p5inchStickout_F_12-Jun-2017_rpm570_doc0p005_window_0005,train,no_chatter,0,0.015666266070065493,5
turning,isolation_forest_rgb_features,2p5inchStickout_F_12-Jun-2017_rpm570_doc0p005_window_0006,train,no_chatter,0,-0.09709167742350011,5
turning,isolation_forest_rgb_features,2p5inchStickout_F_12-Jun-2017_rpm570_doc0p005_window_0007,train,no_chatter,0,-0.09586660962222804,5
turning,isolation_forest_rgb_features,2p5inchStickout_F_12-Jun-2017_rpm570_doc0p005_window_0008,test,no_chatter,0,-0.03513501636619892,5
turning,isolation_forest_rgb_features,2p5inchStickout_F_12-Jun-2017_rpm570_doc0p005_window_0009,train,no_chatter,0,-0.0004186439913794193,5
turning,isolation_forest_rgb_features,2p5inchStickout_F_12-Jun-2017_rpm570_doc0p010_window_0000,train,no_chatter,0,-0.09011341823065872,5
turning,isolation_forest_rgb_features,2p5inchStickout_F_12-Jun-2017_rpm570_doc0p010_window_0001,train,no_chatter,0,-0.0728413721052612,5
turning,isolation_forest_rgb_features,2p5inchStickout_F_12-Jun-2017_rpm570_doc0p010_window_0002,train,no_chatter,0,-0.08531119026170852,5
turning,isolation_forest_rgb_features,2p5inchStickout_F_12-Jun-2017_rpm570_doc0p010_window_0003,test,no_chatter,0,-0.08501885276058546,5
turning,isolation_forest_rgb_features,2p5inchStickout_F_12-Jun-2017_rpm570_doc0p010_window_0004,train,no_chatter,0,-0.08893869485492523,5
turning,isolation_forest_rgb_features,2p5inchStickout_F_12-Jun-2017_rpm570_doc0p010_window_0005,train,no_chatter,0,-0.07882625868990234,5
turning,isolation_forest_rgb_features,2p5inchStickout_F_12-Jun-2017_rpm570_doc0p010_window_0006,test,no_chatter,0,-0.06084990387812311,5
turning,isolation_forest_rgb_features,2p5inchStickout_F_12-Jun-2017_rpm570_doc0p010_window_0007,train,no_chatter,0,-0.09724959587384485,5
turning,isolation_forest_rgb_features,2p5inchStickout_F_12-Jun-2017_rpm570_doc0p010_window_0008,train,no_chatter,0,-0.08002549610490717,5
turning,isolation_forest_rgb_features,2p5inchStickout_F_12-Jun-2017_rpm570_doc0p010_window_0009,test,no_chatter,0,-0.0756729575792574,5
turning,isolation_forest_rgb_features,3p5inchStickout_F_14-Jun-2017_rpm770_doc0p005_window_0000,validation,no_chatter,0,-0.06439144541423447,5
turning,isolation_forest_rgb_features,3p5inchStickout_F_14-Jun-2017_rpm770_doc0p005_window_0001,train,no_chatter,0,-0.01902651687973328,5
turning,isolation_forest_rgb_features,3p5inchStickout_F_14-Jun-2017_rpm770_doc0p005_window_0002,train,no_chatter,0,-0.038211187537361746,5
turning,isolation_forest_rgb_features,3p5inchStickout_F_14-Jun-2017_rpm770_doc0p005_window_0003,train,no_chatter,0,0.0215330813657153,5
turning,isolation_forest_rgb_features,4p5inchStickout_F_12-Jun-2017_rpm570_doc0p015_window_0000,train,no_chatter,0,-0.06802186286276923,5
turning,isolation_forest_rgb_features,4p5inchStickout_F_12-Jun-2017_rpm570_doc0p015_window_0001,train,no_chatter,0,-0.07181253631397816,5
turning,isolation_forest_rgb_features,4p5inchStickout_F_12-Jun-2017_rpm570_doc0p015_window_0002,train,no_chatter,0,-0.07292889468846997,5
turning,isolation_forest_rgb_features,4p5inchStickout_F_12-Jun-2017_rpm570_doc0p015_window_0003,train,no_chatter,0,-0.06420281068429623,5
turning,isolation_forest_rgb_features,4p5inchStickout_F_12-Jun-2017_rpm570_doc0p015_window_0004,train,no_chatter,0,-0.037564862888724404,5
turning,isolation_forest_rgb_features,4p5inchStickout_F_12-Jun-2017_rpm570_doc0p015_window_0005,train,no_chatter,0,-0.07330234819713793,5
turning,isolation_forest_rgb_features,4p5inchStickout_F_12-Jun-2017_rpm570_doc0p015_window_0006,train,no_chatter,0,-0.07045378470345642,5
turning,isolation_forest_rgb_features,4p5inchStickout_F_12-Jun-2017_rpm570_doc0p015_window_0007,train,no_chatter,0,-0.07781146935084249,5
turning,isolation_forest_rgb_features,4p5inchStickout_F_12-Jun-2017_rpm570_doc0p015_window_0008,train,no_chatter,0,-0.07468376083200334,5
turning,isolation_forest_rgb_features,4p5inchStickout_F_12-Jun-2017_rpm570_doc0p015_window_0009,train,no_chatter,0,-0.06760334824773045,5
turning,isolation_forest_rgb_features,4p5inchStickout_F_12-Jun-2017_rpm570_doc0p015_window_0010,train,no_chatter,0,-0.0638208281349924,5
turning,isolation_forest_rgb_features,4p5inchStickout_F_12-Jun-2017_rpm570_doc0p015_window_0011,train,no_chatter,0,-0.05886735211639993,5
turning,isolation_forest_rgb_features,4p5inchStickout_F_12-Jun-2017_rpm570_doc0p025_window_0000,train,no_chatter,0,-0.06751677243400328,5
turning,isolation_forest_rgb_features,4p5inchStickout_F_12-Jun-2017_rpm570_doc0p025_window_0001,train,no_chatter,0,-0.059995428211313706,5
turning,isolation_forest_rgb_features,4p5inchStickout_F_12-Jun-2017_rpm570_doc0p025_window_0002,train,no_chatter,0,-0.07158042404508508,5
turning,isolation_forest_rgb_features,4p5inchStickout_F_12-Jun-2017_rpm570_doc0p025_window_0003,train,no_chatter,0,-0.0695590285706345,5
turning,isolation_forest_rgb_features,4p5inchStickout_F_12-Jun-2017_rpm570_doc0p025_window_0004,train,no_chatter,0,-0.053931581319492605,5
turning,isolation_forest_rgb_features,4p5inchStickout_F_12-Jun-2017_rpm570_doc0p025_window_0005,train,no_chatter,0,-0.08308423387491382,5
turning,isolation_forest_rgb_features,4p5inchStickout_F_12-Jun-2017_rpm570_doc0p025_window_0006,test,no_chatter,0,-0.0778424012949882,5
turning,isolation_forest_rgb_features,4p5inchStickout_F_12-Jun-2017_rpm570_doc0p025_window_0007,train,no_chatter,0,-0.05680681945971777,5
turning,isolation_forest_rgb_features,4p5inchStickout_F_12-Jun-2017_rpm570_doc0p025_window_0008,train,no_chatter,0,-0.05625998926559206,5
turning,isolation_forest_rgb_features,4p5inchStickout_F_12-Jun-2017_rpm570_doc0p025_window_0009,train,no_chatter,0,-0.05013459963594641,5
turning,isolation_forest_rgb_features,4p5inchStickout_F_12-Jun-2017_rpm570_doc0p025_window_0010,train,no_chatter,0,-0.05179395319753649,5
turning,isolation_forest_rgb_features,4p5inchStickout_F_12-Jun-2017_rpm570_doc0p025_window_0011,train,no_chatter,0,-0.03326235167512359,5
turning,isolation_forest_rgb_features,4p5inchStickout_F_13-Jun-2017_rpm1030_doc0p010_window_0000,train,no_chatter,0,-0.04216066544957636,5
turning,isolation_forest_rgb_features,4p5inchStickout_F_13-Jun-2017_rpm1030_doc0p010_window_0001,test,no_chatter,0,0.07272371594059168,5
turning,isolation_forest_rgb_features,4p5inchStickout_F_13-Jun-2017_rpm1030_doc0p010_window_0002,train,no_chatter,0,-0.0005743267858062673,5
turning,isolation_forest_rgb_features,4p5inchStickout_F_13-Jun-2017_rpm1030_doc0p010_window_0003,train,no_chatter,0,0.01882511358224359,5
turning,isolation_forest_rgb_features,4p5inchStickout_F_13-Jun-2017_rpm1030_doc0p013_window_0000,test,no_chatter,0,-0.05852417044181152,5
turning,isolation_forest_rgb_features,4p5inchStickout_F_13-Jun-2017_rpm1030_doc0p013_window_0001,train,no_chatter,0,0.017887489057709538,5
turning,isolation_forest_rgb_features,4p5inchStickout_F_13-Jun-2017_rpm1030_doc0p013_window_0002,test,no_chatter,0,-0.01835700682149355,5
turning,isolation_forest_rgb_features,4p5inchStickout_F_13-Jun-2017_rpm1030_doc0p013_window_0003,train,no_chatter,0,-0.02537281429138427,5
turning,isolation_forest_rgb_features,4p5inchStickout_F_13-Jun-2017_rpm770_doc0p020_window_0000,train,no_chatter,0,-0.05895534234720806,5
turning,isolation_forest_rgb_features,4p5inchStickout_F_13-Jun-2017_rpm770_doc0p020_window_0001,train,no_chatter,0,-0.05197454712509664,5
turning,isolation_forest_rgb_features,4p5inchStickout_F_13-Jun-2017_rpm770_doc0p020_window_0002,test,no_chatter,0,-0.05684892323742191,5
turning,isolation_forest_rgb_features,4p5inchStickout_F_13-Jun-2017_rpm770_doc0p020_window_0003,train,no_chatter,0,-0.033657015051516914,5
turning,isolation_forest_rgb_features,4p5inchStickout_F_13-Jun-2017_rpm770_doc0p020_window_0004,train,no_chatter,0,-0.032083612907254366,5
turning,isolation_forest_rgb_features,4p5inchStickout_F_13-Jun-2017_rpm770_doc0p020_window_0005,train,no_chatter,0,-0.042590285609587,5
turning,pca_rgb_reconstruction,2inchStickout_F_08-Jun-2017_rpm320_doc0p005_window_0000,train,no_chatter,0,5.000639066565782e-05,5
turning,pca_rgb_reconstruction,2inchStickout_F_08-Jun-2017_rpm320_doc0p005_window_0001,train,no_chatter,0,4.51583182439208e-05,5
turning,pca_rgb_reconstruction,2inchStickout_F_08-Jun-2017_rpm320_doc0p005_window_0002,train,no_chatter,0,4.411957706906833e-05,5
turning,pca_rgb_reconstruction,2inchStickout_F_08-Jun-2017_rpm320_doc0p005_window_0003,train,no_chatter,0,4.353072290541604e-05,5
turning,pca_rgb_reconstruction,2inchStickout_F_08-Jun-2017_rpm320_doc0p005_window_0004,train,no_chatter,0,0.00014433385513257235,5
turning,pca_rgb_reconstruction,2inchStickout_F_08-Jun-2017_rpm320_doc0p005_window_0005,validation,no_chatter,0,0.0019750199280679226,5
turning,pca_rgb_reconstruction,2inchStickout_F_08-Jun-2017_rpm320_doc0p005_window_0006,validation,chatter,1,0.002220029477030039,5
turning,pca_rgb_reconstruction,2inchStickout_F_08-Jun-2017_rpm320_doc0p005_window_0007,validation,chatter,1,0.0018423022702336311,5
turning,pca_rgb_reconstruction,2inchStickout_F_08-Jun-2017_rpm320_doc0p005_window_0008,validation,chatter,1,0.0027987014036625624,5
turning,pca_rgb_reconstruction,2inchStickout_F_08-Jun-2017_rpm320_doc0p005_window_0009,validation,chatter,1,0.0019283685833215714,5
turning,pca_rgb_reconstruction,2inchStickout_F_08-Jun-2017_rpm320_doc0p005_window_0010,validation,chatter,1,0.0016461600316688418,5
turning,pca_rgb_reconstruction,2inchStickout_F_08-Jun-2017_rpm320_doc0p005_window_0011,validation,chatter,1,0.0016564183169975877,5
turning,pca_rgb_reconstruction,2inchStickout_F_08-Jun-2017_rpm320_doc0p005_window_0012,train,no_chatter,0,0.0011463846312835813,5
turning,pca_rgb_reconstruction,2inchStickout_F_08-Jun-2017_rpm320_doc0p005_window_0013,train,no_chatter,0,0.000779654597863555,5
turning,pca_rgb_reconstruction,2inchStickout_F_08-Jun-2017_rpm320_doc0p005_window_0014,train,no_chatter,0,0.0006401803693734109,5
turning,pca_rgb_reconstruction,2inchStickout_F_08-Jun-2017_rpm320_doc0p005_window_0015,train,no_chatter,0,0.0005797011544927955,5
turning,pca_rgb_reconstruction,2inchStickout_F_08-Jun-2017_rpm320_doc0p005_window_0016,train,no_chatter,0,0.0005778931663371623,5
turning,pca_rgb_reconstruction,2inchStickout_F_08-Jun-2017_rpm320_doc0p005_window_0017,train,no_chatter,0,0.0006134660798124969,5
turning,pca_rgb_reconstruction,2inchStickout_F_08-Jun-2017_rpm320_doc0p005_window_0018,train,no_chatter,0,0.000558397441636771,5
turning,pca_rgb_reconstruction,2inchStickout_F_08-Jun-2017_rpm320_doc0p005_window_0019,train,no_chatter,0,0.0005837603821419179,5
turning,pca_rgb_reconstruction,2inchStickout_F_08-Jun-2017_rpm320_doc0p005_window_0020,train,no_chatter,0,0.0006058710278011858,5
turning,pca_rgb_reconstruction,2inchStickout_F_08-Jun-2017_rpm320_doc0p005_window_0021,train,no_chatter,0,0.0011482045520097017,5
turning,pca_rgb_reconstruction,2inchStickout_F_08-Jun-2017_rpm320_doc0p005_window_0022,train,no_chatter,0,0.0017271836986765265,5
turning,pca_rgb_reconstruction,2inchStickout_F_08-Jun-2017_rpm320_doc0p005_window_0023,train,no_chatter,0,0.0012710938462987542,5
turning,pca_rgb_reconstruction,2inchStickout_F_08-Jun-2017_rpm320_doc0p030_window_0000,train,no_chatter,0,3.665946496766992e-05,5
turning,pca_rgb_reconstruction,2inchStickout_F_08-Jun-2017_rpm320_doc0p030_window_0001,train,no_chatter,0,3.132812344119884e-05,5
turning,pca_rgb_reconstruction,2inchStickout_F_08-Jun-2017_rpm320_doc0p030_window_0002,train,no_chatter,0,3.312206899863668e-05,5
turning,pca_rgb_reconstruction,2inchStickout_F_08-Jun-2017_rpm320_doc0p030_window_0003,train,no_chatter,0,0.0005207422655075788,5
turning,pca_rgb_reconstruction,2inchStickout_F_08-Jun-2017_rpm320_doc0p030_window_0004,train,no_chatter,0,0.00045971747022122145,5
turning,pca_rgb_reconstruction,2inchStickout_F_08-Jun-2017_rpm320_doc0p030_window_0005,train,no_chatter,0,0.0002595599798951298,5
turning,pca_rgb_reconstruction,2inchStickout_F_08-Jun-2017_rpm320_doc0p030_window_0006,train,no_chatter,0,0.0003124268550891429,5
turning,pca_rgb_reconstruction,2inchStickout_F_08-Jun-2017_rpm320_doc0p030_window_0007,train,no_chatter,0,0.000356395379640162,5
turning,pca_rgb_reconstruction,2inchStickout_F_08-Jun-2017_rpm320_doc0p030_window_0008,train,no_chatter,0,0.00035333397681824863,5
turning,pca_rgb_reconstruction,2inchStickout_F_08-Jun-2017_rpm320_doc0p030_window_0009,train,no_chatter,0,0.0003698251093737781,5
turning,pca_rgb_reconstruction,2inchStickout_F_08-Jun-2017_rpm320_doc0p030_window_0010,train,no_chatter,0,0.0003213457821402699,5
turning,pca_rgb_reconstruction,2inchStickout_F_08-Jun-2017_rpm320_doc0p030_window_0011,validation,no_chatter,0,0.00038647500332444906,5
turning,pca_rgb_reconstruction,2inchStickout_F_08-Jun-2017_rpm320_doc0p030_window_0012,validation,no_chatter,0,0.00027696872712112963,5
turning,pca_rgb_reconstruction,2inchStickout_F_08-Jun-2017_rpm320_doc0p030_window_0013,train,no_chatter,0,0.00036812329199165106,5
turning,pca_rgb_reconstruction,2inchStickout_F_08-Jun-2017_rpm320_doc0p030_window_0014,train,no_chatter,0,0.0004179415409453213,5
turning,pca_rgb_reconstruction,2inchStickout_F_08-Jun-2017_rpm320_doc0p030_window_0015,train,no_chatter,0,0.00037280688411556184,5
turning,pca_rgb_reconstruction,2inchStickout_F_08-Jun-2017_rpm320_doc0p030_window_0016,train,no_chatter,0,0.000374563125660643,5
turning,pca_rgb_reconstruction,2inchStickout_F_08-Jun-2017_rpm320_doc0p030_window_0017,train,no_chatter,0,0.00046566457604058087,5
turning,pca_rgb_reconstruction,2inchStickout_F_08-Jun-2017_rpm320_doc0p030_window_0018,train,no_chatter,0,0.0006089583621360362,5
turning,pca_rgb_reconstruction,2inchStickout_F_08-Jun-2017_rpm320_doc0p030_window_0019,validation,no_chatter,0,0.0006599351763725281,5
turning,pca_rgb_reconstruction,2inchStickout_F_08-Jun-2017_rpm320_doc0p030_window_0020,validation,no_chatter,0,0.0007620864198543131,5
turning,pca_rgb_reconstruction,2inchStickout_F_08-Jun-2017_rpm320_doc0p030_window_0021,train,no_chatter,0,0.0009309854940511286,5
turning,pca_rgb_reconstruction,2inchStickout_F_08-Jun-2017_rpm320_doc0p030_window_0022,train,no_chatter,0,0.0010517111513763666,5
turning,pca_rgb_reconstruction,2inchStickout_F_08-Jun-2017_rpm320_doc0p030_window_0023,train,no_chatter,0,0.0009952744003385305,5
turning,pca_rgb_reconstruction,2inchStickout_F_08-Jun-2017_rpm425_doc0p017_window_0000,train,no_chatter,0,4.161498509347439e-05,5
turning,pca_rgb_reconstruction,2inchStickout_F_08-Jun-2017_rpm425_doc0p017_window_0001,train,no_chatter,0,0.00014908838784322143,5
turning,pca_rgb_reconstruction,2inchStickout_F_08-Jun-2017_rpm425_doc0p017_window_0002,validation,no_chatter,0,0.0007120246882550418,5
turning,pca_rgb_reconstruction,2inchStickout_F_08-Jun-2017_rpm425_doc0p017_window_0003,validation,no_chatter,0,0.001003568060696125,5
turning,pca_rgb_reconstruction,2inchStickout_F_08-Jun-2017_rpm425_doc0p017_window_0004,validation,no_chatter,0,0.0013549827272072434,5
turning,pca_rgb_reconstruction,2inchStickout_F_08-Jun-2017_rpm425_doc0p017_window_0005,validation,no_chatter,0,0.000982738914899528,5
turning,pca_rgb_reconstruction,2inchStickout_F_08-Jun-2017_rpm425_doc0p017_window_0006,train,no_chatter,0,0.0009496761485934258,5
turning,pca_rgb_reconstruction,2inchStickout_F_08-Jun-2017_rpm425_doc0p017_window_0007,train,no_chatter,0,0.0019502078648656607,5
turning,pca_rgb_reconstruction,2inchStickout_F_08-Jun-2017_rpm570_doc0p010_window_0000,test,no_chatter,0,5.467849405249581e-05,5
turning,pca_rgb_reconstruction,2inchStickout_F_08-Jun-2017_rpm570_doc0p010_window_0001,test,no_chatter,0,0.0009079979499801993,5
turning,pca_rgb_reconstruction,2inchStickout_F_08-Jun-2017_rpm570_doc0p010_window_0002,test,chatter,1,0.0020587884355336428,5
turning,pca_rgb_reconstruction,2inchStickout_F_08-Jun-2017_rpm570_doc0p010_window_0003,test,chatter,1,0.0018223728984594345,5
turning,pca_rgb_reconstruction,2inchStickout_F_08-Jun-2017_rpm570_doc0p010_window_0004,test,chatter,1,0.0018027256010100245,5
turning,pca_rgb_reconstruction,2inchStickout_F_08-Jun-2017_rpm570_doc0p010_window_0005,test,chatter,1,0.0022647592704743147,5
turning,pca_rgb_reconstruction,2inchStickout_F_08-Jun-2017_rpm770_doc0p002_window_0000,train,no_chatter,0,6.897954153828323e-05,5
turning,pca_rgb_reconstruction,2inchStickout_F_08-Jun-2017_rpm770_doc0p002_window_0001,validation,chatter,1,0.002518465043976903,5
turning,pca_rgb_reconstruction,2inchStickout_F_08-Jun-2017_rpm770_doc0p002_window_0002,validation,chatter,1,0.007116119842976332,5
turning,pca_rgb_reconstruction,2inchStickout_F_08-Jun-2017_rpm770_doc0p002_window_0003,train,no_chatter,0,0.002765600336715579,5
turning,pca_rgb_reconstruction,2inchStickout_F_08-Jun-2017_rpm770_doc0p002_window_0004,validation,chatter,1,0.00264400034211576,5
turning,pca_rgb_reconstruction,2inchStickout_F_08-Jun-2017_rpm770_doc0p002_window_0005,train,no_chatter,0,0.0024196591693907976,5
turning,pca_rgb_reconstruction,2inchStickout_F_08-Jun-2017_rpm770_doc0p002_window_0006,train,no_chatter,0,0.005799520760774612,5
turning,pca_rgb_reconstruction,2inchStickout_F_08-Jun-2017_rpm770_doc0p002_window_0007,validation,chatter,1,0.003177700098603964,5
turning,pca_rgb_reconstruction,2p5inchStickout_F_12-Jun-2017_rpm570_doc0p005_window_0000,test,no_chatter,0,0.00015033544332254678,5
turning,pca_rgb_reconstruction,2p5inchStickout_F_12-Jun-2017_rpm570_doc0p005_window_0001,train,no_chatter,0,0.0007853792631067336,5
turning,pca_rgb_reconstruction,2p5inchStickout_F_12-Jun-2017_rpm570_doc0p005_window_0002,train,no_chatter,0,0.000497032655403018,5
turning,pca_rgb_reconstruction,2p5inchStickout_F_12-Jun-2017_rpm570_doc0p005_window_0003,train,no_chatter,0,0.0006554521387442946,5
turning,pca_rgb_reconstruction,2p5inchStickout_F_12-Jun-2017_rpm570_doc0p005_window_0004,test,no_chatter,0,0.0013132923049852252,5
turning,pca_rgb_reconstruction,2p5inchStickout_F_12-Jun-2017_rpm570_doc0p005_window_0005,train,no_chatter,0,0.0024148356169462204,5
turning,pca_rgb_reconstruction,2p5inchStickout_F_12-Jun-2017_rpm570_doc0p005_window_0006,train,no_chatter,0,0.0005579235730692744,5
turning,pca_rgb_reconstruction,2p5inchStickout_F_12-Jun-2017_rpm570_doc0p005_window_0007,train,no_chatter,0,0.0005049312603659928,5
turning,pca_rgb_reconstruction,2p5inchStickout_F_12-Jun-2017_rpm570_doc0p005_window_0008,test,no_chatter,0,0.0026026314590126276,5
turning,pca_rgb_reconstruction,2p5inchStickout_F_12-Jun-2017_rpm570_doc0p005_window_0009,train,no_chatter,0,0.0025833756662905216,5
turning,pca_rgb_reconstruction,2p5inchStickout_F_12-Jun-2017_rpm570_doc0p010_window_0000,train,no_chatter,0,0.00036446854937821627,5
turning,pca_rgb_reconstruction,2p5inchStickout_F_12-Jun-2017_rpm570_doc0p010_window_0001,train,no_chatter,0,0.0007387307123281062,5
turning,pca_rgb_reconstruction,2p5inchStickout_F_12-Jun-2017_rpm570_doc0p010_window_0002,train,no_chatter,0,0.0005547173786908388,5
turning,pca_rgb_reconstruction,2p5inchStickout_F_12-Jun-2017_rpm570_doc0p010_window_0003,test,no_chatter,0,0.0004277409752830863,5
turning,pca_rgb_reconstruction,2p5inchStickout_F_12-Jun-2017_rpm570_doc0p010_window_0004,train,no_chatter,0,0.000576352293137461,5
turning,pca_rgb_reconstruction,2p5inchStickout_F_12-Jun-2017_rpm570_doc0p010_window_0005,train,no_chatter,0,0.0006739810924045742,5
turning,pca_rgb_reconstruction,2p5inchStickout_F_12-Jun-2017_rpm570_doc0p010_window_0006,test,no_chatter,0,0.000852754048537463,5
turning,pca_rgb_reconstruction,2p5inchStickout_F_12-Jun-2017_rpm570_doc0p010_window_0007,train,no_chatter,0,0.0005685899523086846,5
turning,pca_rgb_reconstruction,2p5inchStickout_F_12-Jun-2017_rpm570_doc0p010_window_0008,train,no_chatter,0,0.0005213471595197916,5
turning,pca_rgb_reconstruction,2p5inchStickout_F_12-Jun-2017_rpm570_doc0p010_window_0009,test,no_chatter,0,0.0004962988896295428,5
turning,pca_rgb_reconstruction,3p5inchStickout_F_14-Jun-2017_rpm770_doc0p005_window_0000,validation,no_chatter,0,9.495558333583176e-05,5
turning,pca_rgb_reconstruction,3p5inchStickout_F_14-Jun-2017_rpm770_doc0p005_window_0001,train,no_chatter,0,0.0007514050230383873,5
turning,pca_rgb_reconstruction,3p5inchStickout_F_14-Jun-2017_rpm770_doc0p005_window_0002,train,no_chatter,0,0.000892479089088738,5
turning,pca_rgb_reconstruction,3p5inchStickout_F_14-Jun-2017_rpm770_doc0p005_window_0003,train,no_chatter,0,0.001448597526177764,5
turning,pca_rgb_reconstruction,4p5inchStickout_F_12-Jun-2017_rpm570_doc0p015_window_0000,train,no_chatter,0,3.570825356291607e-05,5
turning,pca_rgb_reconstruction,4p5inchStickout_F_12-Jun-2017_rpm570_doc0p015_window_0001,train,no_chatter,0,3.096060027019121e-05,5
turning,pca_rgb_reconstruction,4p5inchStickout_F_12-Jun-2017_rpm570_doc0p015_window_0002,train,no_chatter,0,3.251433008699678e-05,5
turning,pca_rgb_reconstruction,4p5inchStickout_F_12-Jun-2017_rpm570_doc0p015_window_0003,train,no_chatter,0,3.599698902689852e-05,5
turning,pca_rgb_reconstruction,4p5inchStickout_F_12-Jun-2017_rpm570_doc0p015_window_0004,train,no_chatter,0,0.00032951447064988315,5
turning,pca_rgb_reconstruction,4p5inchStickout_F_12-Jun-2017_rpm570_doc0p015_window_0005,train,no_chatter,0,0.0007346274214796722,5
turning,pca_rgb_reconstruction,4p5inchStickout_F_12-Jun-2017_rpm570_doc0p015_window_0006,train,no_chatter,0,0.0005346208927221596,5
turning,pca_rgb_reconstruction,4p5inchStickout_F_12-Jun-2017_rpm570_doc0p015_window_0007,train,no_chatter,0,0.0006703349063172936,5
turning,pca_rgb_reconstruction,4p5inchStickout_F_12-Jun-2017_rpm570_doc0p015_window_0008,train,no_chatter,0,0.0006335749640129507,5
turning,pca_rgb_reconstruction,4p5inchStickout_F_12-Jun-2017_rpm570_doc0p015_window_0009,train,no_chatter,0,0.0009720197995193303,5
turning,pca_rgb_reconstruction,4p5inchStickout_F_12-Jun-2017_rpm570_doc0p015_window_0010,train,no_chatter,0,0.0009695137850940228,5
turning,pca_rgb_reconstruction,4p5inchStickout_F_12-Jun-2017_rpm570_doc0p015_window_0011,train,no_chatter,0,0.001227269065566361,5
turning,pca_rgb_reconstruction,4p5inchStickout_F_12-Jun-2017_rpm570_doc0p025_window_0000,train,no_chatter,0,4.6678458602400497e-05,5
turning,pca_rgb_reconstruction,4p5inchStickout_F_12-Jun-2017_rpm570_doc0p025_window_0001,train,no_chatter,0,4.5164244511397555e-05,5
turning,pca_rgb_reconstruction,4p5inchStickout_F_12-Jun-2017_rpm570_doc0p025_window_0002,train,no_chatter,0,4.1628449253039435e-05,5
turning,pca_rgb_reconstruction,4p5inchStickout_F_12-Jun-2017_rpm570_doc0p025_window_0003,train,no_chatter,0,3.859258140437305e-05,5
turning,pca_rgb_reconstruction,4p5inchStickout_F_12-Jun-2017_rpm570_doc0p025_window_0004,train,no_chatter,0,0.00039035058580338955,5
turning,pca_rgb_reconstruction,4p5inchStickout_F_12-Jun-2017_rpm570_doc0p025_window_0005,train,no_chatter,0,0.00047196188825182617,5
turning,pca_rgb_reconstruction,4p5inchStickout_F_12-Jun-2017_rpm570_doc0p025_window_0006,test,no_chatter,0,0.0005237766890786588,5
turning,pca_rgb_reconstruction,4p5inchStickout_F_12-Jun-2017_rpm570_doc0p025_window_0007,train,no_chatter,0,0.0005586295737884939,5
turning,pca_rgb_reconstruction,4p5inchStickout_F_12-Jun-2017_rpm570_doc0p025_window_0008,train,no_chatter,0,0.0008843111572787166,5
turning,pca_rgb_reconstruction,4p5inchStickout_F_12-Jun-2017_rpm570_doc0p025_window_0009,train,no_chatter,0,0.0011529674520716071,5
turning,pca_rgb_reconstruction,4p5inchStickout_F_12-Jun-2017_rpm570_doc0p025_window_0010,train,no_chatter,0,0.001127263531088829,5
turning,pca_rgb_reconstruction,4p5inchStickout_F_12-Jun-2017_rpm570_doc0p025_window_0011,train,no_chatter,0,0.0009205897222273052,5
turning,pca_rgb_reconstruction,4p5inchStickout_F_13-Jun-2017_rpm1030_doc0p010_window_0000,train,no_chatter,0,7.182641274994239e-05,5
turning,pca_rgb_reconstruction,4p5inchStickout_F_13-Jun-2017_rpm1030_doc0p010_window_0001,test,no_chatter,0,0.0011581492144614458,5
turning,pca_rgb_reconstruction,4p5inchStickout_F_13-Jun-2017_rpm1030_doc0p010_window_0002,train,no_chatter,0,0.0013663123827427626,5
turning,pca_rgb_reconstruction,4p5inchStickout_F_13-Jun-2017_rpm1030_doc0p010_window_0003,train,no_chatter,0,0.0009207704570144415,5
turning,pca_rgb_reconstruction,4p5inchStickout_F_13-Jun-2017_rpm1030_doc0p013_window_0000,test,no_chatter,0,7.144483242882416e-05,5
turning,pca_rgb_reconstruction,4p5inchStickout_F_13-Jun-2017_rpm1030_doc0p013_window_0001,train,no_chatter,0,0.0006814456428401172,5
turning,pca_rgb_reconstruction,4p5inchStickout_F_13-Jun-2017_rpm1030_doc0p013_window_0002,test,no_chatter,0,0.0009528042282909155,5
turning,pca_rgb_reconstruction,4p5inchStickout_F_13-Jun-2017_rpm1030_doc0p013_window_0003,train,no_chatter,0,0.0010635958751663566,5
turning,pca_rgb_reconstruction,4p5inchStickout_F_13-Jun-2017_rpm770_doc0p020_window_0000,train,no_chatter,0,5.3191339247860014e-05,5
turning,pca_rgb_reconstruction,4p5inchStickout_F_13-Jun-2017_rpm770_doc0p020_window_0001,train,no_chatter,0,0.00038523160037584603,5
turning,pca_rgb_reconstruction,4p5inchStickout_F_13-Jun-2017_rpm770_doc0p020_window_0002,test,no_chatter,0,0.0006980517646297812,5
turning,pca_rgb_reconstruction,4p5inchStickout_F_13-Jun-2017_rpm770_doc0p020_window_0003,train,no_chatter,0,0.0008247122750617564,5
turning,pca_rgb_reconstruction,4p5inchStickout_F_13-Jun-2017_rpm770_doc0p020_window_0004,train,no_chatter,0,0.0007292287773452699,5
turning,pca_rgb_reconstruction,4p5inchStickout_F_13-Jun-2017_rpm770_doc0p020_window_0005,train,no_chatter,0,0.0015556864673271775,5
