dataset,method,sample_id,split,label,target,score_value
broach_dataset,one_class_svm_rgb_features,007f6hcw,test,normal,0,-0.7206748890902706
broach_dataset,one_class_svm_rgb_features,02grxpud,test,normal,0,-2.1149217153367275
broach_dataset,one_class_svm_rgb_features,02z38vf4,test,normal,0,-3.2037297732127676
broach_dataset,one_class_svm_rgb_features,031w0zyp,test,normal,0,7.403800186029309
broach_dataset,one_class_svm_rgb_features,037fhg93,test,normal,0,13.757516970936765
broach_dataset,one_class_svm_rgb_features,03kgylen,test,normal,0,-0.8700169538140141
broach_dataset,one_class_svm_rgb_features,03rv0vqq,test,normal,0,-3.007042242690215
broach_dataset,one_class_svm_rgb_features,04lh49mk,test,normal,0,13.527269245004351
broach_dataset,one_class_svm_rgb_features,04zgn65o,test,normal,0,-1.368459486404495
broach_dataset,one_class_svm_rgb_features,05g00r5y,test,normal,0,-2.9171134221347153
broach_dataset,one_class_svm_rgb_features,05q4yr7k,test,normal,0,-1.6363628233251895
broach_dataset,one_class_svm_rgb_features,05sutg2g,test,normal,0,-0.9666154464927832
broach_dataset,one_class_svm_rgb_features,05xt54fn,test,normal,0,-0.5543060815265193
broach_dataset,one_class_svm_rgb_features,07j0np7q,test,normal,0,13.0302139688912
broach_dataset,one_class_svm_rgb_features,07rgtg3f,test,normal,0,1.5187440892054695
broach_dataset,one_class_svm_rgb_features,080iagi8,test,normal,0,-1.1393103511054878
broach_dataset,one_class_svm_rgb_features,0862s18j,test,normal,0,-2.732231390713718
broach_dataset,one_class_svm_rgb_features,08dupbm4,test,normal,0,0.5721580456010429
broach_dataset,one_class_svm_rgb_features,0952lvfk,test,normal,0,-1.1326700366381726
broach_dataset,one_class_svm_rgb_features,09hkd6k7,test,normal,0,1.4851817671835654
broach_dataset,one_class_svm_rgb_features,0aeoorbt,test,normal,0,2.427249832668645
broach_dataset,one_class_svm_rgb_features,0ahz6fe0,test,normal,0,-1.574356954106019
broach_dataset,one_class_svm_rgb_features,0an5sdh2,test,normal,0,0.16027679115904192
broach_dataset,one_class_svm_rgb_features,0b17my6x,test,normal,0,2.135135024925102
broach_dataset,one_class_svm_rgb_features,0bl31jew,test,normal,0,-1.9316573533287276
broach_dataset,one_class_svm_rgb_features,0bxxowwr,test,normal,0,-1.5051293279670226
broach_dataset,one_class_svm_rgb_features,0ctef4tx,test,normal,0,0.5187670598843077
broach_dataset,one_class_svm_rgb_features,0dcqykw0,test,normal,0,3.7175412484035846
broach_dataset,one_class_svm_rgb_features,0dhr7zqp,test,normal,0,9.95333757127263
broach_dataset,one_class_svm_rgb_features,0dwm2vtx,test,normal,0,-2.0080986581713205
broach_dataset,one_class_svm_rgb_features,0e2qmk3u,test,normal,0,-1.781997430338933
broach_dataset,one_class_svm_rgb_features,0f72ve4i,test,normal,0,-3.0536327461869206
broach_dataset,one_class_svm_rgb_features,0gdwkxsi,test,normal,0,0.07845284729574864
broach_dataset,one_class_svm_rgb_features,0gmv0akj,test,normal,0,1.7529081883989814
broach_dataset,one_class_svm_rgb_features,0h41nqxu,test,normal,0,13.629563815258784
broach_dataset,one_class_svm_rgb_features,0hdj7o9x,test,normal,0,-1.6917147461823383
broach_dataset,one_class_svm_rgb_features,0hkkwjsv,test,normal,0,-2.8551605454903495
broach_dataset,one_class_svm_rgb_features,0ixb2x9m,test,normal,0,-2.1719532946342532
broach_dataset,one_class_svm_rgb_features,0ixf8yde,test,normal,0,-2.082261184470024
broach_dataset,one_class_svm_rgb_features,0jnspskt,test,normal,0,-3.0699246118203654
broach_dataset,one_class_svm_rgb_features,0k3wr0bu,test,normal,0,-0.07264416024858988
broach_dataset,one_class_svm_rgb_features,0k9qaqaw,test,normal,0,0.07371447784425378
broach_dataset,one_class_svm_rgb_features,0kcjty6o,test,normal,0,-1.827261434904763
broach_dataset,one_class_svm_rgb_features,0kpvm1n3,test,normal,0,0.5970168381275105
broach_dataset,one_class_svm_rgb_features,0ln6tfjn,test,normal,0,-3.1773397524966427
broach_dataset,one_class_svm_rgb_features,0mdgjy7h,test,normal,0,-0.9577785531580467
broach_dataset,one_class_svm_rgb_features,0miwlfj4,test,normal,0,-0.1776764164165776
broach_dataset,one_class_svm_rgb_features,0n0oqwjs,test,normal,0,-0.5291839096150106
broach_dataset,one_class_svm_rgb_features,0nt95ost,test,normal,0,-3.28700472485988
broach_dataset,one_class_svm_rgb_features,0pc9tufy,test,normal,0,12.175731477484891
broach_dataset,one_class_svm_rgb_features,0qb6mxux,test,normal,0,-2.4726321861950176
broach_dataset,one_class_svm_rgb_features,0r3i9huk,test,normal,0,-3.200277313567433
broach_dataset,one_class_svm_rgb_features,0r4gfby0,test,normal,0,-2.3763035103461654
broach_dataset,one_class_svm_rgb_features,0rnoaayx,test,normal,0,-2.0950863381345037
broach_dataset,one_class_svm_rgb_features,0rrsxqsa,test,normal,0,-1.519346523468725
broach_dataset,one_class_svm_rgb_features,0sqcnf9w,test,normal,0,0.911008274342958
broach_dataset,one_class_svm_rgb_features,0uc87nxp,test,normal,0,-0.04569043902442438
broach_dataset,one_class_svm_rgb_features,0ukw1whj,test,normal,0,-0.24494260356418351
broach_dataset,one_class_svm_rgb_features,0uxmyye3,test,normal,0,-2.823133864886863
broach_dataset,one_class_svm_rgb_features,0vaax73u,test,normal,0,-1.4290988355774932
broach_dataset,one_class_svm_rgb_features,0w3wlned,test,normal,0,-2.8043577793842758
broach_dataset,one_class_svm_rgb_features,0w4efzv8,test,normal,0,-4.074299439816571
broach_dataset,one_class_svm_rgb_features,0w8m8g5d,test,normal,0,13.395530072902252
broach_dataset,one_class_svm_rgb_features,0w987utm,test,normal,0,-2.539205011159396
broach_dataset,one_class_svm_rgb_features,0yb9c55c,test,normal,0,-0.95432803195839
broach_dataset,one_class_svm_rgb_features,0yfr2x3x,test,normal,0,-3.998515935907051
broach_dataset,one_class_svm_rgb_features,0yjhpfsz,test,normal,0,1.011118215356948
broach_dataset,one_class_svm_rgb_features,0z25ytyt,test,normal,0,8.880036907333864
broach_dataset,one_class_svm_rgb_features,114dkomf,test,normal,0,-1.7456811498057636
broach_dataset,one_class_svm_rgb_features,128e63x3,test,normal,0,-1.8122433076792905
broach_dataset,one_class_svm_rgb_features,12qfawl8,test,normal,0,-2.88973209471531
broach_dataset,one_class_svm_rgb_features,133fopnz,test,normal,0,-1.5543735075835023
broach_dataset,one_class_svm_rgb_features,13q8tc9n,test,normal,0,6.358800764557412
broach_dataset,one_class_svm_rgb_features,143wm0r6,test,normal,0,0.1303913498854392
broach_dataset,one_class_svm_rgb_features,149emp3c,test,normal,0,9.21993873010193
broach_dataset,one_class_svm_rgb_features,14f4gxnn,test,normal,0,0.317949381081446
broach_dataset,one_class_svm_rgb_features,14z2fo4e,test,normal,0,-1.9624250409453836
broach_dataset,one_class_svm_rgb_features,15ahdbvz,test,normal,0,-1.1181986339879604
broach_dataset,one_class_svm_rgb_features,15mlpyga,test,normal,0,-2.2751697243618594
broach_dataset,one_class_svm_rgb_features,1691aj7d,test,normal,0,-2.357833059069094
broach_dataset,one_class_svm_rgb_features,16epo2u4,test,normal,0,-0.08220494631949649
broach_dataset,one_class_svm_rgb_features,16lks2dv,test,normal,0,-1.896105560614405
broach_dataset,one_class_svm_rgb_features,1744txkx,test,normal,0,-2.3763904701310565
broach_dataset,one_class_svm_rgb_features,177edw3t,test,normal,0,-0.9795017352339119
broach_dataset,one_class_svm_rgb_features,1aegoao6,test,normal,0,-1.2314202293961163
broach_dataset,one_class_svm_rgb_features,1awph0dt,test,normal,0,-2.7095792483141956
broach_dataset,one_class_svm_rgb_features,1axv5gy8,test,normal,0,13.691525350032514
broach_dataset,one_class_svm_rgb_features,1b6boeo6,test,normal,0,-2.795787638245983
broach_dataset,one_class_svm_rgb_features,1bdj5lqc,test,normal,0,4.324330643108533
broach_dataset,one_class_svm_rgb_features,1bnqg34m,test,normal,0,-2.8826523940157145
broach_dataset,one_class_svm_rgb_features,1bujlz84,test,normal,0,-1.353963482209597
broach_dataset,one_class_svm_rgb_features,1cxdcwgk,test,normal,0,-2.923066531201922
broach_dataset,one_class_svm_rgb_features,1cz6et84,test,normal,0,-0.35378795774540706
broach_dataset,one_class_svm_rgb_features,1d430vz7,test,normal,0,0.9760794002414226
broach_dataset,one_class_svm_rgb_features,1duhbx6a,test,normal,0,-1.8923081879822377
broach_dataset,one_class_svm_rgb_features,1dwmejke,test,normal,0,0.6848737011160058
broach_dataset,one_class_svm_rgb_features,1ekvipat,test,normal,0,-0.45042196114040145
broach_dataset,one_class_svm_rgb_features,1eojsii6,test,normal,0,0.7981209787263417
broach_dataset,one_class_svm_rgb_features,1fms898c,test,normal,0,-0.08107481459978771
broach_dataset,one_class_svm_rgb_features,1fuvpwb4,test,normal,0,13.698973764710932
broach_dataset,one_class_svm_rgb_features,1g1duyga,test,normal,0,-2.351502718743223
broach_dataset,one_class_svm_rgb_features,1g2lk9bm,test,normal,0,2.2325512103780376
broach_dataset,one_class_svm_rgb_features,1g9a8q7u,test,normal,0,-1.0610501227968054
broach_dataset,one_class_svm_rgb_features,1hfl1zop,test,normal,0,-1.1276114230956633
broach_dataset,one_class_svm_rgb_features,1hgav42t,test,normal,0,-1.6049749940756435
broach_dataset,one_class_svm_rgb_features,1hiefj75,test,normal,0,-1.310809367736514
broach_dataset,one_class_svm_rgb_features,1i2x32oo,test,normal,0,13.399084662888786
broach_dataset,one_class_svm_rgb_features,1iebc8af,test,normal,0,-2.537316000670412
broach_dataset,one_class_svm_rgb_features,1iedobc5,test,normal,0,3.1671093138418627
broach_dataset,one_class_svm_rgb_features,1jhjt54d,test,normal,0,-1.836699977851513
broach_dataset,one_class_svm_rgb_features,1jxm2lrp,test,normal,0,-0.7939031702870452
broach_dataset,one_class_svm_rgb_features,1jzcjtfd,test,normal,0,-2.7487643356876035
broach_dataset,one_class_svm_rgb_features,1l9tznhg,test,normal,0,-1.8009826773196274
broach_dataset,one_class_svm_rgb_features,1lh0n2o7,test,normal,0,-1.5560774142687102
broach_dataset,one_class_svm_rgb_features,1ltxobhb,test,normal,0,0.1552664822630767
broach_dataset,one_class_svm_rgb_features,1mqp8eic,test,normal,0,-2.678648976582526
broach_dataset,one_class_svm_rgb_features,1mqrbp7t,test,normal,0,-0.7184250527949487
broach_dataset,one_class_svm_rgb_features,1n3irw50,test,normal,0,-2.5165015923665983
broach_dataset,one_class_svm_rgb_features,1o752tvr,test,normal,0,-0.9698184566667294
broach_dataset,one_class_svm_rgb_features,1oy4gnow,test,normal,0,-1.738529734204894
broach_dataset,one_class_svm_rgb_features,1ozfsraz,test,normal,0,-2.7277514176363162
broach_dataset,one_class_svm_rgb_features,1p5w11wg,test,normal,0,-2.1061311238372866
broach_dataset,one_class_svm_rgb_features,1p8pgi0f,test,normal,0,-3.4012555294520546
broach_dataset,one_class_svm_rgb_features,1pfzysuh,test,normal,0,-0.081281378237966
broach_dataset,one_class_svm_rgb_features,1q8k8wyz,test,normal,0,-2.999538138205647
broach_dataset,one_class_svm_rgb_features,1qasoyfx,test,normal,0,-2.681064323004623
broach_dataset,one_class_svm_rgb_features,1qgouo8z,test,normal,0,-3.9221960871373582
broach_dataset,one_class_svm_rgb_features,1qliiwxn,test,normal,0,-2.1825081976897494
broach_dataset,one_class_svm_rgb_features,1qqgxaxx,test,normal,0,-2.9386321353922753
broach_dataset,one_class_svm_rgb_features,1qx82smj,test,normal,0,8.937282740346205
broach_dataset,one_class_svm_rgb_features,1qxoe0te,test,normal,0,0.43427592384825253
broach_dataset,one_class_svm_rgb_features,1r6h3g70,test,normal,0,-1.5029546389024002
broach_dataset,one_class_svm_rgb_features,1sth69ba,test,normal,0,-2.943887087246722
broach_dataset,one_class_svm_rgb_features,1tc42out,test,normal,0,-0.9814024370732071
broach_dataset,one_class_svm_rgb_features,1tpccdrb,test,normal,0,-2.3736515549535895
broach_dataset,one_class_svm_rgb_features,1u6vqs4h,test,normal,0,-0.8169008834398817
broach_dataset,one_class_svm_rgb_features,1unc7wwg,test,normal,0,-0.41805735626306983
broach_dataset,one_class_svm_rgb_features,1uvrgozh,test,normal,0,-1.6748525468801425
broach_dataset,one_class_svm_rgb_features,1uzvo9qt,test,normal,0,2.729102780879858
broach_dataset,one_class_svm_rgb_features,1v1pjzl7,test,normal,0,-2.266739313710758
broach_dataset,one_class_svm_rgb_features,1v2tg2ah,test,normal,0,-1.9656441874745276
broach_dataset,one_class_svm_rgb_features,1v4avg87,test,normal,0,13.656519254645264
broach_dataset,one_class_svm_rgb_features,1v8pdewd,test,normal,0,-1.0704925036536004
broach_dataset,one_class_svm_rgb_features,1vxa0ju2,test,normal,0,-3.1239170300025876
broach_dataset,one_class_svm_rgb_features,1vyy44k6,test,normal,0,5.821513786130357
broach_dataset,one_class_svm_rgb_features,1w9d5a5v,test,normal,0,1.588001174824937
broach_dataset,one_class_svm_rgb_features,1xj7wwud,test,normal,0,-0.9909312790056468
broach_dataset,one_class_svm_rgb_features,1z9oypuq,test,normal,0,-2.9878388339284534
broach_dataset,one_class_svm_rgb_features,1zbhinbk,test,normal,0,-1.9318619857920787
broach_dataset,one_class_svm_rgb_features,209ei8xq,test,normal,0,-2.2278379976322995
broach_dataset,one_class_svm_rgb_features,20g7lau6,test,normal,0,-1.1894264137217334
broach_dataset,one_class_svm_rgb_features,20z67pb2,test,normal,0,-1.5530168626152232
broach_dataset,one_class_svm_rgb_features,212xi6vx,test,normal,0,-1.1043878758677366
broach_dataset,one_class_svm_rgb_features,229env4y,test,normal,0,-0.9259054991759879
broach_dataset,one_class_svm_rgb_features,22dptmd4,test,normal,0,1.9130718197879695
broach_dataset,one_class_svm_rgb_features,24fr4dr7,test,normal,0,2.3788373739593354
broach_dataset,one_class_svm_rgb_features,25d2yhim,test,normal,0,-3.6099804496055974
broach_dataset,one_class_svm_rgb_features,25t24rda,test,normal,0,-2.0036648338354475
broach_dataset,one_class_svm_rgb_features,26oam7ax,test,normal,0,-2.540175074301768
broach_dataset,one_class_svm_rgb_features,27bm4lz9,test,normal,0,0.19395192122117244
broach_dataset,one_class_svm_rgb_features,27hghrac,test,normal,0,-0.19830364892661656
broach_dataset,one_class_svm_rgb_features,2853uy8u,test,normal,0,-2.699572407716193
broach_dataset,one_class_svm_rgb_features,287qmrmp,test,normal,0,-2.6593422843078294
broach_dataset,one_class_svm_rgb_features,289arnml,test,normal,0,-3.618264314053107
broach_dataset,one_class_svm_rgb_features,28d4kctd,test,normal,0,-1.4351480857372358
broach_dataset,one_class_svm_rgb_features,29326yw0,test,normal,0,-3.2184302239627485
broach_dataset,one_class_svm_rgb_features,29owh4ej,test,normal,0,13.753505747200748
broach_dataset,one_class_svm_rgb_features,2aol7cyw,test,normal,0,-2.8405466518459015
broach_dataset,one_class_svm_rgb_features,2bc2nnuv,test,normal,0,-2.389437010469841
broach_dataset,one_class_svm_rgb_features,2bu4wa2g,test,normal,0,-2.3436544745031576
broach_dataset,one_class_svm_rgb_features,2c9ros7y,test,normal,0,1.6448556332766469
broach_dataset,one_class_svm_rgb_features,2eywpajo,test,normal,0,-1.2896554211147446
broach_dataset,one_class_svm_rgb_features,2f3wtu76,test,normal,0,0.019314785956847658
broach_dataset,one_class_svm_rgb_features,2fiwpghx,test,normal,0,-2.5699699895212795
broach_dataset,one_class_svm_rgb_features,2fknvzdd,test,normal,0,-1.7220741944507427
broach_dataset,one_class_svm_rgb_features,2fptteuv,test,normal,0,-1.7429813236297846
broach_dataset,one_class_svm_rgb_features,2g09lbls,test,normal,0,-0.3061918461934088
broach_dataset,one_class_svm_rgb_features,2g0e7h4n,test,normal,0,13.274936197649385
broach_dataset,one_class_svm_rgb_features,2guqt6ve,test,normal,0,-0.5834553787574812
broach_dataset,one_class_svm_rgb_features,2h6htnor,test,normal,0,1.322877373763049
broach_dataset,one_class_svm_rgb_features,2hiwtsdw,test,normal,0,-0.6908616741490423
broach_dataset,one_class_svm_rgb_features,2i3p4lfd,test,normal,0,-1.8099199715088972
broach_dataset,one_class_svm_rgb_features,2ie2qna2,test,normal,0,-2.6022139298274602
broach_dataset,one_class_svm_rgb_features,2ik2dehv,test,normal,0,-3.18393040028268
broach_dataset,one_class_svm_rgb_features,2im44a2e,test,normal,0,-1.489500466517633
broach_dataset,one_class_svm_rgb_features,2iqkv8d4,test,normal,0,-2.872352071556268
broach_dataset,one_class_svm_rgb_features,2ix10zx8,test,normal,0,-3.01714905716193
broach_dataset,one_class_svm_rgb_features,2jcgo0j9,test,normal,0,-0.5367367402766252
broach_dataset,one_class_svm_rgb_features,2ji749iz,test,normal,0,-2.2493687758269623
broach_dataset,one_class_svm_rgb_features,2lc3bfpd,test,normal,0,-2.773009436134007
broach_dataset,one_class_svm_rgb_features,2n8gjstt,test,normal,0,-0.6179191475538843
broach_dataset,one_class_svm_rgb_features,2njot1j7,test,normal,0,-2.5083818480702362
broach_dataset,one_class_svm_rgb_features,2nkcdr54,test,normal,0,13.359474496050902
broach_dataset,one_class_svm_rgb_features,2o1rvmi1,test,normal,0,1.6823181139459322
broach_dataset,one_class_svm_rgb_features,2op6vmjo,test,normal,0,-2.08943432001346
broach_dataset,one_class_svm_rgb_features,2plb9g96,test,normal,0,-2.436984682023091
broach_dataset,one_class_svm_rgb_features,2pqnfdxm,test,normal,0,-2.9864168890891136
broach_dataset,one_class_svm_rgb_features,2q4v65fm,test,normal,0,0.2126625211227342
broach_dataset,one_class_svm_rgb_features,2r0ni0jp,test,normal,0,0.2469860351374642
broach_dataset,one_class_svm_rgb_features,2r78aovz,test,normal,0,-2.943454624996548
broach_dataset,one_class_svm_rgb_features,2r9pegln,test,normal,0,-1.7442244565932583
broach_dataset,one_class_svm_rgb_features,2rezonqa,test,normal,0,-3.9854164360356563
broach_dataset,one_class_svm_rgb_features,2rgji9p4,test,normal,0,-3.350259770955425
broach_dataset,one_class_svm_rgb_features,2rra3plc,test,normal,0,5.729117460716996
broach_dataset,one_class_svm_rgb_features,2sgaaqey,test,normal,0,-2.137725467258985
broach_dataset,one_class_svm_rgb_features,2skkftfy,test,normal,0,-1.2386676608231184
broach_dataset,one_class_svm_rgb_features,2t8xmld5,test,normal,0,-3.5513804363389454
broach_dataset,one_class_svm_rgb_features,2u1vi0xi,test,normal,0,4.7864393890534025
broach_dataset,one_class_svm_rgb_features,2u8u23wu,test,normal,0,-0.4223518838775462
broach_dataset,one_class_svm_rgb_features,2uhtjpk4,test,normal,0,-2.1849668947167267
broach_dataset,one_class_svm_rgb_features,2v0pkquj,test,normal,0,-1.1496040065278788
broach_dataset,one_class_svm_rgb_features,2vbwbqkl,test,normal,0,-3.4535847411598155
broach_dataset,one_class_svm_rgb_features,2vmbmp05,test,normal,0,-1.0450777806725622
broach_dataset,one_class_svm_rgb_features,2w0sa3e1,test,normal,0,7.243835774557143
broach_dataset,one_class_svm_rgb_features,2wy0ufbc,test,normal,0,-1.9221386741432127
broach_dataset,one_class_svm_rgb_features,2xn9txfj,test,normal,0,-1.2225218045182409
broach_dataset,one_class_svm_rgb_features,2xog4c8j,test,normal,0,-0.6173531841987625
broach_dataset,one_class_svm_rgb_features,2z130e0q,test,normal,0,13.637816029828665
broach_dataset,one_class_svm_rgb_features,2z9pwq7f,test,normal,0,0.7737186311782924
broach_dataset,one_class_svm_rgb_features,30gfzs83,test,normal,0,-4.4502641232575435
broach_dataset,one_class_svm_rgb_features,30idmeej,test,normal,0,-0.3334406232765996
broach_dataset,one_class_svm_rgb_features,325nh1xk,test,normal,0,-1.1322555886944858
broach_dataset,one_class_svm_rgb_features,32bgkbim,test,normal,0,-1.5019190548253984
broach_dataset,one_class_svm_rgb_features,334ep2m0,test,normal,0,-2.143719968259866
broach_dataset,one_class_svm_rgb_features,33gn6s1g,test,normal,0,2.0544500765040556
broach_dataset,one_class_svm_rgb_features,34i2lwix,test,normal,0,-2.7434386226756793
broach_dataset,one_class_svm_rgb_features,353qtxft,test,normal,0,-1.77150837755595
broach_dataset,one_class_svm_rgb_features,365rd46w,test,normal,0,-1.5676803853461063
broach_dataset,one_class_svm_rgb_features,36sl78o1,test,normal,0,0.18411201305340086
broach_dataset,one_class_svm_rgb_features,36ybig0p,test,normal,0,-0.7376949646665061
broach_dataset,one_class_svm_rgb_features,374m3r3m,test,normal,0,2.878646594997088
broach_dataset,one_class_svm_rgb_features,37l9thn4,test,normal,0,-0.9843782371305831
broach_dataset,one_class_svm_rgb_features,396yfi7e,test,normal,0,-3.2357598417388935
broach_dataset,one_class_svm_rgb_features,3989i6z7,test,normal,0,-1.9295851930944181
broach_dataset,one_class_svm_rgb_features,39e6ta6d,test,normal,0,-1.6728176394290983
broach_dataset,one_class_svm_rgb_features,3bjeh7t3,test,normal,0,-2.4430470702712306
broach_dataset,one_class_svm_rgb_features,3bmuu1hz,test,normal,0,-1.4800866943060758
broach_dataset,one_class_svm_rgb_features,3cj9hvr2,test,normal,0,-0.7284418959319936
broach_dataset,one_class_svm_rgb_features,3fezez5e,test,normal,0,-0.855861203907331
broach_dataset,one_class_svm_rgb_features,3fl8wyw5,test,normal,0,-1.5779116301636744
broach_dataset,one_class_svm_rgb_features,3fon8ong,test,normal,0,-0.7694934906830753
broach_dataset,one_class_svm_rgb_features,3frb5180,test,normal,0,-3.2026206664154984
broach_dataset,one_class_svm_rgb_features,3g2x8xc3,test,normal,0,-1.3782321540503517
broach_dataset,one_class_svm_rgb_features,3gopvacz,test,normal,0,-1.5767174148877015
broach_dataset,one_class_svm_rgb_features,3gsxs58q,test,normal,0,-2.954231562181949
broach_dataset,one_class_svm_rgb_features,3gtxyz8a,test,normal,0,-1.3808335808601377
broach_dataset,one_class_svm_rgb_features,3h05p69d,test,normal,0,-2.8247266647044285
broach_dataset,one_class_svm_rgb_features,3hkyirkk,test,normal,0,-3.455688117482527
broach_dataset,one_class_svm_rgb_features,3hsa15p7,test,normal,0,-2.0449382961411615
broach_dataset,one_class_svm_rgb_features,3i09gb2k,test,normal,0,-1.3570930854021466
broach_dataset,one_class_svm_rgb_features,3i2evwmn,test,normal,0,-0.6992797815406746
broach_dataset,one_class_svm_rgb_features,3j7evq56,test,normal,0,-4.148760643179077
broach_dataset,one_class_svm_rgb_features,3jebgfft,test,normal,0,1.0339951839593766
broach_dataset,one_class_svm_rgb_features,3kcvjxzd,test,normal,0,-0.8251148821849981
broach_dataset,one_class_svm_rgb_features,3kompo0n,test,normal,0,-0.5789874809773288
broach_dataset,one_class_svm_rgb_features,3lm8fhcc,test,normal,0,-1.3035356517495469
broach_dataset,one_class_svm_rgb_features,3mf3gq7p,test,normal,0,-3.301370925122278
broach_dataset,one_class_svm_rgb_features,3mvqiixk,test,normal,0,-3.980705180765284
broach_dataset,one_class_svm_rgb_features,3mwg24un,test,normal,0,14.020713413695981
broach_dataset,one_class_svm_rgb_features,3nk40o5v,test,normal,0,3.7912390596953482
broach_dataset,one_class_svm_rgb_features,3npi9kur,test,normal,0,-2.008035125488558
broach_dataset,one_class_svm_rgb_features,3nvxryqg,test,normal,0,-1.989750490990108
broach_dataset,one_class_svm_rgb_features,3o4dp632,test,normal,0,-1.1422230437145142
broach_dataset,one_class_svm_rgb_features,3oe8e69l,test,normal,0,1.41954726446445
broach_dataset,one_class_svm_rgb_features,3pajvf9i,test,normal,0,-1.551544270485941
broach_dataset,one_class_svm_rgb_features,3pyjai6t,test,normal,0,-2.6936342793011967
broach_dataset,one_class_svm_rgb_features,3q78fcpv,test,normal,0,-1.5923440352758877
broach_dataset,one_class_svm_rgb_features,3qrur6m7,test,normal,0,13.717678059153815
broach_dataset,one_class_svm_rgb_features,3rmzm4qi,test,normal,0,-3.2557860633685394
broach_dataset,one_class_svm_rgb_features,3sfgho4q,test,normal,0,-2.0079314329360862
broach_dataset,one_class_svm_rgb_features,3sl4plic,test,normal,0,0.26157502218245554
broach_dataset,one_class_svm_rgb_features,3slvrqlm,test,normal,0,-1.7840732807308495
broach_dataset,one_class_svm_rgb_features,3sm1ppyz,test,normal,0,-0.8160220295069998
broach_dataset,one_class_svm_rgb_features,3spks337,test,normal,0,-1.3447324031004513
broach_dataset,one_class_svm_rgb_features,3sr4bu7t,test,normal,0,-2.395717617056359
broach_dataset,one_class_svm_rgb_features,3t945psl,test,normal,0,-2.3721519075174804
broach_dataset,one_class_svm_rgb_features,3ttopnv3,test,normal,0,0.00638505150323887
broach_dataset,one_class_svm_rgb_features,3tw3vtyu,test,normal,0,-1.6021150906688746
broach_dataset,one_class_svm_rgb_features,3ujlvmy4,test,normal,0,-2.5942360502440103
broach_dataset,one_class_svm_rgb_features,3vm4x959,test,normal,0,-2.628767299824535
broach_dataset,one_class_svm_rgb_features,3vynpd2v,test,normal,0,-1.128159517412671
broach_dataset,one_class_svm_rgb_features,3vznyson,test,normal,0,2.8128333521978934
broach_dataset,one_class_svm_rgb_features,3x2tzkq1,test,normal,0,5.438781678342057
broach_dataset,one_class_svm_rgb_features,3xflkcg6,test,normal,0,-1.244774131439648
broach_dataset,one_class_svm_rgb_features,3xgtkctt,test,normal,0,-3.505957701879712
broach_dataset,one_class_svm_rgb_features,3xjke4xi,test,normal,0,-0.5029662611968675
broach_dataset,one_class_svm_rgb_features,3xmoj4wu,test,normal,0,-1.695859700479044
broach_dataset,one_class_svm_rgb_features,3y35byll,test,normal,0,-0.23380921941252808
broach_dataset,one_class_svm_rgb_features,3yczq6i2,test,normal,0,-1.180891804906075
broach_dataset,one_class_svm_rgb_features,3ymk4wkd,test,normal,0,-2.8095569819507347
broach_dataset,one_class_svm_rgb_features,3yoesjk9,test,normal,0,-2.8904676331327366
broach_dataset,one_class_svm_rgb_features,3zmmw5ed,test,normal,0,-1.791437670677885
broach_dataset,one_class_svm_rgb_features,403mwofh,test,normal,0,-4.453423079626102
broach_dataset,one_class_svm_rgb_features,40bz0pab,test,normal,0,13.958979945129924
broach_dataset,one_class_svm_rgb_features,40wsp0aj,test,normal,0,-2.8265749632757817
broach_dataset,one_class_svm_rgb_features,412sw51a,test,normal,0,3.4425416368956583
broach_dataset,one_class_svm_rgb_features,42gpzxw6,test,normal,0,-0.41103579925549383
broach_dataset,one_class_svm_rgb_features,42h5zxrq,test,normal,0,-2.960620551314083
broach_dataset,one_class_svm_rgb_features,42nfcu5r,test,normal,0,-2.627465945055196
broach_dataset,one_class_svm_rgb_features,4311bkhs,test,normal,0,-2.221002252192971
broach_dataset,one_class_svm_rgb_features,432dv2ye,test,normal,0,-1.9228969485901395
broach_dataset,one_class_svm_rgb_features,448n7odk,test,normal,0,-3.021661672189545
broach_dataset,one_class_svm_rgb_features,45beyxl5,test,normal,0,-0.8195792444422736
broach_dataset,one_class_svm_rgb_features,45t4u2yp,test,normal,0,13.777015885200067
broach_dataset,one_class_svm_rgb_features,473ozrbl,test,normal,0,-2.7054683418787775
broach_dataset,one_class_svm_rgb_features,48vltv8a,test,normal,0,13.263695910131608
broach_dataset,one_class_svm_rgb_features,4a3k45k6,test,normal,0,13.123233710579159
broach_dataset,one_class_svm_rgb_features,4ax2b26v,test,normal,0,-2.0122016490711125
broach_dataset,one_class_svm_rgb_features,4bj18qhk,test,normal,0,13.331198658827432
broach_dataset,one_class_svm_rgb_features,4d15z971,test,normal,0,-0.55753320035973
broach_dataset,one_class_svm_rgb_features,4ds1eo5j,test,normal,0,-3.4573237205169107
broach_dataset,one_class_svm_rgb_features,4dsgmcfo,test,normal,0,-2.338487559575686
broach_dataset,one_class_svm_rgb_features,4dsxlsut,test,normal,0,-0.8463114383334389
broach_dataset,one_class_svm_rgb_features,4duolrcj,test,normal,0,-0.4959846165670445
broach_dataset,one_class_svm_rgb_features,4e2opanz,test,normal,0,-3.2050895540684614
broach_dataset,one_class_svm_rgb_features,4fodmjmb,test,normal,0,-1.8171072907686039
broach_dataset,one_class_svm_rgb_features,4g5m280a,test,normal,0,6.888442356182631
broach_dataset,one_class_svm_rgb_features,4gcw5ja3,test,normal,0,0.32254766833840876
broach_dataset,one_class_svm_rgb_features,4gru7j7m,test,normal,0,-2.4315623102439083
broach_dataset,one_class_svm_rgb_features,4hdpbza5,test,normal,0,-1.9460691383514686
broach_dataset,one_class_svm_rgb_features,4hvfv6ej,test,normal,0,-2.007651226659064
broach_dataset,one_class_svm_rgb_features,4ir4oj0j,test,normal,0,-1.9139129991037542
broach_dataset,one_class_svm_rgb_features,4jep4lsv,test,normal,0,3.108297711243372
broach_dataset,one_class_svm_rgb_features,4jiht2rq,test,normal,0,-0.9744422989273662
broach_dataset,one_class_svm_rgb_features,4jtj27yh,test,normal,0,-0.9962491280488557
broach_dataset,one_class_svm_rgb_features,4ldimsyj,test,normal,0,-2.810068420519727
broach_dataset,one_class_svm_rgb_features,4ltx0imp,test,normal,0,-2.462083849003342
broach_dataset,one_class_svm_rgb_features,4mvhdpbs,test,normal,0,-2.8324783852795754
broach_dataset,one_class_svm_rgb_features,4n0hwcqf,test,normal,0,13.839585290569024
broach_dataset,one_class_svm_rgb_features,4nb8x1kg,test,normal,0,-1.9298879098104393
broach_dataset,one_class_svm_rgb_features,4ng4tfuw,test,normal,0,-0.8806329517346061
broach_dataset,one_class_svm_rgb_features,4o6pjhnd,test,normal,0,-0.3212333479848368
broach_dataset,one_class_svm_rgb_features,4o8lyec9,test,normal,0,-2.563216761086398
broach_dataset,one_class_svm_rgb_features,4oepc8tz,test,normal,0,-1.5364911558493866
broach_dataset,one_class_svm_rgb_features,4r4kj3gw,test,normal,0,-1.5630918355104004
broach_dataset,one_class_svm_rgb_features,4r8ph9t8,test,normal,0,-1.5851279231104431
broach_dataset,one_class_svm_rgb_features,4rkkv23e,test,normal,0,-2.441482456741724
broach_dataset,one_class_svm_rgb_features,4sydu5ir,test,normal,0,1.5394781192623093
broach_dataset,one_class_svm_rgb_features,4tpek4r2,test,normal,0,-0.39750965548293493
broach_dataset,one_class_svm_rgb_features,4tul4u8z,test,normal,0,-2.9534533322331455
broach_dataset,one_class_svm_rgb_features,4udzjj10,test,normal,0,-2.864979750798426
broach_dataset,one_class_svm_rgb_features,4uyx8psw,test,normal,0,-3.50241104642776
broach_dataset,one_class_svm_rgb_features,4v6305sx,test,normal,0,2.306891015237971
broach_dataset,one_class_svm_rgb_features,4vmwve9u,test,normal,0,-1.0650697580832684
broach_dataset,one_class_svm_rgb_features,4w4wdg6v,test,normal,0,-1.2732006932925533
broach_dataset,one_class_svm_rgb_features,4w88zjpf,test,normal,0,-1.6757985086957543
broach_dataset,one_class_svm_rgb_features,4wlk1kku,test,normal,0,-2.4819652916742854
broach_dataset,one_class_svm_rgb_features,4ws7bgu5,test,normal,0,-1.0913567952708174
broach_dataset,one_class_svm_rgb_features,4x16immz,test,normal,0,0.9788725100608708
broach_dataset,one_class_svm_rgb_features,4yqxjtvi,test,normal,0,-2.424680014080714
broach_dataset,one_class_svm_rgb_features,4yrtu7eg,test,normal,0,-0.7128885794751323
broach_dataset,one_class_svm_rgb_features,50h7e6je,test,normal,0,-2.025187142624066
broach_dataset,one_class_svm_rgb_features,51en98jr,test,normal,0,-1.980486226038586
broach_dataset,one_class_svm_rgb_features,51las5wh,test,normal,0,-1.039055988165602
broach_dataset,one_class_svm_rgb_features,52ilqig4,test,normal,0,6.662687419740906
broach_dataset,one_class_svm_rgb_features,52zwsedn,test,normal,0,-1.5173654679158624
broach_dataset,one_class_svm_rgb_features,53gzc3oq,test,normal,0,-3.594967618902629
broach_dataset,one_class_svm_rgb_features,53n8n84v,test,normal,0,2.99935580519481
broach_dataset,one_class_svm_rgb_features,53y15cae,test,normal,0,-1.7399044967088066
broach_dataset,one_class_svm_rgb_features,54j3fs3j,test,normal,0,-0.7138175083027196
broach_dataset,one_class_svm_rgb_features,54pql55w,test,normal,0,-0.8826861188775581
broach_dataset,one_class_svm_rgb_features,55izolnn,test,normal,0,-2.607303803135185
broach_dataset,one_class_svm_rgb_features,55jnbrxl,test,normal,0,-2.134526011988651
broach_dataset,one_class_svm_rgb_features,55ts0wpl,test,normal,0,-1.8316007304140172
broach_dataset,one_class_svm_rgb_features,56tai2mk,test,normal,0,-2.3858830606218184
broach_dataset,one_class_svm_rgb_features,5713g3ws,test,normal,0,-2.31237038778929
broach_dataset,one_class_svm_rgb_features,59ba0t9f,test,normal,0,-1.7961670422856137
broach_dataset,one_class_svm_rgb_features,5ahk2ysk,test,normal,0,-2.147426966152249
broach_dataset,one_class_svm_rgb_features,5b090fyw,test,normal,0,-2.2157314694719794
broach_dataset,one_class_svm_rgb_features,5doh59g5,test,normal,0,-2.220993676475029
broach_dataset,one_class_svm_rgb_features,5f86nvsf,test,normal,0,-2.5033021240859767
broach_dataset,one_class_svm_rgb_features,5fdigg9z,test,normal,0,-2.1511101485381836
broach_dataset,one_class_svm_rgb_features,5ft0sn5i,test,normal,0,-2.085452019790143
broach_dataset,one_class_svm_rgb_features,5gro9x49,test,normal,0,-1.0844077788952475
broach_dataset,one_class_svm_rgb_features,5gzjpa04,test,normal,0,-1.7015235853858925
broach_dataset,one_class_svm_rgb_features,5h9wygrk,test,normal,0,-0.8860998767597188
broach_dataset,one_class_svm_rgb_features,5iljb768,test,normal,0,13.491139595198957
broach_dataset,one_class_svm_rgb_features,5imztsh2,test,normal,0,-1.3609650583072792
broach_dataset,one_class_svm_rgb_features,5iz31yru,test,normal,0,-2.3202027893864035
broach_dataset,one_class_svm_rgb_features,5jcdz93i,test,normal,0,-2.75019807417209
broach_dataset,one_class_svm_rgb_features,5jj9ibqm,test,normal,0,-1.1069815976066835
broach_dataset,one_class_svm_rgb_features,5jqa207h,test,normal,0,-1.5936314306832937
broach_dataset,one_class_svm_rgb_features,5jtv75ss,test,normal,0,-1.5718475079006318
broach_dataset,one_class_svm_rgb_features,5kkjhuwf,test,normal,0,11.374883145259274
broach_dataset,one_class_svm_rgb_features,5mcu16gw,test,normal,0,0.3012499813554168
broach_dataset,one_class_svm_rgb_features,5na8ky60,test,normal,0,-3.0254152997664825
broach_dataset,one_class_svm_rgb_features,5ntccfux,test,normal,0,-2.6931322909907074
broach_dataset,one_class_svm_rgb_features,5o54fxer,test,normal,0,-1.5795295834317216
broach_dataset,one_class_svm_rgb_features,5p8c9q36,test,normal,0,1.6696181200643565
broach_dataset,one_class_svm_rgb_features,5q2lcuxj,test,normal,0,-2.015651412190767
broach_dataset,one_class_svm_rgb_features,5qtuf6vi,test,normal,0,-3.1985117181810665
broach_dataset,one_class_svm_rgb_features,5sebbmjx,test,normal,0,-0.07486402959235328
broach_dataset,one_class_svm_rgb_features,5sessa12,test,normal,0,6.072036297271138
broach_dataset,one_class_svm_rgb_features,5so79h4h,test,normal,0,0.003925230368727384
broach_dataset,one_class_svm_rgb_features,5sznpxuc,test,normal,0,-2.8371337487282524
broach_dataset,one_class_svm_rgb_features,5t3ixo9i,test,normal,0,-2.308703892301274
broach_dataset,one_class_svm_rgb_features,5tyv9bgm,test,normal,0,-0.3409098237556272
broach_dataset,one_class_svm_rgb_features,5u52nmxp,test,normal,0,-3.6828626997217313
broach_dataset,one_class_svm_rgb_features,5ulutvt4,test,normal,0,-0.1664803540278026
broach_dataset,one_class_svm_rgb_features,5vfa1mzp,test,normal,0,-3.2197824257297896
broach_dataset,one_class_svm_rgb_features,5vx2xw5y,test,normal,0,-2.0528803824362036
broach_dataset,one_class_svm_rgb_features,5y693g6c,test,normal,0,0.030739333341527342
broach_dataset,one_class_svm_rgb_features,5ylra9pa,test,normal,0,-1.0894955762552545
broach_dataset,one_class_svm_rgb_features,6000u1r5,test,normal,0,-2.3130564741626216
broach_dataset,one_class_svm_rgb_features,60aik6b4,test,normal,0,-1.809674884852658
broach_dataset,one_class_svm_rgb_features,60iwhdnq,test,normal,0,-1.589720958725998
broach_dataset,one_class_svm_rgb_features,60n0gpy2,test,normal,0,-2.227109488649152
broach_dataset,one_class_svm_rgb_features,617u599v,test,normal,0,0.8991649501343115
broach_dataset,one_class_svm_rgb_features,61h0a68v,test,normal,0,-0.47614364622176275
broach_dataset,one_class_svm_rgb_features,62g6b4ts,test,normal,0,-2.6230495140523153
broach_dataset,one_class_svm_rgb_features,62ola4qt,test,normal,0,-2.3228631636054544
broach_dataset,one_class_svm_rgb_features,62u15os8,test,normal,0,2.0666615593021156
broach_dataset,one_class_svm_rgb_features,62zo14hq,test,normal,0,-2.942908296948712
broach_dataset,one_class_svm_rgb_features,632u1sxt,test,normal,0,-1.5163023220995715
broach_dataset,one_class_svm_rgb_features,65aognsg,test,normal,0,-2.252079661453635
broach_dataset,one_class_svm_rgb_features,65asv82c,test,normal,0,-0.6750121705671415
broach_dataset,one_class_svm_rgb_features,65v9m6jn,test,normal,0,-3.935140519912519
broach_dataset,one_class_svm_rgb_features,66fclicd,test,normal,0,-2.600028756400711
broach_dataset,one_class_svm_rgb_features,695neq2c,test,normal,0,11.171893652749493
broach_dataset,one_class_svm_rgb_features,698ozxr0,test,normal,0,-1.8341460341290947
broach_dataset,one_class_svm_rgb_features,69a14350,test,normal,0,10.347096348664259
broach_dataset,one_class_svm_rgb_features,69jvtgrw,test,normal,0,-2.2117188749324583
broach_dataset,one_class_svm_rgb_features,6a8yg8dt,test,normal,0,-2.8297131133048623
broach_dataset,one_class_svm_rgb_features,6cwhmrih,test,normal,0,2.230147231151305
broach_dataset,one_class_svm_rgb_features,6dgzbkn6,test,normal,0,0.39887206745637016
broach_dataset,one_class_svm_rgb_features,6e7c18dq,test,normal,0,0.8634113074943759
broach_dataset,one_class_svm_rgb_features,6fyhh5ue,test,normal,0,-1.737675169222669
broach_dataset,one_class_svm_rgb_features,6gfqtg7h,test,normal,0,-2.1345513486466032
broach_dataset,one_class_svm_rgb_features,6gho36ap,test,normal,0,3.5415421637458735
broach_dataset,one_class_svm_rgb_features,6hckf853,test,normal,0,-2.728266940509023
broach_dataset,one_class_svm_rgb_features,6ixaehpf,test,normal,0,1.4153097900827127
broach_dataset,one_class_svm_rgb_features,6jclb7j0,test,normal,0,-0.12940037076134203
broach_dataset,one_class_svm_rgb_features,6joleoht,test,normal,0,-2.030145903902948
broach_dataset,one_class_svm_rgb_features,6jrpacq5,test,normal,0,-1.6000776731109188
broach_dataset,one_class_svm_rgb_features,6jrpjbu6,test,normal,0,-2.6112299081486867
broach_dataset,one_class_svm_rgb_features,6jzqf2rk,test,normal,0,-1.5523371341621157
broach_dataset,one_class_svm_rgb_features,6kdl5gtd,test,normal,0,9.36928827861104
broach_dataset,one_class_svm_rgb_features,6knlc425,test,normal,0,0.22145934636804832
broach_dataset,one_class_svm_rgb_features,6kou9mik,test,normal,0,-0.6475410433482196
broach_dataset,one_class_svm_rgb_features,6l8dze0c,test,normal,0,11.093962664895646
broach_dataset,one_class_svm_rgb_features,6lb01u0z,test,normal,0,-3.1793938142536824
broach_dataset,one_class_svm_rgb_features,6lsi2ie5,test,normal,0,-0.15476887524474137
broach_dataset,one_class_svm_rgb_features,6lxwdamb,test,normal,0,-3.0098925246807227
broach_dataset,one_class_svm_rgb_features,6njyptn6,test,normal,0,13.62197885995575
broach_dataset,one_class_svm_rgb_features,6nyrx4nc,test,normal,0,-1.5492447353824144
broach_dataset,one_class_svm_rgb_features,6or3byxy,test,normal,0,-0.056812889456290705
broach_dataset,one_class_svm_rgb_features,6orkft68,test,normal,0,-0.5354284952098425
broach_dataset,one_class_svm_rgb_features,6pjcrtac,test,normal,0,-1.811928741729652
broach_dataset,one_class_svm_rgb_features,6q5rnchc,test,normal,0,-3.3094794068881015
broach_dataset,one_class_svm_rgb_features,6r8ykehv,test,normal,0,-3.3984855914392362
broach_dataset,one_class_svm_rgb_features,6rg68fl7,test,normal,0,-2.0299225554644096
broach_dataset,one_class_svm_rgb_features,6rh3mfp7,test,normal,0,13.545328251203305
broach_dataset,one_class_svm_rgb_features,6rt8jg5j,test,normal,0,-1.5713957083801908
broach_dataset,one_class_svm_rgb_features,6s5vtbq5,test,normal,0,-2.6610028661803504
broach_dataset,one_class_svm_rgb_features,6scivuqt,test,normal,0,-1.5166185589055345
broach_dataset,one_class_svm_rgb_features,6seacqaf,test,normal,0,-2.220941235728162
broach_dataset,one_class_svm_rgb_features,6szn9dde,test,normal,0,-2.8867830169544497
broach_dataset,one_class_svm_rgb_features,6szo61lq,test,normal,0,-1.4115861870866944
broach_dataset,one_class_svm_rgb_features,6tclk04p,test,normal,0,-2.0156353378520677
broach_dataset,one_class_svm_rgb_features,6tt466oz,test,normal,0,-2.413904315129468
broach_dataset,one_class_svm_rgb_features,6tvn6jjx,test,normal,0,5.834502648444319
broach_dataset,one_class_svm_rgb_features,6u513omv,test,normal,0,-2.2614470966351377
broach_dataset,one_class_svm_rgb_features,6ufcr5lv,test,normal,0,-2.0619395707536796
broach_dataset,one_class_svm_rgb_features,6v2cn778,test,normal,0,0.15123825509142286
broach_dataset,one_class_svm_rgb_features,6w82ru24,test,normal,0,5.427240675577028
broach_dataset,one_class_svm_rgb_features,6xhggo6z,test,normal,0,-2.9038471785923576
broach_dataset,one_class_svm_rgb_features,6xvaj2k8,test,normal,0,-2.988548436353806
broach_dataset,one_class_svm_rgb_features,6y8qnobv,test,normal,0,-2.2416768216638836
broach_dataset,one_class_svm_rgb_features,6z5tpwy0,test,normal,0,-2.0846465414721678
broach_dataset,one_class_svm_rgb_features,6zj02k6t,test,normal,0,-0.7348482235009506
broach_dataset,one_class_svm_rgb_features,6zmk6ywg,test,normal,0,-1.4665840746088552
broach_dataset,one_class_svm_rgb_features,6zpi288h,test,normal,0,12.70758975442985
broach_dataset,one_class_svm_rgb_features,6zysnglb,test,normal,0,-0.608785420103299
broach_dataset,one_class_svm_rgb_features,70ce3fyw,test,normal,0,-0.06542174460857453
broach_dataset,one_class_svm_rgb_features,70e0viki,test,normal,0,-0.5962644852850207
broach_dataset,one_class_svm_rgb_features,70ebpy9e,test,normal,0,-2.8033891357474694
broach_dataset,one_class_svm_rgb_features,71bg32sa,test,normal,0,0.5916626797474063
broach_dataset,one_class_svm_rgb_features,71tl4cba,test,normal,0,-3.525462504956021
broach_dataset,one_class_svm_rgb_features,72egkqg9,test,normal,0,-1.7834381395692507
broach_dataset,one_class_svm_rgb_features,72hk1uit,test,normal,0,-0.7900834722392105
broach_dataset,one_class_svm_rgb_features,74xm4iq6,test,normal,0,-1.195306446851042
broach_dataset,one_class_svm_rgb_features,76zqnsew,test,normal,0,-1.7947616593237168
broach_dataset,one_class_svm_rgb_features,77jzc58c,test,normal,0,-2.026450867094983
broach_dataset,one_class_svm_rgb_features,77uler2l,test,normal,0,-3.234204479286678
broach_dataset,one_class_svm_rgb_features,77vezeig,test,normal,0,0.2111154653636902
broach_dataset,one_class_svm_rgb_features,77yotrtf,test,normal,0,13.301971540111532
broach_dataset,one_class_svm_rgb_features,785r8ist,test,normal,0,0.9273732166673962
broach_dataset,one_class_svm_rgb_features,7889e3m9,test,normal,0,-0.3540865157190147
broach_dataset,one_class_svm_rgb_features,78at3sq0,test,normal,0,-2.147553094167172
broach_dataset,one_class_svm_rgb_features,78g5qtey,test,normal,0,13.48039682773819
broach_dataset,one_class_svm_rgb_features,7ash4j9t,test,normal,0,13.557306747758947
broach_dataset,one_class_svm_rgb_features,7b8uxs1z,test,normal,0,-0.6261343364732177
broach_dataset,one_class_svm_rgb_features,7ccvcf1j,test,normal,0,-2.377805240317624
broach_dataset,one_class_svm_rgb_features,7de8rhx5,test,normal,0,-2.699159056520781
broach_dataset,one_class_svm_rgb_features,7df067mn,test,normal,0,-2.442051234323646
broach_dataset,one_class_svm_rgb_features,7dnhu0fi,test,normal,0,-1.5967672667673014
broach_dataset,one_class_svm_rgb_features,7e3ksr9f,test,normal,0,-2.1006806622977514
broach_dataset,one_class_svm_rgb_features,7fuaa7ec,test,normal,0,-4.209524353676972
broach_dataset,one_class_svm_rgb_features,7g1uvo93,test,normal,0,0.32717751393074224
broach_dataset,one_class_svm_rgb_features,7g3847ag,test,normal,0,5.754741035887671
broach_dataset,one_class_svm_rgb_features,7gcjbeo4,test,normal,0,-1.50344438015291
broach_dataset,one_class_svm_rgb_features,7ggcxgu5,test,normal,0,-2.4681853943162047
broach_dataset,one_class_svm_rgb_features,7godvyhq,test,normal,0,11.210093439153058
broach_dataset,one_class_svm_rgb_features,7gs3taad,test,normal,0,-0.5713629492859909
broach_dataset,one_class_svm_rgb_features,7hrsswpg,test,normal,0,-2.0410346988991854
broach_dataset,one_class_svm_rgb_features,7htkw7tj,test,normal,0,-3.686599566517014
broach_dataset,one_class_svm_rgb_features,7hzz4gw4,test,normal,0,1.8252389515664795
broach_dataset,one_class_svm_rgb_features,7i2ssrel,test,normal,0,-1.9783015610915626
broach_dataset,one_class_svm_rgb_features,7i7vefo7,test,normal,0,-0.9118955124256125
broach_dataset,one_class_svm_rgb_features,7iz3mh3k,test,normal,0,-1.6641853983863992
broach_dataset,one_class_svm_rgb_features,7j14lkfp,test,normal,0,0.09812155498761577
broach_dataset,one_class_svm_rgb_features,7j2xi3ta,test,normal,0,-2.0542701291402246
broach_dataset,one_class_svm_rgb_features,7jaa94zr,test,normal,0,-1.5188329413106256
broach_dataset,one_class_svm_rgb_features,7jol5je7,test,normal,0,-1.672077575087334
broach_dataset,one_class_svm_rgb_features,7kf79y83,test,normal,0,-1.2213989306073163
broach_dataset,one_class_svm_rgb_features,7liopch0,test,normal,0,-1.5167213502451968
broach_dataset,one_class_svm_rgb_features,7ljc7p9e,test,normal,0,13.359486789497097
broach_dataset,one_class_svm_rgb_features,7lo6fyq8,test,normal,0,-1.4923824240191728
broach_dataset,one_class_svm_rgb_features,7m9xo1u8,test,normal,0,-1.815684621795203
broach_dataset,one_class_svm_rgb_features,7mwuxyoh,test,normal,0,-2.264494872433744
broach_dataset,one_class_svm_rgb_features,7n1q00lq,test,normal,0,-1.5464461136928307
broach_dataset,one_class_svm_rgb_features,7pnfircv,test,normal,0,-1.3762804826821853
broach_dataset,one_class_svm_rgb_features,7qhak7md,test,normal,0,-0.984869760135771
broach_dataset,one_class_svm_rgb_features,7ql3rsnx,test,normal,0,-1.221832689777946
broach_dataset,one_class_svm_rgb_features,7rina0vl,test,normal,0,-1.4984671175794837
broach_dataset,one_class_svm_rgb_features,7rn7nmk4,test,normal,0,-0.8551200627478224
broach_dataset,one_class_svm_rgb_features,7s1nu7uh,test,normal,0,-0.5255321335444574
broach_dataset,one_class_svm_rgb_features,7s5tfu4c,test,normal,0,-1.9681772062440714
broach_dataset,one_class_svm_rgb_features,7s68qpm5,test,normal,0,-0.8501608299626806
broach_dataset,one_class_svm_rgb_features,7s81ijzk,test,normal,0,0.8382743213473525
broach_dataset,one_class_svm_rgb_features,7scrv3ho,test,normal,0,-1.9327206047918146
broach_dataset,one_class_svm_rgb_features,7sn6a7yl,test,normal,0,-1.964228918204384
broach_dataset,one_class_svm_rgb_features,7ugv7xwq,test,normal,0,-1.1696201879775252
broach_dataset,one_class_svm_rgb_features,7v4j6x87,test,normal,0,-2.837167427978226
broach_dataset,one_class_svm_rgb_features,7vpurf16,test,normal,0,14.12694030476576
broach_dataset,one_class_svm_rgb_features,7wllxpjq,test,normal,0,-2.57360420170194
broach_dataset,one_class_svm_rgb_features,7wt5b3yp,test,normal,0,-3.0889348952662523
broach_dataset,one_class_svm_rgb_features,7x9oyxa6,test,normal,0,-2.232156474933884
broach_dataset,one_class_svm_rgb_features,7ybex3y5,test,normal,0,1.0843741939096656
broach_dataset,one_class_svm_rgb_features,7yf9ul42,test,normal,0,0.3245897967299367
broach_dataset,one_class_svm_rgb_features,7ytr0j18,test,normal,0,1.95214897368548
broach_dataset,one_class_svm_rgb_features,7za2j0o9,test,normal,0,-3.546498797758268
broach_dataset,one_class_svm_rgb_features,7zj6yhum,test,normal,0,-2.2672876717510384
broach_dataset,one_class_svm_rgb_features,7zz3f8cg,test,normal,0,1.5254842612914281
broach_dataset,one_class_svm_rgb_features,80h3cuq6,test,normal,0,-2.056061926383606
broach_dataset,one_class_svm_rgb_features,81b0tw9w,test,normal,0,-1.5932998192111913
broach_dataset,one_class_svm_rgb_features,81dziuru,test,normal,0,13.426582953320441
broach_dataset,one_class_svm_rgb_features,81kpdg9o,test,normal,0,-2.847561382345109
broach_dataset,one_class_svm_rgb_features,82a1yijb,test,normal,0,-1.4274850802036756
broach_dataset,one_class_svm_rgb_features,82c2asvo,test,normal,0,-2.59456209426725
broach_dataset,one_class_svm_rgb_features,82i5x65u,test,normal,0,-2.05001497488335
broach_dataset,one_class_svm_rgb_features,82lbgsir,test,normal,0,-1.4781571975784686
broach_dataset,one_class_svm_rgb_features,82lzwge8,test,normal,0,-2.748548156966649
broach_dataset,one_class_svm_rgb_features,82nlpcp1,test,normal,0,-2.639673801911748
broach_dataset,one_class_svm_rgb_features,82oxlmyq,test,normal,0,-1.3565800723092583
broach_dataset,one_class_svm_rgb_features,82p4uc35,test,normal,0,-2.140658910465401
broach_dataset,one_class_svm_rgb_features,83mjozgx,test,normal,0,-3.035336791820253
broach_dataset,one_class_svm_rgb_features,83sx9xkz,test,normal,0,-2.8949396727555126
broach_dataset,one_class_svm_rgb_features,83wh9ta2,test,normal,0,-2.2761570778168903
broach_dataset,one_class_svm_rgb_features,84a5dze1,test,normal,0,-2.65231555191248
broach_dataset,one_class_svm_rgb_features,85bg6ahs,test,normal,0,-0.5027188098071615
broach_dataset,one_class_svm_rgb_features,86lwnv2y,test,normal,0,-2.7122615689965066
broach_dataset,one_class_svm_rgb_features,8749xe1v,test,normal,0,-2.5698516095031145
broach_dataset,one_class_svm_rgb_features,87kk5i0b,test,normal,0,-1.5130004044663483
broach_dataset,one_class_svm_rgb_features,87vvpvi1,test,normal,0,-2.8520661202636646
broach_dataset,one_class_svm_rgb_features,87zmyp2c,test,normal,0,-1.6315308421453594
broach_dataset,one_class_svm_rgb_features,881369n0,test,normal,0,-1.2769806162158517
broach_dataset,one_class_svm_rgb_features,896wnrgx,test,normal,0,-0.36233154334921736
broach_dataset,one_class_svm_rgb_features,89vsxdx5,test,normal,0,0.5656957791341366
broach_dataset,one_class_svm_rgb_features,8bmnhmxe,test,normal,0,-0.7028325289368222
broach_dataset,one_class_svm_rgb_features,8cwjj4f5,test,normal,0,-3.2732808644857165
broach_dataset,one_class_svm_rgb_features,8d9t3zmg,test,normal,0,-3.201047053632319
broach_dataset,one_class_svm_rgb_features,8dlvqop5,test,normal,0,-2.6108956234702134
broach_dataset,one_class_svm_rgb_features,8e5mfj3k,test,normal,0,-0.6394194209570045
broach_dataset,one_class_svm_rgb_features,8eekdkow,test,normal,0,-2.9505686067298207
broach_dataset,one_class_svm_rgb_features,8fyfq4b9,test,normal,0,-4.327320730026749
broach_dataset,one_class_svm_rgb_features,8g0yi0dg,test,normal,0,-3.876182397379207
broach_dataset,one_class_svm_rgb_features,8giyrnq1,test,normal,0,-1.4155512867340327
broach_dataset,one_class_svm_rgb_features,8ieks698,test,normal,0,-0.8417089026928934
broach_dataset,one_class_svm_rgb_features,8jiv84xm,test,normal,0,-3.054226318980543
broach_dataset,one_class_svm_rgb_features,8jmmvtqy,test,normal,0,13.811716177264245
broach_dataset,one_class_svm_rgb_features,8jsrww4s,test,normal,0,-2.137034389761478
broach_dataset,one_class_svm_rgb_features,8kklseau,test,normal,0,-2.278119512822059
broach_dataset,one_class_svm_rgb_features,8klxzm4e,test,normal,0,8.181264800949226
broach_dataset,one_class_svm_rgb_features,8kqbobdc,test,normal,0,-2.136148451370925
broach_dataset,one_class_svm_rgb_features,8l0hg9nc,test,normal,0,-0.14415935754316678
broach_dataset,one_class_svm_rgb_features,8llihkpj,test,normal,0,-0.26893545811294395
broach_dataset,one_class_svm_rgb_features,8m7qyrac,test,normal,0,-0.2764248798698947
broach_dataset,one_class_svm_rgb_features,8nhutu2x,test,normal,0,-0.21232637014396794
broach_dataset,one_class_svm_rgb_features,8nn3t7tr,test,normal,0,0.1686023157750789
broach_dataset,one_class_svm_rgb_features,8o17rm9l,test,normal,0,-0.4423808095198165
broach_dataset,one_class_svm_rgb_features,8o8g8hzm,test,normal,0,-1.8444046133435315
broach_dataset,one_class_svm_rgb_features,8or4ww1j,test,normal,0,-0.6111216152729533
broach_dataset,one_class_svm_rgb_features,8p0lw389,test,normal,0,-2.654000451330891
broach_dataset,one_class_svm_rgb_features,8pajssuu,test,normal,0,-1.5465697560604976
broach_dataset,one_class_svm_rgb_features,8poe6x2v,test,normal,0,2.803994433635564
broach_dataset,one_class_svm_rgb_features,8qawpkwi,test,normal,0,-3.3680366305982012
broach_dataset,one_class_svm_rgb_features,8qdb9bgv,test,normal,0,-1.7324474015269242
broach_dataset,one_class_svm_rgb_features,8qfuc6vl,test,normal,0,13.218041676820398
broach_dataset,one_class_svm_rgb_features,8qwdn5s1,test,normal,0,-2.4868444520973334
broach_dataset,one_class_svm_rgb_features,8rfpxx1o,test,normal,0,-4.4503804250463155
broach_dataset,one_class_svm_rgb_features,8rjid2b2,test,normal,0,-2.6635639336855412
broach_dataset,one_class_svm_rgb_features,8rnct14v,test,normal,0,-0.36632076321386364
broach_dataset,one_class_svm_rgb_features,8seb9u51,test,normal,0,0.2297642478001105
broach_dataset,one_class_svm_rgb_features,8sh6t15q,test,normal,0,-2.4850504810044285
broach_dataset,one_class_svm_rgb_features,8snlc1tl,test,normal,0,-3.85824962564406
broach_dataset,one_class_svm_rgb_features,8so4vrot,test,normal,0,-2.879125256666704
broach_dataset,one_class_svm_rgb_features,8sqylkzc,test,normal,0,-0.6720057350712239
broach_dataset,one_class_svm_rgb_features,8t8zknsy,test,normal,0,-1.7088299152439461
broach_dataset,one_class_svm_rgb_features,8t922d0n,test,normal,0,-2.2083946320890213
broach_dataset,one_class_svm_rgb_features,8tcb5m2g,test,normal,0,-1.9819167415033796
broach_dataset,one_class_svm_rgb_features,8tr0s5nm,test,normal,0,-1.4126765829675527
broach_dataset,one_class_svm_rgb_features,8umt28wn,test,normal,0,-4.263361576579488
broach_dataset,one_class_svm_rgb_features,8vir5dwu,test,normal,0,-3.7924335656006605
broach_dataset,one_class_svm_rgb_features,8w4cne1d,test,normal,0,9.465630864707329
broach_dataset,one_class_svm_rgb_features,8wfyegfy,test,normal,0,-2.6529659719665233
broach_dataset,one_class_svm_rgb_features,8wvp4ugk,test,normal,0,-3.141495080650607
broach_dataset,one_class_svm_rgb_features,8x3gzg40,test,normal,0,-1.4495485384269706
broach_dataset,one_class_svm_rgb_features,8ywvkbim,test,normal,0,12.79052423325672
broach_dataset,one_class_svm_rgb_features,909iu1jq,test,normal,0,-0.3613039175974606
broach_dataset,one_class_svm_rgb_features,91tfrsa8,test,normal,0,-2.1104364750009346
broach_dataset,one_class_svm_rgb_features,949p9q00,test,normal,0,-1.653255688225359
broach_dataset,one_class_svm_rgb_features,94qaw4zd,test,normal,0,-3.064262324920019
broach_dataset,one_class_svm_rgb_features,9666an3j,test,normal,0,-1.1409100779991554
broach_dataset,one_class_svm_rgb_features,96eecrtv,test,normal,0,-2.8592922112752106
broach_dataset,one_class_svm_rgb_features,96wmjdpj,test,normal,0,-1.4526447823846933
broach_dataset,one_class_svm_rgb_features,97lw6s8q,test,normal,0,-1.1160814333164666
broach_dataset,one_class_svm_rgb_features,97uie2tx,test,normal,0,-1.7611229310784324
broach_dataset,one_class_svm_rgb_features,98395ix6,test,normal,0,-2.443288529768168
broach_dataset,one_class_svm_rgb_features,98510wbb,test,normal,0,-3.4269116954102437
broach_dataset,one_class_svm_rgb_features,986k33uf,test,normal,0,-3.1718086380369286
broach_dataset,one_class_svm_rgb_features,98e3r037,test,normal,0,-1.629831246039151
broach_dataset,one_class_svm_rgb_features,98poc4vg,test,normal,0,-2.504596067126645
broach_dataset,one_class_svm_rgb_features,98w07fil,test,normal,0,-1.2417325931109477
broach_dataset,one_class_svm_rgb_features,991e5l81,test,normal,0,-2.7193314240565734
broach_dataset,one_class_svm_rgb_features,99ifdz3p,test,normal,0,-0.32550846246615706
broach_dataset,one_class_svm_rgb_features,99wc1q9a,test,normal,0,3.9236564099066555
broach_dataset,one_class_svm_rgb_features,9aawe429,test,normal,0,-0.9251521419908055
broach_dataset,one_class_svm_rgb_features,9ae0w9lf,test,normal,0,-3.321720030605423
broach_dataset,one_class_svm_rgb_features,9bktpyhj,test,normal,0,13.631391480372624
broach_dataset,one_class_svm_rgb_features,9bp4m18o,test,normal,0,-2.285123269681332
broach_dataset,one_class_svm_rgb_features,9btd5pu1,test,normal,0,-3.793066194212777
broach_dataset,one_class_svm_rgb_features,9bv2hh4h,test,normal,0,-3.396105661073026
broach_dataset,one_class_svm_rgb_features,9clujy44,test,normal,0,-2.71562776577888
broach_dataset,one_class_svm_rgb_features,9dcg5625,test,normal,0,13.830829213299294
broach_dataset,one_class_svm_rgb_features,9ensmb76,test,normal,0,-2.2354996743019804
broach_dataset,one_class_svm_rgb_features,9finkfen,test,normal,0,-2.053639294170523
broach_dataset,one_class_svm_rgb_features,9ftaxp0w,test,normal,0,-1.0916922785053007
broach_dataset,one_class_svm_rgb_features,9fyxvl5o,test,normal,0,-0.6976198841129122
broach_dataset,one_class_svm_rgb_features,9gfjwnwt,test,normal,0,8.592918253679272
broach_dataset,one_class_svm_rgb_features,9h4kx70p,test,normal,0,13.128735871583794
broach_dataset,one_class_svm_rgb_features,9hyxkegr,test,normal,0,-3.2576168678282507
broach_dataset,one_class_svm_rgb_features,9jo3v2np,test,normal,0,2.6014493823224
broach_dataset,one_class_svm_rgb_features,9k8wof1x,test,normal,0,13.242152518713437
broach_dataset,one_class_svm_rgb_features,9kytekn2,test,normal,0,-2.107563954962803
broach_dataset,one_class_svm_rgb_features,9lo4jt54,test,normal,0,-0.5506682119531501
broach_dataset,one_class_svm_rgb_features,9lvorjr9,test,normal,0,2.051607792890115
broach_dataset,one_class_svm_rgb_features,9lw5fdu6,test,normal,0,-3.6688856601655857
broach_dataset,one_class_svm_rgb_features,9m8xosqc,test,normal,0,-0.46624835770189854
broach_dataset,one_class_svm_rgb_features,9nyye3ub,test,normal,0,-3.3023014401932897
broach_dataset,one_class_svm_rgb_features,9o885g3k,test,normal,0,9.126445829420726
broach_dataset,one_class_svm_rgb_features,9onb3jow,test,normal,0,1.522887640362244
broach_dataset,one_class_svm_rgb_features,9p3nr7dp,test,normal,0,-2.596711910665473
broach_dataset,one_class_svm_rgb_features,9p4m3jg4,test,normal,0,13.4840699958367
broach_dataset,one_class_svm_rgb_features,9pocfg3h,test,normal,0,-1.0496954015610402
broach_dataset,one_class_svm_rgb_features,9q44dvvp,test,normal,0,-2.01235456782101
broach_dataset,one_class_svm_rgb_features,9qz3q045,test,normal,0,-2.1853583623308914
broach_dataset,one_class_svm_rgb_features,9r8tuo05,test,normal,0,-2.009277006061879
broach_dataset,one_class_svm_rgb_features,9rk7zd9m,test,normal,0,-0.9329594166091599
broach_dataset,one_class_svm_rgb_features,9s1t78vo,test,normal,0,-1.4330350302534995
broach_dataset,one_class_svm_rgb_features,9s8zav1k,test,normal,0,-0.2377215615321031
broach_dataset,one_class_svm_rgb_features,9tvpuc4a,test,normal,0,0.9396380807216325
broach_dataset,one_class_svm_rgb_features,9uskb688,test,normal,0,-3.3620995324615954
broach_dataset,one_class_svm_rgb_features,9utvmtuc,test,normal,0,-3.0076540464958335
broach_dataset,one_class_svm_rgb_features,9v07oqkb,test,normal,0,-1.504095164997203
broach_dataset,one_class_svm_rgb_features,9v4epnxa,test,normal,0,1.2828728642283362
broach_dataset,one_class_svm_rgb_features,9v6zsmwo,test,normal,0,-2.7489047493857477
broach_dataset,one_class_svm_rgb_features,9vqiet4a,test,normal,0,-2.082870845434872
broach_dataset,one_class_svm_rgb_features,9x20bw2m,test,normal,0,-3.0514889303212023
broach_dataset,one_class_svm_rgb_features,9xdyq8d7,test,normal,0,-2.447015796896814
broach_dataset,one_class_svm_rgb_features,9z1h68im,test,normal,0,-2.0223184817492275
broach_dataset,one_class_svm_rgb_features,9z2fvexy,test,normal,0,-2.4195702825054397
broach_dataset,one_class_svm_rgb_features,9zu17d8h,test,normal,0,-2.0845852825834363
broach_dataset,one_class_svm_rgb_features,a0f89jch,test,normal,0,-1.2666171380446585
broach_dataset,one_class_svm_rgb_features,a0gurgug,test,normal,0,-1.0125732079743752
broach_dataset,one_class_svm_rgb_features,a0mvf4s2,test,normal,0,-0.8553794018535026
broach_dataset,one_class_svm_rgb_features,a1a81v93,test,normal,0,-0.21491495114046266
broach_dataset,one_class_svm_rgb_features,a1iopra5,test,normal,0,-1.6470364058993496
broach_dataset,one_class_svm_rgb_features,a1j1ouoo,test,normal,0,-2.903973694057168
broach_dataset,one_class_svm_rgb_features,a2hhkfj2,test,normal,0,-0.14900685846700412
broach_dataset,one_class_svm_rgb_features,a2hzteiw,test,normal,0,13.68461862994747
broach_dataset,one_class_svm_rgb_features,a2pqxd4q,test,normal,0,-0.8163880888524222
broach_dataset,one_class_svm_rgb_features,a2tbyy27,test,normal,0,-2.396240297453396
broach_dataset,one_class_svm_rgb_features,a38fk6xc,test,normal,0,-0.6793157634566569
broach_dataset,one_class_svm_rgb_features,a3mlwu1l,test,normal,0,-1.8378652518356695
broach_dataset,one_class_svm_rgb_features,a4psr282,test,normal,0,2.0156798730547365
broach_dataset,one_class_svm_rgb_features,a4rgfnir,test,normal,0,-2.0900383465914025
broach_dataset,one_class_svm_rgb_features,a566kqqh,test,normal,0,-3.009415092319113
broach_dataset,one_class_svm_rgb_features,a59obnnq,test,normal,0,3.6751847461548284
broach_dataset,one_class_svm_rgb_features,a5uy7nvl,test,normal,0,-0.6966888368711057
broach_dataset,one_class_svm_rgb_features,a6bmla4q,test,normal,0,0.09545659767751502
broach_dataset,one_class_svm_rgb_features,a6t9p1jh,test,normal,0,0.4943962626051128
broach_dataset,one_class_svm_rgb_features,a7dd72re,test,normal,0,-2.1079871516372997
broach_dataset,one_class_svm_rgb_features,a7j6oy77,test,normal,0,-1.4642589496878369
broach_dataset,one_class_svm_rgb_features,a7kejfsj,test,normal,0,2.1325712878959315
broach_dataset,one_class_svm_rgb_features,a7r582k8,test,normal,0,-0.829894089283183
broach_dataset,one_class_svm_rgb_features,a7ryzy26,test,normal,0,-0.6321348908767295
broach_dataset,one_class_svm_rgb_features,a8nbg1x2,test,normal,0,-3.0573106523060183
broach_dataset,one_class_svm_rgb_features,a92wlffk,test,normal,0,-2.392279669510593
broach_dataset,one_class_svm_rgb_features,a94d8xer,test,normal,0,-2.4128027056803276
broach_dataset,one_class_svm_rgb_features,aa2u4px1,test,normal,0,-2.5522247912517386
broach_dataset,one_class_svm_rgb_features,aaajo1f8,test,normal,0,0.8754642462222844
broach_dataset,one_class_svm_rgb_features,aad0xh2m,test,normal,0,-2.394902328428664
broach_dataset,one_class_svm_rgb_features,aaddjiti,test,normal,0,-0.20629396534799227
broach_dataset,one_class_svm_rgb_features,aalxvgpc,test,normal,0,-2.037846522908513
broach_dataset,one_class_svm_rgb_features,aawbsrxo,test,normal,0,-2.8046242277056095
broach_dataset,one_class_svm_rgb_features,abuo970u,test,normal,0,-2.6878294775318032
broach_dataset,one_class_svm_rgb_features,abyqkwb0,test,normal,0,13.733806452463607
broach_dataset,one_class_svm_rgb_features,adigsntw,test,normal,0,2.3452859256409653
broach_dataset,one_class_svm_rgb_features,adkel21a,test,normal,0,-3.099098289261864
broach_dataset,one_class_svm_rgb_features,aep3a8n5,test,normal,0,-0.0885714158680262
broach_dataset,one_class_svm_rgb_features,afb7cqfa,test,normal,0,-1.4907135557073659
broach_dataset,one_class_svm_rgb_features,ag6xo6pb,test,normal,0,-2.8374776902166197
broach_dataset,one_class_svm_rgb_features,agbp9gxv,test,normal,0,-3.162442433435082
broach_dataset,one_class_svm_rgb_features,agnljcb1,test,normal,0,-1.957864838675313
broach_dataset,one_class_svm_rgb_features,ahktfc2r,test,normal,0,-2.3821843193424748
broach_dataset,one_class_svm_rgb_features,ai0ixpwm,test,normal,0,-2.6109844380550165
broach_dataset,one_class_svm_rgb_features,aj4mh7lk,test,normal,0,-1.35823144191167
broach_dataset,one_class_svm_rgb_features,akcqadc1,test,normal,0,12.014060592335166
broach_dataset,one_class_svm_rgb_features,akitkg0f,test,normal,0,13.711787118522203
broach_dataset,one_class_svm_rgb_features,albna023,test,normal,0,-3.128734742039022
broach_dataset,one_class_svm_rgb_features,alnu6bx0,test,normal,0,-2.479849215680634
broach_dataset,one_class_svm_rgb_features,am0xkfsi,test,normal,0,6.673526347432859
broach_dataset,one_class_svm_rgb_features,am7p9foq,test,normal,0,-2.65696255367698
broach_dataset,one_class_svm_rgb_features,amchpyuf,test,normal,0,1.004454970105046
broach_dataset,one_class_svm_rgb_features,amkcejhc,test,normal,0,-2.7543606759462413
broach_dataset,one_class_svm_rgb_features,aml227ci,test,normal,0,-2.13824896935035
broach_dataset,one_class_svm_rgb_features,anw2d0gz,test,normal,0,-2.261473942133751
broach_dataset,one_class_svm_rgb_features,aoiwaydr,test,normal,0,3.8444284067418106
broach_dataset,one_class_svm_rgb_features,ap3k5b8s,test,normal,0,-1.227631684678009
broach_dataset,one_class_svm_rgb_features,ap7p92le,test,normal,0,-1.4450902946984527
broach_dataset,one_class_svm_rgb_features,apo1elqe,test,normal,0,-3.485831161972463
broach_dataset,one_class_svm_rgb_features,ar2zsin4,test,normal,0,0.09656805266693347
broach_dataset,one_class_svm_rgb_features,arseuh23,test,normal,0,-1.5184499140862755
broach_dataset,one_class_svm_rgb_features,as8agrna,test,normal,0,-0.7288065822981142
broach_dataset,one_class_svm_rgb_features,asz6e3tf,test,normal,0,13.580213095482017
broach_dataset,one_class_svm_rgb_features,at2eyf8a,test,normal,0,-0.10741504004589864
broach_dataset,one_class_svm_rgb_features,atgvetn0,test,normal,0,0.004595468949887049
broach_dataset,one_class_svm_rgb_features,atp9px7l,test,normal,0,-3.255374518669278
broach_dataset,one_class_svm_rgb_features,atpz00h4,test,normal,0,-2.7662638859367057
broach_dataset,one_class_svm_rgb_features,aus6lymm,test,normal,0,-0.9021917152798284
broach_dataset,one_class_svm_rgb_features,avbhsuyp,test,normal,0,-0.6448001467247604
broach_dataset,one_class_svm_rgb_features,avirzxw2,test,normal,0,1.024406193545449
broach_dataset,one_class_svm_rgb_features,avzcta94,test,normal,0,4.013659417313365
broach_dataset,one_class_svm_rgb_features,awpg8gkx,test,normal,0,-1.0280412653096764
broach_dataset,one_class_svm_rgb_features,awu918vc,test,normal,0,0.046662698793495494
broach_dataset,one_class_svm_rgb_features,ax7gs7i0,test,normal,0,-0.6890243749797644
broach_dataset,one_class_svm_rgb_features,axpcd6i2,test,normal,0,-2.679126761197441
broach_dataset,one_class_svm_rgb_features,ayi49cab,test,normal,0,-2.2949195551322
broach_dataset,one_class_svm_rgb_features,aynhw8vv,test,normal,0,-2.6304654516465753
broach_dataset,one_class_svm_rgb_features,az0wy5eq,test,normal,0,-2.5917609850889
broach_dataset,one_class_svm_rgb_features,az39pecn,test,normal,0,-2.7719679113050653
broach_dataset,one_class_svm_rgb_features,azpij3f7,test,normal,0,-0.5332828358223054
broach_dataset,one_class_svm_rgb_features,b01d5wdn,test,normal,0,-3.030447957506283
broach_dataset,one_class_svm_rgb_features,b02uclz2,test,normal,0,-2.0297489211640816
broach_dataset,one_class_svm_rgb_features,b0gq3a7c,test,normal,0,-0.3350659563308014
broach_dataset,one_class_svm_rgb_features,b0i6bz5f,test,normal,0,-2.2790660651636543
broach_dataset,one_class_svm_rgb_features,b0pl861c,test,normal,0,10.456149783434572
broach_dataset,one_class_svm_rgb_features,b12qzu8d,test,normal,0,13.550120165143982
broach_dataset,one_class_svm_rgb_features,b1qtgnhu,test,normal,0,-1.7423659909481692
broach_dataset,one_class_svm_rgb_features,b1vm3de8,test,normal,0,0.4184025508197866
broach_dataset,one_class_svm_rgb_features,b1ztpsfd,test,normal,0,0.6244596858729761
broach_dataset,one_class_svm_rgb_features,b2xhy2a9,test,normal,0,-1.5814770609979831
broach_dataset,one_class_svm_rgb_features,b352jkut,test,normal,0,-1.9698538325780213
broach_dataset,one_class_svm_rgb_features,b41hfu9p,test,normal,0,-1.7576236796394493
broach_dataset,one_class_svm_rgb_features,b4r8ocfs,test,normal,0,-2.1719065217536055
broach_dataset,one_class_svm_rgb_features,b4w2y5pe,test,normal,0,-1.8533602234896982
broach_dataset,one_class_svm_rgb_features,b4yuexyv,test,normal,0,2.3287995512101407
broach_dataset,one_class_svm_rgb_features,b5389m8j,test,normal,0,-1.9076476825614996
broach_dataset,one_class_svm_rgb_features,b6v27aid,test,normal,0,-0.367374417676837
broach_dataset,one_class_svm_rgb_features,b7jdr4b4,test,normal,0,-2.6994167624063863
broach_dataset,one_class_svm_rgb_features,b7sncpi6,test,normal,0,-1.357533802219459
broach_dataset,one_class_svm_rgb_features,b7zyneqw,test,normal,0,-2.826120178363631
broach_dataset,one_class_svm_rgb_features,b890zm8j,test,normal,0,-1.7852959325197801
broach_dataset,one_class_svm_rgb_features,b8c1my7f,test,normal,0,2.2855697735384304
broach_dataset,one_class_svm_rgb_features,b8poxiot,test,normal,0,-1.8947569679835148
broach_dataset,one_class_svm_rgb_features,b9b935kz,test,normal,0,-2.4777074177002127
broach_dataset,one_class_svm_rgb_features,b9fwnhip,test,normal,0,13.41700824839091
broach_dataset,one_class_svm_rgb_features,ba1dyqg1,test,normal,0,-2.2306770517251273
broach_dataset,one_class_svm_rgb_features,ba56pknr,test,normal,0,-1.3497414361470224
broach_dataset,one_class_svm_rgb_features,bbckmr8p,test,normal,0,-1.6050539329317406
broach_dataset,one_class_svm_rgb_features,bbsu04w4,test,normal,0,-0.9198141134612818
broach_dataset,one_class_svm_rgb_features,bd41rxwg,test,normal,0,-1.3136636155231383
broach_dataset,one_class_svm_rgb_features,bd880mdw,test,normal,0,-2.4489777990742816
broach_dataset,one_class_svm_rgb_features,bdgg7pvr,test,normal,0,-1.8154837954372844
broach_dataset,one_class_svm_rgb_features,bduf72oo,test,normal,0,-2.6299930980212807
broach_dataset,one_class_svm_rgb_features,be8pen4c,test,normal,0,-3.0482424211301904
broach_dataset,one_class_svm_rgb_features,berxe6l0,test,normal,0,-1.5150488206067418
broach_dataset,one_class_svm_rgb_features,bf2er1sj,test,normal,0,11.401800718922235
broach_dataset,one_class_svm_rgb_features,bfnltbgl,test,normal,0,-0.7305581812391413
broach_dataset,one_class_svm_rgb_features,bftid580,test,normal,0,-3.239199860531329
broach_dataset,one_class_svm_rgb_features,bgl2mcxn,test,normal,0,-2.1410375023559887
broach_dataset,one_class_svm_rgb_features,bgmy4iqz,test,normal,0,-1.3087467673721438
broach_dataset,one_class_svm_rgb_features,bhaiiwi0,test,normal,0,-0.6779570160215069
broach_dataset,one_class_svm_rgb_features,biv407dt,test,normal,0,0.09534376847685344
broach_dataset,one_class_svm_rgb_features,bj4ntksz,test,normal,0,-3.50695499086617
broach_dataset,one_class_svm_rgb_features,bjrimwny,test,normal,0,-3.7809506140851497
broach_dataset,one_class_svm_rgb_features,blfa51kk,test,normal,0,13.370939744115436
broach_dataset,one_class_svm_rgb_features,blokrg63,test,normal,0,-4.342712127037508
broach_dataset,one_class_svm_rgb_features,bmqq749q,test,normal,0,-1.2793500008884013
broach_dataset,one_class_svm_rgb_features,bnkoj1vt,test,normal,0,-1.1619866724744234
broach_dataset,one_class_svm_rgb_features,bpg2r0to,test,normal,0,-3.0203737398393287
broach_dataset,one_class_svm_rgb_features,bpk093i1,test,normal,0,-2.246826184748574
broach_dataset,one_class_svm_rgb_features,bpuqygjg,test,normal,0,-2.0013024291842214
broach_dataset,one_class_svm_rgb_features,bqam97xo,test,normal,0,-1.3590692108445683
broach_dataset,one_class_svm_rgb_features,bqg5a8mb,test,normal,0,-3.400318636384423
broach_dataset,one_class_svm_rgb_features,bqt8hh10,test,normal,0,0.18913549586594947
broach_dataset,one_class_svm_rgb_features,br99p9yk,test,normal,0,13.579611080819646
broach_dataset,one_class_svm_rgb_features,brfy17xo,test,normal,0,2.891094441379785
broach_dataset,one_class_svm_rgb_features,brnid5r6,test,normal,0,-2.307130031161517
broach_dataset,one_class_svm_rgb_features,brspj4ki,test,normal,0,-0.9955840938827816
broach_dataset,one_class_svm_rgb_features,brw32420,test,normal,0,2.3059439079767063
broach_dataset,one_class_svm_rgb_features,bscf2qvj,test,normal,0,-1.1463380152533453
broach_dataset,one_class_svm_rgb_features,bsq1iu7r,test,normal,0,-0.7832864865082527
broach_dataset,one_class_svm_rgb_features,bst4q0me,test,normal,0,-0.6578266851594758
broach_dataset,one_class_svm_rgb_features,btbop51v,test,normal,0,-2.4915881738912056
broach_dataset,one_class_svm_rgb_features,bte6zrx3,test,normal,0,13.853098669543163
broach_dataset,one_class_svm_rgb_features,btu7rilu,test,normal,0,-0.3394451275709791
broach_dataset,one_class_svm_rgb_features,buwqbaxr,test,normal,0,14.045756068289844
broach_dataset,one_class_svm_rgb_features,bv2j3t4h,test,normal,0,-1.4184873010036192
broach_dataset,one_class_svm_rgb_features,bv46mu62,test,normal,0,-2.2373234569992277
broach_dataset,one_class_svm_rgb_features,bv6vpllg,test,normal,0,-0.42354807332008804
broach_dataset,one_class_svm_rgb_features,bv8m07nk,test,normal,0,0.44576552131229974
broach_dataset,one_class_svm_rgb_features,bwq6fodn,test,normal,0,-1.842796617859232
broach_dataset,one_class_svm_rgb_features,bx52ni0d,test,normal,0,-1.4055803876370643
broach_dataset,one_class_svm_rgb_features,bxc1bxyt,test,normal,0,4.698781549937429
broach_dataset,one_class_svm_rgb_features,by402329,test,normal,0,-1.6138120261494375
broach_dataset,one_class_svm_rgb_features,by4r0023,test,normal,0,-3.061033650277629
broach_dataset,one_class_svm_rgb_features,bz3gjcls,test,normal,0,-2.9657915892020306
broach_dataset,one_class_svm_rgb_features,bzqstd1c,test,normal,0,-0.8522979723790058
broach_dataset,one_class_svm_rgb_features,c0kxinhk,test,normal,0,-3.450273811711032
broach_dataset,one_class_svm_rgb_features,c1lxgbnz,test,normal,0,-1.5452945492373455
broach_dataset,one_class_svm_rgb_features,c1spe7ei,test,normal,0,-0.8466199676954549
broach_dataset,one_class_svm_rgb_features,c25juv05,test,normal,0,-2.551460385389877
broach_dataset,one_class_svm_rgb_features,c4djyr0r,test,normal,0,-2.244300171780708
broach_dataset,one_class_svm_rgb_features,c4fh065a,test,normal,0,-1.6644298743102226
broach_dataset,one_class_svm_rgb_features,c50b8y5d,test,normal,0,-2.7654436110001157
broach_dataset,one_class_svm_rgb_features,c6es3ugp,test,normal,0,-2.6772475781346863
broach_dataset,one_class_svm_rgb_features,c6sm52oi,test,normal,0,13.652107965011345
broach_dataset,one_class_svm_rgb_features,c8julf09,test,normal,0,-1.6837662565975382
broach_dataset,one_class_svm_rgb_features,c9ybx6gy,test,normal,0,1.582064792540761
broach_dataset,one_class_svm_rgb_features,caec69nb,test,normal,0,-3.489705536971414
broach_dataset,one_class_svm_rgb_features,cahc4xo6,test,normal,0,-0.5396342263968084
broach_dataset,one_class_svm_rgb_features,cakosmfk,test,normal,0,13.612809358058586
broach_dataset,one_class_svm_rgb_features,cb2x18ns,test,normal,0,-1.5102419083496486
broach_dataset,one_class_svm_rgb_features,cb5v8t40,test,normal,0,-2.867391760650154
broach_dataset,one_class_svm_rgb_features,cbzcxqud,test,normal,0,-1.9193693603774555
broach_dataset,one_class_svm_rgb_features,cc9pyefv,test,normal,0,-2.7691000762005693
broach_dataset,one_class_svm_rgb_features,cd0prss6,test,normal,0,-1.6529045547132384
broach_dataset,one_class_svm_rgb_features,cd23v4xn,test,normal,0,-3.0409391322756605
broach_dataset,one_class_svm_rgb_features,cdoiibfb,test,normal,0,-2.1647989757531967
broach_dataset,one_class_svm_rgb_features,cdyoc44k,test,normal,0,5.399285793498077
broach_dataset,one_class_svm_rgb_features,cebwpyzx,test,normal,0,-2.4213462326717803
broach_dataset,one_class_svm_rgb_features,cemcilrs,test,normal,0,-2.6587485041782806
broach_dataset,one_class_svm_rgb_features,cf2r8xii,test,normal,0,-1.8755085735347237
broach_dataset,one_class_svm_rgb_features,cf5yye5l,test,normal,0,-1.7561341998141593
broach_dataset,one_class_svm_rgb_features,cgdc5tao,test,normal,0,-2.7350833362033633
broach_dataset,one_class_svm_rgb_features,cgnk3y8i,test,normal,0,-2.8498101881070212
broach_dataset,one_class_svm_rgb_features,cgstps1h,test,normal,0,-1.9890971556855845
broach_dataset,one_class_svm_rgb_features,ci2w1w60,test,normal,0,1.2305930613827485
broach_dataset,one_class_svm_rgb_features,cizhd8kl,test,normal,0,13.62668662807321
broach_dataset,one_class_svm_rgb_features,cjtac15d,test,normal,0,-0.8481074467091361
broach_dataset,one_class_svm_rgb_features,cjzccu28,test,normal,0,7.692576721152595
broach_dataset,one_class_svm_rgb_features,cku3cqbh,test,normal,0,-0.8860151190004473
broach_dataset,one_class_svm_rgb_features,cmnbmkjt,test,normal,0,-0.3495185196949855
broach_dataset,one_class_svm_rgb_features,cn44wcgp,test,normal,0,-1.8749710629249101
broach_dataset,one_class_svm_rgb_features,cnebcxii,test,normal,0,-2.4451955866624644
broach_dataset,one_class_svm_rgb_features,cnsjmgk8,test,normal,0,-0.6852390239735602
broach_dataset,one_class_svm_rgb_features,co1rywym,test,normal,0,-1.0882391473933204
broach_dataset,one_class_svm_rgb_features,co9yua8n,test,normal,0,-1.9229802628746953
broach_dataset,one_class_svm_rgb_features,cob1ejif,test,normal,0,-1.7138796094779476
broach_dataset,one_class_svm_rgb_features,coo004oo,test,normal,0,-1.2925556624652934
broach_dataset,one_class_svm_rgb_features,cpgnm6hx,test,normal,0,0.8589081275254777
broach_dataset,one_class_svm_rgb_features,cpkfk905,test,normal,0,-2.6833424932204544
broach_dataset,one_class_svm_rgb_features,cqxcs1xs,test,normal,0,-0.45067283819810555
broach_dataset,one_class_svm_rgb_features,cqxm3voh,test,normal,0,-1.8689222191710115
broach_dataset,one_class_svm_rgb_features,crhm22sn,test,normal,0,-1.779009191610161
broach_dataset,one_class_svm_rgb_features,cri0vd94,test,normal,0,4.090836345454445
broach_dataset,one_class_svm_rgb_features,csl3kwvr,test,normal,0,-0.08238207499225503
broach_dataset,one_class_svm_rgb_features,cssyzleg,test,normal,0,-1.145577615548076
broach_dataset,one_class_svm_rgb_features,cuc6jzmn,test,normal,0,-1.9527661703081876
broach_dataset,one_class_svm_rgb_features,cv1ltwbj,test,normal,0,-1.6113099750621718
broach_dataset,one_class_svm_rgb_features,cvb99q7q,test,normal,0,0.8459854850795878
broach_dataset,one_class_svm_rgb_features,cvjf3qtc,test,normal,0,-3.2510441039030766
broach_dataset,one_class_svm_rgb_features,cvkngu9t,test,normal,0,-1.050122191889347
broach_dataset,one_class_svm_rgb_features,cw85nc3h,test,normal,0,0.27021303091684956
broach_dataset,one_class_svm_rgb_features,cw9ibgje,test,normal,0,-4.071779232725515
broach_dataset,one_class_svm_rgb_features,cwi2skhk,test,normal,0,-1.0629862202124016
broach_dataset,one_class_svm_rgb_features,cx9xg69d,test,normal,0,10.894759894259167
broach_dataset,one_class_svm_rgb_features,cxallssf,test,normal,0,-3.1287819063091575
broach_dataset,one_class_svm_rgb_features,cymne2ju,test,normal,0,-2.1090533156427114
broach_dataset,one_class_svm_rgb_features,cyy8r3ni,test,normal,0,-2.143234005418538
broach_dataset,one_class_svm_rgb_features,czh2jfe3,test,normal,0,-1.8459286202206258
broach_dataset,one_class_svm_rgb_features,d0obsgmm,test,normal,0,-1.4845625104315001
broach_dataset,one_class_svm_rgb_features,d0wwcqcl,test,normal,0,13.87909008579812
broach_dataset,one_class_svm_rgb_features,d1a5qodw,test,normal,0,-1.9421081897303907
broach_dataset,one_class_svm_rgb_features,d1fjpp5i,test,normal,0,-0.911643384801792
broach_dataset,one_class_svm_rgb_features,d1hfq4gs,test,normal,0,2.4938575302815114
broach_dataset,one_class_svm_rgb_features,d1l04vu2,test,normal,0,2.7958218356482067
broach_dataset,one_class_svm_rgb_features,d1udxpjt,test,normal,0,13.773190329257258
broach_dataset,one_class_svm_rgb_features,d22hwfzp,test,normal,0,-1.535754640519718
broach_dataset,one_class_svm_rgb_features,d22scuj2,test,normal,0,13.02869871487702
broach_dataset,one_class_svm_rgb_features,d2b6e4dw,test,normal,0,-1.6844968864038297
broach_dataset,one_class_svm_rgb_features,d2ol48f1,test,normal,0,13.614269985639694
broach_dataset,one_class_svm_rgb_features,d2pb01s3,test,normal,0,-2.33923073391227
broach_dataset,one_class_svm_rgb_features,d2x9a7jo,test,normal,0,-1.2415963094727758
broach_dataset,one_class_svm_rgb_features,d2xd3ttv,test,normal,0,-1.5777112713249242
broach_dataset,one_class_svm_rgb_features,d3bmyu8t,test,normal,0,-0.45992769773804376
broach_dataset,one_class_svm_rgb_features,d3ttet59,test,normal,0,6.763938378437903
broach_dataset,one_class_svm_rgb_features,d3u98y9h,test,normal,0,-3.66699413151499
broach_dataset,one_class_svm_rgb_features,d4h7lpwk,test,normal,0,2.7162720956963966
broach_dataset,one_class_svm_rgb_features,d4ysd6sh,test,normal,0,11.178944299635587
broach_dataset,one_class_svm_rgb_features,d4zyefg5,test,normal,0,-0.463080772648679
broach_dataset,one_class_svm_rgb_features,d5d3sd4x,test,normal,0,14.154478788290495
broach_dataset,one_class_svm_rgb_features,d5dwdt62,test,normal,0,-0.9227873369684367
broach_dataset,one_class_svm_rgb_features,d5jl4nmh,test,normal,0,-2.3967595496568492
broach_dataset,one_class_svm_rgb_features,d67gf9nh,test,normal,0,6.2148619650352375
broach_dataset,one_class_svm_rgb_features,d75tageb,test,normal,0,-1.78513221788576
broach_dataset,one_class_svm_rgb_features,d7fw33g8,test,normal,0,-3.249191497041963
broach_dataset,one_class_svm_rgb_features,d7hfvsv3,test,normal,0,-2.535996605319177
broach_dataset,one_class_svm_rgb_features,d7spljcp,test,normal,0,0.8563813711503769
broach_dataset,one_class_svm_rgb_features,d7urudo4,test,normal,0,-2.173090854212475
broach_dataset,one_class_svm_rgb_features,d8jvx7wk,test,normal,0,-3.423409796292077
broach_dataset,one_class_svm_rgb_features,d8vu7jcs,test,normal,0,-0.3468425264225594
broach_dataset,one_class_svm_rgb_features,d9ezj4hi,test,normal,0,-2.303291499199883
broach_dataset,one_class_svm_rgb_features,d9lxrgus,test,normal,0,-2.9538178280331913
broach_dataset,one_class_svm_rgb_features,dafymdpv,test,normal,0,-0.1277422303589777
broach_dataset,one_class_svm_rgb_features,db8zgywq,test,normal,0,-1.6710722856044526
broach_dataset,one_class_svm_rgb_features,ddcss3qc,test,normal,0,2.0340873429744963
broach_dataset,one_class_svm_rgb_features,ddkswz7u,test,normal,0,-0.7486119171018171
broach_dataset,one_class_svm_rgb_features,ddosgasl,test,normal,0,-2.5014692600834145
broach_dataset,one_class_svm_rgb_features,demm0uez,test,normal,0,-3.374834010277862
broach_dataset,one_class_svm_rgb_features,dezh0cd8,test,normal,0,-0.9331923987449589
broach_dataset,one_class_svm_rgb_features,dfbhpsoj,test,normal,0,-3.150938500892238
broach_dataset,one_class_svm_rgb_features,dg3dm525,test,normal,0,5.830016467009266
broach_dataset,one_class_svm_rgb_features,dgntl7dh,test,normal,0,-3.4627189287587115
broach_dataset,one_class_svm_rgb_features,dgp5o1g1,test,normal,0,-0.9634846413859464
broach_dataset,one_class_svm_rgb_features,dh3qccsz,test,normal,0,-3.5666367730375192
broach_dataset,one_class_svm_rgb_features,dhrwx4j2,test,normal,0,-2.205277411961262
broach_dataset,one_class_svm_rgb_features,di90wmvb,test,normal,0,-1.5651853828765656
broach_dataset,one_class_svm_rgb_features,dla8dmig,test,normal,0,-3.400840337975737
broach_dataset,one_class_svm_rgb_features,dlught7e,test,normal,0,0.13916243855183374
broach_dataset,one_class_svm_rgb_features,dm2h3tx4,test,normal,0,-3.0759332582584413
broach_dataset,one_class_svm_rgb_features,dmlrsiwo,test,normal,0,13.515685138344244
broach_dataset,one_class_svm_rgb_features,dndb94lj,test,normal,0,1.8157911100013813
broach_dataset,one_class_svm_rgb_features,dof07r0c,test,normal,0,-1.7226647094055636
broach_dataset,one_class_svm_rgb_features,domtxqup,test,normal,0,-2.9260590081802
broach_dataset,one_class_svm_rgb_features,dopmqqje,test,normal,0,-2.199496372553117
broach_dataset,one_class_svm_rgb_features,dpovj2u8,test,normal,0,-3.3946062283352134
broach_dataset,one_class_svm_rgb_features,dq3v011n,test,normal,0,-2.068460258487825
broach_dataset,one_class_svm_rgb_features,drfrmq8r,test,normal,0,-1.8480106080931478
broach_dataset,one_class_svm_rgb_features,drr2whbj,test,normal,0,-1.9814341621207667
broach_dataset,one_class_svm_rgb_features,ds8fl2wb,test,normal,0,13.721188065459552
broach_dataset,one_class_svm_rgb_features,dsc31its,test,normal,0,-4.28437977021191
broach_dataset,one_class_svm_rgb_features,dsjd6n16,test,normal,0,-0.06875357806680782
broach_dataset,one_class_svm_rgb_features,dt1wvf6r,test,normal,0,13.508502112005097
broach_dataset,one_class_svm_rgb_features,dtgs6rpj,test,normal,0,-2.992100306439891
broach_dataset,one_class_svm_rgb_features,dtn0abmk,test,normal,0,-3.4310037803670497
broach_dataset,one_class_svm_rgb_features,dtqs4abi,test,normal,0,1.4374601820919732
broach_dataset,one_class_svm_rgb_features,dty3ck6f,test,normal,0,-2.1511664051572232
broach_dataset,one_class_svm_rgb_features,dulgxjbb,test,normal,0,-0.772231818057941
broach_dataset,one_class_svm_rgb_features,duxic4rr,test,normal,0,13.911625195267234
broach_dataset,one_class_svm_rgb_features,dvriygs9,test,normal,0,-0.8050364709859714
broach_dataset,one_class_svm_rgb_features,dw1nn9f7,test,normal,0,-2.2913199524045815
broach_dataset,one_class_svm_rgb_features,dwhl940v,test,normal,0,-2.29334060277176
broach_dataset,one_class_svm_rgb_features,dwqk53bi,test,normal,0,-2.1107175689892372
broach_dataset,one_class_svm_rgb_features,dxixzmft,test,normal,0,-1.8707896194349338
broach_dataset,one_class_svm_rgb_features,dxky6o9r,test,normal,0,-0.8018891567246964
broach_dataset,one_class_svm_rgb_features,dy30ryy3,test,normal,0,-3.1543435747490243
broach_dataset,one_class_svm_rgb_features,dyeb3rii,test,normal,0,8.832464065521805
broach_dataset,one_class_svm_rgb_features,dyndp7gb,test,normal,0,-0.22196058917155348
broach_dataset,one_class_svm_rgb_features,dyrt6oi8,test,normal,0,-1.8925968017125712
broach_dataset,one_class_svm_rgb_features,dz2z5iv7,test,normal,0,3.31916984055737
broach_dataset,one_class_svm_rgb_features,dzotme0c,test,normal,0,-3.057714101617684
broach_dataset,one_class_svm_rgb_features,e07blw9m,test,normal,0,1.470968581375642
broach_dataset,one_class_svm_rgb_features,e0aa7ekk,test,normal,0,-4.0736666358649
broach_dataset,one_class_svm_rgb_features,e0l4ol5k,test,normal,0,13.356762638208728
broach_dataset,one_class_svm_rgb_features,e12qeykc,test,normal,0,-2.665919466394225
broach_dataset,one_class_svm_rgb_features,e4cwsjb4,test,normal,0,-2.2460757395427677
broach_dataset,one_class_svm_rgb_features,e4dv76oi,test,normal,0,14.078009157413126
broach_dataset,one_class_svm_rgb_features,e4ep7cgn,test,normal,0,-1.4071855254592247
broach_dataset,one_class_svm_rgb_features,e4k2v4zp,test,normal,0,-1.5949949776703427
broach_dataset,one_class_svm_rgb_features,e4qvtdoa,test,normal,0,2.1871812503386643
broach_dataset,one_class_svm_rgb_features,e52m1alc,test,normal,0,-2.4318692145233562
broach_dataset,one_class_svm_rgb_features,e54ukigd,test,normal,0,-0.6021182219755588
broach_dataset,one_class_svm_rgb_features,e5oz83ej,test,normal,0,-2.9306770563833027
broach_dataset,one_class_svm_rgb_features,e6opemst,test,normal,0,-1.8070767856643375
broach_dataset,one_class_svm_rgb_features,e705680m,test,normal,0,-2.1486292470407484
broach_dataset,one_class_svm_rgb_features,e8d4efvv,test,normal,0,-2.353841173376388
broach_dataset,one_class_svm_rgb_features,e8fzhkdy,test,normal,0,-1.2521971825512015
broach_dataset,one_class_svm_rgb_features,e8iv8ay0,test,normal,0,0.3916688392117891
broach_dataset,one_class_svm_rgb_features,e9ahim9l,test,normal,0,-3.5291669775756382
broach_dataset,one_class_svm_rgb_features,e9gt9kty,test,normal,0,-1.4172274533044753
broach_dataset,one_class_svm_rgb_features,e9vifttd,test,normal,0,-2.227397507272503
broach_dataset,one_class_svm_rgb_features,e9wr2p2g,test,normal,0,-1.7728679020792715
broach_dataset,one_class_svm_rgb_features,eaaot03k,test,normal,0,13.915027169615028
broach_dataset,one_class_svm_rgb_features,ead2guy2,test,normal,0,-2.272775811718077
broach_dataset,one_class_svm_rgb_features,eavz4w9h,test,normal,0,-1.467681000758267
broach_dataset,one_class_svm_rgb_features,ebiyhhck,test,normal,0,13.198749566514877
broach_dataset,one_class_svm_rgb_features,ebqo7bbq,test,normal,0,-3.4135172573877597
broach_dataset,one_class_svm_rgb_features,ecm785zd,test,normal,0,-3.410433520194033
broach_dataset,one_class_svm_rgb_features,edc3egv6,test,normal,0,-1.8562861526903198
broach_dataset,one_class_svm_rgb_features,eds9judp,test,normal,0,-3.5992352672132917
broach_dataset,one_class_svm_rgb_features,eecp6usz,test,normal,0,-3.3989353376060123
broach_dataset,one_class_svm_rgb_features,efdap1yr,test,normal,0,-2.5328567149391787
broach_dataset,one_class_svm_rgb_features,efhseyw0,test,normal,0,-1.725609747069388
broach_dataset,one_class_svm_rgb_features,efjawshm,test,normal,0,-1.2597819493272215
broach_dataset,one_class_svm_rgb_features,efjtx9x1,test,normal,0,2.34958324682165
broach_dataset,one_class_svm_rgb_features,efuckj1w,test,normal,0,-2.5192322897579515
broach_dataset,one_class_svm_rgb_features,eg39d6kc,test,normal,0,-2.141718046726737
broach_dataset,one_class_svm_rgb_features,egsa1tb5,test,normal,0,0.39369413269440834
broach_dataset,one_class_svm_rgb_features,egvtjz93,test,normal,0,-2.0006727785817695
broach_dataset,one_class_svm_rgb_features,egw63x5g,test,normal,0,3.1467133178787936
broach_dataset,one_class_svm_rgb_features,ehar63u8,test,normal,0,-1.0356430927744924
broach_dataset,one_class_svm_rgb_features,ehe2atn2,test,normal,0,-2.746766853577288
broach_dataset,one_class_svm_rgb_features,ehg832p4,test,normal,0,0.4531018479875435
broach_dataset,one_class_svm_rgb_features,ehhw9bh2,test,normal,0,-0.5312751408719834
broach_dataset,one_class_svm_rgb_features,ehmjfqb1,test,normal,0,-0.698683146005509
broach_dataset,one_class_svm_rgb_features,eiz0ekvv,test,normal,0,-1.8738627584472773
broach_dataset,one_class_svm_rgb_features,ej7ykfv6,test,normal,0,1.6043704509668153
broach_dataset,one_class_svm_rgb_features,ek622xfe,test,normal,0,-2.5229467744733185
broach_dataset,one_class_svm_rgb_features,el6rl1on,test,normal,0,-3.2016708413658925
broach_dataset,one_class_svm_rgb_features,elko48dh,test,normal,0,-1.470946502467978
broach_dataset,one_class_svm_rgb_features,emjyx0yg,test,normal,0,-0.7186756275956672
broach_dataset,one_class_svm_rgb_features,emvkd6wt,test,normal,0,-2.45879621283202
broach_dataset,one_class_svm_rgb_features,en2esqp2,test,normal,0,-2.763802838022144
broach_dataset,one_class_svm_rgb_features,engugs2m,test,normal,0,-0.951233403452413
broach_dataset,one_class_svm_rgb_features,enww4e3j,test,normal,0,3.325772851818529
broach_dataset,one_class_svm_rgb_features,eonf2muf,test,normal,0,-1.9462106052013013
broach_dataset,one_class_svm_rgb_features,eox981bf,test,normal,0,11.102714069798974
broach_dataset,one_class_svm_rgb_features,epr59sym,test,normal,0,-0.8715496522591231
broach_dataset,one_class_svm_rgb_features,eqkv2pnu,test,normal,0,-1.856156215082418
broach_dataset,one_class_svm_rgb_features,es0s1luu,test,normal,0,-2.7572224330938546
broach_dataset,one_class_svm_rgb_features,esdnc1k3,test,normal,0,-0.7977083390457036
broach_dataset,one_class_svm_rgb_features,esn9duup,test,normal,0,13.3426606767336
broach_dataset,one_class_svm_rgb_features,eswwbvwh,test,normal,0,-1.5710531750541286
broach_dataset,one_class_svm_rgb_features,etvffrff,test,normal,0,-2.634913592860581
broach_dataset,one_class_svm_rgb_features,euc1hh5l,test,normal,0,-0.4625045247168078
broach_dataset,one_class_svm_rgb_features,eus7hlcm,test,normal,0,-0.5284269539053703
broach_dataset,one_class_svm_rgb_features,ew7tqlvq,test,normal,0,-2.718682012548406
broach_dataset,one_class_svm_rgb_features,ewfvbfej,test,normal,0,-3.4907622698019622
broach_dataset,one_class_svm_rgb_features,exc1t0oy,test,normal,0,-1.3173241202422545
broach_dataset,one_class_svm_rgb_features,exmojd85,test,normal,0,-2.39999818985552
broach_dataset,one_class_svm_rgb_features,ey4ih9pv,test,normal,0,-1.9064858284765478
broach_dataset,one_class_svm_rgb_features,eyh26bea,test,normal,0,-0.621009465866516
broach_dataset,one_class_svm_rgb_features,eyrv8yed,test,normal,0,-2.9090400790216435
broach_dataset,one_class_svm_rgb_features,eyrynz0j,test,normal,0,0.2617112653552329
broach_dataset,one_class_svm_rgb_features,eyvt01xf,test,normal,0,-2.1921506488451428
broach_dataset,one_class_svm_rgb_features,ez0f0xpi,test,normal,0,7.75177701004067
broach_dataset,one_class_svm_rgb_features,ezq0x717,test,normal,0,-1.6601376061156028
broach_dataset,one_class_svm_rgb_features,f0b5kx5g,test,normal,0,13.701018219705109
broach_dataset,one_class_svm_rgb_features,f0uxc3b0,test,normal,0,-2.6443894823742085
broach_dataset,one_class_svm_rgb_features,f1f4tzgn,test,normal,0,-2.606613633070168
broach_dataset,one_class_svm_rgb_features,f1ldajjb,test,normal,0,-1.4500490393456449
broach_dataset,one_class_svm_rgb_features,f1ucuofg,test,normal,0,-2.3392878676155995
broach_dataset,one_class_svm_rgb_features,f29u8uri,test,normal,0,-1.1301912164237464
broach_dataset,one_class_svm_rgb_features,f3rb7ktt,test,normal,0,7.6608598535241414
broach_dataset,one_class_svm_rgb_features,f40k5yrl,test,normal,0,-2.304194344356471
broach_dataset,one_class_svm_rgb_features,f4bdz7a8,test,normal,0,-2.4332649212039996
broach_dataset,one_class_svm_rgb_features,f4ih1lu9,test,normal,0,-2.525735790195018
broach_dataset,one_class_svm_rgb_features,f5p8h0yt,test,normal,0,0.23746808713772616
broach_dataset,one_class_svm_rgb_features,f5tb6z5z,test,normal,0,4.9880933511519
broach_dataset,one_class_svm_rgb_features,f6jqneks,test,normal,0,14.150640342889638
broach_dataset,one_class_svm_rgb_features,f6mq886k,test,normal,0,-2.6498478537527745
broach_dataset,one_class_svm_rgb_features,f6xz8r9d,test,normal,0,-3.0001308404030347
broach_dataset,one_class_svm_rgb_features,f8rsjrrw,test,normal,0,-1.7756080418777245
broach_dataset,one_class_svm_rgb_features,f978x4ej,test,normal,0,-2.1361105373865144
broach_dataset,one_class_svm_rgb_features,f9oup3zq,test,normal,0,-0.37151520234926494
broach_dataset,one_class_svm_rgb_features,fam1k1en,test,normal,0,13.247504920623
broach_dataset,one_class_svm_rgb_features,fapwz512,test,normal,0,-2.3484406236112285
broach_dataset,one_class_svm_rgb_features,fbg3wvdv,test,normal,0,-2.5081921042783577
broach_dataset,one_class_svm_rgb_features,fdknl48k,test,normal,0,13.417309342596754
broach_dataset,one_class_svm_rgb_features,fe1zsyjc,test,normal,0,5.57783247138317
broach_dataset,one_class_svm_rgb_features,ff5ql14f,test,normal,0,-3.195939266478863
broach_dataset,one_class_svm_rgb_features,fggw1jyk,test,normal,0,-2.3830241781972177
broach_dataset,one_class_svm_rgb_features,fgnx9xz7,test,normal,0,1.7982478682692165
broach_dataset,one_class_svm_rgb_features,fibrr7aq,test,normal,0,-1.6615755177404772
broach_dataset,one_class_svm_rgb_features,fisbyn2z,test,normal,0,-0.640998826015835
broach_dataset,one_class_svm_rgb_features,fiup2le6,test,normal,0,-3.2241592433576045
broach_dataset,one_class_svm_rgb_features,fjskfn8a,test,normal,0,1.3764297628488915
broach_dataset,one_class_svm_rgb_features,fklulx3w,test,normal,0,-1.9800621676056842
broach_dataset,one_class_svm_rgb_features,fkofc2f0,test,normal,0,3.727508778381914
broach_dataset,one_class_svm_rgb_features,fkrxxwfm,test,normal,0,13.690350587534079
broach_dataset,one_class_svm_rgb_features,fl0463na,test,normal,0,-2.1004933695812937
broach_dataset,one_class_svm_rgb_features,fl6d2tue,test,normal,0,-0.01319822533130477
broach_dataset,one_class_svm_rgb_features,fmhtn2p6,test,normal,0,-1.5530559114435327
broach_dataset,one_class_svm_rgb_features,fmw9fe7t,test,normal,0,-2.289159330980315
broach_dataset,one_class_svm_rgb_features,fnmv5f88,test,normal,0,-0.05709700253550665
broach_dataset,one_class_svm_rgb_features,fo6t9wpx,test,normal,0,13.826712652354525
broach_dataset,one_class_svm_rgb_features,foijocvs,test,normal,0,-2.927078705795072
broach_dataset,one_class_svm_rgb_features,folig3c5,test,normal,0,1.1465612032417436
broach_dataset,one_class_svm_rgb_features,fp38phk5,test,normal,0,-2.9692392591367636
broach_dataset,one_class_svm_rgb_features,fpj8hk2r,test,normal,0,-1.3863310611941895
broach_dataset,one_class_svm_rgb_features,fpwxpjr9,test,normal,0,-2.5979452058087205
broach_dataset,one_class_svm_rgb_features,frml29q2,test,normal,0,-1.3355207959327178
broach_dataset,one_class_svm_rgb_features,frzhxka7,test,normal,0,-1.8387976242591435
broach_dataset,one_class_svm_rgb_features,fsuaok48,test,normal,0,-2.6353066512089462
broach_dataset,one_class_svm_rgb_features,ftgqp2ec,test,normal,0,-1.8774318622170867
broach_dataset,one_class_svm_rgb_features,ftixdwr0,test,normal,0,-3.252588968120076
broach_dataset,one_class_svm_rgb_features,fvmyui9h,test,normal,0,-1.1040018146872796
broach_dataset,one_class_svm_rgb_features,fw0c20x4,test,normal,0,-1.4967875520996152
broach_dataset,one_class_svm_rgb_features,fw96qwtu,test,normal,0,-1.600661875412042
broach_dataset,one_class_svm_rgb_features,fwjjo22l,test,normal,0,-0.27791629166727105
broach_dataset,one_class_svm_rgb_features,fx0akn05,test,normal,0,2.223111421960402
broach_dataset,one_class_svm_rgb_features,fx8ryw52,test,normal,0,-2.893008755884175
broach_dataset,one_class_svm_rgb_features,fxfmd13u,test,normal,0,-1.792050572940168
broach_dataset,one_class_svm_rgb_features,fxzfycb7,test,normal,0,-2.5789230038987547
broach_dataset,one_class_svm_rgb_features,fyjfrb65,test,normal,0,-2.35988587061102
broach_dataset,one_class_svm_rgb_features,fzhdojhx,test,normal,0,-1.0214169373129725
broach_dataset,one_class_svm_rgb_features,g06xr3ur,test,normal,0,-1.6281677381271535
broach_dataset,one_class_svm_rgb_features,g0hln0ez,test,normal,0,-2.6333233023332347
broach_dataset,one_class_svm_rgb_features,g21e0y7h,test,normal,0,-3.1392655584317772
broach_dataset,one_class_svm_rgb_features,g345k5dj,test,normal,0,2.9825565891872508
broach_dataset,one_class_svm_rgb_features,g3dcmyxb,test,normal,0,-0.05479466250432985
broach_dataset,one_class_svm_rgb_features,g4q47e1e,test,normal,0,14.175451398714028
broach_dataset,one_class_svm_rgb_features,g68zdopt,test,normal,0,-1.6747659059164537
broach_dataset,one_class_svm_rgb_features,g70p181i,test,normal,0,-4.3645758785271624
broach_dataset,one_class_svm_rgb_features,g74py8a9,test,normal,0,0.01907552159119774
broach_dataset,one_class_svm_rgb_features,g7v3hkmy,test,normal,0,-1.0938415577139615
broach_dataset,one_class_svm_rgb_features,g83wmcfo,test,normal,0,-2.634792612889033
broach_dataset,one_class_svm_rgb_features,g9qcm28q,test,normal,0,-2.73989247438017
broach_dataset,one_class_svm_rgb_features,gbk2xwgh,test,normal,0,-2.846203458165988
broach_dataset,one_class_svm_rgb_features,gbttnwut,test,normal,0,-3.7226334345788814
broach_dataset,one_class_svm_rgb_features,gc47wkrw,test,normal,0,-3.3963651306030975
broach_dataset,one_class_svm_rgb_features,gceryxs2,test,normal,0,-2.9837939451638356
broach_dataset,one_class_svm_rgb_features,gcsotdhh,test,normal,0,-2.904361495353559
broach_dataset,one_class_svm_rgb_features,gd40cm0t,test,normal,0,10.683585765989523
broach_dataset,one_class_svm_rgb_features,ge50p72g,test,normal,0,-2.773177921135165
broach_dataset,one_class_svm_rgb_features,geniy3fs,test,normal,0,-0.32220512411145386
broach_dataset,one_class_svm_rgb_features,gfalqkxw,test,normal,0,-2.4273322035323694
broach_dataset,one_class_svm_rgb_features,gfd1ti1u,test,normal,0,-2.1112737819587224
broach_dataset,one_class_svm_rgb_features,gfr4zk2t,test,normal,0,-2.7691516780680807
broach_dataset,one_class_svm_rgb_features,gfzd26tu,test,normal,0,-0.40075623098688595
broach_dataset,one_class_svm_rgb_features,gh8p9lve,test,normal,0,-2.6389348304357867
broach_dataset,one_class_svm_rgb_features,ghdars5s,test,normal,0,0.9867023806826047
broach_dataset,one_class_svm_rgb_features,gjhzgmis,test,normal,0,-0.21206438552417595
broach_dataset,one_class_svm_rgb_features,gkavrc6a,test,normal,0,-2.0315396926494955
broach_dataset,one_class_svm_rgb_features,gkpxbm6g,test,normal,0,-0.7379454024161873
broach_dataset,one_class_svm_rgb_features,glg08yvu,test,normal,0,-1.6564764852513214
broach_dataset,one_class_svm_rgb_features,glqkbec5,test,normal,0,-2.0695216210847853
broach_dataset,one_class_svm_rgb_features,glyi56x7,test,normal,0,14.066089750016046
broach_dataset,one_class_svm_rgb_features,gm7tuga8,test,normal,0,-0.8771553371951377
broach_dataset,one_class_svm_rgb_features,gm84eiet,test,normal,0,-0.7939727350196524
broach_dataset,one_class_svm_rgb_features,gmtvppfn,test,normal,0,-0.407071134368719
broach_dataset,one_class_svm_rgb_features,gmu5712q,test,normal,0,-1.6453601987129947
broach_dataset,one_class_svm_rgb_features,gn0ajqqp,test,normal,0,-0.5005963899324275
broach_dataset,one_class_svm_rgb_features,gnrd056f,test,normal,0,1.860401696389932
broach_dataset,one_class_svm_rgb_features,gnzqc4ut,test,normal,0,-3.9708158089361554
broach_dataset,one_class_svm_rgb_features,gnzs43c5,test,normal,0,-1.2760419307135056
broach_dataset,one_class_svm_rgb_features,goc5r1hm,test,normal,0,-2.4230599131385944
broach_dataset,one_class_svm_rgb_features,gouraird,test,normal,0,-2.1247371176029297
broach_dataset,one_class_svm_rgb_features,gpcivi05,test,normal,0,-2.3398778208953637
broach_dataset,one_class_svm_rgb_features,gpihk243,test,normal,0,-0.5864257673516917
broach_dataset,one_class_svm_rgb_features,gq2e5e6a,test,normal,0,1.7372596852135036
broach_dataset,one_class_svm_rgb_features,grr4c9as,test,normal,0,-1.7508846310889972
broach_dataset,one_class_svm_rgb_features,gs0mc3i0,test,normal,0,-2.1060989301662225
broach_dataset,one_class_svm_rgb_features,gsbd6t2z,test,normal,0,13.22177629383543
broach_dataset,one_class_svm_rgb_features,gsk10l7i,test,normal,0,-0.6160107014590039
broach_dataset,one_class_svm_rgb_features,gszspjjo,test,normal,0,-1.417258954039827
broach_dataset,one_class_svm_rgb_features,gtgniyty,test,normal,0,-3.0298176045830196
broach_dataset,one_class_svm_rgb_features,gtjbpslg,test,normal,0,-2.495352860113009
broach_dataset,one_class_svm_rgb_features,gublmntf,test,normal,0,-0.0012622732689866467
broach_dataset,one_class_svm_rgb_features,gve4qvrf,test,normal,0,-3.836938709810589
broach_dataset,one_class_svm_rgb_features,gvgfdw4q,test,normal,0,13.555267159422874
broach_dataset,one_class_svm_rgb_features,gvl5vjoj,test,normal,0,-2.4552649362585015
broach_dataset,one_class_svm_rgb_features,gvs9coi6,test,normal,0,13.233083308207974
broach_dataset,one_class_svm_rgb_features,gwj8rr1l,test,normal,0,-1.1839577919677495
broach_dataset,one_class_svm_rgb_features,gwl2ixaw,test,normal,0,-2.6923194813679636
broach_dataset,one_class_svm_rgb_features,gwozeo35,test,normal,0,1.4910834256768535
broach_dataset,one_class_svm_rgb_features,gxtkbaso,test,normal,0,-1.3120643576733855
broach_dataset,one_class_svm_rgb_features,gyfu2hc3,test,normal,0,-4.102251996525126
broach_dataset,one_class_svm_rgb_features,gzofpnx8,test,normal,0,13.809419745853077
broach_dataset,one_class_svm_rgb_features,h0bypekj,test,normal,0,-2.3476452758788717
broach_dataset,one_class_svm_rgb_features,h0czscpx,test,normal,0,1.1682322129197757
broach_dataset,one_class_svm_rgb_features,h10ejqbe,test,normal,0,-4.820652880498372
broach_dataset,one_class_svm_rgb_features,h20m1qw9,test,normal,0,-3.0818269833006973
broach_dataset,one_class_svm_rgb_features,h2bvwv6y,test,normal,0,-3.1664358708414255
broach_dataset,one_class_svm_rgb_features,h420pgi6,test,normal,0,0.07208639353065216
broach_dataset,one_class_svm_rgb_features,h4gxa5gy,test,normal,0,0.24087887805936958
broach_dataset,one_class_svm_rgb_features,h615kv38,test,normal,0,-1.798625915907266
broach_dataset,one_class_svm_rgb_features,h6z1tgh5,test,normal,0,1.0676903271859892
broach_dataset,one_class_svm_rgb_features,h761d81m,test,normal,0,1.7989486271515638
broach_dataset,one_class_svm_rgb_features,h776yl37,test,normal,0,-0.6538852999462605
broach_dataset,one_class_svm_rgb_features,h78qa4wh,test,normal,0,0.25784986863644477
broach_dataset,one_class_svm_rgb_features,h9dsphl2,test,normal,0,0.33889548976269523
broach_dataset,one_class_svm_rgb_features,ha2z8c7g,test,normal,0,13.109314687555296
broach_dataset,one_class_svm_rgb_features,haj3yvsi,test,normal,0,-2.4816716108655648
broach_dataset,one_class_svm_rgb_features,hd5pe5cx,test,normal,0,13.629759450435406
broach_dataset,one_class_svm_rgb_features,hdcpy7j9,test,normal,0,-2.7311723772644925
broach_dataset,one_class_svm_rgb_features,hdiy4nrm,test,normal,0,-0.25532103011931007
broach_dataset,one_class_svm_rgb_features,hexhigd6,test,normal,0,-1.889052786209433
broach_dataset,one_class_svm_rgb_features,hfocsjl1,test,normal,0,-2.87340189020356
broach_dataset,one_class_svm_rgb_features,hguwam0t,test,normal,0,-1.178995153225916
broach_dataset,one_class_svm_rgb_features,hibyursb,test,normal,0,13.68403612590018
broach_dataset,one_class_svm_rgb_features,hidra48k,test,normal,0,-2.142964492750785
broach_dataset,one_class_svm_rgb_features,hjy9qrbz,test,normal,0,-3.0441990414593327
broach_dataset,one_class_svm_rgb_features,hkbxcwb3,test,normal,0,-3.127606430259423
broach_dataset,one_class_svm_rgb_features,hl2ng9hb,test,normal,0,0.9861545445960918
broach_dataset,one_class_svm_rgb_features,hlfhsko9,test,normal,0,2.1068733979264263
broach_dataset,one_class_svm_rgb_features,hlhm9umu,test,normal,0,-0.6825054319760486
broach_dataset,one_class_svm_rgb_features,hlq7ar42,test,normal,0,-2.9452405577000604
broach_dataset,one_class_svm_rgb_features,hlzflfxc,test,normal,0,10.814290497238346
broach_dataset,one_class_svm_rgb_features,hm1vdf8j,test,normal,0,4.886426944020807
broach_dataset,one_class_svm_rgb_features,hmpcg6am,test,normal,0,13.511713056863796
broach_dataset,one_class_svm_rgb_features,hnb5vngb,test,normal,0,-3.337956268029064
broach_dataset,one_class_svm_rgb_features,ho9cy9pe,test,normal,0,-0.8928634902181383
broach_dataset,one_class_svm_rgb_features,hqj2txj9,test,normal,0,-2.007704684924743
broach_dataset,one_class_svm_rgb_features,hrltgm5m,test,normal,0,0.1528346324122829
broach_dataset,one_class_svm_rgb_features,hsgzq6m0,test,normal,0,-2.531373878692211
broach_dataset,one_class_svm_rgb_features,hslffraj,test,normal,0,0.2850034593873474
broach_dataset,one_class_svm_rgb_features,hssmq5ht,test,normal,0,-2.101209452561122
broach_dataset,one_class_svm_rgb_features,hsx023fv,test,normal,0,-0.2903716072670317
broach_dataset,one_class_svm_rgb_features,ht1u37eb,test,normal,0,-1.4834142888113089
broach_dataset,one_class_svm_rgb_features,ht2ibtrv,test,normal,0,-0.9029539798724535
broach_dataset,one_class_svm_rgb_features,htfzb49a,test,normal,0,-2.660577667003814
broach_dataset,one_class_svm_rgb_features,htmkdv96,test,normal,0,-2.0039411790307398
broach_dataset,one_class_svm_rgb_features,htwd0h6i,test,normal,0,-2.8260904382411134
broach_dataset,one_class_svm_rgb_features,hurwfros,test,normal,0,-1.520644761178982
broach_dataset,one_class_svm_rgb_features,hw7vps7b,test,normal,0,-2.881770488368904
broach_dataset,one_class_svm_rgb_features,hwfggakt,test,normal,0,13.696193935901583
broach_dataset,one_class_svm_rgb_features,hwrgu621,test,normal,0,10.825515171258374
broach_dataset,one_class_svm_rgb_features,hx0w9ljv,test,normal,0,-2.0982998067035794
broach_dataset,one_class_svm_rgb_features,hy97cyit,test,normal,0,-0.5295677749211016
broach_dataset,one_class_svm_rgb_features,hyxp6hij,test,normal,0,-0.22813420626448533
broach_dataset,one_class_svm_rgb_features,hzx7zb14,test,normal,0,-0.5894835477026845
broach_dataset,one_class_svm_rgb_features,i05vfd87,test,normal,0,1.19863041952099
broach_dataset,one_class_svm_rgb_features,i0erc9a1,test,normal,0,-0.8197003695170597
broach_dataset,one_class_svm_rgb_features,i0wq89v9,test,normal,0,-1.7575423672806512
broach_dataset,one_class_svm_rgb_features,i10kqsos,test,normal,0,-2.1016790205779685
broach_dataset,one_class_svm_rgb_features,i1niskyw,test,normal,0,-2.8963399175454967
broach_dataset,one_class_svm_rgb_features,i1vrb9qe,test,normal,0,-1.687051142732578
broach_dataset,one_class_svm_rgb_features,i3ud1ozf,test,normal,0,-2.8687508790838905
broach_dataset,one_class_svm_rgb_features,i4locxme,test,normal,0,2.598097261154109
broach_dataset,one_class_svm_rgb_features,i58qmn7b,test,normal,0,-3.427750724717267
broach_dataset,one_class_svm_rgb_features,i5fxw933,test,normal,0,-1.2024724914466614
broach_dataset,one_class_svm_rgb_features,i5gse146,test,normal,0,-1.1456158381858401
broach_dataset,one_class_svm_rgb_features,i6hfyv0w,test,normal,0,-2.7081635838925813
broach_dataset,one_class_svm_rgb_features,i87hzpyg,test,normal,0,-1.2123217633330317
broach_dataset,one_class_svm_rgb_features,i8n0e4b7,test,normal,0,-2.9505060945276007
broach_dataset,one_class_svm_rgb_features,i8nbb2gf,test,normal,0,-0.4085155448132447
broach_dataset,one_class_svm_rgb_features,i91zumi7,test,normal,0,-3.731598071788813
broach_dataset,one_class_svm_rgb_features,i997mk5h,test,normal,0,11.070602049852502
broach_dataset,one_class_svm_rgb_features,i9ica6g5,test,normal,0,-2.136111889581578
broach_dataset,one_class_svm_rgb_features,ia0k8n0f,test,normal,0,-2.7316482316549404
broach_dataset,one_class_svm_rgb_features,ib4hgqn1,test,normal,0,0.15432564051634756
broach_dataset,one_class_svm_rgb_features,ic5l3uq0,test,normal,0,-0.5694735530207602
broach_dataset,one_class_svm_rgb_features,id653r5f,test,normal,0,-0.8149035221279242
broach_dataset,one_class_svm_rgb_features,iehw5jz6,test,normal,0,-2.1971653954335792
broach_dataset,one_class_svm_rgb_features,if6l9vkl,test,normal,0,-2.5720863472868416
broach_dataset,one_class_svm_rgb_features,ifjondtw,test,normal,0,-1.3045238209057803
broach_dataset,one_class_svm_rgb_features,iflnwrov,test,normal,0,0.3211065800780162
broach_dataset,one_class_svm_rgb_features,ig9659bg,test,normal,0,13.718592545438744
broach_dataset,one_class_svm_rgb_features,ightk3pz,test,normal,0,-3.1568813962323894
broach_dataset,one_class_svm_rgb_features,ih5jcp2h,test,normal,0,-2.054348776231876
broach_dataset,one_class_svm_rgb_features,iherbnn6,test,normal,0,-0.6913016888267425
broach_dataset,one_class_svm_rgb_features,ihu8jfqc,test,normal,0,-2.2847070858127054
broach_dataset,one_class_svm_rgb_features,ii8472qd,test,normal,0,-0.5170047781295395
broach_dataset,one_class_svm_rgb_features,iiv2dg74,test,normal,0,13.89239947962821
broach_dataset,one_class_svm_rgb_features,ij8fz7zp,test,normal,0,-2.18959803437658
broach_dataset,one_class_svm_rgb_features,ija1jy8x,test,normal,0,-1.9024891210724064
broach_dataset,one_class_svm_rgb_features,ijarta4p,test,normal,0,-2.1030469571510864
broach_dataset,one_class_svm_rgb_features,ijfzqafq,test,normal,0,-2.5099891542315618
broach_dataset,one_class_svm_rgb_features,ikax11m5,test,normal,0,-1.5288667535483924
broach_dataset,one_class_svm_rgb_features,imc8laja,test,normal,0,-2.72167212376349
broach_dataset,one_class_svm_rgb_features,impr5ri0,test,normal,0,-2.9692036273642444
broach_dataset,one_class_svm_rgb_features,in7srvvk,test,normal,0,-3.401939977275127
broach_dataset,one_class_svm_rgb_features,inco8o9g,test,normal,0,-1.3341391930675535
broach_dataset,one_class_svm_rgb_features,io1q3dzv,test,normal,0,-0.9304432539644818
broach_dataset,one_class_svm_rgb_features,ioeruw3j,test,normal,0,0.3469450904261766
broach_dataset,one_class_svm_rgb_features,ip693po0,test,normal,0,1.9726037374679564
broach_dataset,one_class_svm_rgb_features,ipzq0qka,test,normal,0,0.46900021918543366
broach_dataset,one_class_svm_rgb_features,iqfkn1yq,test,normal,0,-3.3813707417111125
broach_dataset,one_class_svm_rgb_features,iqp863qa,test,normal,0,-2.078693002061616
broach_dataset,one_class_svm_rgb_features,irq4tp1n,test,normal,0,-0.6380718837048445
broach_dataset,one_class_svm_rgb_features,isbg5cmb,test,normal,0,-2.767618113927206
broach_dataset,one_class_svm_rgb_features,isswuelw,test,normal,0,-2.051609295250131
broach_dataset,one_class_svm_rgb_features,isvf569l,test,normal,0,-0.8948806962961857
broach_dataset,one_class_svm_rgb_features,iswzvxv3,test,normal,0,1.0190016658362762
broach_dataset,one_class_svm_rgb_features,ite7wovp,test,normal,0,-2.520781687698957
broach_dataset,one_class_svm_rgb_features,itqufwi2,test,normal,0,-0.9768659670191919
broach_dataset,one_class_svm_rgb_features,itrzraud,test,normal,0,1.115873934137543
broach_dataset,one_class_svm_rgb_features,iuf9p6lx,test,normal,0,-2.4305779079222454
broach_dataset,one_class_svm_rgb_features,iuhq86dx,test,normal,0,-1.9635311594842086
broach_dataset,one_class_svm_rgb_features,ivvd5x78,test,normal,0,-0.2843542097582361
broach_dataset,one_class_svm_rgb_features,iwqulkwb,test,normal,0,-1.4360365685977712
broach_dataset,one_class_svm_rgb_features,iwzgk8di,test,normal,0,-1.3689780658618087
broach_dataset,one_class_svm_rgb_features,ix7brrba,test,normal,0,-2.1418084624806717
broach_dataset,one_class_svm_rgb_features,ixhhkffn,test,normal,0,-0.6048124119561216
broach_dataset,one_class_svm_rgb_features,ixicppbs,test,normal,0,-2.194538375094517
broach_dataset,one_class_svm_rgb_features,iyeldw96,test,normal,0,-1.3514585809664919
broach_dataset,one_class_svm_rgb_features,iyqewkrs,test,normal,0,0.5600752010396199
broach_dataset,one_class_svm_rgb_features,iywe36lt,test,normal,0,-2.5365371013050257
broach_dataset,one_class_svm_rgb_features,iz3m5ial,test,normal,0,-2.7553681169249415
broach_dataset,one_class_svm_rgb_features,j0t2riom,test,normal,0,-3.03900064265493
broach_dataset,one_class_svm_rgb_features,j1mhte4f,test,normal,0,-3.0424568463326622
broach_dataset,one_class_svm_rgb_features,j1yljzcc,test,normal,0,-1.9502840855845633
broach_dataset,one_class_svm_rgb_features,j2foei1b,test,normal,0,-1.7835256049947628
broach_dataset,one_class_svm_rgb_features,j35yrg29,test,normal,0,-2.309599515899137
broach_dataset,one_class_svm_rgb_features,j3e50cii,test,normal,0,13.687815359857723
broach_dataset,one_class_svm_rgb_features,j48hwxv4,test,normal,0,13.449659698093077
broach_dataset,one_class_svm_rgb_features,j4btiid2,test,normal,0,13.3541874404724
broach_dataset,one_class_svm_rgb_features,j4pnjy1o,test,normal,0,-1.8223445773711031
broach_dataset,one_class_svm_rgb_features,j4wizwqk,test,normal,0,-0.7354875274255619
broach_dataset,one_class_svm_rgb_features,j5ze5laj,test,normal,0,-0.3026014395836025
broach_dataset,one_class_svm_rgb_features,j62jtc8y,test,normal,0,13.022544392217029
broach_dataset,one_class_svm_rgb_features,j6jmlbcj,test,normal,0,4.449403221061461
broach_dataset,one_class_svm_rgb_features,j6ubrw9b,test,normal,0,-0.6766840355117782
broach_dataset,one_class_svm_rgb_features,j725u033,test,normal,0,-3.2529634515382213
broach_dataset,one_class_svm_rgb_features,j78gf24s,test,normal,0,4.174378470607261
broach_dataset,one_class_svm_rgb_features,j7fl3i34,test,normal,0,-2.6473287532033645
broach_dataset,one_class_svm_rgb_features,j9asdbs6,test,normal,0,13.531852948482818
broach_dataset,one_class_svm_rgb_features,j9m61y4i,test,normal,0,-1.4346105391916062
broach_dataset,one_class_svm_rgb_features,j9vicm3g,test,normal,0,-2.0892491642906634
broach_dataset,one_class_svm_rgb_features,ja2qi54h,test,normal,0,0.6952240771073299
broach_dataset,one_class_svm_rgb_features,ja6pntej,test,normal,0,-3.1342296196398785
broach_dataset,one_class_svm_rgb_features,jasw35fb,test,normal,0,13.857413499579344
broach_dataset,one_class_svm_rgb_features,jbg87g36,test,normal,0,-2.0441774617522555
broach_dataset,one_class_svm_rgb_features,jcdciuza,test,normal,0,-2.1719999211161856
broach_dataset,one_class_svm_rgb_features,jcrw9a8r,test,normal,0,-1.0577405153258894
broach_dataset,one_class_svm_rgb_features,jcs5f98s,test,normal,0,-0.0759931025831122
broach_dataset,one_class_svm_rgb_features,jdmmco5n,test,normal,0,-2.1718245235294695
broach_dataset,one_class_svm_rgb_features,jdqi8mrn,test,normal,0,-2.555749741886512
broach_dataset,one_class_svm_rgb_features,jeda5t0u,test,normal,0,-2.4535871876535857
broach_dataset,one_class_svm_rgb_features,jf3arx4i,test,normal,0,-2.3923194252423485
broach_dataset,one_class_svm_rgb_features,jf3ge6kr,test,normal,0,0.32812674467639447
broach_dataset,one_class_svm_rgb_features,jfczwkgu,test,normal,0,-1.6173848083709519
broach_dataset,one_class_svm_rgb_features,jfy7kbgj,test,normal,0,-1.638932247736479
broach_dataset,one_class_svm_rgb_features,jge0utx7,test,normal,0,11.578389015154768
broach_dataset,one_class_svm_rgb_features,jgn5nuzl,test,normal,0,-2.4666365455648958
broach_dataset,one_class_svm_rgb_features,jgzcy4ml,test,normal,0,-2.2984818986903015
broach_dataset,one_class_svm_rgb_features,jhjzq9w2,test,normal,0,-2.047903256160698
broach_dataset,one_class_svm_rgb_features,jhrrrsuy,test,normal,0,-0.8313734723204735
broach_dataset,one_class_svm_rgb_features,jirr1v5v,test,normal,0,0.39630175551027236
broach_dataset,one_class_svm_rgb_features,jiuoiz6a,test,normal,0,-1.187316726054302
broach_dataset,one_class_svm_rgb_features,jixl7vsk,test,normal,0,-2.8032351845895676
broach_dataset,one_class_svm_rgb_features,jju9705j,test,normal,0,13.671595236463201
broach_dataset,one_class_svm_rgb_features,jkzp2jpe,test,normal,0,-1.7590894567431246
broach_dataset,one_class_svm_rgb_features,jl21dv63,test,normal,0,-1.0602008252324584
broach_dataset,one_class_svm_rgb_features,jm6gct1a,test,normal,0,13.602787281277225
broach_dataset,one_class_svm_rgb_features,jn6b8xy5,test,normal,0,-3.1122109093982253
broach_dataset,one_class_svm_rgb_features,jnpaxxhz,test,normal,0,-1.2070777353375295
broach_dataset,one_class_svm_rgb_features,jnzobfkr,test,normal,0,5.283195954767702
broach_dataset,one_class_svm_rgb_features,jokbzvyx,test,normal,0,-2.0027496647165357
broach_dataset,one_class_svm_rgb_features,jpm9qe90,test,normal,0,13.63585359632304
broach_dataset,one_class_svm_rgb_features,js8sbwt8,test,normal,0,-4.2114394573997735
broach_dataset,one_class_svm_rgb_features,jsg49lpy,test,normal,0,-1.5051538249868415
broach_dataset,one_class_svm_rgb_features,jsn3yz28,test,normal,0,-2.897965491465012
broach_dataset,one_class_svm_rgb_features,jtjlnjht,test,normal,0,-2.5997293015406626
broach_dataset,one_class_svm_rgb_features,jtwwwqi4,test,normal,0,13.812202364874869
broach_dataset,one_class_svm_rgb_features,jtz87358,test,normal,0,14.161007299750755
broach_dataset,one_class_svm_rgb_features,ju7dddby,test,normal,0,-2.2665154644180348
broach_dataset,one_class_svm_rgb_features,juae0ka3,test,normal,0,-1.1962846351063376
broach_dataset,one_class_svm_rgb_features,jvb965gz,test,normal,0,-2.8050881023504566
broach_dataset,one_class_svm_rgb_features,jvvh3t8x,test,normal,0,-1.9010446159763887
broach_dataset,one_class_svm_rgb_features,jvx8cemn,test,normal,0,-1.0481870863384124
broach_dataset,one_class_svm_rgb_features,jvz0g1c3,test,normal,0,13.433539841345254
broach_dataset,one_class_svm_rgb_features,jwf1ubv9,test,normal,0,-3.1413310283607068
broach_dataset,one_class_svm_rgb_features,jwm1wuvw,test,normal,0,-2.106467447902112
broach_dataset,one_class_svm_rgb_features,jxnjts3r,test,normal,0,0.04366134080582462
broach_dataset,one_class_svm_rgb_features,jy0703cs,test,normal,0,-1.513182148823395
broach_dataset,one_class_svm_rgb_features,jyjqaru1,test,normal,0,-2.5008017926894794
broach_dataset,one_class_svm_rgb_features,jynzkgqh,test,normal,0,-1.4327002393946717
broach_dataset,one_class_svm_rgb_features,k06et31y,test,normal,0,0.5802262949871828
broach_dataset,one_class_svm_rgb_features,k0pqs2fn,test,normal,0,-3.4361385724997575
broach_dataset,one_class_svm_rgb_features,k0s3jwjp,test,normal,0,-1.5951737493754568
broach_dataset,one_class_svm_rgb_features,k1qhu7pw,test,normal,0,-0.6334061530326416
broach_dataset,one_class_svm_rgb_features,k221qm79,test,normal,0,-2.413282349312823
broach_dataset,one_class_svm_rgb_features,k26gfxam,test,normal,0,-1.575116063671068
broach_dataset,one_class_svm_rgb_features,k26yy6rc,test,normal,0,-1.961375641407134
broach_dataset,one_class_svm_rgb_features,k2kdxzmw,test,normal,0,-2.3849885129107165
broach_dataset,one_class_svm_rgb_features,k32rgwhg,test,normal,0,-1.6956437403522564
broach_dataset,one_class_svm_rgb_features,k35hxdoc,test,normal,0,-1.8088379730359314
broach_dataset,one_class_svm_rgb_features,k3n4jaki,test,normal,0,-0.09424822366422347
broach_dataset,one_class_svm_rgb_features,k3vvwefc,test,normal,0,-1.0427645749232308
broach_dataset,one_class_svm_rgb_features,k48m3m0x,test,normal,0,-1.0509701194951155
broach_dataset,one_class_svm_rgb_features,k5qvay81,test,normal,0,-2.1716388196731167
broach_dataset,one_class_svm_rgb_features,k5rvlnwq,test,normal,0,0.11564603829829423
broach_dataset,one_class_svm_rgb_features,k5z3gm5c,test,normal,0,0.2570559161128756
broach_dataset,one_class_svm_rgb_features,k70ff8ba,test,normal,0,1.4028819411481894
broach_dataset,one_class_svm_rgb_features,k7hb87ws,test,normal,0,3.6663899464221164
broach_dataset,one_class_svm_rgb_features,k7p0dt79,test,normal,0,-0.2808146370570501
broach_dataset,one_class_svm_rgb_features,k89l1e89,test,normal,0,-2.848152493936599
broach_dataset,one_class_svm_rgb_features,k8ny0sb1,test,normal,0,1.704469616644852
broach_dataset,one_class_svm_rgb_features,k9e5s29l,test,normal,0,-2.6123751558141244
broach_dataset,one_class_svm_rgb_features,k9sz5qzu,test,normal,0,-0.5274618115265337
broach_dataset,one_class_svm_rgb_features,ka48wvmj,test,normal,0,-3.0339066898459315
broach_dataset,one_class_svm_rgb_features,kbts5hrc,test,normal,0,-2.0038289044780946
broach_dataset,one_class_svm_rgb_features,kch9r6hv,test,normal,0,-1.3023612127884778
broach_dataset,one_class_svm_rgb_features,kcy0b5xh,test,normal,0,-1.5217328858330266
broach_dataset,one_class_svm_rgb_features,kd4lp10x,test,normal,0,-2.7647788065504493
broach_dataset,one_class_svm_rgb_features,kdgx0yoj,test,normal,0,-1.9986449783156992
broach_dataset,one_class_svm_rgb_features,kdxt3u6o,test,normal,0,-1.6538796647482865
broach_dataset,one_class_svm_rgb_features,ke5afoz8,test,normal,0,3.853799176230739
broach_dataset,one_class_svm_rgb_features,kfc2e0q8,test,normal,0,-0.8215700192788695
broach_dataset,one_class_svm_rgb_features,kfcqjuku,test,normal,0,-3.1213911729979458
broach_dataset,one_class_svm_rgb_features,kg1qe1e4,test,normal,0,9.220805985998451
broach_dataset,one_class_svm_rgb_features,kgdwnsk7,test,normal,0,1.8159524673626226
broach_dataset,one_class_svm_rgb_features,kgmbaxur,test,normal,0,-2.011144267602962
broach_dataset,one_class_svm_rgb_features,kgsaiqos,test,normal,0,-0.8536076282575404
broach_dataset,one_class_svm_rgb_features,ki7h3xao,test,normal,0,-2.9252388619310317
broach_dataset,one_class_svm_rgb_features,kitc9w21,test,normal,0,-2.5523043242774293
broach_dataset,one_class_svm_rgb_features,kiydfjyi,test,normal,0,-2.9813226189592825
broach_dataset,one_class_svm_rgb_features,kizlw00n,test,normal,0,-2.1922541833838594
broach_dataset,one_class_svm_rgb_features,kj20z0e6,test,normal,0,0.13935319087856435
broach_dataset,one_class_svm_rgb_features,kjf8fzpc,test,normal,0,-1.0753262908050107
broach_dataset,one_class_svm_rgb_features,kjxjq5nv,test,normal,0,-2.3509311086246427
broach_dataset,one_class_svm_rgb_features,kkhzlm72,test,normal,0,-0.043363679715525905
broach_dataset,one_class_svm_rgb_features,kl5cpivx,test,normal,0,-2.290557230745563
broach_dataset,one_class_svm_rgb_features,kmmoczk4,test,normal,0,13.34124349099764
broach_dataset,one_class_svm_rgb_features,kmtb892s,test,normal,0,-2.822788225088285
broach_dataset,one_class_svm_rgb_features,kmwqik3c,test,normal,0,-0.9592156321085756
broach_dataset,one_class_svm_rgb_features,knhmfh8c,test,normal,0,-2.5767639343824023
broach_dataset,one_class_svm_rgb_features,knn520up,test,normal,0,-2.006357975504354
broach_dataset,one_class_svm_rgb_features,knxidrd0,test,normal,0,-3.214663234856989
broach_dataset,one_class_svm_rgb_features,kpf3uz3a,test,normal,0,-2.5865851487060816
broach_dataset,one_class_svm_rgb_features,kpjg9nk4,test,normal,0,-2.4774765721750533
broach_dataset,one_class_svm_rgb_features,kpng9948,test,normal,0,-0.8837693860668097
broach_dataset,one_class_svm_rgb_features,kpntpxa8,test,normal,0,4.136197410752612
broach_dataset,one_class_svm_rgb_features,kps73ilo,test,normal,0,-1.9076476825614996
broach_dataset,one_class_svm_rgb_features,kpsk8niv,test,normal,0,3.275458727913934
broach_dataset,one_class_svm_rgb_features,kpwdmj3z,test,normal,0,0.6509299572420009
broach_dataset,one_class_svm_rgb_features,kq0k1bdn,test,normal,0,13.541732315982532
broach_dataset,one_class_svm_rgb_features,kr79u2c3,test,normal,0,-1.0678014295395677
broach_dataset,one_class_svm_rgb_features,ksj7ivk0,test,normal,0,1.8830907518983189
broach_dataset,one_class_svm_rgb_features,ku3fvzgi,test,normal,0,1.0123345014886738
broach_dataset,one_class_svm_rgb_features,kv6jio0r,test,normal,0,-1.4601557863106311
broach_dataset,one_class_svm_rgb_features,kvc4gtjs,test,normal,0,-1.3231603712014923
broach_dataset,one_class_svm_rgb_features,kvl1c5nd,test,normal,0,-3.4616404415776145
broach_dataset,one_class_svm_rgb_features,kwcb3gjw,test,normal,0,-2.453288404190026
broach_dataset,one_class_svm_rgb_features,kwi75hwg,test,normal,0,-2.0340431132926646
broach_dataset,one_class_svm_rgb_features,kwpiay6b,test,normal,0,-1.3433789340346447
broach_dataset,one_class_svm_rgb_features,kxaqzxub,test,normal,0,-2.3151587077812827
broach_dataset,one_class_svm_rgb_features,kxglfzij,test,normal,0,0.19789137237993337
broach_dataset,one_class_svm_rgb_features,kxuo6xg2,test,normal,0,-2.0877438197174243
broach_dataset,one_class_svm_rgb_features,ky6ewjc8,test,normal,0,0.5441436165882845
broach_dataset,one_class_svm_rgb_features,ky6kdjlh,test,normal,0,0.9054944830116405
broach_dataset,one_class_svm_rgb_features,ky87q19u,test,normal,0,-2.4465304332939652
broach_dataset,one_class_svm_rgb_features,kydvrzag,test,normal,0,-2.3281676762264354
broach_dataset,one_class_svm_rgb_features,kz24i11q,test,normal,0,-1.8325921151956912
broach_dataset,one_class_svm_rgb_features,kz7ckxom,test,normal,0,-1.0662964417684755
broach_dataset,one_class_svm_rgb_features,l172dp7m,test,normal,0,-0.5654447555446307
broach_dataset,one_class_svm_rgb_features,l1seruoy,test,normal,0,-0.4635518880891816
broach_dataset,one_class_svm_rgb_features,l3v2tqt0,test,normal,0,-1.8537266814739546
broach_dataset,one_class_svm_rgb_features,l42v5x36,test,normal,0,-2.5369090749501453
broach_dataset,one_class_svm_rgb_features,l4lqjlax,test,normal,0,-0.7077848058999869
broach_dataset,one_class_svm_rgb_features,l6biv0z5,test,normal,0,-1.7346729848166262
broach_dataset,one_class_svm_rgb_features,l74c5zg8,test,normal,0,-2.7184370444557366
broach_dataset,one_class_svm_rgb_features,l9r5qq12,test,normal,0,-0.7191899014960956
broach_dataset,one_class_svm_rgb_features,la6m04yp,test,normal,0,-1.2900877341048904
broach_dataset,one_class_svm_rgb_features,la9txgsb,test,normal,0,-2.5859687797014885
broach_dataset,one_class_svm_rgb_features,layke3zc,test,normal,0,-1.3530985071748063
broach_dataset,one_class_svm_rgb_features,lb8f15v2,test,normal,0,-0.8991767008067004
broach_dataset,one_class_svm_rgb_features,lbo9ewo7,test,normal,0,11.259034974076805
broach_dataset,one_class_svm_rgb_features,lbr043fo,test,normal,0,0.14829465356041993
broach_dataset,one_class_svm_rgb_features,lcljz9kv,test,normal,0,-0.9580758010629751
broach_dataset,one_class_svm_rgb_features,ldc08fc0,test,normal,0,-1.3178892855945517
broach_dataset,one_class_svm_rgb_features,lf2n3utg,test,normal,0,-2.315588941990402
broach_dataset,one_class_svm_rgb_features,lf8qvjqs,test,normal,0,2.3501033349890115
broach_dataset,one_class_svm_rgb_features,lfix91zs,test,normal,0,0.6793147887941338
broach_dataset,one_class_svm_rgb_features,lfu0q2i7,test,normal,0,-1.243092812236382
broach_dataset,one_class_svm_rgb_features,lfubbcro,test,normal,0,13.56737966600402
broach_dataset,one_class_svm_rgb_features,lgz215bt,test,normal,0,0.5930613842230468
broach_dataset,one_class_svm_rgb_features,lhzz81xp,test,normal,0,10.727351388246246
broach_dataset,one_class_svm_rgb_features,liuds6u9,test,normal,0,-0.7940768322992806
broach_dataset,one_class_svm_rgb_features,liydcx1r,test,normal,0,13.999776585099308
broach_dataset,one_class_svm_rgb_features,ll1m9e34,test,normal,0,-2.9146808505523722
broach_dataset,one_class_svm_rgb_features,ll869b8h,test,normal,0,-1.5148059087758945
broach_dataset,one_class_svm_rgb_features,lm349el8,test,normal,0,-0.8707563556047475
broach_dataset,one_class_svm_rgb_features,lmcpmvij,test,normal,0,0.1391295881964698
broach_dataset,one_class_svm_rgb_features,ln1xos46,test,normal,0,13.649092875706728
broach_dataset,one_class_svm_rgb_features,lnbohuxs,test,normal,0,-1.6987481163098401
broach_dataset,one_class_svm_rgb_features,lp7dgt60,test,normal,0,-3.4190895226735982
broach_dataset,one_class_svm_rgb_features,lpgwdq8n,test,normal,0,-0.598414050387472
broach_dataset,one_class_svm_rgb_features,lq5mp96k,test,normal,0,13.439140416226211
broach_dataset,one_class_svm_rgb_features,lqk7uuna,test,normal,0,1.7897738906351677
broach_dataset,one_class_svm_rgb_features,lr13mwp1,test,normal,0,13.399019690507425
broach_dataset,one_class_svm_rgb_features,lrnqn5qj,test,normal,0,-1.5512512606178301
broach_dataset,one_class_svm_rgb_features,lrugy3rw,test,normal,0,-2.3412309853292683
broach_dataset,one_class_svm_rgb_features,ls7uwded,test,normal,0,-0.08600469433523372
broach_dataset,one_class_svm_rgb_features,lt19yagg,test,normal,0,-1.5858380734449646
broach_dataset,one_class_svm_rgb_features,lt5m34vg,test,normal,0,-2.7972343052723687
broach_dataset,one_class_svm_rgb_features,ltbzefvm,test,normal,0,-1.447512191163682
broach_dataset,one_class_svm_rgb_features,lupql3dh,test,normal,0,-3.012519579467078
broach_dataset,one_class_svm_rgb_features,lwjh4ay4,test,normal,0,-1.8670103318169922
broach_dataset,one_class_svm_rgb_features,ly5w3rq6,test,normal,0,-1.7047607341109554
broach_dataset,one_class_svm_rgb_features,lyg6d93w,test,normal,0,-0.667786783605532
broach_dataset,one_class_svm_rgb_features,m0kxanz9,test,normal,0,-0.7589287093913519
broach_dataset,one_class_svm_rgb_features,m0unjmaq,test,normal,0,-2.8597030789685256
broach_dataset,one_class_svm_rgb_features,m12rr05t,test,normal,0,-2.0057710189174287
broach_dataset,one_class_svm_rgb_features,m1883f7a,test,normal,0,1.9865307185358567
broach_dataset,one_class_svm_rgb_features,m1jlr5gr,test,normal,0,-2.01160428058029
broach_dataset,one_class_svm_rgb_features,m23ht47e,test,normal,0,13.85393443113821
broach_dataset,one_class_svm_rgb_features,m3chw9tr,test,normal,0,-1.1247185138789835
broach_dataset,one_class_svm_rgb_features,m3mulob7,test,normal,0,-3.6145614118218603
broach_dataset,one_class_svm_rgb_features,m3p205yp,test,normal,0,-0.11308676663847983
broach_dataset,one_class_svm_rgb_features,m3pp00cd,test,normal,0,-2.300021340473471
broach_dataset,one_class_svm_rgb_features,m4w7acsd,test,normal,0,-2.2625225782280083
broach_dataset,one_class_svm_rgb_features,m54tybqg,test,normal,0,-1.746495078273254
broach_dataset,one_class_svm_rgb_features,m5amw6im,test,normal,0,-1.6342352208078577
broach_dataset,one_class_svm_rgb_features,m5ns302c,test,normal,0,3.137306210026786
broach_dataset,one_class_svm_rgb_features,m6055e27,test,normal,0,-1.790388780942898
broach_dataset,one_class_svm_rgb_features,m62hdxc6,test,normal,0,-1.4901856463753944
broach_dataset,one_class_svm_rgb_features,m67rlh4q,test,normal,0,-2.7050856014255444
broach_dataset,one_class_svm_rgb_features,m6gttfpt,test,normal,0,13.451519297576437
broach_dataset,one_class_svm_rgb_features,m6rzq0h1,test,normal,0,0.2594866759303436
broach_dataset,one_class_svm_rgb_features,m77od32y,test,normal,0,-0.46790537472705296
broach_dataset,one_class_svm_rgb_features,m9q11zod,test,normal,0,-3.9169622823157795
broach_dataset,one_class_svm_rgb_features,m9s7gxn9,test,normal,0,-0.3599139578511519
broach_dataset,one_class_svm_rgb_features,ma45w01g,test,normal,0,-2.4566842478229454
broach_dataset,one_class_svm_rgb_features,marfvb7z,test,normal,0,-2.7088244078090504
broach_dataset,one_class_svm_rgb_features,maulremo,test,normal,0,-2.628857916352942
broach_dataset,one_class_svm_rgb_features,mb3ikez7,test,normal,0,-0.9609806672656571
broach_dataset,one_class_svm_rgb_features,mbgcn9l5,test,normal,0,-1.755748505347011
broach_dataset,one_class_svm_rgb_features,mc4ix6ap,test,normal,0,-2.3411784088281813
broach_dataset,one_class_svm_rgb_features,mdfxngf6,test,normal,0,-2.22085925060059
broach_dataset,one_class_svm_rgb_features,mdja5tn6,test,normal,0,-1.4096693247832714
broach_dataset,one_class_svm_rgb_features,mdv2wkpq,test,normal,0,-0.546904893523406
broach_dataset,one_class_svm_rgb_features,me8v6u9u,test,normal,0,-1.2065032181818331
broach_dataset,one_class_svm_rgb_features,meozf6ml,test,normal,0,-2.7809959159347137
broach_dataset,one_class_svm_rgb_features,mf2s37rc,test,normal,0,-2.4079182284190637
broach_dataset,one_class_svm_rgb_features,mhgg22i9,test,normal,0,-2.3239579183535604
broach_dataset,one_class_svm_rgb_features,mi0ui02k,test,normal,0,-2.4774765721750533
broach_dataset,one_class_svm_rgb_features,mi6eib8v,test,normal,0,-2.946740463973228
broach_dataset,one_class_svm_rgb_features,miob93my,test,normal,0,-0.27595623516260837
broach_dataset,one_class_svm_rgb_features,mjjwl83q,test,normal,0,-2.08321695275729
broach_dataset,one_class_svm_rgb_features,mjpp0l0p,test,normal,0,-2.761035084766476
broach_dataset,one_class_svm_rgb_features,mk0pled0,test,normal,0,-2.874616110024906
broach_dataset,one_class_svm_rgb_features,mkqv8uds,test,normal,0,-1.188096330709854
broach_dataset,one_class_svm_rgb_features,mkui8ayk,test,normal,0,-2.596379057109786
broach_dataset,one_class_svm_rgb_features,ml8804fi,test,normal,0,-2.237918717883442
broach_dataset,one_class_svm_rgb_features,mlpy9bcu,test,normal,0,2.9553558424407083
broach_dataset,one_class_svm_rgb_features,mlzhpfn5,test,normal,0,-1.0471210817500385
broach_dataset,one_class_svm_rgb_features,mm5gt8tk,test,normal,0,-0.08711345057825604
broach_dataset,one_class_svm_rgb_features,mm9sect5,test,normal,0,5.364038357441682
broach_dataset,one_class_svm_rgb_features,mn9ztdy6,test,normal,0,-1.1166326680654297
broach_dataset,one_class_svm_rgb_features,mnmv203t,test,normal,0,-1.7409149386150897
broach_dataset,one_class_svm_rgb_features,mnodv0o6,test,normal,0,13.326210441263699
broach_dataset,one_class_svm_rgb_features,mnon1iwz,test,normal,0,-0.3164245107978463
broach_dataset,one_class_svm_rgb_features,mnqlx6dw,test,normal,0,-1.9986143467613324
broach_dataset,one_class_svm_rgb_features,moes1ai9,test,normal,0,-3.196096885826435
broach_dataset,one_class_svm_rgb_features,moq0ewe1,test,normal,0,-0.4897758382195345
broach_dataset,one_class_svm_rgb_features,movt68tf,test,normal,0,-2.6587603606330568
broach_dataset,one_class_svm_rgb_features,moxsfh4g,test,normal,0,-1.8223841045584788
broach_dataset,one_class_svm_rgb_features,mpbe4a3y,test,normal,0,-2.515665194662162
broach_dataset,one_class_svm_rgb_features,mpbhv2pl,test,normal,0,-3.7368830253227188
broach_dataset,one_class_svm_rgb_features,mpm3lw87,test,normal,0,-3.0194749281103483
broach_dataset,one_class_svm_rgb_features,mqubzl1d,test,normal,0,-1.4333309058982326
broach_dataset,one_class_svm_rgb_features,mqyvq8kp,test,normal,0,-1.1066007298400997
broach_dataset,one_class_svm_rgb_features,mr8wdd5w,test,normal,0,-3.105395705293983
broach_dataset,one_class_svm_rgb_features,mrjqlz7u,test,normal,0,-1.1250285919045382
broach_dataset,one_class_svm_rgb_features,msc9bcl9,test,normal,0,0.32316189530117256
broach_dataset,one_class_svm_rgb_features,msckakl9,test,normal,0,-3.061014488212791
broach_dataset,one_class_svm_rgb_features,mspzpdyj,test,normal,0,-3.844207355428292
broach_dataset,one_class_svm_rgb_features,mt5ophp9,test,normal,0,-2.5920988222479124
broach_dataset,one_class_svm_rgb_features,mthwej23,test,normal,0,-2.940142971167898
broach_dataset,one_class_svm_rgb_features,mtz1fpr7,test,normal,0,10.991799002664013
broach_dataset,one_class_svm_rgb_features,muj9qhdo,test,normal,0,-3.453204010311328
broach_dataset,one_class_svm_rgb_features,mum0a127,test,normal,0,13.715907824011202
broach_dataset,one_class_svm_rgb_features,muvanxah,test,normal,0,-1.0582388346251328
broach_dataset,one_class_svm_rgb_features,muvhgqk8,test,normal,0,-2.8132255255824425
broach_dataset,one_class_svm_rgb_features,mvgbmeof,test,normal,0,0.8707815675051584
broach_dataset,one_class_svm_rgb_features,mwbv6ihd,test,normal,0,-3.10060577992925
broach_dataset,one_class_svm_rgb_features,mwz0w7n5,test,normal,0,-2.989577308177992
broach_dataset,one_class_svm_rgb_features,mx5b1ha3,test,normal,0,-2.272983048674295
broach_dataset,one_class_svm_rgb_features,my8evza7,test,normal,0,13.142916217311992
broach_dataset,one_class_svm_rgb_features,mymuserc,test,normal,0,-2.9773065884227456
broach_dataset,one_class_svm_rgb_features,myr77yh3,test,normal,0,-3.096561502078668
broach_dataset,one_class_svm_rgb_features,mz05vq0k,test,normal,0,-2.6679637103447327
broach_dataset,one_class_svm_rgb_features,mzgh4a9z,test,normal,0,1.7252113087437824
broach_dataset,one_class_svm_rgb_features,mzknc8xl,test,normal,0,-0.32396830955526035
broach_dataset,one_class_svm_rgb_features,n0hb8xbc,test,normal,0,-0.8481901921819652
broach_dataset,one_class_svm_rgb_features,n1ffckkg,test,normal,0,-2.5960253639327853
broach_dataset,one_class_svm_rgb_features,n1m6u2ll,test,normal,0,-1.89210193483191
broach_dataset,one_class_svm_rgb_features,n202i84k,test,normal,0,-1.6136359505930642
broach_dataset,one_class_svm_rgb_features,n24xcrwd,test,normal,0,-1.5445464899762982
broach_dataset,one_class_svm_rgb_features,n38foxy2,test,normal,0,-3.430368193577145
broach_dataset,one_class_svm_rgb_features,n3t268o2,test,normal,0,13.43351112357959
broach_dataset,one_class_svm_rgb_features,n518jnri,test,normal,0,-1.7240838769978382
broach_dataset,one_class_svm_rgb_features,n5e0ev6x,test,normal,0,-1.8053773720613915
broach_dataset,one_class_svm_rgb_features,n5j6slaz,test,normal,0,-0.464526643372702
broach_dataset,one_class_svm_rgb_features,n6aarhnp,test,normal,0,-0.11209115278460935
broach_dataset,one_class_svm_rgb_features,n6ohja1m,test,normal,0,-2.2737512963432245
broach_dataset,one_class_svm_rgb_features,n74sy6jh,test,normal,0,13.786388766299916
broach_dataset,one_class_svm_rgb_features,n79md47c,test,normal,0,-0.3129529290053181
broach_dataset,one_class_svm_rgb_features,n7f4x1na,test,normal,0,-1.6680518886074012
broach_dataset,one_class_svm_rgb_features,n7pr39ax,test,normal,0,-2.024678925905963
broach_dataset,one_class_svm_rgb_features,n8dk13zp,test,normal,0,-2.411309931841501
broach_dataset,one_class_svm_rgb_features,n96ue75i,test,normal,0,-1.5657404513008846
broach_dataset,one_class_svm_rgb_features,n99nvty1,test,normal,0,1.1810662394612788
broach_dataset,one_class_svm_rgb_features,n9f5am0k,test,normal,0,-1.975939335847226
broach_dataset,one_class_svm_rgb_features,n9ji7ome,test,normal,0,-3.0491141582100703
broach_dataset,one_class_svm_rgb_features,n9s72pu7,test,normal,0,13.70256410238516
broach_dataset,one_class_svm_rgb_features,nagckjsa,test,normal,0,11.859983945657259
broach_dataset,one_class_svm_rgb_features,nana36u4,test,normal,0,-2.0046013127864164
broach_dataset,one_class_svm_rgb_features,narl8tfy,test,normal,0,-1.5352791373868495
broach_dataset,one_class_svm_rgb_features,nb9u8qrq,test,normal,0,-1.0485452646309064
broach_dataset,one_class_svm_rgb_features,nbecawbm,test,normal,0,-0.5248627399760544
broach_dataset,one_class_svm_rgb_features,nbil8b5l,test,normal,0,-1.5905784618437728
broach_dataset,one_class_svm_rgb_features,nciq1hxg,test,normal,0,2.5671610835925094
broach_dataset,one_class_svm_rgb_features,ncticeaa,test,normal,0,-2.581025102110601
broach_dataset,one_class_svm_rgb_features,nda2xasu,test,normal,0,2.008954504286459
broach_dataset,one_class_svm_rgb_features,ne4590ok,test,normal,0,-2.241225600283279
broach_dataset,one_class_svm_rgb_features,ne6yiwds,test,normal,0,0.1744684993216854
broach_dataset,one_class_svm_rgb_features,neoblrqu,test,normal,0,-1.4864828367123604
broach_dataset,one_class_svm_rgb_features,nf3lpb30,test,normal,0,-3.495641688022964
broach_dataset,one_class_svm_rgb_features,nf8j0su8,test,normal,0,13.374362513854152
broach_dataset,one_class_svm_rgb_features,nffykpl3,test,normal,0,-1.937715305350519
broach_dataset,one_class_svm_rgb_features,nfie16nu,test,normal,0,-0.4944725825726728
broach_dataset,one_class_svm_rgb_features,nh1cbhf1,test,normal,0,-0.35326709866899364
broach_dataset,one_class_svm_rgb_features,nh6a144f,test,normal,0,-2.6030113346281745
broach_dataset,one_class_svm_rgb_features,nhdfaj02,test,normal,0,-1.554846728338024
broach_dataset,one_class_svm_rgb_features,ni5qojiv,test,normal,0,-2.627149891467951
broach_dataset,one_class_svm_rgb_features,nj53tisn,test,normal,0,-2.291106734522703
broach_dataset,one_class_svm_rgb_features,njppxi4v,test,normal,0,-3.146037571303779
broach_dataset,one_class_svm_rgb_features,njsleu1s,test,normal,0,-1.4277264008030492
broach_dataset,one_class_svm_rgb_features,nkx5zt5t,test,normal,0,-0.509398011852328
broach_dataset,one_class_svm_rgb_features,nkzi0vme,test,normal,0,-0.5084613716003972
broach_dataset,one_class_svm_rgb_features,nmaa9g5i,test,normal,0,-3.623059782148381
broach_dataset,one_class_svm_rgb_features,nmce4pev,test,normal,0,-1.9292400823721643
broach_dataset,one_class_svm_rgb_features,nmj3yh2a,test,normal,0,-0.06999781079965217
broach_dataset,one_class_svm_rgb_features,nmo0bzxc,test,normal,0,-0.4874260100969181
broach_dataset,one_class_svm_rgb_features,nohg3vtl,test,normal,0,-1.1961503458369993
broach_dataset,one_class_svm_rgb_features,notfpfio,test,normal,0,-1.4800315506083024
broach_dataset,one_class_svm_rgb_features,npwabxi2,test,normal,0,-1.160035534893339
broach_dataset,one_class_svm_rgb_features,nq5hbogb,test,normal,0,0.7470281769127602
broach_dataset,one_class_svm_rgb_features,nqege5ek,test,normal,0,-1.7247011153571066
broach_dataset,one_class_svm_rgb_features,nqo988j1,test,normal,0,14.134758156566456
broach_dataset,one_class_svm_rgb_features,nr1lwfqh,test,normal,0,0.6897056628371381
broach_dataset,one_class_svm_rgb_features,nrauz73b,test,normal,0,-0.4845769771083752
broach_dataset,one_class_svm_rgb_features,nritd7ku,test,normal,0,-2.8247495881266325
broach_dataset,one_class_svm_rgb_features,nsxnmnpi,test,normal,0,-1.5306879462683636
broach_dataset,one_class_svm_rgb_features,nt0q7h21,test,normal,0,-2.1760443306145802
broach_dataset,one_class_svm_rgb_features,nt2n34zn,test,normal,0,0.4999690980811806
broach_dataset,one_class_svm_rgb_features,nt3yupdd,test,normal,0,-2.0106634119047158
broach_dataset,one_class_svm_rgb_features,nuotsqei,test,normal,0,-1.8161373102162575
broach_dataset,one_class_svm_rgb_features,nv2so6du,test,normal,0,-2.3161945949234486
broach_dataset,one_class_svm_rgb_features,nv31elcp,test,normal,0,-1.4270837300020567
broach_dataset,one_class_svm_rgb_features,nvw8sjbc,test,normal,0,-3.1668015138702152
broach_dataset,one_class_svm_rgb_features,nvy8v4pa,test,normal,0,-1.3142558232080876
broach_dataset,one_class_svm_rgb_features,nxh6diog,test,normal,0,13.35042616992931
broach_dataset,one_class_svm_rgb_features,nydga45o,test,normal,0,-1.1688923315327155
broach_dataset,one_class_svm_rgb_features,nymwldrv,test,normal,0,3.2845041640227635
broach_dataset,one_class_svm_rgb_features,nyq6pg84,test,normal,0,-2.909942555189371
broach_dataset,one_class_svm_rgb_features,nz0agr58,test,normal,0,-1.4586639091977531
broach_dataset,one_class_svm_rgb_features,nzze2tbs,test,normal,0,-2.9254653082172766
broach_dataset,one_class_svm_rgb_features,o17cknm7,test,normal,0,-3.108569635709191
broach_dataset,one_class_svm_rgb_features,o1exwphy,test,normal,0,-1.2550218334481116
broach_dataset,one_class_svm_rgb_features,o1xonvqs,test,normal,0,-1.978285478743242
broach_dataset,one_class_svm_rgb_features,o2n5muy0,test,normal,0,-2.9865220230493748
broach_dataset,one_class_svm_rgb_features,o2nqw4c6,test,normal,0,0.38073548725652095
broach_dataset,one_class_svm_rgb_features,o2xx7zl4,test,normal,0,-3.1896953577062312
broach_dataset,one_class_svm_rgb_features,o31nzsxp,test,normal,0,-1.0389775812296218
broach_dataset,one_class_svm_rgb_features,o31w9n30,test,normal,0,-2.843584411476492
broach_dataset,one_class_svm_rgb_features,o348usbn,test,normal,0,-2.7785593374187982
broach_dataset,one_class_svm_rgb_features,o4jnmyk8,test,normal,0,2.3348460310746866
broach_dataset,one_class_svm_rgb_features,o4pyap3j,test,normal,0,-2.6451533257586597
broach_dataset,one_class_svm_rgb_features,o4sq5ihv,test,normal,0,-0.8416286981346648
broach_dataset,one_class_svm_rgb_features,o5gjef9k,test,normal,0,-1.1695473334622655
broach_dataset,one_class_svm_rgb_features,o6ihyx7k,test,normal,0,0.04966280378250687
broach_dataset,one_class_svm_rgb_features,o6ryxjcq,test,normal,0,-1.274651237570172
broach_dataset,one_class_svm_rgb_features,o7f89ye8,test,normal,0,-0.25968380886746445
broach_dataset,one_class_svm_rgb_features,o7hzoet3,test,normal,0,-2.1249272894030824
broach_dataset,one_class_svm_rgb_features,o7nzqc6y,test,normal,0,2.2639556955129283
broach_dataset,one_class_svm_rgb_features,o85i1vdv,test,normal,0,-2.425805624277011
broach_dataset,one_class_svm_rgb_features,o93met8n,test,normal,0,1.5769223460100932
broach_dataset,one_class_svm_rgb_features,o98z2mf0,test,normal,0,1.9092311036231848
broach_dataset,one_class_svm_rgb_features,o99k9jvs,test,normal,0,-1.354205145338085
broach_dataset,one_class_svm_rgb_features,oa7u4m05,test,normal,0,-1.8546449166635526
broach_dataset,one_class_svm_rgb_features,oa83z725,test,normal,0,0.47340122716322774
broach_dataset,one_class_svm_rgb_features,oae527ps,test,normal,0,-1.2543983759489734
broach_dataset,one_class_svm_rgb_features,oaukj9ik,test,normal,0,-2.4399338887673068
broach_dataset,one_class_svm_rgb_features,obck3erv,test,normal,0,-1.4385358731508067
broach_dataset,one_class_svm_rgb_features,ocn8ds7k,test,normal,0,-1.6874398818768341
broach_dataset,one_class_svm_rgb_features,od13b61k,test,normal,0,13.293523727569543
broach_dataset,one_class_svm_rgb_features,od42cqvg,test,normal,0,13.207145889659778
broach_dataset,one_class_svm_rgb_features,od4ewq5b,test,normal,0,13.665470192031785
broach_dataset,one_class_svm_rgb_features,od97qq1q,test,normal,0,-3.1124472770834437
broach_dataset,one_class_svm_rgb_features,odksvqny,test,normal,0,-1.8146121178962442
broach_dataset,one_class_svm_rgb_features,odoxf94a,test,normal,0,-2.111763687053884
broach_dataset,one_class_svm_rgb_features,odp187i1,test,normal,0,-1.0054897999337857
broach_dataset,one_class_svm_rgb_features,oedl1yeo,test,normal,0,-2.55247710615728
broach_dataset,one_class_svm_rgb_features,oes49j9v,test,normal,0,-0.9124456486078643
broach_dataset,one_class_svm_rgb_features,of7f8t3k,test,normal,0,-2.0049559092323896
broach_dataset,one_class_svm_rgb_features,ofw27chg,test,normal,0,-0.2422995852874017
broach_dataset,one_class_svm_rgb_features,ogyb6pjn,test,normal,0,-2.052328472499166
broach_dataset,one_class_svm_rgb_features,ohbicncu,test,normal,0,0.22995724679841878
broach_dataset,one_class_svm_rgb_features,ohk0veyd,test,normal,0,-2.9084905324670878
broach_dataset,one_class_svm_rgb_features,ojccwx9b,test,normal,0,-2.8340979844023657
broach_dataset,one_class_svm_rgb_features,ojtxcf0k,test,normal,0,-2.0418853977309475
broach_dataset,one_class_svm_rgb_features,ok02qfyg,test,normal,0,-0.13559991821797368
broach_dataset,one_class_svm_rgb_features,ol74027p,test,normal,0,-1.7199920194219445
broach_dataset,one_class_svm_rgb_features,oldcz59s,test,normal,0,-2.9641260472667845
broach_dataset,one_class_svm_rgb_features,olx2dfkn,test,normal,0,-1.15401588473582
broach_dataset,one_class_svm_rgb_features,onrqkstl,test,normal,0,4.291518175241455
broach_dataset,one_class_svm_rgb_features,onrrhrbc,test,normal,0,0.8061426040414439
broach_dataset,one_class_svm_rgb_features,oo2qmotd,test,normal,0,-1.78371739991824
broach_dataset,one_class_svm_rgb_features,oobagxkk,test,normal,0,-1.6977468335317916
broach_dataset,one_class_svm_rgb_features,oocqj74x,test,normal,0,-3.9218967357243066
broach_dataset,one_class_svm_rgb_features,ook1omnw,test,normal,0,-0.22795627600302382
broach_dataset,one_class_svm_rgb_features,oop767j2,test,normal,0,-1.8989340306701585
broach_dataset,one_class_svm_rgb_features,opxaxujb,test,normal,0,-2.586871518863763
broach_dataset,one_class_svm_rgb_features,oq0dq1fl,test,normal,0,13.770234913309896
broach_dataset,one_class_svm_rgb_features,oqomu8ys,test,normal,0,-0.572585813272509
broach_dataset,one_class_svm_rgb_features,or67afy7,test,normal,0,13.160961861214057
broach_dataset,one_class_svm_rgb_features,or6ty9co,test,normal,0,-1.0613454772860749
broach_dataset,one_class_svm_rgb_features,ou8n10q3,test,normal,0,12.882151079043165
broach_dataset,one_class_svm_rgb_features,ouv75d3n,test,normal,0,-1.5441976077089894
broach_dataset,one_class_svm_rgb_features,ovrt88l3,test,normal,0,0.030006544515499556
broach_dataset,one_class_svm_rgb_features,ovxpkayb,test,normal,0,13.789770093168887
broach_dataset,one_class_svm_rgb_features,owe9zejr,test,normal,0,-2.4526764712430413
broach_dataset,one_class_svm_rgb_features,owt9nm3v,test,normal,0,-2.1163384308426956
broach_dataset,one_class_svm_rgb_features,ozlr9gge,test,normal,0,-2.5242660835513107
broach_dataset,one_class_svm_rgb_features,ozo3ixfx,test,normal,0,-2.4773541665775483
broach_dataset,one_class_svm_rgb_features,p0hzwcyk,test,normal,0,-1.707441911519071
broach_dataset,one_class_svm_rgb_features,p0w17col,test,normal,0,-0.5739165760406006
broach_dataset,one_class_svm_rgb_features,p0y6zsmd,test,normal,0,13.32343104559428
broach_dataset,one_class_svm_rgb_features,p1dhdgdl,test,normal,0,1.9177483496796714
broach_dataset,one_class_svm_rgb_features,p1v0ib38,test,normal,0,0.262667584620921
broach_dataset,one_class_svm_rgb_features,p1wnsqha,test,normal,0,-1.2308537626648324
broach_dataset,one_class_svm_rgb_features,p22lecvq,test,normal,0,4.495398737797315
broach_dataset,one_class_svm_rgb_features,p2im7h9m,test,normal,0,-0.8299725571025007
broach_dataset,one_class_svm_rgb_features,p33sa0iw,test,normal,0,-0.8150071115943156
broach_dataset,one_class_svm_rgb_features,p3k1tsbd,test,normal,0,-0.36273520766857814
broach_dataset,one_class_svm_rgb_features,p44g96hw,test,normal,0,-0.2325008697163824
broach_dataset,one_class_svm_rgb_features,p4if7m0v,test,normal,0,-2.3795574991278734
broach_dataset,one_class_svm_rgb_features,p7uelbi7,test,normal,0,13.957017530295314
broach_dataset,one_class_svm_rgb_features,p82j3tps,test,normal,0,-0.2884553318108001
broach_dataset,one_class_svm_rgb_features,p8wz1oys,test,normal,0,-1.5482977723970777
broach_dataset,one_class_svm_rgb_features,p94ytncz,test,normal,0,-2.4314643521315915
broach_dataset,one_class_svm_rgb_features,pa3ljql0,test,normal,0,-1.1555520151680287
broach_dataset,one_class_svm_rgb_features,paccwkso,test,normal,0,-2.4904646748353123
broach_dataset,one_class_svm_rgb_features,pafp4arp,test,normal,0,13.635630863392661
broach_dataset,one_class_svm_rgb_features,pai5fxqz,test,normal,0,-1.9768819617094273
broach_dataset,one_class_svm_rgb_features,paknsjv4,test,normal,0,-2.6433572973474178
broach_dataset,one_class_svm_rgb_features,pbdqe9bd,test,normal,0,-1.508272591497386
broach_dataset,one_class_svm_rgb_features,pbdsdhpv,test,normal,0,0.6413140615912951
broach_dataset,one_class_svm_rgb_features,pbedea4x,test,normal,0,0.5745621832413317
broach_dataset,one_class_svm_rgb_features,pbht3ax5,test,normal,0,-0.9509447428872697
broach_dataset,one_class_svm_rgb_features,pbn2wg6o,test,normal,0,13.083205742830401
broach_dataset,one_class_svm_rgb_features,pbwfo46l,test,normal,0,-1.719949079456958
broach_dataset,one_class_svm_rgb_features,pc1cbwym,test,normal,0,-2.517393879361805
broach_dataset,one_class_svm_rgb_features,pcfm6qxy,test,normal,0,-3.757223512477154
broach_dataset,one_class_svm_rgb_features,pdhtiffv,test,normal,0,-2.5688795912303597
broach_dataset,one_class_svm_rgb_features,pdkfeeko,test,normal,0,-0.6590354422147833
broach_dataset,one_class_svm_rgb_features,pe7v27a8,test,normal,0,-0.5436662269383508
broach_dataset,one_class_svm_rgb_features,pet5ruva,test,normal,0,-0.1836698495274618
broach_dataset,one_class_svm_rgb_features,peu2s3og,test,normal,0,-3.3615347877394512
broach_dataset,one_class_svm_rgb_features,pfdrwb2s,test,normal,0,-1.5851365275762443
broach_dataset,one_class_svm_rgb_features,pgnifpvd,test,normal,0,-3.313386998038002
broach_dataset,one_class_svm_rgb_features,phfnh5b7,test,normal,0,0.04121763246461008
broach_dataset,one_class_svm_rgb_features,pjqbtk0t,test,normal,0,-2.5772990848108996
broach_dataset,one_class_svm_rgb_features,pjxcbhaa,test,normal,0,-2.0047659174631747
broach_dataset,one_class_svm_rgb_features,pjyierth,test,normal,0,-2.536378867400071
broach_dataset,one_class_svm_rgb_features,pkc33maa,test,normal,0,-0.0991684326410116
broach_dataset,one_class_svm_rgb_features,plusqrvp,test,normal,0,-2.312556275896018
broach_dataset,one_class_svm_rgb_features,pm60z2i6,test,normal,0,-1.3652208885595059
broach_dataset,one_class_svm_rgb_features,pmfhmgaw,test,normal,0,-3.1522453490663587
broach_dataset,one_class_svm_rgb_features,pmiay8ml,test,normal,0,-1.847778014724625
broach_dataset,one_class_svm_rgb_features,pmu6gyro,test,normal,0,-0.9720181902911342
broach_dataset,one_class_svm_rgb_features,pmx721cm,test,normal,0,-1.0096083935943696
broach_dataset,one_class_svm_rgb_features,pnvjaz2e,test,normal,0,-1.6656488457143528
broach_dataset,one_class_svm_rgb_features,pnysynsk,test,normal,0,-2.9529151806013267
broach_dataset,one_class_svm_rgb_features,poy593ng,test,normal,0,-2.2834911866315295
broach_dataset,one_class_svm_rgb_features,pq67xwlr,test,normal,0,-3.2259045174142713
broach_dataset,one_class_svm_rgb_features,pqr9pe6c,test,normal,0,-0.5856049696035868
broach_dataset,one_class_svm_rgb_features,pqxxj3of,test,normal,0,-1.8902631816999609
broach_dataset,one_class_svm_rgb_features,pr4tw5s6,test,normal,0,-3.2700252851359117
broach_dataset,one_class_svm_rgb_features,prtt3nup,test,normal,0,-2.005169576374527
broach_dataset,one_class_svm_rgb_features,prwy8zoi,test,normal,0,-1.5590945752311836
broach_dataset,one_class_svm_rgb_features,psaldnj7,test,normal,0,-1.1443063804175218
broach_dataset,one_class_svm_rgb_features,ptu372vj,test,normal,0,-3.5522792080101766
broach_dataset,one_class_svm_rgb_features,pu8pcu24,test,normal,0,-1.0213998710693097
broach_dataset,one_class_svm_rgb_features,puq8mckn,test,normal,0,0.7276096812953128
broach_dataset,one_class_svm_rgb_features,puwh1oqv,test,normal,0,-1.6268536383171828
broach_dataset,one_class_svm_rgb_features,puyw6mxr,test,normal,0,-2.619333196086167
broach_dataset,one_class_svm_rgb_features,pw8zw7nh,test,normal,0,0.39692160554845834
broach_dataset,one_class_svm_rgb_features,pwjto7f2,test,normal,0,-4.228921292577809
broach_dataset,one_class_svm_rgb_features,pxc82slz,test,normal,0,-3.4113649386353835
broach_dataset,one_class_svm_rgb_features,pxkq9dt1,test,normal,0,-0.34104629945037246
broach_dataset,one_class_svm_rgb_features,py221le1,test,normal,0,-0.11537434403283342
broach_dataset,one_class_svm_rgb_features,pyg638yi,test,normal,0,-2.056610529494918
broach_dataset,one_class_svm_rgb_features,pyk5sk39,test,normal,0,13.736249195880871
broach_dataset,one_class_svm_rgb_features,pyts91af,test,normal,0,4.121378377576402
broach_dataset,one_class_svm_rgb_features,pyynq66q,test,normal,0,-1.4574783052709908
broach_dataset,one_class_svm_rgb_features,pz1ia2ga,test,normal,0,6.477823889134636
broach_dataset,one_class_svm_rgb_features,pzd8n0ob,test,normal,0,-2.335752219710976
broach_dataset,one_class_svm_rgb_features,pzrv0j35,test,normal,0,-2.966658521698303
broach_dataset,one_class_svm_rgb_features,q0qcilc6,test,normal,0,-3.8914215819118496
broach_dataset,one_class_svm_rgb_features,q10o9qqw,test,normal,0,1.0389138639523168
broach_dataset,one_class_svm_rgb_features,q25ywtk8,test,normal,0,-2.3723079959480735
broach_dataset,one_class_svm_rgb_features,q2mlwuwn,test,normal,0,-1.2690052496038593
broach_dataset,one_class_svm_rgb_features,q3yxspg5,test,normal,0,-2.1707462606047265
broach_dataset,one_class_svm_rgb_features,q4tndnqb,test,normal,0,-1.9607121706921475
broach_dataset,one_class_svm_rgb_features,q5hhoi4k,test,normal,0,-2.941955546229501
broach_dataset,one_class_svm_rgb_features,q73dlpgb,test,normal,0,-2.37979908538637
broach_dataset,one_class_svm_rgb_features,q8h9spck,test,normal,0,-1.7967360511718198
broach_dataset,one_class_svm_rgb_features,q8ta8rqd,test,normal,0,0.21613735089787767
broach_dataset,one_class_svm_rgb_features,q9al3uct,test,normal,0,0.8468115634778979
broach_dataset,one_class_svm_rgb_features,q9wfb76a,test,normal,0,-1.712216319263062
broach_dataset,one_class_svm_rgb_features,qa1rpm8u,test,normal,0,-1.4853761169250976
broach_dataset,one_class_svm_rgb_features,qa2zqrpv,test,normal,0,-0.869617049288129
broach_dataset,one_class_svm_rgb_features,qa9lbpre,test,normal,0,-3.101963597089778
broach_dataset,one_class_svm_rgb_features,qb09uw8p,test,normal,0,-1.648712553950638
broach_dataset,one_class_svm_rgb_features,qb5tnn41,test,normal,0,1.3437743031440803
broach_dataset,one_class_svm_rgb_features,qbh0ryh5,test,normal,0,-0.14059117210558902
broach_dataset,one_class_svm_rgb_features,qbkk2bil,test,normal,0,-2.7437460249751666
broach_dataset,one_class_svm_rgb_features,qbvtdg3c,test,normal,0,-1.7939769885659693
broach_dataset,one_class_svm_rgb_features,qc0e99zw,test,normal,0,-0.9826037370589464
broach_dataset,one_class_svm_rgb_features,qc5yald7,test,normal,0,3.120891482167023
broach_dataset,one_class_svm_rgb_features,qc63yqiy,test,normal,0,-1.7861971435685753
broach_dataset,one_class_svm_rgb_features,qcd1d364,test,normal,0,-2.5345006312685534
broach_dataset,one_class_svm_rgb_features,qcz0n04o,test,normal,0,-2.18710382186606
broach_dataset,one_class_svm_rgb_features,qdfq6ch3,test,normal,0,-2.5661574732519377
broach_dataset,one_class_svm_rgb_features,qeaeq2if,test,normal,0,-2.005949679541523
broach_dataset,one_class_svm_rgb_features,qeqtkolh,test,normal,0,-3.836938709810589
broach_dataset,one_class_svm_rgb_features,qfcpk7pw,test,normal,0,-0.8424346262240476
broach_dataset,one_class_svm_rgb_features,qgexp8wy,test,normal,0,1.918015321913412
broach_dataset,one_class_svm_rgb_features,qgh9vfja,test,normal,0,-3.006652674034086
broach_dataset,one_class_svm_rgb_features,qgo8ryww,test,normal,0,-1.4033311182871095
broach_dataset,one_class_svm_rgb_features,qin5ibw0,test,normal,0,13.558506257909071
broach_dataset,one_class_svm_rgb_features,qixuce5y,test,normal,0,-2.114773449925547
broach_dataset,one_class_svm_rgb_features,qj41k7lo,test,normal,0,-2.7748342393303
broach_dataset,one_class_svm_rgb_features,qj6276yo,test,normal,0,-2.49448254341425
broach_dataset,one_class_svm_rgb_features,qjw4idne,test,normal,0,13.675500328901853
broach_dataset,one_class_svm_rgb_features,qjwearob,test,normal,0,-2.257743566114314
broach_dataset,one_class_svm_rgb_features,qkv0n4h2,test,normal,0,-1.3361979433256739
broach_dataset,one_class_svm_rgb_features,ql0sckcw,test,normal,0,-1.6799928350126088
broach_dataset,one_class_svm_rgb_features,qlhpj345,test,normal,0,-0.4600074304346986
broach_dataset,one_class_svm_rgb_features,qma6dt26,test,normal,0,-1.748285473948858
broach_dataset,one_class_svm_rgb_features,qmr2zh5t,test,normal,0,-3.069181118494466
broach_dataset,one_class_svm_rgb_features,qmsieuxj,test,normal,0,13.645391454702374
broach_dataset,one_class_svm_rgb_features,qng8dzaf,test,normal,0,3.3479509804285
broach_dataset,one_class_svm_rgb_features,qo44hdlo,test,normal,0,0.3242137758307315
broach_dataset,one_class_svm_rgb_features,qohhft48,test,normal,0,-2.0495782688666146
broach_dataset,one_class_svm_rgb_features,qorgnlho,test,normal,0,-2.3188930610134193
broach_dataset,one_class_svm_rgb_features,qp01rr7u,test,normal,0,-1.7357039948788557
broach_dataset,one_class_svm_rgb_features,qqqt0ygs,test,normal,0,-1.4444553370880833
broach_dataset,one_class_svm_rgb_features,qqxt7jo0,test,normal,0,-0.44912864110694706
broach_dataset,one_class_svm_rgb_features,qr3ev1rd,test,normal,0,-1.646165819523544
broach_dataset,one_class_svm_rgb_features,qrbjaone,test,normal,0,-1.1257680135869652
broach_dataset,one_class_svm_rgb_features,qsl7m33d,test,normal,0,-1.1899661469947063
broach_dataset,one_class_svm_rgb_features,qsn5qc35,test,normal,0,-1.8311991489079844
broach_dataset,one_class_svm_rgb_features,qsnzjwl8,test,normal,0,-1.5450926295586545
broach_dataset,one_class_svm_rgb_features,qu7dknnc,test,normal,0,-1.363100524002638
broach_dataset,one_class_svm_rgb_features,qw64b9kk,test,normal,0,13.53021906896534
broach_dataset,one_class_svm_rgb_features,qwt1c7dr,test,normal,0,13.354515605131967
broach_dataset,one_class_svm_rgb_features,qy2945sb,test,normal,0,0.42031715290782756
broach_dataset,one_class_svm_rgb_features,qy4i3ikj,test,normal,0,-2.461282151458125
broach_dataset,one_class_svm_rgb_features,qylbos46,test,normal,0,-2.954272229916924
broach_dataset,one_class_svm_rgb_features,qyu0t9wl,test,normal,0,-2.133437078562263
broach_dataset,one_class_svm_rgb_features,qyvfgeq9,test,normal,0,-0.5833545411680703
broach_dataset,one_class_svm_rgb_features,qz2dtjru,test,normal,0,-2.321941318073481
broach_dataset,one_class_svm_rgb_features,qz3075d0,test,normal,0,-2.0295947374559624
broach_dataset,one_class_svm_rgb_features,qzn7xbvz,test,normal,0,-1.4541555348322728
broach_dataset,one_class_svm_rgb_features,r1133d91,test,normal,0,-0.9631798408631145
broach_dataset,one_class_svm_rgb_features,r1e0e8gm,test,normal,0,2.300798530049544
broach_dataset,one_class_svm_rgb_features,r29fmsh9,test,normal,0,-1.5522375288521015
broach_dataset,one_class_svm_rgb_features,r2nxyztb,test,normal,0,-1.7113291962828985
broach_dataset,one_class_svm_rgb_features,r2pryvf3,test,normal,0,-1.515429918421237
broach_dataset,one_class_svm_rgb_features,r2tlsbmf,test,normal,0,-2.442635774661454
broach_dataset,one_class_svm_rgb_features,r39iixha,test,normal,0,-1.1956803205886732
broach_dataset,one_class_svm_rgb_features,r3bxho8s,test,normal,0,13.144097140592963
broach_dataset,one_class_svm_rgb_features,r4295loo,test,normal,0,1.9508587938779929
broach_dataset,one_class_svm_rgb_features,r50p5m56,test,normal,0,-0.7948379865231665
broach_dataset,one_class_svm_rgb_features,r5ert8ze,test,normal,0,0.4852635248604962
broach_dataset,one_class_svm_rgb_features,r5llxipl,test,normal,0,14.051369530543024
broach_dataset,one_class_svm_rgb_features,r6kfkldf,test,normal,0,-2.0672329866179524
broach_dataset,one_class_svm_rgb_features,r8g3mrfv,test,normal,0,-4.337058567943931
broach_dataset,one_class_svm_rgb_features,r96rs6ky,test,normal,0,-2.4706688037851556
broach_dataset,one_class_svm_rgb_features,r9d02u7j,test,normal,0,0.6442773818453471
broach_dataset,one_class_svm_rgb_features,r9okat9h,test,normal,0,-2.07570611923353
broach_dataset,one_class_svm_rgb_features,r9xszzvv,test,normal,0,14.170953138194305
broach_dataset,one_class_svm_rgb_features,raebp5l1,test,normal,0,-0.7380804715035456
broach_dataset,one_class_svm_rgb_features,rag0kxxk,test,normal,0,-1.6065515097084138
broach_dataset,one_class_svm_rgb_features,rajib931,test,normal,0,-2.1543830951261675
broach_dataset,one_class_svm_rgb_features,ranlost2,test,normal,0,0.08432399599067075
broach_dataset,one_class_svm_rgb_features,rb2d5lo9,test,normal,0,-0.6602996123822784
broach_dataset,one_class_svm_rgb_features,rb6lx89j,test,normal,0,13.316151602660474
broach_dataset,one_class_svm_rgb_features,rbex57xk,test,normal,0,13.955206044112172
broach_dataset,one_class_svm_rgb_features,rbv6i2x4,test,normal,0,2.043415852067664
broach_dataset,one_class_svm_rgb_features,rcgft3z0,test,normal,0,13.777923745567644
broach_dataset,one_class_svm_rgb_features,rcp2mx62,test,normal,0,-4.293496224911436
broach_dataset,one_class_svm_rgb_features,rd4mwpmi,test,normal,0,0.5070872533513615
broach_dataset,one_class_svm_rgb_features,rdlykfx8,test,normal,0,-1.125951652746064
broach_dataset,one_class_svm_rgb_features,reizipnm,test,normal,0,13.574247956067627
broach_dataset,one_class_svm_rgb_features,rf2o529m,test,normal,0,-3.2973457727297095
broach_dataset,one_class_svm_rgb_features,rffuefzk,test,normal,0,11.013956115608254
broach_dataset,one_class_svm_rgb_features,rfgxj607,test,normal,0,-1.1892910423529965
broach_dataset,one_class_svm_rgb_features,rfjl9vt3,test,normal,0,-2.232882461397196
broach_dataset,one_class_svm_rgb_features,rgsx8c41,test,normal,0,0.29927841828156865
broach_dataset,one_class_svm_rgb_features,rhc0cm9t,test,normal,0,-3.396213446046673
broach_dataset,one_class_svm_rgb_features,rj4bx952,test,normal,0,-1.8839185422180869
broach_dataset,one_class_svm_rgb_features,rjpdjbpq,test,normal,0,0.045927724432177186
broach_dataset,one_class_svm_rgb_features,rl321iel,test,normal,0,-2.2172975142521203
broach_dataset,one_class_svm_rgb_features,rl5qr4ff,test,normal,0,0.45168425181439
broach_dataset,one_class_svm_rgb_features,rlb65sx0,test,normal,0,-1.8826009632400158
broach_dataset,one_class_svm_rgb_features,rll5tdxs,test,normal,0,-1.0594384997917885
broach_dataset,one_class_svm_rgb_features,rnh2ph1d,test,normal,0,-3.133547254015621
broach_dataset,one_class_svm_rgb_features,rntv1lsq,test,normal,0,-3.497164647949461
broach_dataset,one_class_svm_rgb_features,rontdi9o,test,normal,0,-3.8875019151972303
broach_dataset,one_class_svm_rgb_features,rp8qciwv,test,normal,0,-2.345220783121672
broach_dataset,one_class_svm_rgb_features,rpnuzfhq,test,normal,0,-0.6093993828452273
broach_dataset,one_class_svm_rgb_features,rpoklf43,test,normal,0,-1.9528071835605338
broach_dataset,one_class_svm_rgb_features,rreyiya2,test,normal,0,-1.73857238759682
broach_dataset,one_class_svm_rgb_features,rrw0ad9a,test,normal,0,2.5480250245000384
broach_dataset,one_class_svm_rgb_features,rs4qbt4o,test,normal,0,-0.554426169474441
broach_dataset,one_class_svm_rgb_features,rthfhlac,test,normal,0,-1.5769621346302518
broach_dataset,one_class_svm_rgb_features,rthnzvfd,test,normal,0,0.4715647840997921
broach_dataset,one_class_svm_rgb_features,rtjq39p3,test,normal,0,-1.903567191405056
broach_dataset,one_class_svm_rgb_features,rtmlxejx,test,normal,0,-1.7771171697988848
broach_dataset,one_class_svm_rgb_features,rtoulrvm,test,normal,0,-2.928025005782896
broach_dataset,one_class_svm_rgb_features,rtpmo841,test,normal,0,-1.8117223754930922
broach_dataset,one_class_svm_rgb_features,rucheip6,test,normal,0,-3.085042809508387
broach_dataset,one_class_svm_rgb_features,ruy6avbe,test,normal,0,-0.5901793665015678
broach_dataset,one_class_svm_rgb_features,rv8tj0nk,test,normal,0,-1.5063943873620005
broach_dataset,one_class_svm_rgb_features,rvu9b8rv,test,normal,0,-1.7323656399486982
broach_dataset,one_class_svm_rgb_features,rw4vnzvz,test,normal,0,0.37585785105323133
broach_dataset,one_class_svm_rgb_features,rwckk0bz,test,normal,0,-2.493917624648617
broach_dataset,one_class_svm_rgb_features,rwyzdk5n,test,normal,0,-0.901699885351567
broach_dataset,one_class_svm_rgb_features,rx0gwhao,test,normal,0,-1.6190438765525492
broach_dataset,one_class_svm_rgb_features,rxeyuvv4,test,normal,0,-2.1769496716698633
broach_dataset,one_class_svm_rgb_features,rxtvdoeu,test,normal,0,-2.597094443695088
broach_dataset,one_class_svm_rgb_features,rxw0jy7j,test,normal,0,-2.028283694816473
broach_dataset,one_class_svm_rgb_features,ry3vvvf7,test,normal,0,1.9528756713785853
broach_dataset,one_class_svm_rgb_features,ry67i24m,test,normal,0,-4.207863168954795
broach_dataset,one_class_svm_rgb_features,rz3rmme7,test,normal,0,3.1767225757194186
broach_dataset,one_class_svm_rgb_features,rz4ktfre,test,normal,0,-1.7188585846314766
broach_dataset,one_class_svm_rgb_features,rzzrwhxt,test,normal,0,-2.6108811308727553
broach_dataset,one_class_svm_rgb_features,s13vjuxe,test,normal,0,-1.875328326742828
broach_dataset,one_class_svm_rgb_features,s1k9ye9o,test,normal,0,-2.461972162645502
broach_dataset,one_class_svm_rgb_features,s2x0ha8w,test,normal,0,-2.505222545092149
broach_dataset,one_class_svm_rgb_features,s34daczm,test,normal,0,-3.528252259679739
broach_dataset,one_class_svm_rgb_features,s405whii,test,normal,0,-1.8521505475800346
broach_dataset,one_class_svm_rgb_features,s40ocmc9,test,normal,0,-1.5158599333703808
broach_dataset,one_class_svm_rgb_features,s4tbuz9r,test,normal,0,-2.1844259272118016
broach_dataset,one_class_svm_rgb_features,s5g65q8l,test,normal,0,-2.6558006717882563
broach_dataset,one_class_svm_rgb_features,s5tapwi7,test,normal,0,-2.1327490521956918
broach_dataset,one_class_svm_rgb_features,s62c1jlo,test,normal,0,-1.8801076477060654
broach_dataset,one_class_svm_rgb_features,s6r6bilq,test,normal,0,-0.7776667968772362
broach_dataset,one_class_svm_rgb_features,s7dc6jae,test,normal,0,-3.307005646332417
broach_dataset,one_class_svm_rgb_features,s7i5lgo9,test,normal,0,-2.1630884506771366
broach_dataset,one_class_svm_rgb_features,s7jhfkab,test,normal,0,14.175203414407154
broach_dataset,one_class_svm_rgb_features,s87z8o5x,test,normal,0,-3.7475202115139155
broach_dataset,one_class_svm_rgb_features,s917e95u,test,normal,0,-2.028954926502358
broach_dataset,one_class_svm_rgb_features,s9iobmsy,test,normal,0,-3.6677164025465174
broach_dataset,one_class_svm_rgb_features,sazwvmpg,test,normal,0,-1.2519365812497227
broach_dataset,one_class_svm_rgb_features,scebpuwf,test,normal,0,-0.6621390748045943
broach_dataset,one_class_svm_rgb_features,scpf5kji,test,normal,0,-1.8502717268327693
broach_dataset,one_class_svm_rgb_features,sd75oj4m,test,normal,0,13.552495406295078
broach_dataset,one_class_svm_rgb_features,sdbia619,test,normal,0,-2.5004927667183097
broach_dataset,one_class_svm_rgb_features,sddc05k1,test,normal,0,13.11815379058343
broach_dataset,one_class_svm_rgb_features,sdn7w6sa,test,normal,0,-2.7572157553894954
broach_dataset,one_class_svm_rgb_features,sdqxm4cd,test,normal,0,1.2226457997940976
broach_dataset,one_class_svm_rgb_features,sdtfyt80,test,normal,0,-0.9791634799336109
broach_dataset,one_class_svm_rgb_features,seastuxy,test,normal,0,13.686989647084292
broach_dataset,one_class_svm_rgb_features,sfxustbr,test,normal,0,-1.6587920309448663
broach_dataset,one_class_svm_rgb_features,sgdv2kfz,test,normal,0,-1.6016726890301793
broach_dataset,one_class_svm_rgb_features,sglcm9s4,test,normal,0,-2.6005636391020666
broach_dataset,one_class_svm_rgb_features,sgq78ow3,test,normal,0,7.677154924583931
broach_dataset,one_class_svm_rgb_features,sh9gjk3f,test,normal,0,4.884177435006315
broach_dataset,one_class_svm_rgb_features,shd6m2hn,test,normal,0,1.8067197573121305
broach_dataset,one_class_svm_rgb_features,shut9y6u,test,normal,0,13.655236835030552
broach_dataset,one_class_svm_rgb_features,si6igo6z,test,normal,0,-0.896036382620693
broach_dataset,one_class_svm_rgb_features,sigbiaf9,test,normal,0,-2.4312466480532997
broach_dataset,one_class_svm_rgb_features,silqclu2,test,normal,0,13.812471971398203
broach_dataset,one_class_svm_rgb_features,sj27rbi4,test,normal,0,13.442737990461548
broach_dataset,one_class_svm_rgb_features,sj75vw2o,test,normal,0,-3.364569404735736
broach_dataset,one_class_svm_rgb_features,sjgwok7x,test,normal,0,13.629175194853019
broach_dataset,one_class_svm_rgb_features,sjw7tbdd,test,normal,0,-0.3644759642110298
broach_dataset,one_class_svm_rgb_features,skv1vq6h,test,normal,0,-2.0322309396007476
broach_dataset,one_class_svm_rgb_features,skx31ly4,test,normal,0,0.5367185949946265
broach_dataset,one_class_svm_rgb_features,skyhl5x9,test,normal,0,-2.7248864734227887
broach_dataset,one_class_svm_rgb_features,sley1lo8,test,normal,0,-1.4447431536983917
broach_dataset,one_class_svm_rgb_features,slqbw677,test,normal,0,-2.343110999415412
broach_dataset,one_class_svm_rgb_features,smenkfbh,test,normal,0,-0.9977968058430111
broach_dataset,one_class_svm_rgb_features,smuxx2vv,test,normal,0,1.6869890467292183
broach_dataset,one_class_svm_rgb_features,snar8bq9,test,normal,0,-3.253985391964669
broach_dataset,one_class_svm_rgb_features,snhkkeox,test,normal,0,-3.8416696047081054
broach_dataset,one_class_svm_rgb_features,sp6ddjv6,test,normal,0,-1.3803341134739338
broach_dataset,one_class_svm_rgb_features,spcvq847,test,normal,0,-2.248072005530947
broach_dataset,one_class_svm_rgb_features,spqhmx56,test,normal,0,-0.7847587295377476
broach_dataset,one_class_svm_rgb_features,spu43cmc,test,normal,0,0.5050060250271677
broach_dataset,one_class_svm_rgb_features,ssewjdm9,test,normal,0,0.25955485227993336
broach_dataset,one_class_svm_rgb_features,sssuljaf,test,normal,0,-1.1241155733961623
broach_dataset,one_class_svm_rgb_features,sv20qvzg,test,normal,0,-0.29167412098213497
broach_dataset,one_class_svm_rgb_features,svjkj54b,test,normal,0,-0.5085442279807246
broach_dataset,one_class_svm_rgb_features,svuccpug,test,normal,0,-2.856033057352313
broach_dataset,one_class_svm_rgb_features,swkqx4tf,test,normal,0,-2.667153775556603
broach_dataset,one_class_svm_rgb_features,swllof0e,test,normal,0,-0.1893605310029649
broach_dataset,one_class_svm_rgb_features,swokj2ni,test,normal,0,10.818188134927025
broach_dataset,one_class_svm_rgb_features,swxkqtq3,test,normal,0,-1.747717031728305
broach_dataset,one_class_svm_rgb_features,swyfzdqy,test,normal,0,-1.4947762267354712
broach_dataset,one_class_svm_rgb_features,sxgjtlme,test,normal,0,-0.8589004595788108
broach_dataset,one_class_svm_rgb_features,sxjiueov,test,normal,0,-1.1051414654848575
broach_dataset,one_class_svm_rgb_features,sz4si83z,test,normal,0,-1.9039730369538255
broach_dataset,one_class_svm_rgb_features,t12edm4e,test,normal,0,-0.4890368911213834
broach_dataset,one_class_svm_rgb_features,t1kcgqqc,test,normal,0,-2.7199818876953614
broach_dataset,one_class_svm_rgb_features,t1xbh73q,test,normal,0,0.0952558837447679
broach_dataset,one_class_svm_rgb_features,t2e26i1x,test,normal,0,4.302579180652545
broach_dataset,one_class_svm_rgb_features,t2omw31c,test,normal,0,-1.2843847658077845
broach_dataset,one_class_svm_rgb_features,t30o7xky,test,normal,0,-1.9567293172282874
broach_dataset,one_class_svm_rgb_features,t33rxdt5,test,normal,0,-1.6012015746394503
broach_dataset,one_class_svm_rgb_features,t3a9zagv,test,normal,0,-1.0745888740573513
broach_dataset,one_class_svm_rgb_features,t3qtqi5l,test,normal,0,-3.9593947912337804
broach_dataset,one_class_svm_rgb_features,t4wjhfy3,test,normal,0,-1.4108244758040502
broach_dataset,one_class_svm_rgb_features,t4z207fm,test,normal,0,-0.08951222220934874
broach_dataset,one_class_svm_rgb_features,t510lk87,test,normal,0,-0.17835393484324413
broach_dataset,one_class_svm_rgb_features,t5f8krre,test,normal,0,13.410453581211039
broach_dataset,one_class_svm_rgb_features,t6267cgf,test,normal,0,-2.56417478222453
broach_dataset,one_class_svm_rgb_features,t76piv6r,test,normal,0,-2.2163316226392134
broach_dataset,one_class_svm_rgb_features,t93to9se,test,normal,0,-0.2642435937023393
broach_dataset,one_class_svm_rgb_features,taujrayb,test,normal,0,-4.171032183433912
broach_dataset,one_class_svm_rgb_features,tbpqmlnt,test,normal,0,-2.1176356923955275
broach_dataset,one_class_svm_rgb_features,tbt4k5e6,test,normal,0,-2.7121324559099556
broach_dataset,one_class_svm_rgb_features,tdvyvjdo,test,normal,0,-3.0431304792468055
broach_dataset,one_class_svm_rgb_features,tee45zsg,test,normal,0,-3.81944979939518
broach_dataset,one_class_svm_rgb_features,ter3iwmw,test,normal,0,0.4796984647170941
broach_dataset,one_class_svm_rgb_features,teu5hb1r,test,normal,0,-0.42824805783308406
broach_dataset,one_class_svm_rgb_features,tfa9dl7z,test,normal,0,6.734021626415434
broach_dataset,one_class_svm_rgb_features,tfdcdqvu,test,normal,0,-1.6432593291679023
broach_dataset,one_class_svm_rgb_features,tge1vja8,test,normal,0,13.652474011593815
broach_dataset,one_class_svm_rgb_features,th34cuys,test,normal,0,-1.1315985549569767
broach_dataset,one_class_svm_rgb_features,thjstznz,test,normal,0,-0.34226197086739774
broach_dataset,one_class_svm_rgb_features,ti6pn6xr,test,normal,0,-3.0017113495579224
broach_dataset,one_class_svm_rgb_features,tifznn7y,test,normal,0,-3.714057792905649
broach_dataset,one_class_svm_rgb_features,tih0iezu,test,normal,0,-0.7018481673097536
broach_dataset,one_class_svm_rgb_features,titugswu,test,normal,0,1.0407713405547394
broach_dataset,one_class_svm_rgb_features,tjpiwtux,test,normal,0,-2.5725900376925708
broach_dataset,one_class_svm_rgb_features,tkp235vc,test,normal,0,12.991053330280026
broach_dataset,one_class_svm_rgb_features,tlf72spm,test,normal,0,12.356002558583628
broach_dataset,one_class_svm_rgb_features,tm477y6z,test,normal,0,-1.4683454885910674
broach_dataset,one_class_svm_rgb_features,tmequz8d,test,normal,0,2.0178941603318137
broach_dataset,one_class_svm_rgb_features,tnozw39v,test,normal,0,-2.347875350324177
broach_dataset,one_class_svm_rgb_features,to7d835k,test,normal,0,-0.6525266787950752
broach_dataset,one_class_svm_rgb_features,tombh0nc,test,normal,0,1.1725007311354219
broach_dataset,one_class_svm_rgb_features,totpxy8e,test,normal,0,-2.7293797952339816
broach_dataset,one_class_svm_rgb_features,tpqcmsv1,test,normal,0,-1.796592600086397
broach_dataset,one_class_svm_rgb_features,tpxp0vht,test,normal,0,6.315954399283061
broach_dataset,one_class_svm_rgb_features,trehie5r,test,normal,0,12.146189083205918
broach_dataset,one_class_svm_rgb_features,trm56b0h,test,normal,0,-1.4541825487007891
broach_dataset,one_class_svm_rgb_features,ts2kw5ow,test,normal,0,-3.545559459192507
broach_dataset,one_class_svm_rgb_features,tsl1uws5,test,normal,0,13.755869834132923
broach_dataset,one_class_svm_rgb_features,tucnhlth,test,normal,0,-1.7004813302300992
broach_dataset,one_class_svm_rgb_features,tv4ir1g3,test,normal,0,-2.0289222770177986
broach_dataset,one_class_svm_rgb_features,tvbtrp63,test,normal,0,0.3192453468883176
broach_dataset,one_class_svm_rgb_features,tvne70ty,test,normal,0,-1.7115145495489887
broach_dataset,one_class_svm_rgb_features,twt2i9ow,test,normal,0,-1.8099290078364856
broach_dataset,one_class_svm_rgb_features,txa7bh2a,test,normal,0,13.17444727600583
broach_dataset,one_class_svm_rgb_features,txawqgbo,test,normal,0,-2.7748768085512943
broach_dataset,one_class_svm_rgb_features,txghaoo4,test,normal,0,-2.3215064193401638
broach_dataset,one_class_svm_rgb_features,tydn5t5e,test,normal,0,-0.7102883154814439
broach_dataset,one_class_svm_rgb_features,u05iqz07,test,normal,0,-1.8993466907417051
broach_dataset,one_class_svm_rgb_features,u0gwj9vl,test,normal,0,-2.012724462677909
broach_dataset,one_class_svm_rgb_features,u0upyw6j,test,normal,0,-2.8149901783449494
broach_dataset,one_class_svm_rgb_features,u1a31bc0,test,normal,0,13.419485799186859
broach_dataset,one_class_svm_rgb_features,u1utpec4,test,normal,0,-1.6188072973950423
broach_dataset,one_class_svm_rgb_features,u3ug7yhw,test,normal,0,-0.7206821633802711
broach_dataset,one_class_svm_rgb_features,u47ai3rp,test,normal,0,3.0977060919484867
broach_dataset,one_class_svm_rgb_features,u4bibfjp,test,normal,0,-2.050836640293447
broach_dataset,one_class_svm_rgb_features,u536h4vj,test,normal,0,-1.4343128482601806
broach_dataset,one_class_svm_rgb_features,u57ote0q,test,normal,0,-3.111759326814905
broach_dataset,one_class_svm_rgb_features,u5o0q2k1,test,normal,0,13.421745905925905
broach_dataset,one_class_svm_rgb_features,u5t0j2yr,test,normal,0,13.446991248652976
broach_dataset,one_class_svm_rgb_features,u5vi1fod,test,normal,0,-1.0692477523191357
broach_dataset,one_class_svm_rgb_features,u5vi20st,test,normal,0,-1.9659585800535915
broach_dataset,one_class_svm_rgb_features,u6m8o3us,test,normal,0,-1.3709198622282202
broach_dataset,one_class_svm_rgb_features,u7kb1rtp,test,normal,0,13.8844717869969
broach_dataset,one_class_svm_rgb_features,u8asg6bc,test,normal,0,-2.1869813286347117
broach_dataset,one_class_svm_rgb_features,u8kd9gnl,test,normal,0,-1.797905893431766
broach_dataset,one_class_svm_rgb_features,u9ee9x07,test,normal,0,-2.712162275350913
broach_dataset,one_class_svm_rgb_features,u9otb8wb,test,normal,0,1.7337953464251594
broach_dataset,one_class_svm_rgb_features,u9swht2z,test,normal,0,2.4618395193475173
broach_dataset,one_class_svm_rgb_features,ua2m9kxn,test,normal,0,-2.75621859459244
broach_dataset,one_class_svm_rgb_features,uadh8tny,test,normal,0,0.650413846328636
broach_dataset,one_class_svm_rgb_features,uae0cqik,test,normal,0,-2.6218774399698006
broach_dataset,one_class_svm_rgb_features,ubw42zl6,test,normal,0,-0.26764085086208134
broach_dataset,one_class_svm_rgb_features,ubyc2p3k,test,normal,0,-2.058969082407483
broach_dataset,one_class_svm_rgb_features,uc3ne21f,test,normal,0,13.441603070013178
broach_dataset,one_class_svm_rgb_features,ud9spp24,test,normal,0,-2.830946673400426
broach_dataset,one_class_svm_rgb_features,udewd5aj,test,normal,0,-3.3034124663556312
broach_dataset,one_class_svm_rgb_features,uebj5he8,test,normal,0,-2.9626211998417027
broach_dataset,one_class_svm_rgb_features,uegthmhu,test,normal,0,-2.713751669235563
broach_dataset,one_class_svm_rgb_features,ufu6py06,test,normal,0,-2.9149910266211556
broach_dataset,one_class_svm_rgb_features,ugabimi0,test,normal,0,-3.3106197474046297
broach_dataset,one_class_svm_rgb_features,ugywxzqx,test,normal,0,-1.8564779528500353
broach_dataset,one_class_svm_rgb_features,uhqusi3o,test,normal,0,-2.71073953334578
broach_dataset,one_class_svm_rgb_features,ui6d9pkx,test,normal,0,-3.0226432513385717
broach_dataset,one_class_svm_rgb_features,ulmksqwf,test,normal,0,-2.1033257785298822
broach_dataset,one_class_svm_rgb_features,umi9gexm,test,normal,0,-1.0645399582878614
broach_dataset,one_class_svm_rgb_features,uoirkc1h,test,normal,0,-0.9407335720251773
broach_dataset,one_class_svm_rgb_features,upck4bpr,test,normal,0,1.6512749758524752
broach_dataset,one_class_svm_rgb_features,uq5miauw,test,normal,0,-0.7658433454347566
broach_dataset,one_class_svm_rgb_features,uq7bfjr8,test,normal,0,14.056932043580556
broach_dataset,one_class_svm_rgb_features,uqiq9vob,test,normal,0,-2.561894488590486
broach_dataset,one_class_svm_rgb_features,uqug8dih,test,normal,0,-2.7946933779224494
broach_dataset,one_class_svm_rgb_features,uqzfcoq2,test,normal,0,-1.9410923459354166
broach_dataset,one_class_svm_rgb_features,ur3sct2x,test,normal,0,-1.5947113942608908
broach_dataset,one_class_svm_rgb_features,uri81ltt,test,normal,0,-2.3451870779468713
broach_dataset,one_class_svm_rgb_features,usjxbcws,test,normal,0,-1.4012472054019494
broach_dataset,one_class_svm_rgb_features,utfefz81,test,normal,0,-1.740194231011074
broach_dataset,one_class_svm_rgb_features,utgj1n8i,test,normal,0,2.83657394894224
broach_dataset,one_class_svm_rgb_features,utukolel,test,normal,0,-2.676541342063196
broach_dataset,one_class_svm_rgb_features,utzi08ho,test,normal,0,-0.9881367624191917
broach_dataset,one_class_svm_rgb_features,uv2zx1qf,test,normal,0,-0.512797657566443
broach_dataset,one_class_svm_rgb_features,uvnuhhgk,test,normal,0,-2.3720004535835066
broach_dataset,one_class_svm_rgb_features,uwfz2cgb,test,normal,0,-2.0711238105445524
broach_dataset,one_class_svm_rgb_features,uxxdxo7s,test,normal,0,13.118868047916433
broach_dataset,one_class_svm_rgb_features,uy0zia9a,test,normal,0,-3.14124312340369
broach_dataset,one_class_svm_rgb_features,uyr6xtkf,test,normal,0,-1.4412664614421598
broach_dataset,one_class_svm_rgb_features,uz2z0kdn,test,normal,0,-0.9251429578977657
broach_dataset,one_class_svm_rgb_features,uzgylfb2,test,normal,0,-2.060207807158168
broach_dataset,one_class_svm_rgb_features,uzlnikcz,test,normal,0,-1.681066855859907
broach_dataset,one_class_svm_rgb_features,uzzlsg4c,test,normal,0,-3.0796099204762335
broach_dataset,one_class_svm_rgb_features,v00bwt8n,test,normal,0,-1.8589121018611756
broach_dataset,one_class_svm_rgb_features,v0asm941,test,normal,0,-1.115473976307106
broach_dataset,one_class_svm_rgb_features,v0sp96bw,test,normal,0,0.021710628329431714
broach_dataset,one_class_svm_rgb_features,v0thg0b2,test,normal,0,-1.3899791130736023
broach_dataset,one_class_svm_rgb_features,v18m11t5,test,normal,0,-2.2567934920049737
broach_dataset,one_class_svm_rgb_features,v1mzb3i4,test,normal,0,-0.6979612181034742
broach_dataset,one_class_svm_rgb_features,v1tat3op,test,normal,0,-2.69206878785398
broach_dataset,one_class_svm_rgb_features,v2217450,test,normal,0,-3.5640252085274504
broach_dataset,one_class_svm_rgb_features,v2cz5nf5,test,normal,0,-0.7400574813823582
broach_dataset,one_class_svm_rgb_features,v33bhtf0,test,normal,0,-2.224305483908445
broach_dataset,one_class_svm_rgb_features,v38kz8t9,test,normal,0,-1.059599711833176
broach_dataset,one_class_svm_rgb_features,v39201cw,test,normal,0,-1.1952637827501995
broach_dataset,one_class_svm_rgb_features,v3q37aft,test,normal,0,0.10670988591971309
broach_dataset,one_class_svm_rgb_features,v3youukp,test,normal,0,-1.9043630959986722
broach_dataset,one_class_svm_rgb_features,v4a4ipvw,test,normal,0,-2.3122823009722495
broach_dataset,one_class_svm_rgb_features,v4bnax29,test,normal,0,-1.0619890236464524
broach_dataset,one_class_svm_rgb_features,v4chct25,test,normal,0,2.9204903365973482
broach_dataset,one_class_svm_rgb_features,v5z1f72h,test,normal,0,14.161731040675257
broach_dataset,one_class_svm_rgb_features,v6gnrive,test,normal,0,-2.368554344230869
broach_dataset,one_class_svm_rgb_features,v7uqv50o,test,normal,0,-2.531794678557514
broach_dataset,one_class_svm_rgb_features,v80lkx1s,test,normal,0,-0.7590975755069831
broach_dataset,one_class_svm_rgb_features,vaejvobv,test,normal,0,-2.351832313365751
broach_dataset,one_class_svm_rgb_features,vafueaco,test,normal,0,-1.4931945706670913
broach_dataset,one_class_svm_rgb_features,vax0f6rj,test,normal,0,-0.14528487749624652
broach_dataset,one_class_svm_rgb_features,vb2osj4k,test,normal,0,2.047131863873714
broach_dataset,one_class_svm_rgb_features,vbgr8w2m,test,normal,0,0.47495233712347584
broach_dataset,one_class_svm_rgb_features,vbjrbzjw,test,normal,0,-2.566435454294105
broach_dataset,one_class_svm_rgb_features,vc0e41y2,test,normal,0,-3.026930607814176
broach_dataset,one_class_svm_rgb_features,vc5zsrfw,test,normal,0,-1.9207286006502855
broach_dataset,one_class_svm_rgb_features,vcqe1c63,test,normal,0,0.2748132502165781
broach_dataset,one_class_svm_rgb_features,vcun39s5,test,normal,0,-1.4859108100115606
broach_dataset,one_class_svm_rgb_features,vdet809d,test,normal,0,-3.2928185660845095
broach_dataset,one_class_svm_rgb_features,vdl63u14,test,normal,0,-1.3178611417346424
broach_dataset,one_class_svm_rgb_features,ve1o5im5,test,normal,0,-1.3918104705773207
broach_dataset,one_class_svm_rgb_features,ver0drxd,test,normal,0,1.7990060024207466
broach_dataset,one_class_svm_rgb_features,vgww4fyb,test,normal,0,-0.47430026376189005
broach_dataset,one_class_svm_rgb_features,vioifji1,test,normal,0,-4.0672465452808595
broach_dataset,one_class_svm_rgb_features,viz0m9ve,test,normal,0,-0.5210054175184506
broach_dataset,one_class_svm_rgb_features,vj0va0st,test,normal,0,-1.0224828921696236
broach_dataset,one_class_svm_rgb_features,vj8w45j6,test,normal,0,1.3549789577392044
broach_dataset,one_class_svm_rgb_features,vjc6sumi,test,normal,0,-3.205822719031289
broach_dataset,one_class_svm_rgb_features,vmb9kzyx,test,normal,0,1.6769516268700286
broach_dataset,one_class_svm_rgb_features,vmw9jaf9,test,normal,0,-0.7191599787366503
broach_dataset,one_class_svm_rgb_features,vnnsqckm,test,normal,0,-3.0848410201722487
broach_dataset,one_class_svm_rgb_features,vo91mybx,test,normal,0,2.5989253458678068
broach_dataset,one_class_svm_rgb_features,vouqw4c5,test,normal,0,-2.1663968982291806
broach_dataset,one_class_svm_rgb_features,vozufbcs,test,normal,0,-3.4419817702087556
broach_dataset,one_class_svm_rgb_features,vpxwhi3m,test,normal,0,-2.4507024303937825
broach_dataset,one_class_svm_rgb_features,vq0ufhok,test,normal,0,13.701199844195429
broach_dataset,one_class_svm_rgb_features,vr8vbyez,test,normal,0,-1.292917512182548
broach_dataset,one_class_svm_rgb_features,vrf8m2xl,test,normal,0,-1.123800577284312
broach_dataset,one_class_svm_rgb_features,vt7dj6ve,test,normal,0,-1.9926942393401639
broach_dataset,one_class_svm_rgb_features,vte0utxs,test,normal,0,11.878430571858296
broach_dataset,one_class_svm_rgb_features,vun862uw,test,normal,0,1.196382067523862
broach_dataset,one_class_svm_rgb_features,vvlk8cif,test,normal,0,-1.2188233766548784
broach_dataset,one_class_svm_rgb_features,vvsdzah2,test,normal,0,-2.3464947668622287
broach_dataset,one_class_svm_rgb_features,vw5hx2s2,test,normal,0,-2.7510953336958757
broach_dataset,one_class_svm_rgb_features,vwt37yyx,test,normal,0,0.7996886756050099
broach_dataset,one_class_svm_rgb_features,vwund47a,test,normal,0,11.598581789664806
broach_dataset,one_class_svm_rgb_features,vyfyk3md,test,normal,0,0.46459213358589224
broach_dataset,one_class_svm_rgb_features,vynnwoqv,test,normal,0,-2.1116010204528735
broach_dataset,one_class_svm_rgb_features,vyxtuyl0,test,normal,0,-1.6090128467225657
broach_dataset,one_class_svm_rgb_features,vz809bxn,test,normal,0,0.5591113392576474
broach_dataset,one_class_svm_rgb_features,vzcr9rv3,test,normal,0,1.8339827621269382
broach_dataset,one_class_svm_rgb_features,vzex99d9,test,normal,0,-2.8082524356977565
broach_dataset,one_class_svm_rgb_features,w03bkfd4,test,normal,0,13.753382629654588
broach_dataset,one_class_svm_rgb_features,w05y1huu,test,normal,0,-3.1497267980221935
broach_dataset,one_class_svm_rgb_features,w1nyrwof,test,normal,0,13.758886305902042
broach_dataset,one_class_svm_rgb_features,w2r8kwcz,test,normal,0,-2.6308940889272314
broach_dataset,one_class_svm_rgb_features,w325gzmm,test,normal,0,1.503408276737824
broach_dataset,one_class_svm_rgb_features,w3chnj6g,test,normal,0,-2.563961948172789
broach_dataset,one_class_svm_rgb_features,w3gi60q6,test,normal,0,-0.9846615244052774
broach_dataset,one_class_svm_rgb_features,w3lvjy1a,test,normal,0,0.5660019032712924
broach_dataset,one_class_svm_rgb_features,w3pw9cut,test,normal,0,-1.8723605274640711
broach_dataset,one_class_svm_rgb_features,w3vg29kw,test,normal,0,-1.3873033803748704
broach_dataset,one_class_svm_rgb_features,w3y5a292,test,normal,0,-3.1776983818124656
broach_dataset,one_class_svm_rgb_features,w4d4rgew,test,normal,0,-0.14441151664255614
broach_dataset,one_class_svm_rgb_features,w4k7u1kd,test,normal,0,-0.26313347717417734
broach_dataset,one_class_svm_rgb_features,w55rwyqs,test,normal,0,-3.303786585498063
broach_dataset,one_class_svm_rgb_features,w5kpwzg0,test,normal,0,-2.2389944071121093
broach_dataset,one_class_svm_rgb_features,w65i7l3o,test,normal,0,-0.22194167833715994
broach_dataset,one_class_svm_rgb_features,w69hzgop,test,normal,0,-1.104413928244485
broach_dataset,one_class_svm_rgb_features,w71ghb7v,test,normal,0,-3.254949868016766
broach_dataset,one_class_svm_rgb_features,w7di6it4,test,normal,0,-1.2241853463610965
broach_dataset,one_class_svm_rgb_features,w7j35vlw,test,normal,0,-2.0421578008204655
broach_dataset,one_class_svm_rgb_features,w8vloyhd,test,normal,0,13.880902713819376
broach_dataset,one_class_svm_rgb_features,w9485idm,test,normal,0,-0.6087524413929177
broach_dataset,one_class_svm_rgb_features,w9myyoke,test,normal,0,-2.87794469039169
broach_dataset,one_class_svm_rgb_features,w9v5wkb8,test,normal,0,-2.9407493989509277
broach_dataset,one_class_svm_rgb_features,wa497owr,test,normal,0,14.173006376888807
broach_dataset,one_class_svm_rgb_features,wb5spffc,test,normal,0,3.2195495693412504
broach_dataset,one_class_svm_rgb_features,wbbeps8d,test,normal,0,-2.0188608940806567
broach_dataset,one_class_svm_rgb_features,wbdl3u1r,test,normal,0,-1.4509151886984348
broach_dataset,one_class_svm_rgb_features,wcl7xg33,test,normal,0,0.005003286689442277
broach_dataset,one_class_svm_rgb_features,wcs4bju8,test,normal,0,-0.8985038091321602
broach_dataset,one_class_svm_rgb_features,wcu50qyt,test,normal,0,-0.9032094768301508
broach_dataset,one_class_svm_rgb_features,wcvh69ug,test,normal,0,-2.4258948456443683
broach_dataset,one_class_svm_rgb_features,wdhb0z7p,test,normal,0,0.6538673804282951
broach_dataset,one_class_svm_rgb_features,wdhhl7ch,test,normal,0,4.9093744037880835
broach_dataset,one_class_svm_rgb_features,wedlnk2z,test,normal,0,-1.9366517910760912
broach_dataset,one_class_svm_rgb_features,wexz02mn,test,normal,0,-3.0518358123747262
broach_dataset,one_class_svm_rgb_features,wf8lcl9a,test,normal,0,-1.2449612616036738
broach_dataset,one_class_svm_rgb_features,wfp1b4k5,test,normal,0,-1.3020153828003007
broach_dataset,one_class_svm_rgb_features,wgtbgemy,test,normal,0,-1.8778499629149508
broach_dataset,one_class_svm_rgb_features,wgw4bov1,test,normal,0,-2.7609692360250726
broach_dataset,one_class_svm_rgb_features,wh9hd268,test,normal,0,0.3600184056779252
broach_dataset,one_class_svm_rgb_features,whkl17yf,test,normal,0,-2.8301173006057745
broach_dataset,one_class_svm_rgb_features,whwkmy9x,test,normal,0,-1.6589552781037007
broach_dataset,one_class_svm_rgb_features,widoh6s0,test,normal,0,-0.013498901115742257
broach_dataset,one_class_svm_rgb_features,wji7i0nj,test,normal,0,13.040737045069655
broach_dataset,one_class_svm_rgb_features,wjwospd2,test,normal,0,-0.8829320467555029
broach_dataset,one_class_svm_rgb_features,wk08vurm,test,normal,0,5.590611519070837
broach_dataset,one_class_svm_rgb_features,wkeyarz1,test,normal,0,-2.038027338070915
broach_dataset,one_class_svm_rgb_features,wldv63yd,test,normal,0,13.326998047418378
broach_dataset,one_class_svm_rgb_features,wms6fdgd,test,normal,0,0.13899552866865506
broach_dataset,one_class_svm_rgb_features,wn103frb,test,normal,0,-0.09974056704065859
broach_dataset,one_class_svm_rgb_features,wn4nhl8l,test,normal,0,-4.192307228592938
broach_dataset,one_class_svm_rgb_features,wnk9mpem,test,normal,0,1.7489033350395164
broach_dataset,one_class_svm_rgb_features,woal2tdw,test,normal,0,-2.0835141668872303
broach_dataset,one_class_svm_rgb_features,woje6wz0,test,normal,0,-1.1661757943075237
broach_dataset,one_class_svm_rgb_features,wolep2wl,test,normal,0,-2.626477322683545
broach_dataset,one_class_svm_rgb_features,wp9jxi9b,test,normal,0,-2.5455883826221886
broach_dataset,one_class_svm_rgb_features,wprgap6o,test,normal,0,3.1446661819394635
broach_dataset,one_class_svm_rgb_features,wprlpg7g,test,normal,0,-1.6506191350492223
broach_dataset,one_class_svm_rgb_features,wpyt3zoj,test,normal,0,-0.0020806764839971237
broach_dataset,one_class_svm_rgb_features,wqd885m3,test,normal,0,-1.7246221501768453
broach_dataset,one_class_svm_rgb_features,ws1zl7p7,test,normal,0,-1.746188473084155
broach_dataset,one_class_svm_rgb_features,wsamb772,test,normal,0,0.32819358002648436
broach_dataset,one_class_svm_rgb_features,wsi8gizi,test,normal,0,-0.17344629719262272
broach_dataset,one_class_svm_rgb_features,wsko2rkd,test,normal,0,-3.003635647880987
broach_dataset,one_class_svm_rgb_features,wtfmsjbw,test,normal,0,-1.7936586552517415
broach_dataset,one_class_svm_rgb_features,wtw0tnzx,test,normal,0,-2.9752300997229177
broach_dataset,one_class_svm_rgb_features,wvtfx4r6,test,normal,0,-1.872606101459528
broach_dataset,one_class_svm_rgb_features,wvworlew,test,normal,0,2.256387565521358
broach_dataset,one_class_svm_rgb_features,wvztduur,test,normal,0,-3.6333780119319385
broach_dataset,one_class_svm_rgb_features,wwd0950b,test,normal,0,-0.6026709136075166
broach_dataset,one_class_svm_rgb_features,wy93ei3x,test,normal,0,-2.11996308440575
broach_dataset,one_class_svm_rgb_features,wyfnabqh,test,normal,0,3.2299566141828624
broach_dataset,one_class_svm_rgb_features,wz2doluq,test,normal,0,-3.2243265640643273
broach_dataset,one_class_svm_rgb_features,wzff1uwo,test,normal,0,-0.7693901636734672
broach_dataset,one_class_svm_rgb_features,x0cf861c,test,normal,0,13.170326931156081
broach_dataset,one_class_svm_rgb_features,x18d1spd,test,normal,0,-0.7102802524884542
broach_dataset,one_class_svm_rgb_features,x1ho5yju,test,normal,0,-4.212166756194549
broach_dataset,one_class_svm_rgb_features,x1ipumo6,test,normal,0,-2.2604607548369664
broach_dataset,one_class_svm_rgb_features,x2lg5c2y,test,normal,0,0.41543725793462905
broach_dataset,one_class_svm_rgb_features,x2n92tgw,test,normal,0,-0.6931872996224371
broach_dataset,one_class_svm_rgb_features,x2trx546,test,normal,0,-3.2737103593390238
broach_dataset,one_class_svm_rgb_features,x35cojjr,test,normal,0,10.181614758894124
broach_dataset,one_class_svm_rgb_features,x36oetrt,test,normal,0,-3.7929262667630894
broach_dataset,one_class_svm_rgb_features,x4nc3ueg,test,normal,0,-3.204970855862584
broach_dataset,one_class_svm_rgb_features,x4o1ccy1,test,normal,0,-0.9291376924866288
broach_dataset,one_class_svm_rgb_features,x7eedtjv,test,normal,0,0.09483986779218867
broach_dataset,one_class_svm_rgb_features,x7wdeah7,test,normal,0,-3.1418130163529234
broach_dataset,one_class_svm_rgb_features,x80nkxkb,test,normal,0,-0.4194366623083283
broach_dataset,one_class_svm_rgb_features,x9exlzlw,test,normal,0,-1.580555967171028
broach_dataset,one_class_svm_rgb_features,x9yit0lm,test,normal,0,-2.3114905634331784
broach_dataset,one_class_svm_rgb_features,xa8mku1g,test,normal,0,-1.7364603084802734
broach_dataset,one_class_svm_rgb_features,xah6ix4r,test,normal,0,3.4121600642112337
broach_dataset,one_class_svm_rgb_features,xaic0dhn,test,normal,0,-2.4096497753405757
broach_dataset,one_class_svm_rgb_features,xauzu9mw,test,normal,0,-1.7702632281377557
broach_dataset,one_class_svm_rgb_features,xb0d4j6n,test,normal,0,13.150815584687262
broach_dataset,one_class_svm_rgb_features,xc45bncc,test,normal,0,-1.940446706018374
broach_dataset,one_class_svm_rgb_features,xc486dx2,test,normal,0,-3.2696657952708605
broach_dataset,one_class_svm_rgb_features,xcomi955,test,normal,0,-2.726338516909493
broach_dataset,one_class_svm_rgb_features,xcy5u4zo,test,normal,0,0.9049627790398738
broach_dataset,one_class_svm_rgb_features,xd36px1p,test,normal,0,6.804763193154063
broach_dataset,one_class_svm_rgb_features,xflouw91,test,normal,0,-0.8411517696977437
broach_dataset,one_class_svm_rgb_features,xfn5lksh,test,normal,0,-4.155248667282848
broach_dataset,one_class_svm_rgb_features,xhdqf8c6,test,normal,0,-0.8773224232248023
broach_dataset,one_class_svm_rgb_features,xhnztvb9,test,normal,0,1.835511512226951
broach_dataset,one_class_svm_rgb_features,xi1ddouw,test,normal,0,-1.6195355053050893
broach_dataset,one_class_svm_rgb_features,xi3rnc02,test,normal,0,-1.0562861434614472
broach_dataset,one_class_svm_rgb_features,xi3wgu6b,test,normal,0,-2.1551183658283968
broach_dataset,one_class_svm_rgb_features,xi563n5z,test,normal,0,-1.8951953158646617
broach_dataset,one_class_svm_rgb_features,xjcchawf,test,normal,0,-1.8724080654262885
broach_dataset,one_class_svm_rgb_features,xjve3dze,test,normal,0,-2.5568953202981284
broach_dataset,one_class_svm_rgb_features,xkjtavlv,test,normal,0,-1.0775309639598714
broach_dataset,one_class_svm_rgb_features,xkwg216o,test,normal,0,-1.2760945154320833
broach_dataset,one_class_svm_rgb_features,xl20ifor,test,normal,0,-0.19748963558333799
broach_dataset,one_class_svm_rgb_features,xle9lsa5,test,normal,0,-1.9188591825282444
broach_dataset,one_class_svm_rgb_features,xma5vixr,test,normal,0,-2.8437371867967443
broach_dataset,one_class_svm_rgb_features,xnp6kub0,test,normal,0,13.448925511656615
broach_dataset,one_class_svm_rgb_features,xomen69x,test,normal,0,-2.2894182888823345
broach_dataset,one_class_svm_rgb_features,xoms9jbt,test,normal,0,3.8470204871375255
broach_dataset,one_class_svm_rgb_features,xpj6w6kn,test,normal,0,-3.284569424040402
broach_dataset,one_class_svm_rgb_features,xqsrlxp4,test,normal,0,-0.27873387684254425
broach_dataset,one_class_svm_rgb_features,xrsl3rj4,test,normal,0,3.4134600957526917
broach_dataset,one_class_svm_rgb_features,xs3d2jb0,test,normal,0,-1.649919466383155
broach_dataset,one_class_svm_rgb_features,xs51hfbs,test,normal,0,-3.370050967084918
broach_dataset,one_class_svm_rgb_features,xtpeye3v,test,normal,0,1.4451552197763213
broach_dataset,one_class_svm_rgb_features,xu1cxx3l,test,normal,0,-2.0934797947978296
broach_dataset,one_class_svm_rgb_features,xu7fkc78,test,normal,0,-1.2625221590731819
broach_dataset,one_class_svm_rgb_features,xuj7equm,test,normal,0,13.249496826689887
broach_dataset,one_class_svm_rgb_features,xuluengc,test,normal,0,3.5909328872452875
broach_dataset,one_class_svm_rgb_features,xuq9yyr1,test,normal,0,11.495971424847351
broach_dataset,one_class_svm_rgb_features,xvq5frgy,test,normal,0,-2.7694205483228025
broach_dataset,one_class_svm_rgb_features,xw42z6bg,test,normal,0,-0.929426496791816
broach_dataset,one_class_svm_rgb_features,xwbc1jli,test,normal,0,10.33867392426142
broach_dataset,one_class_svm_rgb_features,xx8oe61g,test,normal,0,-0.2668516182317404
broach_dataset,one_class_svm_rgb_features,xxwsi1co,test,normal,0,-1.1865144405829149
broach_dataset,one_class_svm_rgb_features,xyhjy2eb,test,normal,0,13.208806184347106
broach_dataset,one_class_svm_rgb_features,xyphwhm5,test,normal,0,-1.401686369432749
broach_dataset,one_class_svm_rgb_features,xyqrijrp,test,normal,0,-2.169495548556661
broach_dataset,one_class_svm_rgb_features,xyu1mxy0,test,normal,0,0.15401464209893234
broach_dataset,one_class_svm_rgb_features,xz8lc007,test,normal,0,2.394015623711846
broach_dataset,one_class_svm_rgb_features,xzn0m18x,test,normal,0,-2.4139570132981056
broach_dataset,one_class_svm_rgb_features,xzqu8bjz,test,normal,0,2.5903840690335596
broach_dataset,one_class_svm_rgb_features,xzu6hw0k,test,normal,0,-0.6224159334811468
broach_dataset,one_class_svm_rgb_features,y01h0l5o,test,normal,0,-2.337687549044805
broach_dataset,one_class_svm_rgb_features,y04n3ysf,test,normal,0,-1.5116398158506055
broach_dataset,one_class_svm_rgb_features,y09bi3ze,test,normal,0,-2.83504044675308
broach_dataset,one_class_svm_rgb_features,y0bqjw3e,test,normal,0,-1.8707916297972815
broach_dataset,one_class_svm_rgb_features,y0gyl6te,test,normal,0,-1.4644288900461486
broach_dataset,one_class_svm_rgb_features,y0xaobk0,test,normal,0,-1.7565732844739745
broach_dataset,one_class_svm_rgb_features,y11w509d,test,normal,0,-3.2980678088641255
broach_dataset,one_class_svm_rgb_features,y13hzvy4,test,normal,0,0.4299285509497448
broach_dataset,one_class_svm_rgb_features,y1bw6clf,test,normal,0,0.0029434555124456807
broach_dataset,one_class_svm_rgb_features,y1vnnurw,test,normal,0,-1.003176946446633
broach_dataset,one_class_svm_rgb_features,y21jmas4,test,normal,0,-2.3559683634696356
broach_dataset,one_class_svm_rgb_features,y2ipbkou,test,normal,0,1.2505355930525326
broach_dataset,one_class_svm_rgb_features,y2jp2lxr,test,normal,0,-3.822459888257729
broach_dataset,one_class_svm_rgb_features,y30ylph1,test,normal,0,-3.8941223946946657
broach_dataset,one_class_svm_rgb_features,y3n7nwlq,test,normal,0,2.0573014505168317
broach_dataset,one_class_svm_rgb_features,y445azd3,test,normal,0,0.9434521787215218
broach_dataset,one_class_svm_rgb_features,y55huhrx,test,normal,0,-1.091175674620434
broach_dataset,one_class_svm_rgb_features,y620n8tt,test,normal,0,-2.3091133948065625
broach_dataset,one_class_svm_rgb_features,y7iydc2f,test,normal,0,13.745666838688173
broach_dataset,one_class_svm_rgb_features,y7iydwdx,test,normal,0,-2.715468222474687
broach_dataset,one_class_svm_rgb_features,y7wmpeqt,test,normal,0,-1.1075399211884545
broach_dataset,one_class_svm_rgb_features,y85yvy0m,test,normal,0,-0.19243487109956803
broach_dataset,one_class_svm_rgb_features,y8xltnvv,test,normal,0,-2.3075164250250637
broach_dataset,one_class_svm_rgb_features,ya3jitqh,test,normal,0,0.1320618360263257
broach_dataset,one_class_svm_rgb_features,ya4y34yy,test,normal,0,-1.7001319560726564
broach_dataset,one_class_svm_rgb_features,ya8yfori,test,normal,0,-0.531896987149052
broach_dataset,one_class_svm_rgb_features,yahrk7n6,test,normal,0,0.2755690473375445
broach_dataset,one_class_svm_rgb_features,ybnlyym7,test,normal,0,13.708004288023972
broach_dataset,one_class_svm_rgb_features,ybu5a98b,test,normal,0,-2.273419912325785
broach_dataset,one_class_svm_rgb_features,yc1umtcb,test,normal,0,0.9053327189302536
broach_dataset,one_class_svm_rgb_features,ycjrhpgi,test,normal,0,-2.7319982181924907
broach_dataset,one_class_svm_rgb_features,ydr363tx,test,normal,0,-2.5848848811011855
broach_dataset,one_class_svm_rgb_features,yeayfrop,test,normal,0,-1.3537409739718278
broach_dataset,one_class_svm_rgb_features,yedn2z2v,test,normal,0,-3.2308498537786683
broach_dataset,one_class_svm_rgb_features,yffnxblj,test,normal,0,-2.4193692489010026
broach_dataset,one_class_svm_rgb_features,yfl6h35o,test,normal,0,-3.1438877318585305
broach_dataset,one_class_svm_rgb_features,yg10xntk,test,normal,0,-2.6539276986988476
broach_dataset,one_class_svm_rgb_features,yghekq8b,test,normal,0,13.521301571920757
broach_dataset,one_class_svm_rgb_features,yghvqizd,test,normal,0,-1.2437157988980871
broach_dataset,one_class_svm_rgb_features,yh4pm6zb,test,normal,0,-1.23051436501507
broach_dataset,one_class_svm_rgb_features,yhb9640r,test,normal,0,-1.442497017308316
broach_dataset,one_class_svm_rgb_features,yhhr56wx,test,normal,0,0.13140230020084154
broach_dataset,one_class_svm_rgb_features,yho5ldo9,test,normal,0,-3.336265648113727
broach_dataset,one_class_svm_rgb_features,yik9r33i,test,normal,0,-0.1748041263921305
broach_dataset,one_class_svm_rgb_features,yjxrpj1e,test,normal,0,-1.540333645704413
broach_dataset,one_class_svm_rgb_features,ykklsci4,test,normal,0,-2.250902671971872
broach_dataset,one_class_svm_rgb_features,ykmrx5jd,test,normal,0,13.671553295741075
broach_dataset,one_class_svm_rgb_features,yld0i118,test,normal,0,-1.830193996985404
broach_dataset,one_class_svm_rgb_features,ylmuitsu,test,normal,0,-2.1097511182651445
broach_dataset,one_class_svm_rgb_features,ymzeofku,test,normal,0,-2.7615977879756706
broach_dataset,one_class_svm_rgb_features,yntl2ug0,test,normal,0,-0.37961477463231574
broach_dataset,one_class_svm_rgb_features,yp6y563p,test,normal,0,-1.60684646241336
broach_dataset,one_class_svm_rgb_features,ypgpnexx,test,normal,0,-1.2492022103839204
broach_dataset,one_class_svm_rgb_features,ypq7ka11,test,normal,0,-2.7946075575124745
broach_dataset,one_class_svm_rgb_features,yptme9ez,test,normal,0,-0.9017834032879826
broach_dataset,one_class_svm_rgb_features,yqllml3v,test,normal,0,-2.9641473543185697
broach_dataset,one_class_svm_rgb_features,yqn6wahy,test,normal,0,-0.8555370280896728
broach_dataset,one_class_svm_rgb_features,ytlvaeuu,test,normal,0,-1.249775599447858
broach_dataset,one_class_svm_rgb_features,ytz1kxml,test,normal,0,-0.8994565323704773
broach_dataset,one_class_svm_rgb_features,yuvwg2os,test,normal,0,-1.2695884521356984
broach_dataset,one_class_svm_rgb_features,yvznex5c,test,normal,0,-2.7951495858904103
broach_dataset,one_class_svm_rgb_features,ywokl2tp,test,normal,0,9.320578127532293
broach_dataset,one_class_svm_rgb_features,ywpdl1bv,test,normal,0,2.34590460616581
broach_dataset,one_class_svm_rgb_features,ywsbzh48,test,normal,0,0.4528687711022439
broach_dataset,one_class_svm_rgb_features,yxv6w0h1,test,normal,0,-3.41754024926232
broach_dataset,one_class_svm_rgb_features,yxw0cmsw,test,normal,0,-2.312599745255106
broach_dataset,one_class_svm_rgb_features,yyihpz6m,test,normal,0,-0.7293473201082037
broach_dataset,one_class_svm_rgb_features,yz3j5usr,test,normal,0,-2.947373669610517
broach_dataset,one_class_svm_rgb_features,yzni6bju,test,normal,0,0.5715228660266067
broach_dataset,one_class_svm_rgb_features,yznst2gp,test,normal,0,3.258273474347053
broach_dataset,one_class_svm_rgb_features,z056y5hp,test,normal,0,-0.5988290284972386
broach_dataset,one_class_svm_rgb_features,z0o158j8,test,normal,0,-3.358870858620282
broach_dataset,one_class_svm_rgb_features,z0v0fjps,test,normal,0,2.019787457305771
broach_dataset,one_class_svm_rgb_features,z23f42xz,test,normal,0,-1.2049720324511402
broach_dataset,one_class_svm_rgb_features,z2cyx3u5,test,normal,0,0.09105744385843018
broach_dataset,one_class_svm_rgb_features,z2va9cd0,test,normal,0,-1.883380246472374
broach_dataset,one_class_svm_rgb_features,z3womtfu,test,normal,0,-0.5680099609382054
broach_dataset,one_class_svm_rgb_features,z4eny9oj,test,normal,0,6.9726596410230135
broach_dataset,one_class_svm_rgb_features,z4px5jlf,test,normal,0,-3.4891877219414944
broach_dataset,one_class_svm_rgb_features,z55if3bq,test,normal,0,-0.8642423480672896
broach_dataset,one_class_svm_rgb_features,z6472476,test,normal,0,2.4584396083525757
broach_dataset,one_class_svm_rgb_features,z6n4iqi1,test,normal,0,-2.5351532250244233
broach_dataset,one_class_svm_rgb_features,z6r1m9zi,test,normal,0,-0.22577246381775495
broach_dataset,one_class_svm_rgb_features,z7c3rryn,test,normal,0,-0.9268883902395046
broach_dataset,one_class_svm_rgb_features,z7jsj8ei,test,normal,0,1.8552340887307395
broach_dataset,one_class_svm_rgb_features,z89pnlf8,test,normal,0,-1.249097514462255
broach_dataset,one_class_svm_rgb_features,z8kkd2d9,test,normal,0,1.3873203713836073
broach_dataset,one_class_svm_rgb_features,z91kmgqa,test,normal,0,-3.1776423181238265
broach_dataset,one_class_svm_rgb_features,z9949r1n,test,normal,0,0.8673202651017693
broach_dataset,one_class_svm_rgb_features,z9owukox,test,normal,0,-0.4111595137148605
broach_dataset,one_class_svm_rgb_features,zasywdrk,test,normal,0,-0.9937302226039666
broach_dataset,one_class_svm_rgb_features,zaz505t0,test,normal,0,-2.403363093090359
broach_dataset,one_class_svm_rgb_features,zb25jt3m,test,normal,0,-3.236434870331898
broach_dataset,one_class_svm_rgb_features,zb765kr9,test,normal,0,-1.2855119423232093
broach_dataset,one_class_svm_rgb_features,zbozq4q1,test,normal,0,0.6775831942855817
broach_dataset,one_class_svm_rgb_features,zbwa9npt,test,normal,0,-2.5445079166916607
broach_dataset,one_class_svm_rgb_features,ze6i9rk9,test,normal,0,-1.5601903909641432
broach_dataset,one_class_svm_rgb_features,zecj2btx,test,normal,0,-1.3747913289181959
broach_dataset,one_class_svm_rgb_features,zfaqxhew,test,normal,0,-1.8775031406562768
broach_dataset,one_class_svm_rgb_features,zgjvb2yt,test,normal,0,-1.757846334521334
broach_dataset,one_class_svm_rgb_features,zgm6zfzj,test,normal,0,-2.9843783230728285
broach_dataset,one_class_svm_rgb_features,zh4unrzu,test,normal,0,13.938593126652659
broach_dataset,one_class_svm_rgb_features,zhwgid7z,test,normal,0,-3.5472623472814426
broach_dataset,one_class_svm_rgb_features,zhwjr64d,test,normal,0,-1.4165305730344535
broach_dataset,one_class_svm_rgb_features,zhzr9m68,test,normal,0,-2.5261396067174893
broach_dataset,one_class_svm_rgb_features,ziabscah,test,normal,0,-2.8266621419162448
broach_dataset,one_class_svm_rgb_features,zj5ih9z9,test,normal,0,-2.7396830590791303
broach_dataset,one_class_svm_rgb_features,zjjfh493,test,normal,0,-3.3342195391668845
broach_dataset,one_class_svm_rgb_features,zk2qssbh,test,normal,0,-3.2440372613431165
broach_dataset,one_class_svm_rgb_features,zlxtyigu,test,normal,0,-0.8216358047382251
broach_dataset,one_class_svm_rgb_features,zm6kx1cx,test,normal,0,-2.847139019401279
broach_dataset,one_class_svm_rgb_features,zm983mjn,test,normal,0,-0.7250190354786774
broach_dataset,one_class_svm_rgb_features,zmlbw1zv,test,normal,0,-1.8791410478536825
broach_dataset,one_class_svm_rgb_features,zmxga88n,test,normal,0,-0.6097436492730797
broach_dataset,one_class_svm_rgb_features,znj8u81n,test,normal,0,-2.0257572945581295
broach_dataset,one_class_svm_rgb_features,zns4gdv9,test,normal,0,-2.4444912779506502
broach_dataset,one_class_svm_rgb_features,zo0bogcw,test,normal,0,-1.017699131261871
broach_dataset,one_class_svm_rgb_features,zounlr84,test,normal,0,-3.2630365832579535
broach_dataset,one_class_svm_rgb_features,zp6cyyxu,test,normal,0,-0.8454539015391891
broach_dataset,one_class_svm_rgb_features,zpptg751,test,normal,0,7.753835813475941
broach_dataset,one_class_svm_rgb_features,zpwoxppv,test,normal,0,-0.6990759405934526
broach_dataset,one_class_svm_rgb_features,zpy5ynhr,test,normal,0,-2.0743093538762025
broach_dataset,one_class_svm_rgb_features,zq8m4853,test,normal,0,13.625676072689878
broach_dataset,one_class_svm_rgb_features,zqskkrw9,test,normal,0,14.126666857928118
broach_dataset,one_class_svm_rgb_features,zqyznaxb,test,normal,0,14.09459637626497
broach_dataset,one_class_svm_rgb_features,zr4e5izb,test,normal,0,-1.8418581693669793
broach_dataset,one_class_svm_rgb_features,zrbzirjy,test,normal,0,-0.6943025859131318
broach_dataset,one_class_svm_rgb_features,zrn2qr7l,test,normal,0,-3.13752565324895
broach_dataset,one_class_svm_rgb_features,zs5y2107,test,normal,0,-1.4814266293123826
broach_dataset,one_class_svm_rgb_features,zso5mgfe,test,normal,0,-1.0607775542136473
broach_dataset,one_class_svm_rgb_features,zt9zlo8h,test,normal,0,-2.1708938965122826
broach_dataset,one_class_svm_rgb_features,ztgbibf5,test,normal,0,-1.2269151726063843
broach_dataset,one_class_svm_rgb_features,ztshg8bh,test,normal,0,13.573653753450568
broach_dataset,one_class_svm_rgb_features,ztw6r9ru,test,normal,0,0.6023040404948095
broach_dataset,one_class_svm_rgb_features,zu5240ky,test,normal,0,-2.205091836379321
broach_dataset,one_class_svm_rgb_features,zv0gk67y,test,normal,0,-1.7373855222727599
broach_dataset,one_class_svm_rgb_features,zvyyo6cd,test,normal,0,-2.9085213232180216
broach_dataset,one_class_svm_rgb_features,zw0h3bfw,test,normal,0,-2.005427918246397
broach_dataset,one_class_svm_rgb_features,zw64wzoz,test,normal,0,-0.6976593635818009
broach_dataset,one_class_svm_rgb_features,zwwcp8tj,test,normal,0,-2.3041927568581357
broach_dataset,one_class_svm_rgb_features,zxvkkzco,test,normal,0,-2.8321294149527425
broach_dataset,one_class_svm_rgb_features,zxxfxjfz,test,normal,0,5.206231204717792
broach_dataset,one_class_svm_rgb_features,zys03xjr,test,normal,0,-0.048461498624734034
broach_dataset,one_class_svm_rgb_features,zyv9binm,test,normal,0,-4.446270062580741
broach_dataset,one_class_svm_rgb_features,zz0i0835,test,normal,0,-2.2755763131290436
broach_dataset,one_class_svm_rgb_features,zz9w48ni,test,normal,0,0.3746682279856959
broach_dataset,one_class_svm_rgb_features,zzxh711n,test,normal,0,1.0355437335424096
broach_dataset,one_class_svm_rgb_features,0ezzf8s2,test,anomaly,1,14.110718991050318
broach_dataset,one_class_svm_rgb_features,28f9sj2j,test,anomaly,1,14.17545344290614
broach_dataset,one_class_svm_rgb_features,36qsttgi,test,anomaly,1,14.086540629808134
broach_dataset,one_class_svm_rgb_features,69yblscm,test,anomaly,1,14.17545344291307
broach_dataset,one_class_svm_rgb_features,a9btds8y,test,anomaly,1,14.168154235221365
broach_dataset,one_class_svm_rgb_features,ar90escd,test,anomaly,1,14.079665284567248
broach_dataset,one_class_svm_rgb_features,d2kjrzcv,test,anomaly,1,14.17545344291307
broach_dataset,one_class_svm_rgb_features,ead49h1h,test,anomaly,1,14.175444487802695
broach_dataset,one_class_svm_rgb_features,eltap3lu,test,anomaly,1,14.17523809493222
broach_dataset,one_class_svm_rgb_features,f0nsgt6l,test,anomaly,1,14.101420415392935
broach_dataset,one_class_svm_rgb_features,iblp1e6k,test,anomaly,1,14.152054679573634
broach_dataset,one_class_svm_rgb_features,ir41g20d,test,anomaly,1,14.17545344291307
broach_dataset,one_class_svm_rgb_features,kdiaf02k,test,anomaly,1,14.17545344291307
broach_dataset,one_class_svm_rgb_features,ocoop2kt,test,anomaly,1,14.17545344291204
broach_dataset,one_class_svm_rgb_features,ojrt1ujv,test,anomaly,1,14.174941718278804
broach_dataset,one_class_svm_rgb_features,oyuawdrw,test,anomaly,1,14.167120871673514
broach_dataset,one_class_svm_rgb_features,qxmcthph,test,anomaly,1,14.173199143106533
broach_dataset,one_class_svm_rgb_features,rvilap1j,test,anomaly,1,14.175453442898974
broach_dataset,one_class_svm_rgb_features,ssn4rwby,test,anomaly,1,14.175450548718736
broach_dataset,one_class_svm_rgb_features,up2i0yh4,test,anomaly,1,13.99613200766755
broach_dataset,one_class_svm_rgb_features,uraeg9qo,test,anomaly,1,14.17545344291307
broach_dataset,one_class_svm_rgb_features,utgshxm4,test,anomaly,1,14.146319170972765
broach_dataset,isolation_forest_rgb_features,007f6hcw,test,normal,0,-0.06592538486697963
broach_dataset,isolation_forest_rgb_features,02grxpud,test,normal,0,-0.0822337328410832
broach_dataset,isolation_forest_rgb_features,02z38vf4,test,normal,0,-0.04364550289359875
broach_dataset,isolation_forest_rgb_features,031w0zyp,test,normal,0,0.0051742157056255955
broach_dataset,isolation_forest_rgb_features,037fhg93,test,normal,0,0.059004799016927345
broach_dataset,isolation_forest_rgb_features,03kgylen,test,normal,0,-0.07947965481104907
broach_dataset,isolation_forest_rgb_features,03rv0vqq,test,normal,0,-0.10692147200345692
broach_dataset,isolation_forest_rgb_features,04lh49mk,test,normal,0,0.026587739651124154
broach_dataset,isolation_forest_rgb_features,04zgn65o,test,normal,0,-0.09597361941722116
broach_dataset,isolation_forest_rgb_features,05g00r5y,test,normal,0,-0.09902226018969024
broach_dataset,isolation_forest_rgb_features,05q4yr7k,test,normal,0,-0.02970151976933072
broach_dataset,isolation_forest_rgb_features,05sutg2g,test,normal,0,-0.09328561605113111
broach_dataset,isolation_forest_rgb_features,05xt54fn,test,normal,0,-0.06369144217165673
broach_dataset,isolation_forest_rgb_features,07j0np7q,test,normal,0,0.04750082932116784
broach_dataset,isolation_forest_rgb_features,07rgtg3f,test,normal,0,-0.054612344481240194
broach_dataset,isolation_forest_rgb_features,080iagi8,test,normal,0,-0.07037489418290249
broach_dataset,isolation_forest_rgb_features,0862s18j,test,normal,0,-0.0898947341282077
broach_dataset,isolation_forest_rgb_features,08dupbm4,test,normal,0,-0.07486597482226609
broach_dataset,isolation_forest_rgb_features,0952lvfk,test,normal,0,-0.08022728285570613
broach_dataset,isolation_forest_rgb_features,09hkd6k7,test,normal,0,-0.041353401305084914
broach_dataset,isolation_forest_rgb_features,0aeoorbt,test,normal,0,-0.06419097128294288
broach_dataset,isolation_forest_rgb_features,0ahz6fe0,test,normal,0,-0.07812928131360819
broach_dataset,isolation_forest_rgb_features,0an5sdh2,test,normal,0,-0.010220862891115567
broach_dataset,isolation_forest_rgb_features,0b17my6x,test,normal,0,-0.013060595426939492
broach_dataset,isolation_forest_rgb_features,0bl31jew,test,normal,0,-0.07342789163330454
broach_dataset,isolation_forest_rgb_features,0bxxowwr,test,normal,0,-0.07420370254010472
broach_dataset,isolation_forest_rgb_features,0ctef4tx,test,normal,0,-0.0662599810049247
broach_dataset,isolation_forest_rgb_features,0dcqykw0,test,normal,0,0.013748173320574097
broach_dataset,isolation_forest_rgb_features,0dhr7zqp,test,normal,0,-0.002241436980451428
broach_dataset,isolation_forest_rgb_features,0dwm2vtx,test,normal,0,-0.08647121142430447
broach_dataset,isolation_forest_rgb_features,0e2qmk3u,test,normal,0,-0.08349642966947884
broach_dataset,isolation_forest_rgb_features,0f72ve4i,test,normal,0,-0.10093270724677517
broach_dataset,isolation_forest_rgb_features,0gdwkxsi,test,normal,0,-0.06407328452399197
broach_dataset,isolation_forest_rgb_features,0gmv0akj,test,normal,0,-0.01801040710294005
broach_dataset,isolation_forest_rgb_features,0h41nqxu,test,normal,0,0.06646055557740638
broach_dataset,isolation_forest_rgb_features,0hdj7o9x,test,normal,0,-0.0862262310883336
broach_dataset,isolation_forest_rgb_features,0hkkwjsv,test,normal,0,-0.09613084277215816
broach_dataset,isolation_forest_rgb_features,0ixb2x9m,test,normal,0,-0.03021565695541678
broach_dataset,isolation_forest_rgb_features,0ixf8yde,test,normal,0,-0.08692229931740642
broach_dataset,isolation_forest_rgb_features,0jnspskt,test,normal,0,-0.11033721303387234
broach_dataset,isolation_forest_rgb_features,0k3wr0bu,test,normal,0,-0.02771665182201416
broach_dataset,isolation_forest_rgb_features,0k9qaqaw,test,normal,0,-0.07469151174244726
broach_dataset,isolation_forest_rgb_features,0kcjty6o,test,normal,0,-0.07528749222612618
broach_dataset,isolation_forest_rgb_features,0kpvm1n3,test,normal,0,-0.003888053745229547
broach_dataset,isolation_forest_rgb_features,0ln6tfjn,test,normal,0,-0.04896256186403608
broach_dataset,isolation_forest_rgb_features,0mdgjy7h,test,normal,0,-0.0911403625775134
broach_dataset,isolation_forest_rgb_features,0miwlfj4,test,normal,0,-0.011218619635940563
broach_dataset,isolation_forest_rgb_features,0n0oqwjs,test,normal,0,-0.013632677434636364
broach_dataset,isolation_forest_rgb_features,0nt95ost,test,normal,0,-0.106931100012785
broach_dataset,isolation_forest_rgb_features,0pc9tufy,test,normal,0,0.05258358057883217
broach_dataset,isolation_forest_rgb_features,0qb6mxux,test,normal,0,-0.04366200632078482
broach_dataset,isolation_forest_rgb_features,0r3i9huk,test,normal,0,-0.09735477761220107
broach_dataset,isolation_forest_rgb_features,0r4gfby0,test,normal,0,-0.09173415751109798
broach_dataset,isolation_forest_rgb_features,0rnoaayx,test,normal,0,-0.08824608869941797
broach_dataset,isolation_forest_rgb_features,0rrsxqsa,test,normal,0,-0.06423850714520135
broach_dataset,isolation_forest_rgb_features,0sqcnf9w,test,normal,0,-0.038116437220921895
broach_dataset,isolation_forest_rgb_features,0uc87nxp,test,normal,0,-0.06272861074828706
broach_dataset,isolation_forest_rgb_features,0ukw1whj,test,normal,0,-0.08271088602268645
broach_dataset,isolation_forest_rgb_features,0uxmyye3,test,normal,0,-0.09022249937318289
broach_dataset,isolation_forest_rgb_features,0vaax73u,test,normal,0,-0.08895151774594878
broach_dataset,isolation_forest_rgb_features,0w3wlned,test,normal,0,-0.09060681767088191
broach_dataset,isolation_forest_rgb_features,0w4efzv8,test,normal,0,-0.04943591059740021
broach_dataset,isolation_forest_rgb_features,0w8m8g5d,test,normal,0,0.049693666997678965
broach_dataset,isolation_forest_rgb_features,0w987utm,test,normal,0,-0.0997978474731071
broach_dataset,isolation_forest_rgb_features,0yb9c55c,test,normal,0,-0.06416923664308932
broach_dataset,isolation_forest_rgb_features,0yfr2x3x,test,normal,0,-0.05646640054607288
broach_dataset,isolation_forest_rgb_features,0yjhpfsz,test,normal,0,-0.025344873503710952
broach_dataset,isolation_forest_rgb_features,0z25ytyt,test,normal,0,-0.02348485642014242
broach_dataset,isolation_forest_rgb_features,114dkomf,test,normal,0,-0.08061225776819447
broach_dataset,isolation_forest_rgb_features,128e63x3,test,normal,0,-0.003375819534972846
broach_dataset,isolation_forest_rgb_features,12qfawl8,test,normal,0,-0.045447295700993984
broach_dataset,isolation_forest_rgb_features,133fopnz,test,normal,0,-0.09163169913026814
broach_dataset,isolation_forest_rgb_features,13q8tc9n,test,normal,0,-0.05224848110121855
broach_dataset,isolation_forest_rgb_features,143wm0r6,test,normal,0,-0.005343138019036742
broach_dataset,isolation_forest_rgb_features,149emp3c,test,normal,0,0.007501025284579632
broach_dataset,isolation_forest_rgb_features,14f4gxnn,test,normal,0,0.005158787789593333
broach_dataset,isolation_forest_rgb_features,14z2fo4e,test,normal,0,-0.07682967432182036
broach_dataset,isolation_forest_rgb_features,15ahdbvz,test,normal,0,-0.07874278485103964
broach_dataset,isolation_forest_rgb_features,15mlpyga,test,normal,0,-0.09580635883802402
broach_dataset,isolation_forest_rgb_features,1691aj7d,test,normal,0,-0.09851825388195645
broach_dataset,isolation_forest_rgb_features,16epo2u4,test,normal,0,0.0027723665665532193
broach_dataset,isolation_forest_rgb_features,16lks2dv,test,normal,0,-0.09178408948115985
broach_dataset,isolation_forest_rgb_features,1744txkx,test,normal,0,-0.09399161524518274
broach_dataset,isolation_forest_rgb_features,177edw3t,test,normal,0,-0.024539859824362686
broach_dataset,isolation_forest_rgb_features,1aegoao6,test,normal,0,-0.020305670379712426
broach_dataset,isolation_forest_rgb_features,1awph0dt,test,normal,0,-0.07650004277412464
broach_dataset,isolation_forest_rgb_features,1axv5gy8,test,normal,0,0.04887822964397315
broach_dataset,isolation_forest_rgb_features,1b6boeo6,test,normal,0,-0.10220457889480739
broach_dataset,isolation_forest_rgb_features,1bdj5lqc,test,normal,0,-0.041485748971057945
broach_dataset,isolation_forest_rgb_features,1bnqg34m,test,normal,0,-0.08314730462226794
broach_dataset,isolation_forest_rgb_features,1bujlz84,test,normal,0,-0.0736476312276072
broach_dataset,isolation_forest_rgb_features,1cxdcwgk,test,normal,0,-0.09799569159826244
broach_dataset,isolation_forest_rgb_features,1cz6et84,test,normal,0,-0.07908099258190293
broach_dataset,isolation_forest_rgb_features,1d430vz7,test,normal,0,-0.06396159739689522
broach_dataset,isolation_forest_rgb_features,1duhbx6a,test,normal,0,-0.0801975612124819
broach_dataset,isolation_forest_rgb_features,1dwmejke,test,normal,0,-0.0010823605171493833
broach_dataset,isolation_forest_rgb_features,1ekvipat,test,normal,0,-0.021880405460548424
broach_dataset,isolation_forest_rgb_features,1eojsii6,test,normal,0,0.12265587026527991
broach_dataset,isolation_forest_rgb_features,1fms898c,test,normal,0,-0.0803876043297112
broach_dataset,isolation_forest_rgb_features,1fuvpwb4,test,normal,0,0.06298952736531327
broach_dataset,isolation_forest_rgb_features,1g1duyga,test,normal,0,-0.09439085709773748
broach_dataset,isolation_forest_rgb_features,1g2lk9bm,test,normal,0,0.006185860071100446
broach_dataset,isolation_forest_rgb_features,1g9a8q7u,test,normal,0,-0.038886052467727195
broach_dataset,isolation_forest_rgb_features,1hfl1zop,test,normal,0,-0.08774423415361471
broach_dataset,isolation_forest_rgb_features,1hgav42t,test,normal,0,-0.06028714382672978
broach_dataset,isolation_forest_rgb_features,1hiefj75,test,normal,0,-0.030230138798794548
broach_dataset,isolation_forest_rgb_features,1i2x32oo,test,normal,0,0.05070660835620022
broach_dataset,isolation_forest_rgb_features,1iebc8af,test,normal,0,-0.06911035652550224
broach_dataset,isolation_forest_rgb_features,1iedobc5,test,normal,0,0.010007777257202255
broach_dataset,isolation_forest_rgb_features,1jhjt54d,test,normal,0,-0.07968388969101142
broach_dataset,isolation_forest_rgb_features,1jxm2lrp,test,normal,0,-0.09170596187538332
broach_dataset,isolation_forest_rgb_features,1jzcjtfd,test,normal,0,-0.07885693700273227
broach_dataset,isolation_forest_rgb_features,1l9tznhg,test,normal,0,-0.02627726045053158
broach_dataset,isolation_forest_rgb_features,1lh0n2o7,test,normal,0,-0.06781817487829295
broach_dataset,isolation_forest_rgb_features,1ltxobhb,test,normal,0,-0.0034155106024210125
broach_dataset,isolation_forest_rgb_features,1mqp8eic,test,normal,0,-0.09016282346401855
broach_dataset,isolation_forest_rgb_features,1mqrbp7t,test,normal,0,-0.029426473046340273
broach_dataset,isolation_forest_rgb_features,1n3irw50,test,normal,0,-0.08988945943884846
broach_dataset,isolation_forest_rgb_features,1o752tvr,test,normal,0,-0.024324909768406067
broach_dataset,isolation_forest_rgb_features,1oy4gnow,test,normal,0,-0.08482082096652999
broach_dataset,isolation_forest_rgb_features,1ozfsraz,test,normal,0,-0.08440258311298754
broach_dataset,isolation_forest_rgb_features,1p5w11wg,test,normal,0,-0.08474868331265578
broach_dataset,isolation_forest_rgb_features,1p8pgi0f,test,normal,0,-0.05746303794363561
broach_dataset,isolation_forest_rgb_features,1pfzysuh,test,normal,0,-0.011427533384277766
broach_dataset,isolation_forest_rgb_features,1q8k8wyz,test,normal,0,-0.05391602300001613
broach_dataset,isolation_forest_rgb_features,1qasoyfx,test,normal,0,-0.1095258224041274
broach_dataset,isolation_forest_rgb_features,1qgouo8z,test,normal,0,-0.1166986783017756
broach_dataset,isolation_forest_rgb_features,1qliiwxn,test,normal,0,-0.026684032335782926
broach_dataset,isolation_forest_rgb_features,1qqgxaxx,test,normal,0,-0.0909251715784048
broach_dataset,isolation_forest_rgb_features,1qx82smj,test,normal,0,-0.03208351384349112
broach_dataset,isolation_forest_rgb_features,1qxoe0te,test,normal,0,-0.06879485251869988
broach_dataset,isolation_forest_rgb_features,1r6h3g70,test,normal,0,-0.0793706728658572
broach_dataset,isolation_forest_rgb_features,1sth69ba,test,normal,0,-0.09950492269240219
broach_dataset,isolation_forest_rgb_features,1tc42out,test,normal,0,-0.008990219156252532
broach_dataset,isolation_forest_rgb_features,1tpccdrb,test,normal,0,-0.04277932734194567
broach_dataset,isolation_forest_rgb_features,1u6vqs4h,test,normal,0,-0.08190510308332866
broach_dataset,isolation_forest_rgb_features,1unc7wwg,test,normal,0,-0.017760503895602686
broach_dataset,isolation_forest_rgb_features,1uvrgozh,test,normal,0,-0.0899032577056485
broach_dataset,isolation_forest_rgb_features,1uzvo9qt,test,normal,0,-0.012797681300018349
broach_dataset,isolation_forest_rgb_features,1v1pjzl7,test,normal,0,-0.08725321766459421
broach_dataset,isolation_forest_rgb_features,1v2tg2ah,test,normal,0,-0.08679876701409822
broach_dataset,isolation_forest_rgb_features,1v4avg87,test,normal,0,0.06942751669228275
broach_dataset,isolation_forest_rgb_features,1v8pdewd,test,normal,0,-0.07735594438425952
broach_dataset,isolation_forest_rgb_features,1vxa0ju2,test,normal,0,-0.040335493695388025
broach_dataset,isolation_forest_rgb_features,1vyy44k6,test,normal,0,-0.013215694717045756
broach_dataset,isolation_forest_rgb_features,1w9d5a5v,test,normal,0,-0.0036739656779239405
broach_dataset,isolation_forest_rgb_features,1xj7wwud,test,normal,0,-0.08783636833574021
broach_dataset,isolation_forest_rgb_features,1z9oypuq,test,normal,0,-0.10461062411999389
broach_dataset,isolation_forest_rgb_features,1zbhinbk,test,normal,0,-0.08707463480729155
broach_dataset,isolation_forest_rgb_features,209ei8xq,test,normal,0,-0.09276268108066149
broach_dataset,isolation_forest_rgb_features,20g7lau6,test,normal,0,-0.0620172330061301
broach_dataset,isolation_forest_rgb_features,20z67pb2,test,normal,0,-0.07456240731946046
broach_dataset,isolation_forest_rgb_features,212xi6vx,test,normal,0,-0.07459492373183207
broach_dataset,isolation_forest_rgb_features,229env4y,test,normal,0,-0.07898267843675755
broach_dataset,isolation_forest_rgb_features,22dptmd4,test,normal,0,0.11710344345333734
broach_dataset,isolation_forest_rgb_features,24fr4dr7,test,normal,0,-0.05839013734068771
broach_dataset,isolation_forest_rgb_features,25d2yhim,test,normal,0,-0.0809364241313964
broach_dataset,isolation_forest_rgb_features,25t24rda,test,normal,0,-0.032118900126193006
broach_dataset,isolation_forest_rgb_features,26oam7ax,test,normal,0,-0.0974057888818316
broach_dataset,isolation_forest_rgb_features,27bm4lz9,test,normal,0,-0.028174089912814893
broach_dataset,isolation_forest_rgb_features,27hghrac,test,normal,0,-0.06324254587809552
broach_dataset,isolation_forest_rgb_features,2853uy8u,test,normal,0,-0.09267167573615764
broach_dataset,isolation_forest_rgb_features,287qmrmp,test,normal,0,-0.09004724267966424
broach_dataset,isolation_forest_rgb_features,289arnml,test,normal,0,-0.07678069006972604
broach_dataset,isolation_forest_rgb_features,28d4kctd,test,normal,0,-0.08349516475356589
broach_dataset,isolation_forest_rgb_features,29326yw0,test,normal,0,-0.0912045548792994
broach_dataset,isolation_forest_rgb_features,29owh4ej,test,normal,0,0.05031881044922326
broach_dataset,isolation_forest_rgb_features,2aol7cyw,test,normal,0,-0.067459031794672
broach_dataset,isolation_forest_rgb_features,2bc2nnuv,test,normal,0,-0.07551319190168887
broach_dataset,isolation_forest_rgb_features,2bu4wa2g,test,normal,0,-0.08190999774598812
broach_dataset,isolation_forest_rgb_features,2c9ros7y,test,normal,0,-0.0693124794578927
broach_dataset,isolation_forest_rgb_features,2eywpajo,test,normal,0,-0.08253745617748354
broach_dataset,isolation_forest_rgb_features,2f3wtu76,test,normal,0,-0.06173929275255785
broach_dataset,isolation_forest_rgb_features,2fiwpghx,test,normal,0,-0.046418862555757445
broach_dataset,isolation_forest_rgb_features,2fknvzdd,test,normal,0,-0.07316346081750807
broach_dataset,isolation_forest_rgb_features,2fptteuv,test,normal,0,-0.08974170426047673
broach_dataset,isolation_forest_rgb_features,2g09lbls,test,normal,0,-0.08030419935572997
broach_dataset,isolation_forest_rgb_features,2g0e7h4n,test,normal,0,0.0437660227625456
broach_dataset,isolation_forest_rgb_features,2guqt6ve,test,normal,0,-0.025694301155312516
broach_dataset,isolation_forest_rgb_features,2h6htnor,test,normal,0,-0.027600355836665813
broach_dataset,isolation_forest_rgb_features,2hiwtsdw,test,normal,0,-0.0832120307913381
broach_dataset,isolation_forest_rgb_features,2i3p4lfd,test,normal,0,-0.08433335018010762
broach_dataset,isolation_forest_rgb_features,2ie2qna2,test,normal,0,-0.10130993732087906
broach_dataset,isolation_forest_rgb_features,2ik2dehv,test,normal,0,-0.1103921003236823
broach_dataset,isolation_forest_rgb_features,2im44a2e,test,normal,0,-0.07547732260591838
broach_dataset,isolation_forest_rgb_features,2iqkv8d4,test,normal,0,-0.08857318840475953
broach_dataset,isolation_forest_rgb_features,2ix10zx8,test,normal,0,-0.07710154284313714
broach_dataset,isolation_forest_rgb_features,2jcgo0j9,test,normal,0,-0.020790711737108336
broach_dataset,isolation_forest_rgb_features,2ji749iz,test,normal,0,-0.07591827800230827
broach_dataset,isolation_forest_rgb_features,2lc3bfpd,test,normal,0,-0.07979010019718497
broach_dataset,isolation_forest_rgb_features,2n8gjstt,test,normal,0,0.14253147535394295
broach_dataset,isolation_forest_rgb_features,2njot1j7,test,normal,0,-0.09612447887213665
broach_dataset,isolation_forest_rgb_features,2nkcdr54,test,normal,0,0.028449965151377876
broach_dataset,isolation_forest_rgb_features,2o1rvmi1,test,normal,0,-0.0036534474109317094
broach_dataset,isolation_forest_rgb_features,2op6vmjo,test,normal,0,-0.11244493606035788
broach_dataset,isolation_forest_rgb_features,2plb9g96,test,normal,0,-0.09268051036858116
broach_dataset,isolation_forest_rgb_features,2pqnfdxm,test,normal,0,-0.04235853156026048
broach_dataset,isolation_forest_rgb_features,2q4v65fm,test,normal,0,0.14026345345590363
broach_dataset,isolation_forest_rgb_features,2r0ni0jp,test,normal,0,0.003927913478063205
broach_dataset,isolation_forest_rgb_features,2r78aovz,test,normal,0,-0.10104831518430085
broach_dataset,isolation_forest_rgb_features,2r9pegln,test,normal,0,-0.0728839466013842
broach_dataset,isolation_forest_rgb_features,2rezonqa,test,normal,0,-0.04682951383480588
broach_dataset,isolation_forest_rgb_features,2rgji9p4,test,normal,0,-0.10545822545437217
broach_dataset,isolation_forest_rgb_features,2rra3plc,test,normal,0,0.1091232023902019
broach_dataset,isolation_forest_rgb_features,2sgaaqey,test,normal,0,-0.08234202846467015
broach_dataset,isolation_forest_rgb_features,2skkftfy,test,normal,0,-0.08038518826744395
broach_dataset,isolation_forest_rgb_features,2t8xmld5,test,normal,0,-0.039475225996230434
broach_dataset,isolation_forest_rgb_features,2u1vi0xi,test,normal,0,0.006938206733274943
broach_dataset,isolation_forest_rgb_features,2u8u23wu,test,normal,0,-0.012110728464985232
broach_dataset,isolation_forest_rgb_features,2uhtjpk4,test,normal,0,-0.07701469290140006
broach_dataset,isolation_forest_rgb_features,2v0pkquj,test,normal,0,-0.08166414922692111
broach_dataset,isolation_forest_rgb_features,2vbwbqkl,test,normal,0,-0.10960394384823596
broach_dataset,isolation_forest_rgb_features,2vmbmp05,test,normal,0,-0.07731103959018842
broach_dataset,isolation_forest_rgb_features,2w0sa3e1,test,normal,0,0.1085385411117904
broach_dataset,isolation_forest_rgb_features,2wy0ufbc,test,normal,0,-0.08574155790700566
broach_dataset,isolation_forest_rgb_features,2xn9txfj,test,normal,0,-0.06338408668551926
broach_dataset,isolation_forest_rgb_features,2xog4c8j,test,normal,0,-0.05930201145413061
broach_dataset,isolation_forest_rgb_features,2z130e0q,test,normal,0,0.05106997248769063
broach_dataset,isolation_forest_rgb_features,2z9pwq7f,test,normal,0,-0.007795498917285093
broach_dataset,isolation_forest_rgb_features,30gfzs83,test,normal,0,-0.08296516466471149
broach_dataset,isolation_forest_rgb_features,30idmeej,test,normal,0,-0.07839231296701393
broach_dataset,isolation_forest_rgb_features,325nh1xk,test,normal,0,-0.07773888391768069
broach_dataset,isolation_forest_rgb_features,32bgkbim,test,normal,0,-0.07948466412091815
broach_dataset,isolation_forest_rgb_features,334ep2m0,test,normal,0,-0.10428254478929816
broach_dataset,isolation_forest_rgb_features,33gn6s1g,test,normal,0,-0.00314533439036091
broach_dataset,isolation_forest_rgb_features,34i2lwix,test,normal,0,-0.03774758277061102
broach_dataset,isolation_forest_rgb_features,353qtxft,test,normal,0,-0.08283908235873133
broach_dataset,isolation_forest_rgb_features,365rd46w,test,normal,0,-0.0963535894239651
broach_dataset,isolation_forest_rgb_features,36sl78o1,test,normal,0,-0.06839820850121459
broach_dataset,isolation_forest_rgb_features,36ybig0p,test,normal,0,-0.028168411464835563
broach_dataset,isolation_forest_rgb_features,374m3r3m,test,normal,0,-0.010989265546115012
broach_dataset,isolation_forest_rgb_features,37l9thn4,test,normal,0,-0.0700104604687718
broach_dataset,isolation_forest_rgb_features,396yfi7e,test,normal,0,-0.1069054402253784
broach_dataset,isolation_forest_rgb_features,3989i6z7,test,normal,0,-0.09836454218443336
broach_dataset,isolation_forest_rgb_features,39e6ta6d,test,normal,0,-0.09147528984066139
broach_dataset,isolation_forest_rgb_features,3bjeh7t3,test,normal,0,-0.0265042820018363
broach_dataset,isolation_forest_rgb_features,3bmuu1hz,test,normal,0,-0.08994048080234662
broach_dataset,isolation_forest_rgb_features,3cj9hvr2,test,normal,0,-0.08013472515752984
broach_dataset,isolation_forest_rgb_features,3fezez5e,test,normal,0,-0.05482554940399487
broach_dataset,isolation_forest_rgb_features,3fl8wyw5,test,normal,0,-0.02903427315981505
broach_dataset,isolation_forest_rgb_features,3fon8ong,test,normal,0,-0.07280036728899886
broach_dataset,isolation_forest_rgb_features,3frb5180,test,normal,0,-0.050663510962308866
broach_dataset,isolation_forest_rgb_features,3g2x8xc3,test,normal,0,-0.09578707188979213
broach_dataset,isolation_forest_rgb_features,3gopvacz,test,normal,0,-0.08415852916655808
broach_dataset,isolation_forest_rgb_features,3gsxs58q,test,normal,0,-0.08323459256671906
broach_dataset,isolation_forest_rgb_features,3gtxyz8a,test,normal,0,-0.09730609825372805
broach_dataset,isolation_forest_rgb_features,3h05p69d,test,normal,0,-0.08426861174934902
broach_dataset,isolation_forest_rgb_features,3hkyirkk,test,normal,0,-0.04028789592725873
broach_dataset,isolation_forest_rgb_features,3hsa15p7,test,normal,0,-0.09503404853462932
broach_dataset,isolation_forest_rgb_features,3i09gb2k,test,normal,0,-0.06759281526852445
broach_dataset,isolation_forest_rgb_features,3i2evwmn,test,normal,0,-0.05804590355866224
broach_dataset,isolation_forest_rgb_features,3j7evq56,test,normal,0,-0.09299826794115079
broach_dataset,isolation_forest_rgb_features,3jebgfft,test,normal,0,-0.0339381037805756
broach_dataset,isolation_forest_rgb_features,3kcvjxzd,test,normal,0,-0.06913877191449114
broach_dataset,isolation_forest_rgb_features,3kompo0n,test,normal,0,-0.01933380001691226
broach_dataset,isolation_forest_rgb_features,3lm8fhcc,test,normal,0,-0.06007116182013733
broach_dataset,isolation_forest_rgb_features,3mf3gq7p,test,normal,0,-0.10040971622707778
broach_dataset,isolation_forest_rgb_features,3mvqiixk,test,normal,0,-0.08729110214424596
broach_dataset,isolation_forest_rgb_features,3mwg24un,test,normal,0,0.09793042777041361
broach_dataset,isolation_forest_rgb_features,3nk40o5v,test,normal,0,-0.0016085318465318132
broach_dataset,isolation_forest_rgb_features,3npi9kur,test,normal,0,-0.08787566531261898
broach_dataset,isolation_forest_rgb_features,3nvxryqg,test,normal,0,-0.07661811043625011
broach_dataset,isolation_forest_rgb_features,3o4dp632,test,normal,0,-0.07138477860722858
broach_dataset,isolation_forest_rgb_features,3oe8e69l,test,normal,0,-0.06398710706589905
broach_dataset,isolation_forest_rgb_features,3pajvf9i,test,normal,0,-0.07810033408282224
broach_dataset,isolation_forest_rgb_features,3pyjai6t,test,normal,0,-0.07878724174840135
broach_dataset,isolation_forest_rgb_features,3q78fcpv,test,normal,0,-0.07396884767400985
broach_dataset,isolation_forest_rgb_features,3qrur6m7,test,normal,0,0.038051863082366966
broach_dataset,isolation_forest_rgb_features,3rmzm4qi,test,normal,0,-0.08916927731634555
broach_dataset,isolation_forest_rgb_features,3sfgho4q,test,normal,0,-0.09305411026058591
broach_dataset,isolation_forest_rgb_features,3sl4plic,test,normal,0,-0.01692876957647904
broach_dataset,isolation_forest_rgb_features,3slvrqlm,test,normal,0,-0.0806711552221544
broach_dataset,isolation_forest_rgb_features,3sm1ppyz,test,normal,0,-0.06572819452001782
broach_dataset,isolation_forest_rgb_features,3spks337,test,normal,0,-0.07386506484588234
broach_dataset,isolation_forest_rgb_features,3sr4bu7t,test,normal,0,-0.06688179412840933
broach_dataset,isolation_forest_rgb_features,3t945psl,test,normal,0,-0.0886753870495155
broach_dataset,isolation_forest_rgb_features,3ttopnv3,test,normal,0,-0.07819651746363732
broach_dataset,isolation_forest_rgb_features,3tw3vtyu,test,normal,0,-0.08604077932886928
broach_dataset,isolation_forest_rgb_features,3ujlvmy4,test,normal,0,-0.10313773713631452
broach_dataset,isolation_forest_rgb_features,3vm4x959,test,normal,0,-0.04321093431820405
broach_dataset,isolation_forest_rgb_features,3vynpd2v,test,normal,0,-0.020959476641581654
broach_dataset,isolation_forest_rgb_features,3vznyson,test,normal,0,-0.018281275943883346
broach_dataset,isolation_forest_rgb_features,3x2tzkq1,test,normal,0,0.12113942293555213
broach_dataset,isolation_forest_rgb_features,3xflkcg6,test,normal,0,-0.013793929993355325
broach_dataset,isolation_forest_rgb_features,3xgtkctt,test,normal,0,-0.09319086999414644
broach_dataset,isolation_forest_rgb_features,3xjke4xi,test,normal,0,-0.08061725044262535
broach_dataset,isolation_forest_rgb_features,3xmoj4wu,test,normal,0,-0.07833178740841618
broach_dataset,isolation_forest_rgb_features,3y35byll,test,normal,0,-0.01462395184852816
broach_dataset,isolation_forest_rgb_features,3yczq6i2,test,normal,0,-0.08962270283986662
broach_dataset,isolation_forest_rgb_features,3ymk4wkd,test,normal,0,-0.08439706700476102
broach_dataset,isolation_forest_rgb_features,3yoesjk9,test,normal,0,-0.07714783637941136
broach_dataset,isolation_forest_rgb_features,3zmmw5ed,test,normal,0,-0.08395356525082293
broach_dataset,isolation_forest_rgb_features,403mwofh,test,normal,0,-0.07258666573221872
broach_dataset,isolation_forest_rgb_features,40bz0pab,test,normal,0,0.08982194316028891
broach_dataset,isolation_forest_rgb_features,40wsp0aj,test,normal,0,-0.10068607139662955
broach_dataset,isolation_forest_rgb_features,412sw51a,test,normal,0,-0.04221007430932522
broach_dataset,isolation_forest_rgb_features,42gpzxw6,test,normal,0,-0.07557163304510872
broach_dataset,isolation_forest_rgb_features,42h5zxrq,test,normal,0,-0.08809393757701506
broach_dataset,isolation_forest_rgb_features,42nfcu5r,test,normal,0,-0.1048332609441695
broach_dataset,isolation_forest_rgb_features,4311bkhs,test,normal,0,-0.07554681985947015
broach_dataset,isolation_forest_rgb_features,432dv2ye,test,normal,0,-0.08811276913521154
broach_dataset,isolation_forest_rgb_features,448n7odk,test,normal,0,-0.09526429276913795
broach_dataset,isolation_forest_rgb_features,45beyxl5,test,normal,0,-0.0759142178972474
broach_dataset,isolation_forest_rgb_features,45t4u2yp,test,normal,0,0.09861540693359683
broach_dataset,isolation_forest_rgb_features,473ozrbl,test,normal,0,-0.08322332057644682
broach_dataset,isolation_forest_rgb_features,48vltv8a,test,normal,0,0.05425374446241249
broach_dataset,isolation_forest_rgb_features,4a3k45k6,test,normal,0,0.06631129386271428
broach_dataset,isolation_forest_rgb_features,4ax2b26v,test,normal,0,-0.04765878778143623
broach_dataset,isolation_forest_rgb_features,4bj18qhk,test,normal,0,0.05125544638192048
broach_dataset,isolation_forest_rgb_features,4d15z971,test,normal,0,-0.011245243609020905
broach_dataset,isolation_forest_rgb_features,4ds1eo5j,test,normal,0,-0.06517578582075628
broach_dataset,isolation_forest_rgb_features,4dsgmcfo,test,normal,0,-0.10467786385456795
broach_dataset,isolation_forest_rgb_features,4dsxlsut,test,normal,0,-0.08691307796909709
broach_dataset,isolation_forest_rgb_features,4duolrcj,test,normal,0,0.10858341282141193
broach_dataset,isolation_forest_rgb_features,4e2opanz,test,normal,0,-0.09955902342639983
broach_dataset,isolation_forest_rgb_features,4fodmjmb,test,normal,0,-0.08518780882562355
broach_dataset,isolation_forest_rgb_features,4g5m280a,test,normal,0,-0.017984722459859215
broach_dataset,isolation_forest_rgb_features,4gcw5ja3,test,normal,0,-0.07832058487381466
broach_dataset,isolation_forest_rgb_features,4gru7j7m,test,normal,0,-0.03968057786795898
broach_dataset,isolation_forest_rgb_features,4hdpbza5,test,normal,0,-0.037536349157770155
broach_dataset,isolation_forest_rgb_features,4hvfv6ej,test,normal,0,-0.06239952510527147
broach_dataset,isolation_forest_rgb_features,4ir4oj0j,test,normal,0,-0.08782167512816402
broach_dataset,isolation_forest_rgb_features,4jep4lsv,test,normal,0,-0.059611074103149864
broach_dataset,isolation_forest_rgb_features,4jiht2rq,test,normal,0,-0.0824799761690505
broach_dataset,isolation_forest_rgb_features,4jtj27yh,test,normal,0,-0.058270614381553454
broach_dataset,isolation_forest_rgb_features,4ldimsyj,test,normal,0,-0.09416584793312105
broach_dataset,isolation_forest_rgb_features,4ltx0imp,test,normal,0,-0.0994397979637342
broach_dataset,isolation_forest_rgb_features,4mvhdpbs,test,normal,0,-0.09987953348584605
broach_dataset,isolation_forest_rgb_features,4n0hwcqf,test,normal,0,0.021008936950626222
broach_dataset,isolation_forest_rgb_features,4nb8x1kg,test,normal,0,-0.03008649337674446
broach_dataset,isolation_forest_rgb_features,4ng4tfuw,test,normal,0,-0.058673632963303746
broach_dataset,isolation_forest_rgb_features,4o6pjhnd,test,normal,0,-0.028778847151172904
broach_dataset,isolation_forest_rgb_features,4o8lyec9,test,normal,0,-0.05527055423517385
broach_dataset,isolation_forest_rgb_features,4oepc8tz,test,normal,0,-0.07147519638059807
broach_dataset,isolation_forest_rgb_features,4r4kj3gw,test,normal,0,-0.03899561183010497
broach_dataset,isolation_forest_rgb_features,4r8ph9t8,test,normal,0,-0.014253970380996961
broach_dataset,isolation_forest_rgb_features,4rkkv23e,test,normal,0,-0.02719590480873607
broach_dataset,isolation_forest_rgb_features,4sydu5ir,test,normal,0,-0.01010211953148471
broach_dataset,isolation_forest_rgb_features,4tpek4r2,test,normal,0,-0.06607273291499899
broach_dataset,isolation_forest_rgb_features,4tul4u8z,test,normal,0,-0.0744437022697676
broach_dataset,isolation_forest_rgb_features,4udzjj10,test,normal,0,-0.03539880720874866
broach_dataset,isolation_forest_rgb_features,4uyx8psw,test,normal,0,-0.07986782433557105
broach_dataset,isolation_forest_rgb_features,4v6305sx,test,normal,0,-0.018729880318275105
broach_dataset,isolation_forest_rgb_features,4vmwve9u,test,normal,0,-0.0805841210308692
broach_dataset,isolation_forest_rgb_features,4w4wdg6v,test,normal,0,-0.07250224485926143
broach_dataset,isolation_forest_rgb_features,4w88zjpf,test,normal,0,-0.08607803205742981
broach_dataset,isolation_forest_rgb_features,4wlk1kku,test,normal,0,-0.08180363598164414
broach_dataset,isolation_forest_rgb_features,4ws7bgu5,test,normal,0,-0.02370854230032976
broach_dataset,isolation_forest_rgb_features,4x16immz,test,normal,0,-0.06442916407471733
broach_dataset,isolation_forest_rgb_features,4yqxjtvi,test,normal,0,-0.0919814095495936
broach_dataset,isolation_forest_rgb_features,4yrtu7eg,test,normal,0,-0.06041847413400547
broach_dataset,isolation_forest_rgb_features,50h7e6je,test,normal,0,-0.09751769216270312
broach_dataset,isolation_forest_rgb_features,51en98jr,test,normal,0,-0.08675121560083532
broach_dataset,isolation_forest_rgb_features,51las5wh,test,normal,0,-0.07816208496423122
broach_dataset,isolation_forest_rgb_features,52ilqig4,test,normal,0,-0.004931742897628044
broach_dataset,isolation_forest_rgb_features,52zwsedn,test,normal,0,-0.10072543117848459
broach_dataset,isolation_forest_rgb_features,53gzc3oq,test,normal,0,-0.05003582197239864
broach_dataset,isolation_forest_rgb_features,53n8n84v,test,normal,0,0.011309746089951611
broach_dataset,isolation_forest_rgb_features,53y15cae,test,normal,0,-0.08420572848674535
broach_dataset,isolation_forest_rgb_features,54j3fs3j,test,normal,0,-0.08550573378657267
broach_dataset,isolation_forest_rgb_features,54pql55w,test,normal,0,-0.08271703492411436
broach_dataset,isolation_forest_rgb_features,55izolnn,test,normal,0,-0.0974679821183358
broach_dataset,isolation_forest_rgb_features,55jnbrxl,test,normal,0,-0.029440162085028754
broach_dataset,isolation_forest_rgb_features,55ts0wpl,test,normal,0,-0.09027340068443168
broach_dataset,isolation_forest_rgb_features,56tai2mk,test,normal,0,-0.09580073848437093
broach_dataset,isolation_forest_rgb_features,5713g3ws,test,normal,0,-0.07973163678386697
broach_dataset,isolation_forest_rgb_features,59ba0t9f,test,normal,0,-0.03979404344420612
broach_dataset,isolation_forest_rgb_features,5ahk2ysk,test,normal,0,-0.06310655419097533
broach_dataset,isolation_forest_rgb_features,5b090fyw,test,normal,0,-0.05262628195275143
broach_dataset,isolation_forest_rgb_features,5doh59g5,test,normal,0,-0.0731798173262358
broach_dataset,isolation_forest_rgb_features,5f86nvsf,test,normal,0,-0.0957017053353934
broach_dataset,isolation_forest_rgb_features,5fdigg9z,test,normal,0,-0.10168700547492954
broach_dataset,isolation_forest_rgb_features,5ft0sn5i,test,normal,0,-0.08755427092402851
broach_dataset,isolation_forest_rgb_features,5gro9x49,test,normal,0,-0.08880781387508302
broach_dataset,isolation_forest_rgb_features,5gzjpa04,test,normal,0,-0.031400955315068646
broach_dataset,isolation_forest_rgb_features,5h9wygrk,test,normal,0,-0.012741563713197956
broach_dataset,isolation_forest_rgb_features,5iljb768,test,normal,0,0.059069685445581555
broach_dataset,isolation_forest_rgb_features,5imztsh2,test,normal,0,-0.015958358936363215
broach_dataset,isolation_forest_rgb_features,5iz31yru,test,normal,0,-0.08754274015353403
broach_dataset,isolation_forest_rgb_features,5jcdz93i,test,normal,0,-0.09470873573977734
broach_dataset,isolation_forest_rgb_features,5jj9ibqm,test,normal,0,-0.02519993660767067
broach_dataset,isolation_forest_rgb_features,5jqa207h,test,normal,0,-0.089922559411232
broach_dataset,isolation_forest_rgb_features,5jtv75ss,test,normal,0,-0.07877853645848043
broach_dataset,isolation_forest_rgb_features,5kkjhuwf,test,normal,0,0.00022922324434571095
broach_dataset,isolation_forest_rgb_features,5mcu16gw,test,normal,0,-0.0041716473893983474
broach_dataset,isolation_forest_rgb_features,5na8ky60,test,normal,0,-0.10037260101640055
broach_dataset,isolation_forest_rgb_features,5ntccfux,test,normal,0,-0.054006581450412094
broach_dataset,isolation_forest_rgb_features,5o54fxer,test,normal,0,-0.09821017483470201
broach_dataset,isolation_forest_rgb_features,5p8c9q36,test,normal,0,-0.011036426890131568
broach_dataset,isolation_forest_rgb_features,5q2lcuxj,test,normal,0,-0.09737534842675866
broach_dataset,isolation_forest_rgb_features,5qtuf6vi,test,normal,0,-0.06078026153370464
broach_dataset,isolation_forest_rgb_features,5sebbmjx,test,normal,0,-0.05095358858635979
broach_dataset,isolation_forest_rgb_features,5sessa12,test,normal,0,-0.014192075150930628
broach_dataset,isolation_forest_rgb_features,5so79h4h,test,normal,0,-0.04047408615902043
broach_dataset,isolation_forest_rgb_features,5sznpxuc,test,normal,0,-0.05170007424035994
broach_dataset,isolation_forest_rgb_features,5t3ixo9i,test,normal,0,-0.09171033426588437
broach_dataset,isolation_forest_rgb_features,5tyv9bgm,test,normal,0,-0.07143174193424984
broach_dataset,isolation_forest_rgb_features,5u52nmxp,test,normal,0,-0.037247276371420945
broach_dataset,isolation_forest_rgb_features,5ulutvt4,test,normal,0,-0.06287538463136905
broach_dataset,isolation_forest_rgb_features,5vfa1mzp,test,normal,0,-0.05275292914880686
broach_dataset,isolation_forest_rgb_features,5vx2xw5y,test,normal,0,-0.030048488166716514
broach_dataset,isolation_forest_rgb_features,5y693g6c,test,normal,0,-0.08119090642169241
broach_dataset,isolation_forest_rgb_features,5ylra9pa,test,normal,0,-0.07137392626134786
broach_dataset,isolation_forest_rgb_features,6000u1r5,test,normal,0,-0.09855384152153251
broach_dataset,isolation_forest_rgb_features,60aik6b4,test,normal,0,-0.09259456266978694
broach_dataset,isolation_forest_rgb_features,60iwhdnq,test,normal,0,-0.08884019495707757
broach_dataset,isolation_forest_rgb_features,60n0gpy2,test,normal,0,-0.04495389501546193
broach_dataset,isolation_forest_rgb_features,617u599v,test,normal,0,-0.0008273721804205603
broach_dataset,isolation_forest_rgb_features,61h0a68v,test,normal,0,-0.012055370063175808
broach_dataset,isolation_forest_rgb_features,62g6b4ts,test,normal,0,-0.08164269249070988
broach_dataset,isolation_forest_rgb_features,62ola4qt,test,normal,0,-0.07203633999687337
broach_dataset,isolation_forest_rgb_features,62u15os8,test,normal,0,-0.017444763719158374
broach_dataset,isolation_forest_rgb_features,62zo14hq,test,normal,0,-0.1006205640683483
broach_dataset,isolation_forest_rgb_features,632u1sxt,test,normal,0,-0.0816225467438273
broach_dataset,isolation_forest_rgb_features,65aognsg,test,normal,0,-0.07244308620919687
broach_dataset,isolation_forest_rgb_features,65asv82c,test,normal,0,-0.06363883910707213
broach_dataset,isolation_forest_rgb_features,65v9m6jn,test,normal,0,-0.036350859420400505
broach_dataset,isolation_forest_rgb_features,66fclicd,test,normal,0,-0.09721414316678656
broach_dataset,isolation_forest_rgb_features,695neq2c,test,normal,0,-0.0178795498697914
broach_dataset,isolation_forest_rgb_features,698ozxr0,test,normal,0,-0.0763147287772169
broach_dataset,isolation_forest_rgb_features,69a14350,test,normal,0,-0.04749347140067195
broach_dataset,isolation_forest_rgb_features,69jvtgrw,test,normal,0,-0.0924435911213789
broach_dataset,isolation_forest_rgb_features,6a8yg8dt,test,normal,0,-0.1100149478983457
broach_dataset,isolation_forest_rgb_features,6cwhmrih,test,normal,0,-0.012465254061639564
broach_dataset,isolation_forest_rgb_features,6dgzbkn6,test,normal,0,-0.01181700799458224
broach_dataset,isolation_forest_rgb_features,6e7c18dq,test,normal,0,-0.011585947840036859
broach_dataset,isolation_forest_rgb_features,6fyhh5ue,test,normal,0,-0.021814943284282295
broach_dataset,isolation_forest_rgb_features,6gfqtg7h,test,normal,0,-0.030644472817515533
broach_dataset,isolation_forest_rgb_features,6gho36ap,test,normal,0,-0.007978577684640664
broach_dataset,isolation_forest_rgb_features,6hckf853,test,normal,0,-0.0997898101551482
broach_dataset,isolation_forest_rgb_features,6ixaehpf,test,normal,0,-0.0688035204766721
broach_dataset,isolation_forest_rgb_features,6jclb7j0,test,normal,0,-0.013535195706874503
broach_dataset,isolation_forest_rgb_features,6joleoht,test,normal,0,-0.08306284414204118
broach_dataset,isolation_forest_rgb_features,6jrpacq5,test,normal,0,-0.08636142837461097
broach_dataset,isolation_forest_rgb_features,6jrpjbu6,test,normal,0,-0.048297046857756154
broach_dataset,isolation_forest_rgb_features,6jzqf2rk,test,normal,0,-0.08151121046636073
broach_dataset,isolation_forest_rgb_features,6kdl5gtd,test,normal,0,0.16560311131256533
broach_dataset,isolation_forest_rgb_features,6knlc425,test,normal,0,-0.07561239948699328
broach_dataset,isolation_forest_rgb_features,6kou9mik,test,normal,0,-0.07901979627945832
broach_dataset,isolation_forest_rgb_features,6l8dze0c,test,normal,0,0.002466742307649983
broach_dataset,isolation_forest_rgb_features,6lb01u0z,test,normal,0,-0.04324944663116059
broach_dataset,isolation_forest_rgb_features,6lsi2ie5,test,normal,0,-0.07339411502169124
broach_dataset,isolation_forest_rgb_features,6lxwdamb,test,normal,0,-0.0693046292328165
broach_dataset,isolation_forest_rgb_features,6njyptn6,test,normal,0,0.030847874071600168
broach_dataset,isolation_forest_rgb_features,6nyrx4nc,test,normal,0,-0.08348963741567167
broach_dataset,isolation_forest_rgb_features,6or3byxy,test,normal,0,-0.0948970689153012
broach_dataset,isolation_forest_rgb_features,6orkft68,test,normal,0,-0.06435554785743247
broach_dataset,isolation_forest_rgb_features,6pjcrtac,test,normal,0,-0.04053720871133648
broach_dataset,isolation_forest_rgb_features,6q5rnchc,test,normal,0,-0.10217362196823176
broach_dataset,isolation_forest_rgb_features,6r8ykehv,test,normal,0,-0.10200295309547353
broach_dataset,isolation_forest_rgb_features,6rg68fl7,test,normal,0,-0.07936258785222533
broach_dataset,isolation_forest_rgb_features,6rh3mfp7,test,normal,0,0.04191351539544208
broach_dataset,isolation_forest_rgb_features,6rt8jg5j,test,normal,0,-0.08200784333223338
broach_dataset,isolation_forest_rgb_features,6s5vtbq5,test,normal,0,-0.08412803101266014
broach_dataset,isolation_forest_rgb_features,6scivuqt,test,normal,0,-0.07609820605907591
broach_dataset,isolation_forest_rgb_features,6seacqaf,test,normal,0,-0.040639773543186763
broach_dataset,isolation_forest_rgb_features,6szn9dde,test,normal,0,-0.07426017007109387
broach_dataset,isolation_forest_rgb_features,6szo61lq,test,normal,0,-0.07277059489992088
broach_dataset,isolation_forest_rgb_features,6tclk04p,test,normal,0,-0.07862602895594056
broach_dataset,isolation_forest_rgb_features,6tt466oz,test,normal,0,-0.08330066981051365
broach_dataset,isolation_forest_rgb_features,6tvn6jjx,test,normal,0,-0.007193415408755288
broach_dataset,isolation_forest_rgb_features,6u513omv,test,normal,0,-0.0313615893507328
broach_dataset,isolation_forest_rgb_features,6ufcr5lv,test,normal,0,-0.032252216215463536
broach_dataset,isolation_forest_rgb_features,6v2cn778,test,normal,0,-0.05496678142105088
broach_dataset,isolation_forest_rgb_features,6w82ru24,test,normal,0,-0.046971258689620266
broach_dataset,isolation_forest_rgb_features,6xhggo6z,test,normal,0,-0.06957805435413084
broach_dataset,isolation_forest_rgb_features,6xvaj2k8,test,normal,0,-0.08241953029197613
broach_dataset,isolation_forest_rgb_features,6y8qnobv,test,normal,0,-0.07724418470960165
broach_dataset,isolation_forest_rgb_features,6z5tpwy0,test,normal,0,-0.08945655452993301
broach_dataset,isolation_forest_rgb_features,6zj02k6t,test,normal,0,-0.06744787590195955
broach_dataset,isolation_forest_rgb_features,6zmk6ywg,test,normal,0,-0.09138775182322667
broach_dataset,isolation_forest_rgb_features,6zpi288h,test,normal,0,0.1302925459304053
broach_dataset,isolation_forest_rgb_features,6zysnglb,test,normal,0,-0.05151700818925797
broach_dataset,isolation_forest_rgb_features,70ce3fyw,test,normal,0,0.10636152059023818
broach_dataset,isolation_forest_rgb_features,70e0viki,test,normal,0,-0.036016714428016905
broach_dataset,isolation_forest_rgb_features,70ebpy9e,test,normal,0,-0.09427970731672985
broach_dataset,isolation_forest_rgb_features,71bg32sa,test,normal,0,0.002697314806317186
broach_dataset,isolation_forest_rgb_features,71tl4cba,test,normal,0,-0.05834497954649087
broach_dataset,isolation_forest_rgb_features,72egkqg9,test,normal,0,-0.021554743549129507
broach_dataset,isolation_forest_rgb_features,72hk1uit,test,normal,0,-0.07938825896277757
broach_dataset,isolation_forest_rgb_features,74xm4iq6,test,normal,0,-0.011854942323233808
broach_dataset,isolation_forest_rgb_features,76zqnsew,test,normal,0,-0.07015742658605689
broach_dataset,isolation_forest_rgb_features,77jzc58c,test,normal,0,-0.0931520526601452
broach_dataset,isolation_forest_rgb_features,77uler2l,test,normal,0,-0.041052422526215604
broach_dataset,isolation_forest_rgb_features,77vezeig,test,normal,0,0.0036837644664061697
broach_dataset,isolation_forest_rgb_features,77yotrtf,test,normal,0,0.03732563183481208
broach_dataset,isolation_forest_rgb_features,785r8ist,test,normal,0,-0.0030018890039927304
broach_dataset,isolation_forest_rgb_features,7889e3m9,test,normal,0,-0.031156049339934766
broach_dataset,isolation_forest_rgb_features,78at3sq0,test,normal,0,-0.0734023890759527
broach_dataset,isolation_forest_rgb_features,78g5qtey,test,normal,0,0.05685733384546254
broach_dataset,isolation_forest_rgb_features,7ash4j9t,test,normal,0,0.04510408004245692
broach_dataset,isolation_forest_rgb_features,7b8uxs1z,test,normal,0,-0.002829824621404353
broach_dataset,isolation_forest_rgb_features,7ccvcf1j,test,normal,0,-0.0906974481316779
broach_dataset,isolation_forest_rgb_features,7de8rhx5,test,normal,0,-0.08839448070867184
broach_dataset,isolation_forest_rgb_features,7df067mn,test,normal,0,-0.0992403290040193
broach_dataset,isolation_forest_rgb_features,7dnhu0fi,test,normal,0,-0.015039210330450081
broach_dataset,isolation_forest_rgb_features,7e3ksr9f,test,normal,0,-0.08187510299653683
broach_dataset,isolation_forest_rgb_features,7fuaa7ec,test,normal,0,-0.07010200658167448
broach_dataset,isolation_forest_rgb_features,7g1uvo93,test,normal,0,-0.06645629414013993
broach_dataset,isolation_forest_rgb_features,7g3847ag,test,normal,0,-0.029993541208320096
broach_dataset,isolation_forest_rgb_features,7gcjbeo4,test,normal,0,-0.0773017200803256
broach_dataset,isolation_forest_rgb_features,7ggcxgu5,test,normal,0,-0.10617128783371088
broach_dataset,isolation_forest_rgb_features,7godvyhq,test,normal,0,-0.03836883820520093
broach_dataset,isolation_forest_rgb_features,7gs3taad,test,normal,0,-0.0793204697188663
broach_dataset,isolation_forest_rgb_features,7hrsswpg,test,normal,0,-0.07858663903598584
broach_dataset,isolation_forest_rgb_features,7htkw7tj,test,normal,0,-0.10591457370827956
broach_dataset,isolation_forest_rgb_features,7hzz4gw4,test,normal,0,-0.010100151970292959
broach_dataset,isolation_forest_rgb_features,7i2ssrel,test,normal,0,-0.0836082790615072
broach_dataset,isolation_forest_rgb_features,7i7vefo7,test,normal,0,-0.07968940739423186
broach_dataset,isolation_forest_rgb_features,7iz3mh3k,test,normal,0,-0.02755982852287575
broach_dataset,isolation_forest_rgb_features,7j14lkfp,test,normal,0,0.11334315471872825
broach_dataset,isolation_forest_rgb_features,7j2xi3ta,test,normal,0,-0.08044596847217622
broach_dataset,isolation_forest_rgb_features,7jaa94zr,test,normal,0,-0.09056648204930423
broach_dataset,isolation_forest_rgb_features,7jol5je7,test,normal,0,-0.08688987092462302
broach_dataset,isolation_forest_rgb_features,7kf79y83,test,normal,0,-0.06854398924517946
broach_dataset,isolation_forest_rgb_features,7liopch0,test,normal,0,-0.015633054639126065
broach_dataset,isolation_forest_rgb_features,7ljc7p9e,test,normal,0,0.039609689803917436
broach_dataset,isolation_forest_rgb_features,7lo6fyq8,test,normal,0,-0.07978250191001512
broach_dataset,isolation_forest_rgb_features,7m9xo1u8,test,normal,0,-0.035313332502342976
broach_dataset,isolation_forest_rgb_features,7mwuxyoh,test,normal,0,-0.0775245267270025
broach_dataset,isolation_forest_rgb_features,7n1q00lq,test,normal,0,-0.09274718136176258
broach_dataset,isolation_forest_rgb_features,7pnfircv,test,normal,0,-0.07238868765427686
broach_dataset,isolation_forest_rgb_features,7qhak7md,test,normal,0,-0.07281264894122036
broach_dataset,isolation_forest_rgb_features,7ql3rsnx,test,normal,0,-0.0683740738755299
broach_dataset,isolation_forest_rgb_features,7rina0vl,test,normal,0,-0.08163606982140054
broach_dataset,isolation_forest_rgb_features,7rn7nmk4,test,normal,0,-0.06022315462139438
broach_dataset,isolation_forest_rgb_features,7s1nu7uh,test,normal,0,-0.0008291986560482467
broach_dataset,isolation_forest_rgb_features,7s5tfu4c,test,normal,0,-0.030043658747812174
broach_dataset,isolation_forest_rgb_features,7s68qpm5,test,normal,0,-0.10212504123791927
broach_dataset,isolation_forest_rgb_features,7s81ijzk,test,normal,0,-0.0024589679279949928
broach_dataset,isolation_forest_rgb_features,7scrv3ho,test,normal,0,-0.08840082508571223
broach_dataset,isolation_forest_rgb_features,7sn6a7yl,test,normal,0,-0.017748673509836888
broach_dataset,isolation_forest_rgb_features,7ugv7xwq,test,normal,0,-0.07952256255434703
broach_dataset,isolation_forest_rgb_features,7v4j6x87,test,normal,0,-0.049559330532576384
broach_dataset,isolation_forest_rgb_features,7vpurf16,test,normal,0,0.16194421586977026
broach_dataset,isolation_forest_rgb_features,7wllxpjq,test,normal,0,-0.0852943538951833
broach_dataset,isolation_forest_rgb_features,7wt5b3yp,test,normal,0,-0.05577385330006546
broach_dataset,isolation_forest_rgb_features,7x9oyxa6,test,normal,0,-0.09585435169331968
broach_dataset,isolation_forest_rgb_features,7ybex3y5,test,normal,0,-0.0033188614210766243
broach_dataset,isolation_forest_rgb_features,7yf9ul42,test,normal,0,-0.02248557590282435
broach_dataset,isolation_forest_rgb_features,7ytr0j18,test,normal,0,-0.024583637457409213
broach_dataset,isolation_forest_rgb_features,7za2j0o9,test,normal,0,-0.06005944006229891
broach_dataset,isolation_forest_rgb_features,7zj6yhum,test,normal,0,-0.10549662327584164
broach_dataset,isolation_forest_rgb_features,7zz3f8cg,test,normal,0,-0.006931655245691781
broach_dataset,isolation_forest_rgb_features,80h3cuq6,test,normal,0,-0.08793439377645612
broach_dataset,isolation_forest_rgb_features,81b0tw9w,test,normal,0,-0.08518472499665025
broach_dataset,isolation_forest_rgb_features,81dziuru,test,normal,0,0.058768261743345485
broach_dataset,isolation_forest_rgb_features,81kpdg9o,test,normal,0,-0.10508885074400803
broach_dataset,isolation_forest_rgb_features,82a1yijb,test,normal,0,-0.08469291347887198
broach_dataset,isolation_forest_rgb_features,82c2asvo,test,normal,0,-0.09399646427443248
broach_dataset,isolation_forest_rgb_features,82i5x65u,test,normal,0,-0.07588880088981287
broach_dataset,isolation_forest_rgb_features,82lbgsir,test,normal,0,-0.07883013853792342
broach_dataset,isolation_forest_rgb_features,82lzwge8,test,normal,0,-0.0948440757016406
broach_dataset,isolation_forest_rgb_features,82nlpcp1,test,normal,0,-0.053816919431979304
broach_dataset,isolation_forest_rgb_features,82oxlmyq,test,normal,0,-0.07810240459768175
broach_dataset,isolation_forest_rgb_features,82p4uc35,test,normal,0,-0.0843901110425157
broach_dataset,isolation_forest_rgb_features,83mjozgx,test,normal,0,-0.09829522490793069
broach_dataset,isolation_forest_rgb_features,83sx9xkz,test,normal,0,-0.06951680055242654
broach_dataset,isolation_forest_rgb_features,83wh9ta2,test,normal,0,-0.0969679645337636
broach_dataset,isolation_forest_rgb_features,84a5dze1,test,normal,0,-0.09280748348502194
broach_dataset,isolation_forest_rgb_features,85bg6ahs,test,normal,0,-0.010229633783962688
broach_dataset,isolation_forest_rgb_features,86lwnv2y,test,normal,0,-0.09487294346481828
broach_dataset,isolation_forest_rgb_features,8749xe1v,test,normal,0,-0.08150502617218358
broach_dataset,isolation_forest_rgb_features,87kk5i0b,test,normal,0,-0.05802654466628787
broach_dataset,isolation_forest_rgb_features,87vvpvi1,test,normal,0,-0.09702120182592616
broach_dataset,isolation_forest_rgb_features,87zmyp2c,test,normal,0,-0.08747630024041281
broach_dataset,isolation_forest_rgb_features,881369n0,test,normal,0,-0.01678165538667259
broach_dataset,isolation_forest_rgb_features,896wnrgx,test,normal,0,-0.07882612450783716
broach_dataset,isolation_forest_rgb_features,89vsxdx5,test,normal,0,-0.015384267430055998
broach_dataset,isolation_forest_rgb_features,8bmnhmxe,test,normal,0,-0.07992640627407721
broach_dataset,isolation_forest_rgb_features,8cwjj4f5,test,normal,0,-0.039999027968875334
broach_dataset,isolation_forest_rgb_features,8d9t3zmg,test,normal,0,-0.08572807244567171
broach_dataset,isolation_forest_rgb_features,8dlvqop5,test,normal,0,-0.08903947627036457
broach_dataset,isolation_forest_rgb_features,8e5mfj3k,test,normal,0,-0.017145216781656203
broach_dataset,isolation_forest_rgb_features,8eekdkow,test,normal,0,-0.10099636155207486
broach_dataset,isolation_forest_rgb_features,8fyfq4b9,test,normal,0,-0.06559560469159126
broach_dataset,isolation_forest_rgb_features,8g0yi0dg,test,normal,0,-0.10595640712243376
broach_dataset,isolation_forest_rgb_features,8giyrnq1,test,normal,0,-0.08359879470715476
broach_dataset,isolation_forest_rgb_features,8ieks698,test,normal,0,-0.07492958755246654
broach_dataset,isolation_forest_rgb_features,8jiv84xm,test,normal,0,-0.08004910911735896
broach_dataset,isolation_forest_rgb_features,8jmmvtqy,test,normal,0,0.058687450324304224
broach_dataset,isolation_forest_rgb_features,8jsrww4s,test,normal,0,-0.08521952806878558
broach_dataset,isolation_forest_rgb_features,8kklseau,test,normal,0,-0.08242086321441278
broach_dataset,isolation_forest_rgb_features,8klxzm4e,test,normal,0,0.002768620153564716
broach_dataset,isolation_forest_rgb_features,8kqbobdc,test,normal,0,-0.0652186330667806
broach_dataset,isolation_forest_rgb_features,8l0hg9nc,test,normal,0,-0.0934889590069583
broach_dataset,isolation_forest_rgb_features,8llihkpj,test,normal,0,-0.04423497135269627
broach_dataset,isolation_forest_rgb_features,8m7qyrac,test,normal,0,-0.07080137535987746
broach_dataset,isolation_forest_rgb_features,8nhutu2x,test,normal,0,-0.05049409772822433
broach_dataset,isolation_forest_rgb_features,8nn3t7tr,test,normal,0,-0.06973557953572523
broach_dataset,isolation_forest_rgb_features,8o17rm9l,test,normal,0,-0.02100674768516686
broach_dataset,isolation_forest_rgb_features,8o8g8hzm,test,normal,0,-0.09916275917406903
broach_dataset,isolation_forest_rgb_features,8or4ww1j,test,normal,0,-0.0668093333980807
broach_dataset,isolation_forest_rgb_features,8p0lw389,test,normal,0,-0.08594103665102693
broach_dataset,isolation_forest_rgb_features,8pajssuu,test,normal,0,-0.06771319667422349
broach_dataset,isolation_forest_rgb_features,8poe6x2v,test,normal,0,-0.05879837311578667
broach_dataset,isolation_forest_rgb_features,8qawpkwi,test,normal,0,-0.05734025881822241
broach_dataset,isolation_forest_rgb_features,8qdb9bgv,test,normal,0,-0.07944669296223744
broach_dataset,isolation_forest_rgb_features,8qfuc6vl,test,normal,0,0.033261724177564234
broach_dataset,isolation_forest_rgb_features,8qwdn5s1,test,normal,0,-0.043662399922098694
broach_dataset,isolation_forest_rgb_features,8rfpxx1o,test,normal,0,-0.0774360431428992
broach_dataset,isolation_forest_rgb_features,8rjid2b2,test,normal,0,-0.030112942886046712
broach_dataset,isolation_forest_rgb_features,8rnct14v,test,normal,0,-0.016037394025650464
broach_dataset,isolation_forest_rgb_features,8seb9u51,test,normal,0,-0.08776908149915336
broach_dataset,isolation_forest_rgb_features,8sh6t15q,test,normal,0,-0.07898740582380254
broach_dataset,isolation_forest_rgb_features,8snlc1tl,test,normal,0,-0.11155217456113858
broach_dataset,isolation_forest_rgb_features,8so4vrot,test,normal,0,-0.10209412071185686
broach_dataset,isolation_forest_rgb_features,8sqylkzc,test,normal,0,-0.08404549593831123
broach_dataset,isolation_forest_rgb_features,8t8zknsy,test,normal,0,-0.08966391853030586
broach_dataset,isolation_forest_rgb_features,8t922d0n,test,normal,0,-0.08789020864898234
broach_dataset,isolation_forest_rgb_features,8tcb5m2g,test,normal,0,-0.06819354976659792
broach_dataset,isolation_forest_rgb_features,8tr0s5nm,test,normal,0,-0.0857748983927274
broach_dataset,isolation_forest_rgb_features,8umt28wn,test,normal,0,-0.0612615911094464
broach_dataset,isolation_forest_rgb_features,8vir5dwu,test,normal,0,-0.04085527332449462
broach_dataset,isolation_forest_rgb_features,8w4cne1d,test,normal,0,0.15198524745750108
broach_dataset,isolation_forest_rgb_features,8wfyegfy,test,normal,0,-0.07437806900338767
broach_dataset,isolation_forest_rgb_features,8wvp4ugk,test,normal,0,-0.1012113052154558
broach_dataset,isolation_forest_rgb_features,8x3gzg40,test,normal,0,-0.040065742669620874
broach_dataset,isolation_forest_rgb_features,8ywvkbim,test,normal,0,4.606067298384975e-05
broach_dataset,isolation_forest_rgb_features,909iu1jq,test,normal,0,-0.05028884801005806
broach_dataset,isolation_forest_rgb_features,91tfrsa8,test,normal,0,-0.08631281554869202
broach_dataset,isolation_forest_rgb_features,949p9q00,test,normal,0,-0.03435963571655015
broach_dataset,isolation_forest_rgb_features,94qaw4zd,test,normal,0,-0.06386231266419445
broach_dataset,isolation_forest_rgb_features,9666an3j,test,normal,0,-0.029969246248179204
broach_dataset,isolation_forest_rgb_features,96eecrtv,test,normal,0,-0.09240038766705838
broach_dataset,isolation_forest_rgb_features,96wmjdpj,test,normal,0,-0.033635077445211714
broach_dataset,isolation_forest_rgb_features,97lw6s8q,test,normal,0,-0.08947444777925567
broach_dataset,isolation_forest_rgb_features,97uie2tx,test,normal,0,-0.0796865808109638
broach_dataset,isolation_forest_rgb_features,98395ix6,test,normal,0,-0.09189459335982203
broach_dataset,isolation_forest_rgb_features,98510wbb,test,normal,0,-0.09662257454725792
broach_dataset,isolation_forest_rgb_features,986k33uf,test,normal,0,-0.10999539205057018
broach_dataset,isolation_forest_rgb_features,98e3r037,test,normal,0,-0.08623119153824954
broach_dataset,isolation_forest_rgb_features,98poc4vg,test,normal,0,-0.09488776232431617
broach_dataset,isolation_forest_rgb_features,98w07fil,test,normal,0,-0.052943435533793826
broach_dataset,isolation_forest_rgb_features,991e5l81,test,normal,0,-0.0818246566508235
broach_dataset,isolation_forest_rgb_features,99ifdz3p,test,normal,0,-0.02159653579080456
broach_dataset,isolation_forest_rgb_features,99wc1q9a,test,normal,0,-0.003548954445647512
broach_dataset,isolation_forest_rgb_features,9aawe429,test,normal,0,-0.07819395702045373
broach_dataset,isolation_forest_rgb_features,9ae0w9lf,test,normal,0,-0.06416318292651768
broach_dataset,isolation_forest_rgb_features,9bktpyhj,test,normal,0,0.043996634827443204
broach_dataset,isolation_forest_rgb_features,9bp4m18o,test,normal,0,-0.09506840021900115
broach_dataset,isolation_forest_rgb_features,9btd5pu1,test,normal,0,-0.10291866097256791
broach_dataset,isolation_forest_rgb_features,9bv2hh4h,test,normal,0,-0.03246729371949092
broach_dataset,isolation_forest_rgb_features,9clujy44,test,normal,0,-0.08272723608490623
broach_dataset,isolation_forest_rgb_features,9dcg5625,test,normal,0,0.05740745781258483
broach_dataset,isolation_forest_rgb_features,9ensmb76,test,normal,0,-0.04511345938086214
broach_dataset,isolation_forest_rgb_features,9finkfen,test,normal,0,-0.08210782529075022
broach_dataset,isolation_forest_rgb_features,9ftaxp0w,test,normal,0,-0.08827688929610833
broach_dataset,isolation_forest_rgb_features,9fyxvl5o,test,normal,0,-0.08797997464255097
broach_dataset,isolation_forest_rgb_features,9gfjwnwt,test,normal,0,-0.0321896110475724
broach_dataset,isolation_forest_rgb_features,9h4kx70p,test,normal,0,0.04614904326612301
broach_dataset,isolation_forest_rgb_features,9hyxkegr,test,normal,0,-0.10978990086627255
broach_dataset,isolation_forest_rgb_features,9jo3v2np,test,normal,0,0.15128020809785514
broach_dataset,isolation_forest_rgb_features,9k8wof1x,test,normal,0,0.04876478359301084
broach_dataset,isolation_forest_rgb_features,9kytekn2,test,normal,0,-0.09393709064785027
broach_dataset,isolation_forest_rgb_features,9lo4jt54,test,normal,0,-0.0025394312948308073
broach_dataset,isolation_forest_rgb_features,9lvorjr9,test,normal,0,-0.008646334090704755
broach_dataset,isolation_forest_rgb_features,9lw5fdu6,test,normal,0,-0.09825772075374617
broach_dataset,isolation_forest_rgb_features,9m8xosqc,test,normal,0,-0.03306631217601724
broach_dataset,isolation_forest_rgb_features,9nyye3ub,test,normal,0,-0.08546593893648652
broach_dataset,isolation_forest_rgb_features,9o885g3k,test,normal,0,-0.03556557939070282
broach_dataset,isolation_forest_rgb_features,9onb3jow,test,normal,0,-0.06623644743546625
broach_dataset,isolation_forest_rgb_features,9p3nr7dp,test,normal,0,-0.04715771791907075
broach_dataset,isolation_forest_rgb_features,9p4m3jg4,test,normal,0,0.04758723182210378
broach_dataset,isolation_forest_rgb_features,9pocfg3h,test,normal,0,-0.09108385289703891
broach_dataset,isolation_forest_rgb_features,9q44dvvp,test,normal,0,-0.08467528896885784
broach_dataset,isolation_forest_rgb_features,9qz3q045,test,normal,0,-0.07930064314182911
broach_dataset,isolation_forest_rgb_features,9r8tuo05,test,normal,0,-0.08650399706248102
broach_dataset,isolation_forest_rgb_features,9rk7zd9m,test,normal,0,-0.030128633621846923
broach_dataset,isolation_forest_rgb_features,9s1t78vo,test,normal,0,-0.08907207260209393
broach_dataset,isolation_forest_rgb_features,9s8zav1k,test,normal,0,-0.07117235371914332
broach_dataset,isolation_forest_rgb_features,9tvpuc4a,test,normal,0,0.007333614256430643
broach_dataset,isolation_forest_rgb_features,9uskb688,test,normal,0,-0.09334746699745045
broach_dataset,isolation_forest_rgb_features,9utvmtuc,test,normal,0,-0.07081747863853538
broach_dataset,isolation_forest_rgb_features,9v07oqkb,test,normal,0,-0.0882910449017697
broach_dataset,isolation_forest_rgb_features,9v4epnxa,test,normal,0,-0.0627161363478172
broach_dataset,isolation_forest_rgb_features,9v6zsmwo,test,normal,0,-0.04728966440975613
broach_dataset,isolation_forest_rgb_features,9vqiet4a,test,normal,0,-0.0676549455188758
broach_dataset,isolation_forest_rgb_features,9x20bw2m,test,normal,0,-0.10044575447269682
broach_dataset,isolation_forest_rgb_features,9xdyq8d7,test,normal,0,-0.10189619929734944
broach_dataset,isolation_forest_rgb_features,9z1h68im,test,normal,0,-0.013372159795039584
broach_dataset,isolation_forest_rgb_features,9z2fvexy,test,normal,0,-0.02992447721166075
broach_dataset,isolation_forest_rgb_features,9zu17d8h,test,normal,0,-0.0387720354167953
broach_dataset,isolation_forest_rgb_features,a0f89jch,test,normal,0,-0.02209027923325052
broach_dataset,isolation_forest_rgb_features,a0gurgug,test,normal,0,-0.07338930566024976
broach_dataset,isolation_forest_rgb_features,a0mvf4s2,test,normal,0,-0.07800472030164479
broach_dataset,isolation_forest_rgb_features,a1a81v93,test,normal,0,-0.08314535239039939
broach_dataset,isolation_forest_rgb_features,a1iopra5,test,normal,0,-0.09438704351809085
broach_dataset,isolation_forest_rgb_features,a1j1ouoo,test,normal,0,-0.06847640922012765
broach_dataset,isolation_forest_rgb_features,a2hhkfj2,test,normal,0,-0.0771201155748294
broach_dataset,isolation_forest_rgb_features,a2hzteiw,test,normal,0,0.0778230046048507
broach_dataset,isolation_forest_rgb_features,a2pqxd4q,test,normal,0,-0.09005986664789306
broach_dataset,isolation_forest_rgb_features,a2tbyy27,test,normal,0,-0.052012376619386624
broach_dataset,isolation_forest_rgb_features,a38fk6xc,test,normal,0,-0.08252675951779304
broach_dataset,isolation_forest_rgb_features,a3mlwu1l,test,normal,0,-0.07605752871585036
broach_dataset,isolation_forest_rgb_features,a4psr282,test,normal,0,-0.007237691452438577
broach_dataset,isolation_forest_rgb_features,a4rgfnir,test,normal,0,-0.07969855222173111
broach_dataset,isolation_forest_rgb_features,a566kqqh,test,normal,0,-0.09860872912246504
broach_dataset,isolation_forest_rgb_features,a59obnnq,test,normal,0,0.021052717953495947
broach_dataset,isolation_forest_rgb_features,a5uy7nvl,test,normal,0,-0.06941095592371466
broach_dataset,isolation_forest_rgb_features,a6bmla4q,test,normal,0,-0.018353764333618905
broach_dataset,isolation_forest_rgb_features,a6t9p1jh,test,normal,0,0.02010828231375772
broach_dataset,isolation_forest_rgb_features,a7dd72re,test,normal,0,-0.09328118384953593
broach_dataset,isolation_forest_rgb_features,a7j6oy77,test,normal,0,-0.028861400385143454
broach_dataset,isolation_forest_rgb_features,a7kejfsj,test,normal,0,0.14942736351475183
broach_dataset,isolation_forest_rgb_features,a7r582k8,test,normal,0,-0.015967846792913076
broach_dataset,isolation_forest_rgb_features,a7ryzy26,test,normal,0,-0.094239226988103
broach_dataset,isolation_forest_rgb_features,a8nbg1x2,test,normal,0,-0.05441013733992378
broach_dataset,isolation_forest_rgb_features,a92wlffk,test,normal,0,-0.08295549611432029
broach_dataset,isolation_forest_rgb_features,a94d8xer,test,normal,0,-0.09873134669590566
broach_dataset,isolation_forest_rgb_features,aa2u4px1,test,normal,0,-0.08796805465845692
broach_dataset,isolation_forest_rgb_features,aaajo1f8,test,normal,0,-0.05103476877800284
broach_dataset,isolation_forest_rgb_features,aad0xh2m,test,normal,0,-0.10106612431018674
broach_dataset,isolation_forest_rgb_features,aaddjiti,test,normal,0,-0.07566183442685653
broach_dataset,isolation_forest_rgb_features,aalxvgpc,test,normal,0,-0.01200419770307909
broach_dataset,isolation_forest_rgb_features,aawbsrxo,test,normal,0,-0.10726537598809921
broach_dataset,isolation_forest_rgb_features,abuo970u,test,normal,0,-0.03455839504774616
broach_dataset,isolation_forest_rgb_features,abyqkwb0,test,normal,0,0.0457093220742919
broach_dataset,isolation_forest_rgb_features,adigsntw,test,normal,0,-0.009499749717630901
broach_dataset,isolation_forest_rgb_features,adkel21a,test,normal,0,-0.07386952056078949
broach_dataset,isolation_forest_rgb_features,aep3a8n5,test,normal,0,-0.0035293805827371627
broach_dataset,isolation_forest_rgb_features,afb7cqfa,test,normal,0,-0.07596216667495304
broach_dataset,isolation_forest_rgb_features,ag6xo6pb,test,normal,0,-0.09445873284901224
broach_dataset,isolation_forest_rgb_features,agbp9gxv,test,normal,0,-0.09014854777155595
broach_dataset,isolation_forest_rgb_features,agnljcb1,test,normal,0,-0.08059447207001641
broach_dataset,isolation_forest_rgb_features,ahktfc2r,test,normal,0,-0.07348041300485408
broach_dataset,isolation_forest_rgb_features,ai0ixpwm,test,normal,0,-0.09365526837038013
broach_dataset,isolation_forest_rgb_features,aj4mh7lk,test,normal,0,-0.09651322767411413
broach_dataset,isolation_forest_rgb_features,akcqadc1,test,normal,0,0.06653716183875624
broach_dataset,isolation_forest_rgb_features,akitkg0f,test,normal,0,0.0637631765606057
broach_dataset,isolation_forest_rgb_features,albna023,test,normal,0,-0.09533080242919584
broach_dataset,isolation_forest_rgb_features,alnu6bx0,test,normal,0,-0.09017507942362901
broach_dataset,isolation_forest_rgb_features,am0xkfsi,test,normal,0,-0.03577651435841511
broach_dataset,isolation_forest_rgb_features,am7p9foq,test,normal,0,-0.0934952169583887
broach_dataset,isolation_forest_rgb_features,amchpyuf,test,normal,0,0.13339800647869848
broach_dataset,isolation_forest_rgb_features,amkcejhc,test,normal,0,-0.10587703117371056
broach_dataset,isolation_forest_rgb_features,aml227ci,test,normal,0,-0.11358043323694356
broach_dataset,isolation_forest_rgb_features,anw2d0gz,test,normal,0,-0.04914120662844357
broach_dataset,isolation_forest_rgb_features,aoiwaydr,test,normal,0,-0.032513894569296764
broach_dataset,isolation_forest_rgb_features,ap3k5b8s,test,normal,0,-0.07702062102112417
broach_dataset,isolation_forest_rgb_features,ap7p92le,test,normal,0,-0.09848010092291626
broach_dataset,isolation_forest_rgb_features,apo1elqe,test,normal,0,-0.092921158380803
broach_dataset,isolation_forest_rgb_features,ar2zsin4,test,normal,0,-0.07158610891921374
broach_dataset,isolation_forest_rgb_features,arseuh23,test,normal,0,-0.09212287539013286
broach_dataset,isolation_forest_rgb_features,as8agrna,test,normal,0,-0.01978235851628335
broach_dataset,isolation_forest_rgb_features,asz6e3tf,test,normal,0,0.05492047805631661
broach_dataset,isolation_forest_rgb_features,at2eyf8a,test,normal,0,0.0016834556136706702
broach_dataset,isolation_forest_rgb_features,atgvetn0,test,normal,0,-0.06454313975973097
broach_dataset,isolation_forest_rgb_features,atp9px7l,test,normal,0,-0.05381089188277316
broach_dataset,isolation_forest_rgb_features,atpz00h4,test,normal,0,-0.0995895298016265
broach_dataset,isolation_forest_rgb_features,aus6lymm,test,normal,0,-0.07233961640311032
broach_dataset,isolation_forest_rgb_features,avbhsuyp,test,normal,0,-0.08247510056558877
broach_dataset,isolation_forest_rgb_features,avirzxw2,test,normal,0,-0.06130750552138592
broach_dataset,isolation_forest_rgb_features,avzcta94,test,normal,0,-0.05650914516073169
broach_dataset,isolation_forest_rgb_features,awpg8gkx,test,normal,0,-0.09840615422446303
broach_dataset,isolation_forest_rgb_features,awu918vc,test,normal,0,0.013203270368455033
broach_dataset,isolation_forest_rgb_features,ax7gs7i0,test,normal,0,-0.0283314158189637
broach_dataset,isolation_forest_rgb_features,axpcd6i2,test,normal,0,-0.09325279901499128
broach_dataset,isolation_forest_rgb_features,ayi49cab,test,normal,0,-0.10144723576261039
broach_dataset,isolation_forest_rgb_features,aynhw8vv,test,normal,0,-0.05721802740247872
broach_dataset,isolation_forest_rgb_features,az0wy5eq,test,normal,0,-0.07870719819701466
broach_dataset,isolation_forest_rgb_features,az39pecn,test,normal,0,-0.08334931915548599
broach_dataset,isolation_forest_rgb_features,azpij3f7,test,normal,0,-0.053903345217441445
broach_dataset,isolation_forest_rgb_features,b01d5wdn,test,normal,0,-0.09511875525978536
broach_dataset,isolation_forest_rgb_features,b02uclz2,test,normal,0,-0.08965951203837264
broach_dataset,isolation_forest_rgb_features,b0gq3a7c,test,normal,0,-0.06310389761362117
broach_dataset,isolation_forest_rgb_features,b0i6bz5f,test,normal,0,-0.09887719861582561
broach_dataset,isolation_forest_rgb_features,b0pl861c,test,normal,0,0.17461182992387958
broach_dataset,isolation_forest_rgb_features,b12qzu8d,test,normal,0,0.06492515057188064
broach_dataset,isolation_forest_rgb_features,b1qtgnhu,test,normal,0,-0.03077664047541756
broach_dataset,isolation_forest_rgb_features,b1vm3de8,test,normal,0,-0.007335307521294965
broach_dataset,isolation_forest_rgb_features,b1ztpsfd,test,normal,0,-0.005341536538977731
broach_dataset,isolation_forest_rgb_features,b2xhy2a9,test,normal,0,-0.07636237811811658
broach_dataset,isolation_forest_rgb_features,b352jkut,test,normal,0,-0.04135651900996207
broach_dataset,isolation_forest_rgb_features,b41hfu9p,test,normal,0,-0.06905674680053259
broach_dataset,isolation_forest_rgb_features,b4r8ocfs,test,normal,0,-0.10090033515881425
broach_dataset,isolation_forest_rgb_features,b4w2y5pe,test,normal,0,-0.0879005182867677
broach_dataset,isolation_forest_rgb_features,b4yuexyv,test,normal,0,0.16679268207236586
broach_dataset,isolation_forest_rgb_features,b5389m8j,test,normal,0,-0.09871713696055795
broach_dataset,isolation_forest_rgb_features,b6v27aid,test,normal,0,-0.06853069133539147
broach_dataset,isolation_forest_rgb_features,b7jdr4b4,test,normal,0,-0.08466984668170674
broach_dataset,isolation_forest_rgb_features,b7sncpi6,test,normal,0,-0.02746342639275301
broach_dataset,isolation_forest_rgb_features,b7zyneqw,test,normal,0,-0.08669742878729703
broach_dataset,isolation_forest_rgb_features,b890zm8j,test,normal,0,-0.0694821359036421
broach_dataset,isolation_forest_rgb_features,b8c1my7f,test,normal,0,0.008750634474761876
broach_dataset,isolation_forest_rgb_features,b8poxiot,test,normal,0,-0.03080009545357626
broach_dataset,isolation_forest_rgb_features,b9b935kz,test,normal,0,-0.03538785629586566
broach_dataset,isolation_forest_rgb_features,b9fwnhip,test,normal,0,0.06879702204825033
broach_dataset,isolation_forest_rgb_features,ba1dyqg1,test,normal,0,-0.09927732657250055
broach_dataset,isolation_forest_rgb_features,ba56pknr,test,normal,0,-0.08164497450879948
broach_dataset,isolation_forest_rgb_features,bbckmr8p,test,normal,0,-0.0657755466177829
broach_dataset,isolation_forest_rgb_features,bbsu04w4,test,normal,0,-0.08522399153210691
broach_dataset,isolation_forest_rgb_features,bd41rxwg,test,normal,0,-0.03204659114130465
broach_dataset,isolation_forest_rgb_features,bd880mdw,test,normal,0,-0.10573484600401867
broach_dataset,isolation_forest_rgb_features,bdgg7pvr,test,normal,0,-0.09143934028007517
broach_dataset,isolation_forest_rgb_features,bduf72oo,test,normal,0,-0.04048595500117341
broach_dataset,isolation_forest_rgb_features,be8pen4c,test,normal,0,-0.10278958603613281
broach_dataset,isolation_forest_rgb_features,berxe6l0,test,normal,0,-0.07608567360776358
broach_dataset,isolation_forest_rgb_features,bf2er1sj,test,normal,0,-0.001228219613472803
broach_dataset,isolation_forest_rgb_features,bfnltbgl,test,normal,0,-0.08056618034133667
broach_dataset,isolation_forest_rgb_features,bftid580,test,normal,0,-0.07553993404125303
broach_dataset,isolation_forest_rgb_features,bgl2mcxn,test,normal,0,-0.097463255519736
broach_dataset,isolation_forest_rgb_features,bgmy4iqz,test,normal,0,-0.07695445466712508
broach_dataset,isolation_forest_rgb_features,bhaiiwi0,test,normal,0,-0.07879353001916184
broach_dataset,isolation_forest_rgb_features,biv407dt,test,normal,0,-0.08791352786338857
broach_dataset,isolation_forest_rgb_features,bj4ntksz,test,normal,0,-0.05646626738577415
broach_dataset,isolation_forest_rgb_features,bjrimwny,test,normal,0,-0.06995185113722557
broach_dataset,isolation_forest_rgb_features,blfa51kk,test,normal,0,0.06841927579573748
broach_dataset,isolation_forest_rgb_features,blokrg63,test,normal,0,-0.08191758160040141
broach_dataset,isolation_forest_rgb_features,bmqq749q,test,normal,0,-0.07622306544931745
broach_dataset,isolation_forest_rgb_features,bnkoj1vt,test,normal,0,-0.06303170451100898
broach_dataset,isolation_forest_rgb_features,bpg2r0to,test,normal,0,-0.08426426024599426
broach_dataset,isolation_forest_rgb_features,bpk093i1,test,normal,0,-0.09412578059420756
broach_dataset,isolation_forest_rgb_features,bpuqygjg,test,normal,0,-0.09454822937604274
broach_dataset,isolation_forest_rgb_features,bqam97xo,test,normal,0,-0.08315309520305342
broach_dataset,isolation_forest_rgb_features,bqg5a8mb,test,normal,0,-0.09302469410612918
broach_dataset,isolation_forest_rgb_features,bqt8hh10,test,normal,0,0.1389356927581319
broach_dataset,isolation_forest_rgb_features,br99p9yk,test,normal,0,0.05023737559715191
broach_dataset,isolation_forest_rgb_features,brfy17xo,test,normal,0,-0.010867469817153863
broach_dataset,isolation_forest_rgb_features,brnid5r6,test,normal,0,-0.08253062112560328
broach_dataset,isolation_forest_rgb_features,brspj4ki,test,normal,0,-0.09096678283117893
broach_dataset,isolation_forest_rgb_features,brw32420,test,normal,0,-0.05648143431192226
broach_dataset,isolation_forest_rgb_features,bscf2qvj,test,normal,0,-0.045994423730421674
broach_dataset,isolation_forest_rgb_features,bsq1iu7r,test,normal,0,-0.033529125774805435
broach_dataset,isolation_forest_rgb_features,bst4q0me,test,normal,0,-0.03100342612603918
broach_dataset,isolation_forest_rgb_features,btbop51v,test,normal,0,-0.08836982629573814
broach_dataset,isolation_forest_rgb_features,bte6zrx3,test,normal,0,0.08488191567869341
broach_dataset,isolation_forest_rgb_features,btu7rilu,test,normal,0,0.002136375038017224
broach_dataset,isolation_forest_rgb_features,buwqbaxr,test,normal,0,0.14795253422340326
broach_dataset,isolation_forest_rgb_features,bv2j3t4h,test,normal,0,-0.05610198748636347
broach_dataset,isolation_forest_rgb_features,bv46mu62,test,normal,0,-0.09273523682033097
broach_dataset,isolation_forest_rgb_features,bv6vpllg,test,normal,0,0.10158797797231178
broach_dataset,isolation_forest_rgb_features,bv8m07nk,test,normal,0,0.017300166559644392
broach_dataset,isolation_forest_rgb_features,bwq6fodn,test,normal,0,-0.0851836852736686
broach_dataset,isolation_forest_rgb_features,bx52ni0d,test,normal,0,-0.07686573355503878
broach_dataset,isolation_forest_rgb_features,bxc1bxyt,test,normal,0,-0.021718350800894848
broach_dataset,isolation_forest_rgb_features,by402329,test,normal,0,-0.08381065100997048
broach_dataset,isolation_forest_rgb_features,by4r0023,test,normal,0,-0.04745846596995862
broach_dataset,isolation_forest_rgb_features,bz3gjcls,test,normal,0,-0.07823770605124919
broach_dataset,isolation_forest_rgb_features,bzqstd1c,test,normal,0,-0.08530425879347975
broach_dataset,isolation_forest_rgb_features,c0kxinhk,test,normal,0,-0.05073701197751618
broach_dataset,isolation_forest_rgb_features,c1lxgbnz,test,normal,0,-0.03558308385278203
broach_dataset,isolation_forest_rgb_features,c1spe7ei,test,normal,0,-0.06169288469120626
broach_dataset,isolation_forest_rgb_features,c25juv05,test,normal,0,-0.10660696316149909
broach_dataset,isolation_forest_rgb_features,c4djyr0r,test,normal,0,-0.09467237992754157
broach_dataset,isolation_forest_rgb_features,c4fh065a,test,normal,0,-0.08920481901835159
broach_dataset,isolation_forest_rgb_features,c50b8y5d,test,normal,0,-0.09776771291856506
broach_dataset,isolation_forest_rgb_features,c6es3ugp,test,normal,0,-0.09421315222252419
broach_dataset,isolation_forest_rgb_features,c6sm52oi,test,normal,0,0.051641274365156864
broach_dataset,isolation_forest_rgb_features,c8julf09,test,normal,0,-0.07362419593526692
broach_dataset,isolation_forest_rgb_features,c9ybx6gy,test,normal,0,-0.009250537435591843
broach_dataset,isolation_forest_rgb_features,caec69nb,test,normal,0,-0.06349133567834597
broach_dataset,isolation_forest_rgb_features,cahc4xo6,test,normal,0,-0.01230814411905612
broach_dataset,isolation_forest_rgb_features,cakosmfk,test,normal,0,0.03547180895539026
broach_dataset,isolation_forest_rgb_features,cb2x18ns,test,normal,0,-0.07234264757827225
broach_dataset,isolation_forest_rgb_features,cb5v8t40,test,normal,0,-0.10211645012266368
broach_dataset,isolation_forest_rgb_features,cbzcxqud,test,normal,0,-0.07484269168879387
broach_dataset,isolation_forest_rgb_features,cc9pyefv,test,normal,0,-0.09388875914732264
broach_dataset,isolation_forest_rgb_features,cd0prss6,test,normal,0,-0.022006197487295875
broach_dataset,isolation_forest_rgb_features,cd23v4xn,test,normal,0,-0.09649079832068402
broach_dataset,isolation_forest_rgb_features,cdoiibfb,test,normal,0,-0.07507979610815346
broach_dataset,isolation_forest_rgb_features,cdyoc44k,test,normal,0,0.15380277996279812
broach_dataset,isolation_forest_rgb_features,cebwpyzx,test,normal,0,-0.07751024583629657
broach_dataset,isolation_forest_rgb_features,cemcilrs,test,normal,0,-0.0952225686334921
broach_dataset,isolation_forest_rgb_features,cf2r8xii,test,normal,0,-0.030862307068123818
broach_dataset,isolation_forest_rgb_features,cf5yye5l,test,normal,0,-0.01712279284847218
broach_dataset,isolation_forest_rgb_features,cgdc5tao,test,normal,0,-0.09669090054640461
broach_dataset,isolation_forest_rgb_features,cgnk3y8i,test,normal,0,-0.0993467393809837
broach_dataset,isolation_forest_rgb_features,cgstps1h,test,normal,0,-0.016693962918110483
broach_dataset,isolation_forest_rgb_features,ci2w1w60,test,normal,0,-0.03714560336531186
broach_dataset,isolation_forest_rgb_features,cizhd8kl,test,normal,0,0.0414040222216997
broach_dataset,isolation_forest_rgb_features,cjtac15d,test,normal,0,-0.022862918203735205
broach_dataset,isolation_forest_rgb_features,cjzccu28,test,normal,0,-0.009043579642220079
broach_dataset,isolation_forest_rgb_features,cku3cqbh,test,normal,0,-0.06869092583465608
broach_dataset,isolation_forest_rgb_features,cmnbmkjt,test,normal,0,-0.06560599482717605
broach_dataset,isolation_forest_rgb_features,cn44wcgp,test,normal,0,-0.018221846213727355
broach_dataset,isolation_forest_rgb_features,cnebcxii,test,normal,0,-0.0702146982894093
broach_dataset,isolation_forest_rgb_features,cnsjmgk8,test,normal,0,-0.01583649972047496
broach_dataset,isolation_forest_rgb_features,co1rywym,test,normal,0,-0.07480243665168806
broach_dataset,isolation_forest_rgb_features,co9yua8n,test,normal,0,-0.08695276427266907
broach_dataset,isolation_forest_rgb_features,cob1ejif,test,normal,0,-0.09099777318165014
broach_dataset,isolation_forest_rgb_features,coo004oo,test,normal,0,-0.06330225267319706
broach_dataset,isolation_forest_rgb_features,cpgnm6hx,test,normal,0,-0.05725980056583013
broach_dataset,isolation_forest_rgb_features,cpkfk905,test,normal,0,-0.08353273332767414
broach_dataset,isolation_forest_rgb_features,cqxcs1xs,test,normal,0,-0.07063149907830385
broach_dataset,isolation_forest_rgb_features,cqxm3voh,test,normal,0,-0.06580381064364577
broach_dataset,isolation_forest_rgb_features,crhm22sn,test,normal,0,-0.08665768459837969
broach_dataset,isolation_forest_rgb_features,cri0vd94,test,normal,0,0.004442610428290861
broach_dataset,isolation_forest_rgb_features,csl3kwvr,test,normal,0,-0.08177209478106745
broach_dataset,isolation_forest_rgb_features,cssyzleg,test,normal,0,-0.07170906716798009
broach_dataset,isolation_forest_rgb_features,cuc6jzmn,test,normal,0,-0.02914763999978437
broach_dataset,isolation_forest_rgb_features,cv1ltwbj,test,normal,0,-0.0910178333185156
broach_dataset,isolation_forest_rgb_features,cvb99q7q,test,normal,0,-0.02343004949990346
broach_dataset,isolation_forest_rgb_features,cvjf3qtc,test,normal,0,-0.05803108528273432
broach_dataset,isolation_forest_rgb_features,cvkngu9t,test,normal,0,-0.07847822131180404
broach_dataset,isolation_forest_rgb_features,cw85nc3h,test,normal,0,0.004883937980965758
broach_dataset,isolation_forest_rgb_features,cw9ibgje,test,normal,0,-0.10112116303871915
broach_dataset,isolation_forest_rgb_features,cwi2skhk,test,normal,0,-0.06883167950708413
broach_dataset,isolation_forest_rgb_features,cx9xg69d,test,normal,0,-0.02001880345530921
broach_dataset,isolation_forest_rgb_features,cxallssf,test,normal,0,-0.10138360269941238
broach_dataset,isolation_forest_rgb_features,cymne2ju,test,normal,0,-0.07764067033004979
broach_dataset,isolation_forest_rgb_features,cyy8r3ni,test,normal,0,-0.0844364230136983
broach_dataset,isolation_forest_rgb_features,czh2jfe3,test,normal,0,-0.018005350119416008
broach_dataset,isolation_forest_rgb_features,d0obsgmm,test,normal,0,-0.08988191892325847
broach_dataset,isolation_forest_rgb_features,d0wwcqcl,test,normal,0,0.0765075217811727
broach_dataset,isolation_forest_rgb_features,d1a5qodw,test,normal,0,-0.09540019209758699
broach_dataset,isolation_forest_rgb_features,d1fjpp5i,test,normal,0,-0.018124721586030235
broach_dataset,isolation_forest_rgb_features,d1hfq4gs,test,normal,0,-0.0013980575197605205
broach_dataset,isolation_forest_rgb_features,d1l04vu2,test,normal,0,0.1529989047917958
broach_dataset,isolation_forest_rgb_features,d1udxpjt,test,normal,0,0.05004872745303268
broach_dataset,isolation_forest_rgb_features,d22hwfzp,test,normal,0,-0.03178681271220041
broach_dataset,isolation_forest_rgb_features,d22scuj2,test,normal,0,0.036692140540261375
broach_dataset,isolation_forest_rgb_features,d2b6e4dw,test,normal,0,-0.03770827446713043
broach_dataset,isolation_forest_rgb_features,d2ol48f1,test,normal,0,0.05677374693667547
broach_dataset,isolation_forest_rgb_features,d2pb01s3,test,normal,0,-0.09181866008866241
broach_dataset,isolation_forest_rgb_features,d2x9a7jo,test,normal,0,-0.0802227761149994
broach_dataset,isolation_forest_rgb_features,d2xd3ttv,test,normal,0,-0.03128570034105277
broach_dataset,isolation_forest_rgb_features,d3bmyu8t,test,normal,0,-0.06518348434136823
broach_dataset,isolation_forest_rgb_features,d3ttet59,test,normal,0,-0.02196355902206204
broach_dataset,isolation_forest_rgb_features,d3u98y9h,test,normal,0,-0.0755328795499885
broach_dataset,isolation_forest_rgb_features,d4h7lpwk,test,normal,0,-0.004322985079992903
broach_dataset,isolation_forest_rgb_features,d4ysd6sh,test,normal,0,-0.031052975545122485
broach_dataset,isolation_forest_rgb_features,d4zyefg5,test,normal,0,-0.06451063695224751
broach_dataset,isolation_forest_rgb_features,d5d3sd4x,test,normal,0,0.08637008743300045
broach_dataset,isolation_forest_rgb_features,d5dwdt62,test,normal,0,-0.024101843361094943
broach_dataset,isolation_forest_rgb_features,d5jl4nmh,test,normal,0,-0.024817105757396485
broach_dataset,isolation_forest_rgb_features,d67gf9nh,test,normal,0,-0.036149550109036144
broach_dataset,isolation_forest_rgb_features,d75tageb,test,normal,0,-0.08935554079852659
broach_dataset,isolation_forest_rgb_features,d7fw33g8,test,normal,0,-0.042677347560373835
broach_dataset,isolation_forest_rgb_features,d7hfvsv3,test,normal,0,-0.07368028340934635
broach_dataset,isolation_forest_rgb_features,d7spljcp,test,normal,0,-0.025943796529433627
broach_dataset,isolation_forest_rgb_features,d7urudo4,test,normal,0,-0.04342410367472366
broach_dataset,isolation_forest_rgb_features,d8jvx7wk,test,normal,0,-0.1024673589942724
broach_dataset,isolation_forest_rgb_features,d8vu7jcs,test,normal,0,-0.05259295218724336
broach_dataset,isolation_forest_rgb_features,d9ezj4hi,test,normal,0,-0.030501868985532254
broach_dataset,isolation_forest_rgb_features,d9lxrgus,test,normal,0,-0.09195925936195398
broach_dataset,isolation_forest_rgb_features,dafymdpv,test,normal,0,-0.015722683171633334
broach_dataset,isolation_forest_rgb_features,db8zgywq,test,normal,0,-0.07937758711524306
broach_dataset,isolation_forest_rgb_features,ddcss3qc,test,normal,0,-0.053693622153505205
broach_dataset,isolation_forest_rgb_features,ddkswz7u,test,normal,0,-0.07819821974574942
broach_dataset,isolation_forest_rgb_features,ddosgasl,test,normal,0,-0.10315883358240058
broach_dataset,isolation_forest_rgb_features,demm0uez,test,normal,0,-0.10544807882771712
broach_dataset,isolation_forest_rgb_features,dezh0cd8,test,normal,0,-0.06533678309457619
broach_dataset,isolation_forest_rgb_features,dfbhpsoj,test,normal,0,-0.09681479998470566
broach_dataset,isolation_forest_rgb_features,dg3dm525,test,normal,0,0.1584959056265205
broach_dataset,isolation_forest_rgb_features,dgntl7dh,test,normal,0,-0.060812951106740565
broach_dataset,isolation_forest_rgb_features,dgp5o1g1,test,normal,0,-0.009550601541386594
broach_dataset,isolation_forest_rgb_features,dh3qccsz,test,normal,0,-0.0645554185347117
broach_dataset,isolation_forest_rgb_features,dhrwx4j2,test,normal,0,-0.0911640016558285
broach_dataset,isolation_forest_rgb_features,di90wmvb,test,normal,0,-0.10075309984583575
broach_dataset,isolation_forest_rgb_features,dla8dmig,test,normal,0,-0.06959989924714344
broach_dataset,isolation_forest_rgb_features,dlught7e,test,normal,0,-0.09132871089899725
broach_dataset,isolation_forest_rgb_features,dm2h3tx4,test,normal,0,-0.09191996183529905
broach_dataset,isolation_forest_rgb_features,dmlrsiwo,test,normal,0,0.05956819645749345
broach_dataset,isolation_forest_rgb_features,dndb94lj,test,normal,0,-0.0064008925481386925
broach_dataset,isolation_forest_rgb_features,dof07r0c,test,normal,0,-0.021978832762800493
broach_dataset,isolation_forest_rgb_features,domtxqup,test,normal,0,-0.09415571492611446
broach_dataset,isolation_forest_rgb_features,dopmqqje,test,normal,0,-0.031273166875150527
broach_dataset,isolation_forest_rgb_features,dpovj2u8,test,normal,0,-0.0990641696815136
broach_dataset,isolation_forest_rgb_features,dq3v011n,test,normal,0,-0.09196644490026579
broach_dataset,isolation_forest_rgb_features,drfrmq8r,test,normal,0,-0.09457321334412516
broach_dataset,isolation_forest_rgb_features,drr2whbj,test,normal,0,-0.022221093985699714
broach_dataset,isolation_forest_rgb_features,ds8fl2wb,test,normal,0,0.05368833523045036
broach_dataset,isolation_forest_rgb_features,dsc31its,test,normal,0,-0.07573819274933485
broach_dataset,isolation_forest_rgb_features,dsjd6n16,test,normal,0,0.1109799319197392
broach_dataset,isolation_forest_rgb_features,dt1wvf6r,test,normal,0,0.07322568833560994
broach_dataset,isolation_forest_rgb_features,dtgs6rpj,test,normal,0,-0.08946650398283379
broach_dataset,isolation_forest_rgb_features,dtn0abmk,test,normal,0,-0.11263710565494256
broach_dataset,isolation_forest_rgb_features,dtqs4abi,test,normal,0,-0.03954672652765934
broach_dataset,isolation_forest_rgb_features,dty3ck6f,test,normal,0,-0.07594303642651934
broach_dataset,isolation_forest_rgb_features,dulgxjbb,test,normal,0,-0.035425519204917044
broach_dataset,isolation_forest_rgb_features,duxic4rr,test,normal,0,0.08054495603591971
broach_dataset,isolation_forest_rgb_features,dvriygs9,test,normal,0,-0.08870792519519882
broach_dataset,isolation_forest_rgb_features,dw1nn9f7,test,normal,0,-0.08145149930628193
broach_dataset,isolation_forest_rgb_features,dwhl940v,test,normal,0,-0.0886547090679714
broach_dataset,isolation_forest_rgb_features,dwqk53bi,test,normal,0,-0.09546233081272887
broach_dataset,isolation_forest_rgb_features,dxixzmft,test,normal,0,-0.07818849801539873
broach_dataset,isolation_forest_rgb_features,dxky6o9r,test,normal,0,-0.03287460281767168
broach_dataset,isolation_forest_rgb_features,dy30ryy3,test,normal,0,-0.09686925009708963
broach_dataset,isolation_forest_rgb_features,dyeb3rii,test,normal,0,0.15929545216013064
broach_dataset,isolation_forest_rgb_features,dyndp7gb,test,normal,0,-0.07033858376105279
broach_dataset,isolation_forest_rgb_features,dyrt6oi8,test,normal,0,-0.09182970229344772
broach_dataset,isolation_forest_rgb_features,dz2z5iv7,test,normal,0,-0.0014603993986551655
broach_dataset,isolation_forest_rgb_features,dzotme0c,test,normal,0,-0.047528190218760424
broach_dataset,isolation_forest_rgb_features,e07blw9m,test,normal,0,-0.023421760306055084
broach_dataset,isolation_forest_rgb_features,e0aa7ekk,test,normal,0,-0.056258568385090524
broach_dataset,isolation_forest_rgb_features,e0l4ol5k,test,normal,0,0.060400455436236955
broach_dataset,isolation_forest_rgb_features,e12qeykc,test,normal,0,-0.10316058838258191
broach_dataset,isolation_forest_rgb_features,e4cwsjb4,test,normal,0,-0.09070971657567345
broach_dataset,isolation_forest_rgb_features,e4dv76oi,test,normal,0,0.005596550510994169
broach_dataset,isolation_forest_rgb_features,e4ep7cgn,test,normal,0,-0.07191254552224963
broach_dataset,isolation_forest_rgb_features,e4k2v4zp,test,normal,0,-0.03557028854312577
broach_dataset,isolation_forest_rgb_features,e4qvtdoa,test,normal,0,-0.0019136577604436655
broach_dataset,isolation_forest_rgb_features,e52m1alc,test,normal,0,-0.07916507313200394
broach_dataset,isolation_forest_rgb_features,e54ukigd,test,normal,0,-0.05834160238074121
broach_dataset,isolation_forest_rgb_features,e5oz83ej,test,normal,0,-0.0975211465566343
broach_dataset,isolation_forest_rgb_features,e6opemst,test,normal,0,-0.07580391412477172
broach_dataset,isolation_forest_rgb_features,e705680m,test,normal,0,-0.08344162024590684
broach_dataset,isolation_forest_rgb_features,e8d4efvv,test,normal,0,-0.07763481406109951
broach_dataset,isolation_forest_rgb_features,e8fzhkdy,test,normal,0,-0.08286550331676074
broach_dataset,isolation_forest_rgb_features,e8iv8ay0,test,normal,0,-0.06172885191817845
broach_dataset,isolation_forest_rgb_features,e9ahim9l,test,normal,0,-0.0905994561422786
broach_dataset,isolation_forest_rgb_features,e9gt9kty,test,normal,0,-0.07912621937877362
broach_dataset,isolation_forest_rgb_features,e9vifttd,test,normal,0,-0.08669309563297573
broach_dataset,isolation_forest_rgb_features,e9wr2p2g,test,normal,0,-0.07792571695359207
broach_dataset,isolation_forest_rgb_features,eaaot03k,test,normal,0,0.06148945469466893
broach_dataset,isolation_forest_rgb_features,ead2guy2,test,normal,0,-0.018581000648937307
broach_dataset,isolation_forest_rgb_features,eavz4w9h,test,normal,0,-0.06801193691926494
broach_dataset,isolation_forest_rgb_features,ebiyhhck,test,normal,0,0.039554248423845695
broach_dataset,isolation_forest_rgb_features,ebqo7bbq,test,normal,0,-0.06085869109754377
broach_dataset,isolation_forest_rgb_features,ecm785zd,test,normal,0,-0.10467092787015436
broach_dataset,isolation_forest_rgb_features,edc3egv6,test,normal,0,-0.07182160424602618
broach_dataset,isolation_forest_rgb_features,eds9judp,test,normal,0,-0.10097098555745859
broach_dataset,isolation_forest_rgb_features,eecp6usz,test,normal,0,-0.04961918643690394
broach_dataset,isolation_forest_rgb_features,efdap1yr,test,normal,0,-0.08604061010479819
broach_dataset,isolation_forest_rgb_features,efhseyw0,test,normal,0,-0.0885076891433394
broach_dataset,isolation_forest_rgb_features,efjawshm,test,normal,0,-0.07468485927235946
broach_dataset,isolation_forest_rgb_features,efjtx9x1,test,normal,0,0.0008061881706401541
broach_dataset,isolation_forest_rgb_features,efuckj1w,test,normal,0,-0.07929229588867576
broach_dataset,isolation_forest_rgb_features,eg39d6kc,test,normal,0,-0.07991281718170401
broach_dataset,isolation_forest_rgb_features,egsa1tb5,test,normal,0,-0.004622879986401707
broach_dataset,isolation_forest_rgb_features,egvtjz93,test,normal,0,-0.07660577527373186
broach_dataset,isolation_forest_rgb_features,egw63x5g,test,normal,0,-0.006405401715869619
broach_dataset,isolation_forest_rgb_features,ehar63u8,test,normal,0,-0.03583842582658292
broach_dataset,isolation_forest_rgb_features,ehe2atn2,test,normal,0,-0.07462821702388983
broach_dataset,isolation_forest_rgb_features,ehg832p4,test,normal,0,-0.03972103915681885
broach_dataset,isolation_forest_rgb_features,ehhw9bh2,test,normal,0,-0.06014958012113125
broach_dataset,isolation_forest_rgb_features,ehmjfqb1,test,normal,0,-0.02061708120102196
broach_dataset,isolation_forest_rgb_features,eiz0ekvv,test,normal,0,-0.0989101740983111
broach_dataset,isolation_forest_rgb_features,ej7ykfv6,test,normal,0,-0.03865086766364617
broach_dataset,isolation_forest_rgb_features,ek622xfe,test,normal,0,-0.10002759621327945
broach_dataset,isolation_forest_rgb_features,el6rl1on,test,normal,0,-0.05185599787692535
broach_dataset,isolation_forest_rgb_features,elko48dh,test,normal,0,-0.0844868914845261
broach_dataset,isolation_forest_rgb_features,emjyx0yg,test,normal,0,-0.0448866625376359
broach_dataset,isolation_forest_rgb_features,emvkd6wt,test,normal,0,-0.08202258701102183
broach_dataset,isolation_forest_rgb_features,en2esqp2,test,normal,0,-0.09010119267623512
broach_dataset,isolation_forest_rgb_features,engugs2m,test,normal,0,-0.061123029734628576
broach_dataset,isolation_forest_rgb_features,enww4e3j,test,normal,0,-0.043257740203295536
broach_dataset,isolation_forest_rgb_features,eonf2muf,test,normal,0,-0.05562952802555604
broach_dataset,isolation_forest_rgb_features,eox981bf,test,normal,0,-0.04214352071404609
broach_dataset,isolation_forest_rgb_features,epr59sym,test,normal,0,-0.08794273913277245
broach_dataset,isolation_forest_rgb_features,eqkv2pnu,test,normal,0,-0.07049571392240306
broach_dataset,isolation_forest_rgb_features,es0s1luu,test,normal,0,-0.09669572731963577
broach_dataset,isolation_forest_rgb_features,esdnc1k3,test,normal,0,-0.055020246415673546
broach_dataset,isolation_forest_rgb_features,esn9duup,test,normal,0,0.0484187117271484
broach_dataset,isolation_forest_rgb_features,eswwbvwh,test,normal,0,-0.07203605639689514
broach_dataset,isolation_forest_rgb_features,etvffrff,test,normal,0,-0.04163208210245467
broach_dataset,isolation_forest_rgb_features,euc1hh5l,test,normal,0,-0.06929428745402627
broach_dataset,isolation_forest_rgb_features,eus7hlcm,test,normal,0,-0.012113339844717075
broach_dataset,isolation_forest_rgb_features,ew7tqlvq,test,normal,0,-0.09105771211180685
broach_dataset,isolation_forest_rgb_features,ewfvbfej,test,normal,0,-0.09390551724313201
broach_dataset,isolation_forest_rgb_features,exc1t0oy,test,normal,0,-0.07903954264133983
broach_dataset,isolation_forest_rgb_features,exmojd85,test,normal,0,-0.0887338028343756
broach_dataset,isolation_forest_rgb_features,ey4ih9pv,test,normal,0,-0.032898268877596615
broach_dataset,isolation_forest_rgb_features,eyh26bea,test,normal,0,-0.07769870851032495
broach_dataset,isolation_forest_rgb_features,eyrv8yed,test,normal,0,-0.03815510243471609
broach_dataset,isolation_forest_rgb_features,eyrynz0j,test,normal,0,-0.07451668456503302
broach_dataset,isolation_forest_rgb_features,eyvt01xf,test,normal,0,-0.028133582763917753
broach_dataset,isolation_forest_rgb_features,ez0f0xpi,test,normal,0,0.0035056321000829227
broach_dataset,isolation_forest_rgb_features,ezq0x717,test,normal,0,-0.08351288157674758
broach_dataset,isolation_forest_rgb_features,f0b5kx5g,test,normal,0,0.035704901031365366
broach_dataset,isolation_forest_rgb_features,f0uxc3b0,test,normal,0,-0.08058005412856384
broach_dataset,isolation_forest_rgb_features,f1f4tzgn,test,normal,0,-0.09419695348377288
broach_dataset,isolation_forest_rgb_features,f1ldajjb,test,normal,0,-0.08469960401108245
broach_dataset,isolation_forest_rgb_features,f1ucuofg,test,normal,0,-0.09376045334578442
broach_dataset,isolation_forest_rgb_features,f29u8uri,test,normal,0,-0.0756026821671717
broach_dataset,isolation_forest_rgb_features,f3rb7ktt,test,normal,0,0.1396961926347432
broach_dataset,isolation_forest_rgb_features,f40k5yrl,test,normal,0,-0.03544679542177964
broach_dataset,isolation_forest_rgb_features,f4bdz7a8,test,normal,0,-0.09933785427326358
broach_dataset,isolation_forest_rgb_features,f4ih1lu9,test,normal,0,-0.06777199481933432
broach_dataset,isolation_forest_rgb_features,f5p8h0yt,test,normal,0,-0.023872807731875556
broach_dataset,isolation_forest_rgb_features,f5tb6z5z,test,normal,0,-0.03486145930653156
broach_dataset,isolation_forest_rgb_features,f6jqneks,test,normal,0,0.03707161663375491
broach_dataset,isolation_forest_rgb_features,f6mq886k,test,normal,0,-0.10822977587914723
broach_dataset,isolation_forest_rgb_features,f6xz8r9d,test,normal,0,-0.051323377560978434
broach_dataset,isolation_forest_rgb_features,f8rsjrrw,test,normal,0,-0.06977630621940684
broach_dataset,isolation_forest_rgb_features,f978x4ej,test,normal,0,-0.0950293877207658
broach_dataset,isolation_forest_rgb_features,f9oup3zq,test,normal,0,-0.03532715282293669
broach_dataset,isolation_forest_rgb_features,fam1k1en,test,normal,0,0.054014442967963316
broach_dataset,isolation_forest_rgb_features,fapwz512,test,normal,0,-0.07498381985049812
broach_dataset,isolation_forest_rgb_features,fbg3wvdv,test,normal,0,-0.06719204925198069
broach_dataset,isolation_forest_rgb_features,fdknl48k,test,normal,0,0.05418998907954453
broach_dataset,isolation_forest_rgb_features,fe1zsyjc,test,normal,0,0.005329678171225649
broach_dataset,isolation_forest_rgb_features,ff5ql14f,test,normal,0,-0.09071616350026573
broach_dataset,isolation_forest_rgb_features,fggw1jyk,test,normal,0,-0.09763249187263412
broach_dataset,isolation_forest_rgb_features,fgnx9xz7,test,normal,0,-0.018978079583926832
broach_dataset,isolation_forest_rgb_features,fibrr7aq,test,normal,0,-0.08551376252639631
broach_dataset,isolation_forest_rgb_features,fisbyn2z,test,normal,0,-0.021847072185639027
broach_dataset,isolation_forest_rgb_features,fiup2le6,test,normal,0,-0.06527387834182885
broach_dataset,isolation_forest_rgb_features,fjskfn8a,test,normal,0,-0.019055004870137282
broach_dataset,isolation_forest_rgb_features,fklulx3w,test,normal,0,-0.0798094302894154
broach_dataset,isolation_forest_rgb_features,fkofc2f0,test,normal,0,-0.07008815608564739
broach_dataset,isolation_forest_rgb_features,fkrxxwfm,test,normal,0,0.08110924943677378
broach_dataset,isolation_forest_rgb_features,fl0463na,test,normal,0,-0.08001396457754129
broach_dataset,isolation_forest_rgb_features,fl6d2tue,test,normal,0,-0.054591506206428886
broach_dataset,isolation_forest_rgb_features,fmhtn2p6,test,normal,0,-0.0929018601926006
broach_dataset,isolation_forest_rgb_features,fmw9fe7t,test,normal,0,-0.1013908063688454
broach_dataset,isolation_forest_rgb_features,fnmv5f88,test,normal,0,-0.006978326273298641
broach_dataset,isolation_forest_rgb_features,fo6t9wpx,test,normal,0,0.03614139442028208
broach_dataset,isolation_forest_rgb_features,foijocvs,test,normal,0,-0.10519821201973678
broach_dataset,isolation_forest_rgb_features,folig3c5,test,normal,0,-0.006037399130260024
broach_dataset,isolation_forest_rgb_features,fp38phk5,test,normal,0,-0.10044904582591108
broach_dataset,isolation_forest_rgb_features,fpj8hk2r,test,normal,0,-0.08746387248954851
broach_dataset,isolation_forest_rgb_features,fpwxpjr9,test,normal,0,-0.0668430215252318
broach_dataset,isolation_forest_rgb_features,frml29q2,test,normal,0,-0.0783298202643749
broach_dataset,isolation_forest_rgb_features,frzhxka7,test,normal,0,-0.08551600560710848
broach_dataset,isolation_forest_rgb_features,fsuaok48,test,normal,0,-0.09701153448213928
broach_dataset,isolation_forest_rgb_features,ftgqp2ec,test,normal,0,-0.08273236906087972
broach_dataset,isolation_forest_rgb_features,ftixdwr0,test,normal,0,-0.07692482041986926
broach_dataset,isolation_forest_rgb_features,fvmyui9h,test,normal,0,-0.07800983475575429
broach_dataset,isolation_forest_rgb_features,fw0c20x4,test,normal,0,-0.07491844556889465
broach_dataset,isolation_forest_rgb_features,fw96qwtu,test,normal,0,-0.07780447590496409
broach_dataset,isolation_forest_rgb_features,fwjjo22l,test,normal,0,-0.09016751651495053
broach_dataset,isolation_forest_rgb_features,fx0akn05,test,normal,0,-0.02249354956996452
broach_dataset,isolation_forest_rgb_features,fx8ryw52,test,normal,0,-0.09715379886534015
broach_dataset,isolation_forest_rgb_features,fxfmd13u,test,normal,0,-0.0467055434858476
broach_dataset,isolation_forest_rgb_features,fxzfycb7,test,normal,0,-0.06534458830779
broach_dataset,isolation_forest_rgb_features,fyjfrb65,test,normal,0,-0.09719376805891261
broach_dataset,isolation_forest_rgb_features,fzhdojhx,test,normal,0,-0.013360341137916787
broach_dataset,isolation_forest_rgb_features,g06xr3ur,test,normal,0,-0.07757667437920102
broach_dataset,isolation_forest_rgb_features,g0hln0ez,test,normal,0,-0.10699663750996569
broach_dataset,isolation_forest_rgb_features,g21e0y7h,test,normal,0,-0.08252234213994802
broach_dataset,isolation_forest_rgb_features,g345k5dj,test,normal,0,-0.0031695312228053885
broach_dataset,isolation_forest_rgb_features,g3dcmyxb,test,normal,0,0.11640195246895235
broach_dataset,isolation_forest_rgb_features,g4q47e1e,test,normal,0,0.01959393389617803
broach_dataset,isolation_forest_rgb_features,g68zdopt,test,normal,0,-0.08235601023176436
broach_dataset,isolation_forest_rgb_features,g70p181i,test,normal,0,-0.07225180136765713
broach_dataset,isolation_forest_rgb_features,g74py8a9,test,normal,0,-0.052267348932022284
broach_dataset,isolation_forest_rgb_features,g7v3hkmy,test,normal,0,-0.07268313890780809
broach_dataset,isolation_forest_rgb_features,g83wmcfo,test,normal,0,-0.0836058144299704
broach_dataset,isolation_forest_rgb_features,g9qcm28q,test,normal,0,-0.10598837156082036
broach_dataset,isolation_forest_rgb_features,gbk2xwgh,test,normal,0,-0.08548299261241965
broach_dataset,isolation_forest_rgb_features,gbttnwut,test,normal,0,-0.048918187442083705
broach_dataset,isolation_forest_rgb_features,gc47wkrw,test,normal,0,-0.10406946796096439
broach_dataset,isolation_forest_rgb_features,gceryxs2,test,normal,0,-0.0853168526591232
broach_dataset,isolation_forest_rgb_features,gcsotdhh,test,normal,0,-0.08096576563083402
broach_dataset,isolation_forest_rgb_features,gd40cm0t,test,normal,0,-0.04187132262408977
broach_dataset,isolation_forest_rgb_features,ge50p72g,test,normal,0,-0.09662760528631342
broach_dataset,isolation_forest_rgb_features,geniy3fs,test,normal,0,-0.007542027413555752
broach_dataset,isolation_forest_rgb_features,gfalqkxw,test,normal,0,-0.02539327064052388
broach_dataset,isolation_forest_rgb_features,gfd1ti1u,test,normal,0,-0.0247375057841136
broach_dataset,isolation_forest_rgb_features,gfr4zk2t,test,normal,0,-0.07838913213403359
broach_dataset,isolation_forest_rgb_features,gfzd26tu,test,normal,0,-0.07910707835554476
broach_dataset,isolation_forest_rgb_features,gh8p9lve,test,normal,0,-0.08869778611486212
broach_dataset,isolation_forest_rgb_features,ghdars5s,test,normal,0,-0.0002327692362520395
broach_dataset,isolation_forest_rgb_features,gjhzgmis,test,normal,0,-0.011872773459728092
broach_dataset,isolation_forest_rgb_features,gkavrc6a,test,normal,0,-0.07829461345216804
broach_dataset,isolation_forest_rgb_features,gkpxbm6g,test,normal,0,-0.07443361166558837
broach_dataset,isolation_forest_rgb_features,glg08yvu,test,normal,0,-0.08774850638041959
broach_dataset,isolation_forest_rgb_features,glqkbec5,test,normal,0,-0.07849576098176736
broach_dataset,isolation_forest_rgb_features,glyi56x7,test,normal,0,-0.0035555958861119286
broach_dataset,isolation_forest_rgb_features,gm7tuga8,test,normal,0,-0.09048940156916668
broach_dataset,isolation_forest_rgb_features,gm84eiet,test,normal,0,-0.06544545870413476
broach_dataset,isolation_forest_rgb_features,gmtvppfn,test,normal,0,-0.045045299559547725
broach_dataset,isolation_forest_rgb_features,gmu5712q,test,normal,0,-0.04843215669975337
broach_dataset,isolation_forest_rgb_features,gn0ajqqp,test,normal,0,-0.11053541173326337
broach_dataset,isolation_forest_rgb_features,gnrd056f,test,normal,0,0.10335935736700075
broach_dataset,isolation_forest_rgb_features,gnzqc4ut,test,normal,0,-0.08047246610644537
broach_dataset,isolation_forest_rgb_features,gnzs43c5,test,normal,0,-0.07541238649948812
broach_dataset,isolation_forest_rgb_features,goc5r1hm,test,normal,0,-0.05423144561821808
broach_dataset,isolation_forest_rgb_features,gouraird,test,normal,0,-0.042294450183085086
broach_dataset,isolation_forest_rgb_features,gpcivi05,test,normal,0,-0.08375400859603949
broach_dataset,isolation_forest_rgb_features,gpihk243,test,normal,0,0.13550405639640073
broach_dataset,isolation_forest_rgb_features,gq2e5e6a,test,normal,0,-0.060705482548737644
broach_dataset,isolation_forest_rgb_features,grr4c9as,test,normal,0,-0.07672538601877305
broach_dataset,isolation_forest_rgb_features,gs0mc3i0,test,normal,0,-0.0354254819739121
broach_dataset,isolation_forest_rgb_features,gsbd6t2z,test,normal,0,0.06624052300275696
broach_dataset,isolation_forest_rgb_features,gsk10l7i,test,normal,0,-0.026021981586890564
broach_dataset,isolation_forest_rgb_features,gszspjjo,test,normal,0,-0.017832384495146236
broach_dataset,isolation_forest_rgb_features,gtgniyty,test,normal,0,-0.028867637265577395
broach_dataset,isolation_forest_rgb_features,gtjbpslg,test,normal,0,-0.07416501963583672
broach_dataset,isolation_forest_rgb_features,gublmntf,test,normal,0,0.08776462134159668
broach_dataset,isolation_forest_rgb_features,gve4qvrf,test,normal,0,-0.061527384952895114
broach_dataset,isolation_forest_rgb_features,gvgfdw4q,test,normal,0,0.04412324219201991
broach_dataset,isolation_forest_rgb_features,gvl5vjoj,test,normal,0,-0.09432877703351927
broach_dataset,isolation_forest_rgb_features,gvs9coi6,test,normal,0,0.05321478934784496
broach_dataset,isolation_forest_rgb_features,gwj8rr1l,test,normal,0,-0.053582641622105964
broach_dataset,isolation_forest_rgb_features,gwl2ixaw,test,normal,0,-0.08472520483222074
broach_dataset,isolation_forest_rgb_features,gwozeo35,test,normal,0,-0.05160204802644308
broach_dataset,isolation_forest_rgb_features,gxtkbaso,test,normal,0,-0.05504544881141965
broach_dataset,isolation_forest_rgb_features,gyfu2hc3,test,normal,0,-0.055501532467504944
broach_dataset,isolation_forest_rgb_features,gzofpnx8,test,normal,0,0.03926326106348388
broach_dataset,isolation_forest_rgb_features,h0bypekj,test,normal,0,-0.08764145205080537
broach_dataset,isolation_forest_rgb_features,h0czscpx,test,normal,0,-0.06273657170049801
broach_dataset,isolation_forest_rgb_features,h10ejqbe,test,normal,0,-0.11311349926643144
broach_dataset,isolation_forest_rgb_features,h20m1qw9,test,normal,0,-0.0907953982150757
broach_dataset,isolation_forest_rgb_features,h2bvwv6y,test,normal,0,-0.09357823079202315
broach_dataset,isolation_forest_rgb_features,h420pgi6,test,normal,0,-0.019959142512540162
broach_dataset,isolation_forest_rgb_features,h4gxa5gy,test,normal,0,-0.08401244472736685
broach_dataset,isolation_forest_rgb_features,h615kv38,test,normal,0,-0.08715813867181371
broach_dataset,isolation_forest_rgb_features,h6z1tgh5,test,normal,0,-0.016672396623860164
broach_dataset,isolation_forest_rgb_features,h761d81m,test,normal,0,-0.013078238355206773
broach_dataset,isolation_forest_rgb_features,h776yl37,test,normal,0,-0.003385543379751943
broach_dataset,isolation_forest_rgb_features,h78qa4wh,test,normal,0,0.0017008531775444258
broach_dataset,isolation_forest_rgb_features,h9dsphl2,test,normal,0,-0.04556455626633421
broach_dataset,isolation_forest_rgb_features,ha2z8c7g,test,normal,0,0.052469335374563886
broach_dataset,isolation_forest_rgb_features,haj3yvsi,test,normal,0,-0.0867912926692615
broach_dataset,isolation_forest_rgb_features,hd5pe5cx,test,normal,0,0.058712670587194205
broach_dataset,isolation_forest_rgb_features,hdcpy7j9,test,normal,0,-0.10406937141763944
broach_dataset,isolation_forest_rgb_features,hdiy4nrm,test,normal,0,-0.04018466423863343
broach_dataset,isolation_forest_rgb_features,hexhigd6,test,normal,0,-0.07200200130599177
broach_dataset,isolation_forest_rgb_features,hfocsjl1,test,normal,0,-0.03309252797519818
broach_dataset,isolation_forest_rgb_features,hguwam0t,test,normal,0,-0.07796249740890376
broach_dataset,isolation_forest_rgb_features,hibyursb,test,normal,0,0.04628453955379597
broach_dataset,isolation_forest_rgb_features,hidra48k,test,normal,0,-0.08219181535000059
broach_dataset,isolation_forest_rgb_features,hjy9qrbz,test,normal,0,-0.03735084116256698
broach_dataset,isolation_forest_rgb_features,hkbxcwb3,test,normal,0,-0.055589639025203585
broach_dataset,isolation_forest_rgb_features,hl2ng9hb,test,normal,0,-0.06813866457782314
broach_dataset,isolation_forest_rgb_features,hlfhsko9,test,normal,0,0.011555860073947044
broach_dataset,isolation_forest_rgb_features,hlhm9umu,test,normal,0,-0.02130201614133459
broach_dataset,isolation_forest_rgb_features,hlq7ar42,test,normal,0,-0.10198143611257326
broach_dataset,isolation_forest_rgb_features,hlzflfxc,test,normal,0,-0.007919975766422283
broach_dataset,isolation_forest_rgb_features,hm1vdf8j,test,normal,0,-0.052913927720208975
broach_dataset,isolation_forest_rgb_features,hmpcg6am,test,normal,0,0.05911880792723889
broach_dataset,isolation_forest_rgb_features,hnb5vngb,test,normal,0,-0.09395729256657415
broach_dataset,isolation_forest_rgb_features,ho9cy9pe,test,normal,0,-0.07494901841877927
broach_dataset,isolation_forest_rgb_features,hqj2txj9,test,normal,0,-0.09220828271086051
broach_dataset,isolation_forest_rgb_features,hrltgm5m,test,normal,0,-0.0668018943763718
broach_dataset,isolation_forest_rgb_features,hsgzq6m0,test,normal,0,-0.09161846379447375
broach_dataset,isolation_forest_rgb_features,hslffraj,test,normal,0,-0.07827422472848561
broach_dataset,isolation_forest_rgb_features,hssmq5ht,test,normal,0,-0.08006404951628537
broach_dataset,isolation_forest_rgb_features,hsx023fv,test,normal,0,-0.07907416990691463
broach_dataset,isolation_forest_rgb_features,ht1u37eb,test,normal,0,-0.0650507868450576
broach_dataset,isolation_forest_rgb_features,ht2ibtrv,test,normal,0,-0.08584767280239092
broach_dataset,isolation_forest_rgb_features,htfzb49a,test,normal,0,-0.05092613968702353
broach_dataset,isolation_forest_rgb_features,htmkdv96,test,normal,0,-0.08769532517789053
broach_dataset,isolation_forest_rgb_features,htwd0h6i,test,normal,0,-0.0940036744935841
broach_dataset,isolation_forest_rgb_features,hurwfros,test,normal,0,-0.02661715609304438
broach_dataset,isolation_forest_rgb_features,hw7vps7b,test,normal,0,-0.0296228224966108
broach_dataset,isolation_forest_rgb_features,hwfggakt,test,normal,0,0.05042161346459517
broach_dataset,isolation_forest_rgb_features,hwrgu621,test,normal,0,-0.03243390208227054
broach_dataset,isolation_forest_rgb_features,hx0w9ljv,test,normal,0,-0.08484099794551409
broach_dataset,isolation_forest_rgb_features,hy97cyit,test,normal,0,-0.023278928014042022
broach_dataset,isolation_forest_rgb_features,hyxp6hij,test,normal,0,-0.0008748092963817844
broach_dataset,isolation_forest_rgb_features,hzx7zb14,test,normal,0,-0.03522186855306375
broach_dataset,isolation_forest_rgb_features,i05vfd87,test,normal,0,-0.07009055349585053
broach_dataset,isolation_forest_rgb_features,i0erc9a1,test,normal,0,-0.07690325612904442
broach_dataset,isolation_forest_rgb_features,i0wq89v9,test,normal,0,-0.0632455024411605
broach_dataset,isolation_forest_rgb_features,i10kqsos,test,normal,0,-0.097397602754345
broach_dataset,isolation_forest_rgb_features,i1niskyw,test,normal,0,-0.09276266758849105
broach_dataset,isolation_forest_rgb_features,i1vrb9qe,test,normal,0,-0.08500089165479185
broach_dataset,isolation_forest_rgb_features,i3ud1ozf,test,normal,0,-0.07345342098920127
broach_dataset,isolation_forest_rgb_features,i4locxme,test,normal,0,-0.016687017870526732
broach_dataset,isolation_forest_rgb_features,i58qmn7b,test,normal,0,-0.07183830703626692
broach_dataset,isolation_forest_rgb_features,i5fxw933,test,normal,0,-0.021667323823945983
broach_dataset,isolation_forest_rgb_features,i5gse146,test,normal,0,-0.0910216470054449
broach_dataset,isolation_forest_rgb_features,i6hfyv0w,test,normal,0,-0.10297726583875305
broach_dataset,isolation_forest_rgb_features,i87hzpyg,test,normal,0,-0.013046919959676884
broach_dataset,isolation_forest_rgb_features,i8n0e4b7,test,normal,0,-0.0963487635312395
broach_dataset,isolation_forest_rgb_features,i8nbb2gf,test,normal,0,-0.004150458639496923
broach_dataset,isolation_forest_rgb_features,i91zumi7,test,normal,0,-0.08037499793479241
broach_dataset,isolation_forest_rgb_features,i997mk5h,test,normal,0,-0.012964278132977847
broach_dataset,isolation_forest_rgb_features,i9ica6g5,test,normal,0,-0.053870887081932994
broach_dataset,isolation_forest_rgb_features,ia0k8n0f,test,normal,0,-0.05310076720468265
broach_dataset,isolation_forest_rgb_features,ib4hgqn1,test,normal,0,-0.06446566264107312
broach_dataset,isolation_forest_rgb_features,ic5l3uq0,test,normal,0,-0.013076952102801742
broach_dataset,isolation_forest_rgb_features,id653r5f,test,normal,0,-0.07815234847956148
broach_dataset,isolation_forest_rgb_features,iehw5jz6,test,normal,0,-0.06826962570423212
broach_dataset,isolation_forest_rgb_features,if6l9vkl,test,normal,0,-0.1055290900444128
broach_dataset,isolation_forest_rgb_features,ifjondtw,test,normal,0,-0.0782704999978886
broach_dataset,isolation_forest_rgb_features,iflnwrov,test,normal,0,-0.04535697290742269
broach_dataset,isolation_forest_rgb_features,ig9659bg,test,normal,0,0.036822873623672314
broach_dataset,isolation_forest_rgb_features,ightk3pz,test,normal,0,-0.09705446244598664
broach_dataset,isolation_forest_rgb_features,ih5jcp2h,test,normal,0,-0.10053840813933934
broach_dataset,isolation_forest_rgb_features,iherbnn6,test,normal,0,-0.05501147513637028
broach_dataset,isolation_forest_rgb_features,ihu8jfqc,test,normal,0,-0.0856777044891947
broach_dataset,isolation_forest_rgb_features,ii8472qd,test,normal,0,-0.09616738906177497
broach_dataset,isolation_forest_rgb_features,iiv2dg74,test,normal,0,0.07927596332475728
broach_dataset,isolation_forest_rgb_features,ij8fz7zp,test,normal,0,-0.01916610372762495
broach_dataset,isolation_forest_rgb_features,ija1jy8x,test,normal,0,-0.0978070085788384
broach_dataset,isolation_forest_rgb_features,ijarta4p,test,normal,0,-0.07637211060722782
broach_dataset,isolation_forest_rgb_features,ijfzqafq,test,normal,0,-0.08934092475063554
broach_dataset,isolation_forest_rgb_features,ikax11m5,test,normal,0,-0.08647440368528436
broach_dataset,isolation_forest_rgb_features,imc8laja,test,normal,0,-0.08924127669382603
broach_dataset,isolation_forest_rgb_features,impr5ri0,test,normal,0,-0.05831362620278374
broach_dataset,isolation_forest_rgb_features,in7srvvk,test,normal,0,-0.09876380558413211
broach_dataset,isolation_forest_rgb_features,inco8o9g,test,normal,0,-0.09099205436191121
broach_dataset,isolation_forest_rgb_features,io1q3dzv,test,normal,0,-0.07514112043938448
broach_dataset,isolation_forest_rgb_features,ioeruw3j,test,normal,0,-0.0047983347785949815
broach_dataset,isolation_forest_rgb_features,ip693po0,test,normal,0,-0.02922477191078382
broach_dataset,isolation_forest_rgb_features,ipzq0qka,test,normal,0,-0.057787185742575686
broach_dataset,isolation_forest_rgb_features,iqfkn1yq,test,normal,0,-0.10869895769388627
broach_dataset,isolation_forest_rgb_features,iqp863qa,test,normal,0,-0.07459268110801448
broach_dataset,isolation_forest_rgb_features,irq4tp1n,test,normal,0,-0.06841086744974845
broach_dataset,isolation_forest_rgb_features,isbg5cmb,test,normal,0,-0.042324239761752924
broach_dataset,isolation_forest_rgb_features,isswuelw,test,normal,0,-0.07825513647381366
broach_dataset,isolation_forest_rgb_features,isvf569l,test,normal,0,-0.07656640627086575
broach_dataset,isolation_forest_rgb_features,iswzvxv3,test,normal,0,-0.07733188276018499
broach_dataset,isolation_forest_rgb_features,ite7wovp,test,normal,0,-0.09814817594279396
broach_dataset,isolation_forest_rgb_features,itqufwi2,test,normal,0,-0.06678998599460212
broach_dataset,isolation_forest_rgb_features,itrzraud,test,normal,0,-0.021148665547797207
broach_dataset,isolation_forest_rgb_features,iuf9p6lx,test,normal,0,-0.09535545178916427
broach_dataset,isolation_forest_rgb_features,iuhq86dx,test,normal,0,-0.07993503281832398
broach_dataset,isolation_forest_rgb_features,ivvd5x78,test,normal,0,-0.05850063496720276
broach_dataset,isolation_forest_rgb_features,iwqulkwb,test,normal,0,-0.0784107002207356
broach_dataset,isolation_forest_rgb_features,iwzgk8di,test,normal,0,-0.06906933853985658
broach_dataset,isolation_forest_rgb_features,ix7brrba,test,normal,0,-0.0873622344177557
broach_dataset,isolation_forest_rgb_features,ixhhkffn,test,normal,0,-0.0648729944134514
broach_dataset,isolation_forest_rgb_features,ixicppbs,test,normal,0,-0.07529140305115262
broach_dataset,isolation_forest_rgb_features,iyeldw96,test,normal,0,-0.014536268036662137
broach_dataset,isolation_forest_rgb_features,iyqewkrs,test,normal,0,-0.04840674804441525
broach_dataset,isolation_forest_rgb_features,iywe36lt,test,normal,0,-0.09295359492453115
broach_dataset,isolation_forest_rgb_features,iz3m5ial,test,normal,0,-0.09229011963738909
broach_dataset,isolation_forest_rgb_features,j0t2riom,test,normal,0,-0.04746507120986998
broach_dataset,isolation_forest_rgb_features,j1mhte4f,test,normal,0,-0.05989069097873584
broach_dataset,isolation_forest_rgb_features,j1yljzcc,test,normal,0,-0.057108596001197276
broach_dataset,isolation_forest_rgb_features,j2foei1b,test,normal,0,-0.025627537971495085
broach_dataset,isolation_forest_rgb_features,j35yrg29,test,normal,0,-0.10051432576964309
broach_dataset,isolation_forest_rgb_features,j3e50cii,test,normal,0,0.04965356514720298
broach_dataset,isolation_forest_rgb_features,j48hwxv4,test,normal,0,0.09035313186193872
broach_dataset,isolation_forest_rgb_features,j4btiid2,test,normal,0,0.05020989960119526
broach_dataset,isolation_forest_rgb_features,j4pnjy1o,test,normal,0,-0.09225885950197843
broach_dataset,isolation_forest_rgb_features,j4wizwqk,test,normal,0,-0.07969018122619176
broach_dataset,isolation_forest_rgb_features,j5ze5laj,test,normal,0,-0.08009298627072459
broach_dataset,isolation_forest_rgb_features,j62jtc8y,test,normal,0,0.04274809574193272
broach_dataset,isolation_forest_rgb_features,j6jmlbcj,test,normal,0,0.036808613999817164
broach_dataset,isolation_forest_rgb_features,j6ubrw9b,test,normal,0,-0.07065857757440386
broach_dataset,isolation_forest_rgb_features,j725u033,test,normal,0,-0.08642840903915805
broach_dataset,isolation_forest_rgb_features,j78gf24s,test,normal,0,0.15359900583057273
broach_dataset,isolation_forest_rgb_features,j7fl3i34,test,normal,0,-0.04408497178329257
broach_dataset,isolation_forest_rgb_features,j9asdbs6,test,normal,0,0.051656478462772104
broach_dataset,isolation_forest_rgb_features,j9m61y4i,test,normal,0,-0.09807964119683288
broach_dataset,isolation_forest_rgb_features,j9vicm3g,test,normal,0,-0.07585928332568576
broach_dataset,isolation_forest_rgb_features,ja2qi54h,test,normal,0,0.007134929638391241
broach_dataset,isolation_forest_rgb_features,ja6pntej,test,normal,0,-0.09980426474641668
broach_dataset,isolation_forest_rgb_features,jasw35fb,test,normal,0,0.0427252494021777
broach_dataset,isolation_forest_rgb_features,jbg87g36,test,normal,0,-0.07861582829181074
broach_dataset,isolation_forest_rgb_features,jcdciuza,test,normal,0,-0.08516539482570795
broach_dataset,isolation_forest_rgb_features,jcrw9a8r,test,normal,0,-0.07213021697554506
broach_dataset,isolation_forest_rgb_features,jcs5f98s,test,normal,0,-0.07540837002133677
broach_dataset,isolation_forest_rgb_features,jdmmco5n,test,normal,0,-0.027369425463843133
broach_dataset,isolation_forest_rgb_features,jdqi8mrn,test,normal,0,-0.046384149299494304
broach_dataset,isolation_forest_rgb_features,jeda5t0u,test,normal,0,-0.08621203369747993
broach_dataset,isolation_forest_rgb_features,jf3arx4i,test,normal,0,-0.03396005495222232
broach_dataset,isolation_forest_rgb_features,jf3ge6kr,test,normal,0,-0.0261411375255865
broach_dataset,isolation_forest_rgb_features,jfczwkgu,test,normal,0,-0.07681974175431722
broach_dataset,isolation_forest_rgb_features,jfy7kbgj,test,normal,0,-0.052657867459897534
broach_dataset,isolation_forest_rgb_features,jge0utx7,test,normal,0,-0.029017088560529036
broach_dataset,isolation_forest_rgb_features,jgn5nuzl,test,normal,0,-0.070612734274144
broach_dataset,isolation_forest_rgb_features,jgzcy4ml,test,normal,0,-0.09846077488063942
broach_dataset,isolation_forest_rgb_features,jhjzq9w2,test,normal,0,-0.09016306083200026
broach_dataset,isolation_forest_rgb_features,jhrrrsuy,test,normal,0,-0.0541028629527775
broach_dataset,isolation_forest_rgb_features,jirr1v5v,test,normal,0,0.007990195071985617
broach_dataset,isolation_forest_rgb_features,jiuoiz6a,test,normal,0,-0.08059854027042174
broach_dataset,isolation_forest_rgb_features,jixl7vsk,test,normal,0,-0.09791400146865181
broach_dataset,isolation_forest_rgb_features,jju9705j,test,normal,0,0.0567997315758203
broach_dataset,isolation_forest_rgb_features,jkzp2jpe,test,normal,0,-0.07757300170796666
broach_dataset,isolation_forest_rgb_features,jl21dv63,test,normal,0,-0.019493942259743824
broach_dataset,isolation_forest_rgb_features,jm6gct1a,test,normal,0,0.04961626528224716
broach_dataset,isolation_forest_rgb_features,jn6b8xy5,test,normal,0,-0.09667862416789175
broach_dataset,isolation_forest_rgb_features,jnpaxxhz,test,normal,0,-0.05645723292002197
broach_dataset,isolation_forest_rgb_features,jnzobfkr,test,normal,0,-0.0070039035871582445
broach_dataset,isolation_forest_rgb_features,jokbzvyx,test,normal,0,-0.0878111149981865
broach_dataset,isolation_forest_rgb_features,jpm9qe90,test,normal,0,0.05895995529340692
broach_dataset,isolation_forest_rgb_features,js8sbwt8,test,normal,0,-0.07793177703210336
broach_dataset,isolation_forest_rgb_features,jsg49lpy,test,normal,0,-0.0786039796821561
broach_dataset,isolation_forest_rgb_features,jsn3yz28,test,normal,0,-0.08142418215271013
broach_dataset,isolation_forest_rgb_features,jtjlnjht,test,normal,0,-0.09871272720287833
broach_dataset,isolation_forest_rgb_features,jtwwwqi4,test,normal,0,0.10029726899465374
broach_dataset,isolation_forest_rgb_features,jtz87358,test,normal,0,0.09897751329788618
broach_dataset,isolation_forest_rgb_features,ju7dddby,test,normal,0,-0.09831101205255349
broach_dataset,isolation_forest_rgb_features,juae0ka3,test,normal,0,-0.08660807184132618
broach_dataset,isolation_forest_rgb_features,jvb965gz,test,normal,0,-0.06238145948952356
broach_dataset,isolation_forest_rgb_features,jvvh3t8x,test,normal,0,-0.08597309746448528
broach_dataset,isolation_forest_rgb_features,jvx8cemn,test,normal,0,-0.08782693984613638
broach_dataset,isolation_forest_rgb_features,jvz0g1c3,test,normal,0,0.04965529513223621
broach_dataset,isolation_forest_rgb_features,jwf1ubv9,test,normal,0,-0.1056719810220268
broach_dataset,isolation_forest_rgb_features,jwm1wuvw,test,normal,0,-0.08451041892651012
broach_dataset,isolation_forest_rgb_features,jxnjts3r,test,normal,0,-0.03645050856094306
broach_dataset,isolation_forest_rgb_features,jy0703cs,test,normal,0,-0.08659762146764838
broach_dataset,isolation_forest_rgb_features,jyjqaru1,test,normal,0,-0.03066600206302189
broach_dataset,isolation_forest_rgb_features,jynzkgqh,test,normal,0,-0.09931008545173575
broach_dataset,isolation_forest_rgb_features,k06et31y,test,normal,0,-0.06372296873894462
broach_dataset,isolation_forest_rgb_features,k0pqs2fn,test,normal,0,-0.09874872912274302
broach_dataset,isolation_forest_rgb_features,k0s3jwjp,test,normal,0,-0.0937882539398775
broach_dataset,isolation_forest_rgb_features,k1qhu7pw,test,normal,0,-0.07788358729917066
broach_dataset,isolation_forest_rgb_features,k221qm79,test,normal,0,-0.1018597474286172
broach_dataset,isolation_forest_rgb_features,k26gfxam,test,normal,0,-0.07082635143648458
broach_dataset,isolation_forest_rgb_features,k26yy6rc,test,normal,0,-0.03886498391259313
broach_dataset,isolation_forest_rgb_features,k2kdxzmw,test,normal,0,-0.0864661808075165
broach_dataset,isolation_forest_rgb_features,k32rgwhg,test,normal,0,-0.0899163345864209
broach_dataset,isolation_forest_rgb_features,k35hxdoc,test,normal,0,-0.07534821190456348
broach_dataset,isolation_forest_rgb_features,k3n4jaki,test,normal,0,-0.013002223891148357
broach_dataset,isolation_forest_rgb_features,k3vvwefc,test,normal,0,-0.07759792426156525
broach_dataset,isolation_forest_rgb_features,k48m3m0x,test,normal,0,-0.07554375215818526
broach_dataset,isolation_forest_rgb_features,k5qvay81,test,normal,0,-0.021141798631130637
broach_dataset,isolation_forest_rgb_features,k5rvlnwq,test,normal,0,-0.029035080220228604
broach_dataset,isolation_forest_rgb_features,k5z3gm5c,test,normal,0,-0.008516945379645757
broach_dataset,isolation_forest_rgb_features,k70ff8ba,test,normal,0,-0.02997687253491338
broach_dataset,isolation_forest_rgb_features,k7hb87ws,test,normal,0,-0.04870812216616083
broach_dataset,isolation_forest_rgb_features,k7p0dt79,test,normal,0,-0.06727703648768318
broach_dataset,isolation_forest_rgb_features,k89l1e89,test,normal,0,-0.09027558304810313
broach_dataset,isolation_forest_rgb_features,k8ny0sb1,test,normal,0,-0.012839656853085135
broach_dataset,isolation_forest_rgb_features,k9e5s29l,test,normal,0,-0.061856866750066575
broach_dataset,isolation_forest_rgb_features,k9sz5qzu,test,normal,0,-0.08613630514327036
broach_dataset,isolation_forest_rgb_features,ka48wvmj,test,normal,0,-0.09246069085467429
broach_dataset,isolation_forest_rgb_features,kbts5hrc,test,normal,0,-0.07361024019795226
broach_dataset,isolation_forest_rgb_features,kch9r6hv,test,normal,0,-0.1002041421361956
broach_dataset,isolation_forest_rgb_features,kcy0b5xh,test,normal,0,-0.03222339641722288
broach_dataset,isolation_forest_rgb_features,kd4lp10x,test,normal,0,-0.09161090525040261
broach_dataset,isolation_forest_rgb_features,kdgx0yoj,test,normal,0,-0.0951353036759911
broach_dataset,isolation_forest_rgb_features,kdxt3u6o,test,normal,0,-0.07514789295365104
broach_dataset,isolation_forest_rgb_features,ke5afoz8,test,normal,0,0.008335210215591693
broach_dataset,isolation_forest_rgb_features,kfc2e0q8,test,normal,0,-0.058278933760198215
broach_dataset,isolation_forest_rgb_features,kfcqjuku,test,normal,0,-0.09526338394019418
broach_dataset,isolation_forest_rgb_features,kg1qe1e4,test,normal,0,-0.012922831087580244
broach_dataset,isolation_forest_rgb_features,kgdwnsk7,test,normal,0,0.1658003520855741
broach_dataset,isolation_forest_rgb_features,kgmbaxur,test,normal,0,-0.08574793154808175
broach_dataset,isolation_forest_rgb_features,kgsaiqos,test,normal,0,-0.06828140059437393
broach_dataset,isolation_forest_rgb_features,ki7h3xao,test,normal,0,-0.10501226321039503
broach_dataset,isolation_forest_rgb_features,kitc9w21,test,normal,0,-0.04577730284938031
broach_dataset,isolation_forest_rgb_features,kiydfjyi,test,normal,0,-0.09820888487210294
broach_dataset,isolation_forest_rgb_features,kizlw00n,test,normal,0,-0.08208021757452966
broach_dataset,isolation_forest_rgb_features,kj20z0e6,test,normal,0,-0.059407832737376154
broach_dataset,isolation_forest_rgb_features,kjf8fzpc,test,normal,0,-0.0817815477645863
broach_dataset,isolation_forest_rgb_features,kjxjq5nv,test,normal,0,-0.09001540836473965
broach_dataset,isolation_forest_rgb_features,kkhzlm72,test,normal,0,-0.07666268285296807
broach_dataset,isolation_forest_rgb_features,kl5cpivx,test,normal,0,-0.07097535448657744
broach_dataset,isolation_forest_rgb_features,kmmoczk4,test,normal,0,0.05146950614422385
broach_dataset,isolation_forest_rgb_features,kmtb892s,test,normal,0,-0.08446994015293291
broach_dataset,isolation_forest_rgb_features,kmwqik3c,test,normal,0,-0.006771106685461548
broach_dataset,isolation_forest_rgb_features,knhmfh8c,test,normal,0,-0.04155528863796554
broach_dataset,isolation_forest_rgb_features,knn520up,test,normal,0,-0.08469237882154573
broach_dataset,isolation_forest_rgb_features,knxidrd0,test,normal,0,-0.0654593647249524
broach_dataset,isolation_forest_rgb_features,kpf3uz3a,test,normal,0,-0.07619047917123695
broach_dataset,isolation_forest_rgb_features,kpjg9nk4,test,normal,0,-0.09590841890600399
broach_dataset,isolation_forest_rgb_features,kpng9948,test,normal,0,-0.08548684710504645
broach_dataset,isolation_forest_rgb_features,kpntpxa8,test,normal,0,-0.04708620399214086
broach_dataset,isolation_forest_rgb_features,kps73ilo,test,normal,0,-0.09871713696055795
broach_dataset,isolation_forest_rgb_features,kpsk8niv,test,normal,0,-0.06391951876531149
broach_dataset,isolation_forest_rgb_features,kpwdmj3z,test,normal,0,-0.03500031071520193
broach_dataset,isolation_forest_rgb_features,kq0k1bdn,test,normal,0,0.05981719817806341
broach_dataset,isolation_forest_rgb_features,kr79u2c3,test,normal,0,-0.0766270721763877
broach_dataset,isolation_forest_rgb_features,ksj7ivk0,test,normal,0,-0.0008466123490017408
broach_dataset,isolation_forest_rgb_features,ku3fvzgi,test,normal,0,-0.0764293507101732
broach_dataset,isolation_forest_rgb_features,kv6jio0r,test,normal,0,-0.08561268671969657
broach_dataset,isolation_forest_rgb_features,kvc4gtjs,test,normal,0,-0.0915696929705358
broach_dataset,isolation_forest_rgb_features,kvl1c5nd,test,normal,0,-0.05954697938782977
broach_dataset,isolation_forest_rgb_features,kwcb3gjw,test,normal,0,-0.024209493413071437
broach_dataset,isolation_forest_rgb_features,kwi75hwg,test,normal,0,-0.06941488768643489
broach_dataset,isolation_forest_rgb_features,kwpiay6b,test,normal,0,-0.0578470259626247
broach_dataset,isolation_forest_rgb_features,kxaqzxub,test,normal,0,-0.10683827244549843
broach_dataset,isolation_forest_rgb_features,kxglfzij,test,normal,0,-0.0793607140820991
broach_dataset,isolation_forest_rgb_features,kxuo6xg2,test,normal,0,-0.02720044200411692
broach_dataset,isolation_forest_rgb_features,ky6ewjc8,test,normal,0,-0.06960619139339302
broach_dataset,isolation_forest_rgb_features,ky6kdjlh,test,normal,0,0.10542157118838902
broach_dataset,isolation_forest_rgb_features,ky87q19u,test,normal,0,-0.08371413080179307
broach_dataset,isolation_forest_rgb_features,kydvrzag,test,normal,0,-0.09757705658500171
broach_dataset,isolation_forest_rgb_features,kz24i11q,test,normal,0,-0.0813189276074186
broach_dataset,isolation_forest_rgb_features,kz7ckxom,test,normal,0,-0.08094570077431879
broach_dataset,isolation_forest_rgb_features,l172dp7m,test,normal,0,-0.012738535372020854
broach_dataset,isolation_forest_rgb_features,l1seruoy,test,normal,0,-0.07755557401888574
broach_dataset,isolation_forest_rgb_features,l3v2tqt0,test,normal,0,-0.024111635408202936
broach_dataset,isolation_forest_rgb_features,l42v5x36,test,normal,0,-0.09734675237424067
broach_dataset,isolation_forest_rgb_features,l4lqjlax,test,normal,0,-0.06364223118630419
broach_dataset,isolation_forest_rgb_features,l6biv0z5,test,normal,0,-0.0840961466916676
broach_dataset,isolation_forest_rgb_features,l74c5zg8,test,normal,0,-0.03732892730816889
broach_dataset,isolation_forest_rgb_features,l9r5qq12,test,normal,0,-0.08292915750943741
broach_dataset,isolation_forest_rgb_features,la6m04yp,test,normal,0,-0.07667545989113878
broach_dataset,isolation_forest_rgb_features,la9txgsb,test,normal,0,-0.09365126031496568
broach_dataset,isolation_forest_rgb_features,layke3zc,test,normal,0,-0.08096120690691
broach_dataset,isolation_forest_rgb_features,lb8f15v2,test,normal,0,-0.07453577215926471
broach_dataset,isolation_forest_rgb_features,lbo9ewo7,test,normal,0,-0.034203443875499395
broach_dataset,isolation_forest_rgb_features,lbr043fo,test,normal,0,-0.006165509214321296
broach_dataset,isolation_forest_rgb_features,lcljz9kv,test,normal,0,-0.0650384665933395
broach_dataset,isolation_forest_rgb_features,ldc08fc0,test,normal,0,-0.0673795085057961
broach_dataset,isolation_forest_rgb_features,lf2n3utg,test,normal,0,-0.06527873370903214
broach_dataset,isolation_forest_rgb_features,lf8qvjqs,test,normal,0,0.0026638948334550827
broach_dataset,isolation_forest_rgb_features,lfix91zs,test,normal,0,-0.01057634502229493
broach_dataset,isolation_forest_rgb_features,lfu0q2i7,test,normal,0,-0.07570025472593384
broach_dataset,isolation_forest_rgb_features,lfubbcro,test,normal,0,0.04915749614947751
broach_dataset,isolation_forest_rgb_features,lgz215bt,test,normal,0,-0.017451424352336486
broach_dataset,isolation_forest_rgb_features,lhzz81xp,test,normal,0,0.14297785012391895
broach_dataset,isolation_forest_rgb_features,liuds6u9,test,normal,0,-0.05572664525986487
broach_dataset,isolation_forest_rgb_features,liydcx1r,test,normal,0,0.004965070944962124
broach_dataset,isolation_forest_rgb_features,ll1m9e34,test,normal,0,-0.10055148042628087
broach_dataset,isolation_forest_rgb_features,ll869b8h,test,normal,0,-0.09294341907469733
broach_dataset,isolation_forest_rgb_features,lm349el8,test,normal,0,-0.08494193581250642
broach_dataset,isolation_forest_rgb_features,lmcpmvij,test,normal,0,-0.07571069057534024
broach_dataset,isolation_forest_rgb_features,ln1xos46,test,normal,0,0.04460540228456922
broach_dataset,isolation_forest_rgb_features,lnbohuxs,test,normal,0,-0.07052126001549858
broach_dataset,isolation_forest_rgb_features,lp7dgt60,test,normal,0,-0.10435359707867142
broach_dataset,isolation_forest_rgb_features,lpgwdq8n,test,normal,0,-0.07453898280765087
broach_dataset,isolation_forest_rgb_features,lq5mp96k,test,normal,0,0.06592828417311936
broach_dataset,isolation_forest_rgb_features,lqk7uuna,test,normal,0,-0.050344615447018404
broach_dataset,isolation_forest_rgb_features,lr13mwp1,test,normal,0,0.05073897835518604
broach_dataset,isolation_forest_rgb_features,lrnqn5qj,test,normal,0,-0.09430465793239085
broach_dataset,isolation_forest_rgb_features,lrugy3rw,test,normal,0,-0.04517887825926853
broach_dataset,isolation_forest_rgb_features,ls7uwded,test,normal,0,-0.027740736405385324
broach_dataset,isolation_forest_rgb_features,lt19yagg,test,normal,0,-0.08686151874388387
broach_dataset,isolation_forest_rgb_features,lt5m34vg,test,normal,0,-0.08412093394085235
broach_dataset,isolation_forest_rgb_features,ltbzefvm,test,normal,0,-0.08640202098095962
broach_dataset,isolation_forest_rgb_features,lupql3dh,test,normal,0,-0.09966657184191469
broach_dataset,isolation_forest_rgb_features,lwjh4ay4,test,normal,0,-0.020243892420318932
broach_dataset,isolation_forest_rgb_features,ly5w3rq6,test,normal,0,-0.0313297226188512
broach_dataset,isolation_forest_rgb_features,lyg6d93w,test,normal,0,-0.07885676385667156
broach_dataset,isolation_forest_rgb_features,m0kxanz9,test,normal,0,-0.07554316774798375
broach_dataset,isolation_forest_rgb_features,m0unjmaq,test,normal,0,-0.08521965707524132
broach_dataset,isolation_forest_rgb_features,m12rr05t,test,normal,0,-0.10085809967641374
broach_dataset,isolation_forest_rgb_features,m1883f7a,test,normal,0,-0.017091284907960302
broach_dataset,isolation_forest_rgb_features,m1jlr5gr,test,normal,0,-0.09063022041253688
broach_dataset,isolation_forest_rgb_features,m23ht47e,test,normal,0,0.1627575355648072
broach_dataset,isolation_forest_rgb_features,m3chw9tr,test,normal,0,-0.048393126885989124
broach_dataset,isolation_forest_rgb_features,m3mulob7,test,normal,0,-0.10021867425130998
broach_dataset,isolation_forest_rgb_features,m3p205yp,test,normal,0,-0.016665950561337073
broach_dataset,isolation_forest_rgb_features,m3pp00cd,test,normal,0,-0.08493722988361813
broach_dataset,isolation_forest_rgb_features,m4w7acsd,test,normal,0,-0.08809814368989444
broach_dataset,isolation_forest_rgb_features,m54tybqg,test,normal,0,-0.03126710082231121
broach_dataset,isolation_forest_rgb_features,m5amw6im,test,normal,0,-0.08118383646061522
broach_dataset,isolation_forest_rgb_features,m5ns302c,test,normal,0,0.008230945762497499
broach_dataset,isolation_forest_rgb_features,m6055e27,test,normal,0,-0.08118816035007853
broach_dataset,isolation_forest_rgb_features,m62hdxc6,test,normal,0,-0.06253443783676077
broach_dataset,isolation_forest_rgb_features,m67rlh4q,test,normal,0,-0.09337432668085816
broach_dataset,isolation_forest_rgb_features,m6gttfpt,test,normal,0,0.0682804495520648
broach_dataset,isolation_forest_rgb_features,m6rzq0h1,test,normal,0,-0.0052953733851918705
broach_dataset,isolation_forest_rgb_features,m77od32y,test,normal,0,-0.0550065144511242
broach_dataset,isolation_forest_rgb_features,m9q11zod,test,normal,0,-0.09771420862970426
broach_dataset,isolation_forest_rgb_features,m9s7gxn9,test,normal,0,-0.013566949902482028
broach_dataset,isolation_forest_rgb_features,ma45w01g,test,normal,0,-0.07076704367336228
broach_dataset,isolation_forest_rgb_features,marfvb7z,test,normal,0,-0.07994770380129518
broach_dataset,isolation_forest_rgb_features,maulremo,test,normal,0,-0.040836048723653706
broach_dataset,isolation_forest_rgb_features,mb3ikez7,test,normal,0,-0.03800782777572026
broach_dataset,isolation_forest_rgb_features,mbgcn9l5,test,normal,0,-0.08610623515473281
broach_dataset,isolation_forest_rgb_features,mc4ix6ap,test,normal,0,-0.040561194119673016
broach_dataset,isolation_forest_rgb_features,mdfxngf6,test,normal,0,-0.10330907471536377
broach_dataset,isolation_forest_rgb_features,mdja5tn6,test,normal,0,-0.03343303284616661
broach_dataset,isolation_forest_rgb_features,mdv2wkpq,test,normal,0,-0.04585780579122656
broach_dataset,isolation_forest_rgb_features,me8v6u9u,test,normal,0,-0.009882037672930832
broach_dataset,isolation_forest_rgb_features,meozf6ml,test,normal,0,-0.10155141824325592
broach_dataset,isolation_forest_rgb_features,mf2s37rc,test,normal,0,-0.0815605599977654
broach_dataset,isolation_forest_rgb_features,mhgg22i9,test,normal,0,-0.02379424967803656
broach_dataset,isolation_forest_rgb_features,mi0ui02k,test,normal,0,-0.09590841890600399
broach_dataset,isolation_forest_rgb_features,mi6eib8v,test,normal,0,-0.08781961384936271
broach_dataset,isolation_forest_rgb_features,miob93my,test,normal,0,-0.025296036091388086
broach_dataset,isolation_forest_rgb_features,mjjwl83q,test,normal,0,-0.092324779548277
broach_dataset,isolation_forest_rgb_features,mjpp0l0p,test,normal,0,-0.07782233540429773
broach_dataset,isolation_forest_rgb_features,mk0pled0,test,normal,0,-0.09651373029116511
broach_dataset,isolation_forest_rgb_features,mkqv8uds,test,normal,0,-0.06464529852591355
broach_dataset,isolation_forest_rgb_features,mkui8ayk,test,normal,0,-0.0975374990054399
broach_dataset,isolation_forest_rgb_features,ml8804fi,test,normal,0,-0.07188869625634786
broach_dataset,isolation_forest_rgb_features,mlpy9bcu,test,normal,0,0.025792388793100973
broach_dataset,isolation_forest_rgb_features,mlzhpfn5,test,normal,0,-0.07501830277810856
broach_dataset,isolation_forest_rgb_features,mm5gt8tk,test,normal,0,-0.052580600018516555
broach_dataset,isolation_forest_rgb_features,mm9sect5,test,normal,0,0.015110464238571097
broach_dataset,isolation_forest_rgb_features,mn9ztdy6,test,normal,0,-0.06287471166350067
broach_dataset,isolation_forest_rgb_features,mnmv203t,test,normal,0,-0.07332628007436742
broach_dataset,isolation_forest_rgb_features,mnodv0o6,test,normal,0,0.07063868111104765
broach_dataset,isolation_forest_rgb_features,mnon1iwz,test,normal,0,-0.02101006328220506
broach_dataset,isolation_forest_rgb_features,mnqlx6dw,test,normal,0,-0.07599444505151287
broach_dataset,isolation_forest_rgb_features,moes1ai9,test,normal,0,-0.08468157066462123
broach_dataset,isolation_forest_rgb_features,moq0ewe1,test,normal,0,-0.06237826946745573
broach_dataset,isolation_forest_rgb_features,movt68tf,test,normal,0,-0.04508878036451447
broach_dataset,isolation_forest_rgb_features,moxsfh4g,test,normal,0,-0.10533123132225475
broach_dataset,isolation_forest_rgb_features,mpbe4a3y,test,normal,0,-0.07314403503937655
broach_dataset,isolation_forest_rgb_features,mpbhv2pl,test,normal,0,-0.06337996153145398
broach_dataset,isolation_forest_rgb_features,mpm3lw87,test,normal,0,-0.09250770839802269
broach_dataset,isolation_forest_rgb_features,mqubzl1d,test,normal,0,-0.0228783304607853
broach_dataset,isolation_forest_rgb_features,mqyvq8kp,test,normal,0,-0.08120004023424326
broach_dataset,isolation_forest_rgb_features,mr8wdd5w,test,normal,0,-0.09420937031218884
broach_dataset,isolation_forest_rgb_features,mrjqlz7u,test,normal,0,-0.07985898816244263
broach_dataset,isolation_forest_rgb_features,msc9bcl9,test,normal,0,-0.004934304221658026
broach_dataset,isolation_forest_rgb_features,msckakl9,test,normal,0,-0.07705281878475007
broach_dataset,isolation_forest_rgb_features,mspzpdyj,test,normal,0,-0.1075886731005784
broach_dataset,isolation_forest_rgb_features,mt5ophp9,test,normal,0,-0.02945533111131937
broach_dataset,isolation_forest_rgb_features,mthwej23,test,normal,0,-0.0850306427588784
broach_dataset,isolation_forest_rgb_features,mtz1fpr7,test,normal,0,-0.02313358074902122
broach_dataset,isolation_forest_rgb_features,muj9qhdo,test,normal,0,-0.05603972241571187
broach_dataset,isolation_forest_rgb_features,mum0a127,test,normal,0,0.0526618625504266
broach_dataset,isolation_forest_rgb_features,muvanxah,test,normal,0,-0.012509506851396512
broach_dataset,isolation_forest_rgb_features,muvhgqk8,test,normal,0,-0.09033089506743591
broach_dataset,isolation_forest_rgb_features,mvgbmeof,test,normal,0,-0.008637446802018889
broach_dataset,isolation_forest_rgb_features,mwbv6ihd,test,normal,0,-0.09427275320430589
broach_dataset,isolation_forest_rgb_features,mwz0w7n5,test,normal,0,-0.1117536246152585
broach_dataset,isolation_forest_rgb_features,mx5b1ha3,test,normal,0,-0.09490118678274229
broach_dataset,isolation_forest_rgb_features,my8evza7,test,normal,0,0.0628890840917321
broach_dataset,isolation_forest_rgb_features,mymuserc,test,normal,0,-0.09167143654485294
broach_dataset,isolation_forest_rgb_features,myr77yh3,test,normal,0,-0.08110599849087474
broach_dataset,isolation_forest_rgb_features,mz05vq0k,test,normal,0,-0.04672503980242326
broach_dataset,isolation_forest_rgb_features,mzgh4a9z,test,normal,0,0.0006893677027910439
broach_dataset,isolation_forest_rgb_features,mzknc8xl,test,normal,0,-0.08274247023980214
broach_dataset,isolation_forest_rgb_features,n0hb8xbc,test,normal,0,-0.09499108789381605
broach_dataset,isolation_forest_rgb_features,n1ffckkg,test,normal,0,-0.06327306037036107
broach_dataset,isolation_forest_rgb_features,n1m6u2ll,test,normal,0,-0.09611116915855478
broach_dataset,isolation_forest_rgb_features,n202i84k,test,normal,0,-0.03757665131767113
broach_dataset,isolation_forest_rgb_features,n24xcrwd,test,normal,0,-0.07544098188167475
broach_dataset,isolation_forest_rgb_features,n38foxy2,test,normal,0,-0.10022210734528714
broach_dataset,isolation_forest_rgb_features,n3t268o2,test,normal,0,0.056632806960512094
broach_dataset,isolation_forest_rgb_features,n518jnri,test,normal,0,-0.009496617185682565
broach_dataset,isolation_forest_rgb_features,n5e0ev6x,test,normal,0,-0.0811258471747775
broach_dataset,isolation_forest_rgb_features,n5j6slaz,test,normal,0,-0.06881829278554719
broach_dataset,isolation_forest_rgb_features,n6aarhnp,test,normal,0,-0.019503615909543415
broach_dataset,isolation_forest_rgb_features,n6ohja1m,test,normal,0,-0.08597524563506875
broach_dataset,isolation_forest_rgb_features,n74sy6jh,test,normal,0,0.07117275566442316
broach_dataset,isolation_forest_rgb_features,n79md47c,test,normal,0,-0.08727343365512635
broach_dataset,isolation_forest_rgb_features,n7f4x1na,test,normal,0,-0.07120489053682522
broach_dataset,isolation_forest_rgb_features,n7pr39ax,test,normal,0,-0.07796710099393239
broach_dataset,isolation_forest_rgb_features,n8dk13zp,test,normal,0,-0.10516264296324429
broach_dataset,isolation_forest_rgb_features,n96ue75i,test,normal,0,-0.02077437150695255
broach_dataset,isolation_forest_rgb_features,n99nvty1,test,normal,0,-0.05630357625504351
broach_dataset,isolation_forest_rgb_features,n9f5am0k,test,normal,0,-0.0814945699348818
broach_dataset,isolation_forest_rgb_features,n9ji7ome,test,normal,0,-0.09280884329854039
broach_dataset,isolation_forest_rgb_features,n9s72pu7,test,normal,0,0.039327552057829784
broach_dataset,isolation_forest_rgb_features,nagckjsa,test,normal,0,0.16630397447495748
broach_dataset,isolation_forest_rgb_features,nana36u4,test,normal,0,-0.07847452915951647
broach_dataset,isolation_forest_rgb_features,narl8tfy,test,normal,0,-0.042687298536255136
broach_dataset,isolation_forest_rgb_features,nb9u8qrq,test,normal,0,-0.014256989356492389
broach_dataset,isolation_forest_rgb_features,nbecawbm,test,normal,0,-0.018626050200270694
broach_dataset,isolation_forest_rgb_features,nbil8b5l,test,normal,0,-0.06839516609832652
broach_dataset,isolation_forest_rgb_features,nciq1hxg,test,normal,0,0.010470122182432928
broach_dataset,isolation_forest_rgb_features,ncticeaa,test,normal,0,-0.09613087896071426
broach_dataset,isolation_forest_rgb_features,nda2xasu,test,normal,0,-0.06775105098780104
broach_dataset,isolation_forest_rgb_features,ne4590ok,test,normal,0,-0.07358137880633181
broach_dataset,isolation_forest_rgb_features,ne6yiwds,test,normal,0,-0.04886040043120149
broach_dataset,isolation_forest_rgb_features,neoblrqu,test,normal,0,-0.06322811011091933
broach_dataset,isolation_forest_rgb_features,nf3lpb30,test,normal,0,-0.10503454634766912
broach_dataset,isolation_forest_rgb_features,nf8j0su8,test,normal,0,0.0462164865508492
broach_dataset,isolation_forest_rgb_features,nffykpl3,test,normal,0,-0.08266135428642818
broach_dataset,isolation_forest_rgb_features,nfie16nu,test,normal,0,-0.00579804869066558
broach_dataset,isolation_forest_rgb_features,nh1cbhf1,test,normal,0,-0.050506125732193485
broach_dataset,isolation_forest_rgb_features,nh6a144f,test,normal,0,-0.08884775674087592
broach_dataset,isolation_forest_rgb_features,nhdfaj02,test,normal,0,-0.07167749802850748
broach_dataset,isolation_forest_rgb_features,ni5qojiv,test,normal,0,-0.09179353430269105
broach_dataset,isolation_forest_rgb_features,nj53tisn,test,normal,0,-0.08721123362968108
broach_dataset,isolation_forest_rgb_features,njppxi4v,test,normal,0,-0.067761849805073
broach_dataset,isolation_forest_rgb_features,njsleu1s,test,normal,0,-0.07711949500161441
broach_dataset,isolation_forest_rgb_features,nkx5zt5t,test,normal,0,-0.0734489072994059
broach_dataset,isolation_forest_rgb_features,nkzi0vme,test,normal,0,-0.08805710990779947
broach_dataset,isolation_forest_rgb_features,nmaa9g5i,test,normal,0,-0.05258232667030527
broach_dataset,isolation_forest_rgb_features,nmce4pev,test,normal,0,-0.0887356441143966
broach_dataset,isolation_forest_rgb_features,nmj3yh2a,test,normal,0,-0.014691000843768565
broach_dataset,isolation_forest_rgb_features,nmo0bzxc,test,normal,0,-0.061086112259801206
broach_dataset,isolation_forest_rgb_features,nohg3vtl,test,normal,0,-0.06680441003354454
broach_dataset,isolation_forest_rgb_features,notfpfio,test,normal,0,-0.009319822430119362
broach_dataset,isolation_forest_rgb_features,npwabxi2,test,normal,0,-0.061016806660260825
broach_dataset,isolation_forest_rgb_features,nq5hbogb,test,normal,0,-0.06328831360158377
broach_dataset,isolation_forest_rgb_features,nqege5ek,test,normal,0,-0.07235144817946931
broach_dataset,isolation_forest_rgb_features,nqo988j1,test,normal,0,0.0904839239771611
broach_dataset,isolation_forest_rgb_features,nr1lwfqh,test,normal,0,0.010672981525841618
broach_dataset,isolation_forest_rgb_features,nrauz73b,test,normal,0,-0.07897639980415838
broach_dataset,isolation_forest_rgb_features,nritd7ku,test,normal,0,-0.09163237494848214
broach_dataset,isolation_forest_rgb_features,nsxnmnpi,test,normal,0,-0.03165611996783835
broach_dataset,isolation_forest_rgb_features,nt0q7h21,test,normal,0,-0.08711408910238033
broach_dataset,isolation_forest_rgb_features,nt2n34zn,test,normal,0,-0.07456604916073467
broach_dataset,isolation_forest_rgb_features,nt3yupdd,test,normal,0,-0.10658932187025655
broach_dataset,isolation_forest_rgb_features,nuotsqei,test,normal,0,-0.07227318256509707
broach_dataset,isolation_forest_rgb_features,nv2so6du,test,normal,0,-0.04693431953184335
broach_dataset,isolation_forest_rgb_features,nv31elcp,test,normal,0,-0.0677835052323601
broach_dataset,isolation_forest_rgb_features,nvw8sjbc,test,normal,0,-0.09346661119405303
broach_dataset,isolation_forest_rgb_features,nvy8v4pa,test,normal,0,-0.041595880346904646
broach_dataset,isolation_forest_rgb_features,nxh6diog,test,normal,0,0.056241759769663946
broach_dataset,isolation_forest_rgb_features,nydga45o,test,normal,0,-0.08240432165993938
broach_dataset,isolation_forest_rgb_features,nymwldrv,test,normal,0,0.00500329611661543
broach_dataset,isolation_forest_rgb_features,nyq6pg84,test,normal,0,-0.08712579144984844
broach_dataset,isolation_forest_rgb_features,nz0agr58,test,normal,0,-0.08572549626818199
broach_dataset,isolation_forest_rgb_features,nzze2tbs,test,normal,0,-0.10107724719827166
broach_dataset,isolation_forest_rgb_features,o17cknm7,test,normal,0,-0.1065163113372894
broach_dataset,isolation_forest_rgb_features,o1exwphy,test,normal,0,-0.07576712786507861
broach_dataset,isolation_forest_rgb_features,o1xonvqs,test,normal,0,-0.09189110930802935
broach_dataset,isolation_forest_rgb_features,o2n5muy0,test,normal,0,-0.09721916246654072
broach_dataset,isolation_forest_rgb_features,o2nqw4c6,test,normal,0,-0.06863154396959237
broach_dataset,isolation_forest_rgb_features,o2xx7zl4,test,normal,0,-0.05197520193360827
broach_dataset,isolation_forest_rgb_features,o31nzsxp,test,normal,0,-0.060821053077369014
broach_dataset,isolation_forest_rgb_features,o31w9n30,test,normal,0,-0.08185765419549323
broach_dataset,isolation_forest_rgb_features,o348usbn,test,normal,0,-0.10083954319537336
broach_dataset,isolation_forest_rgb_features,o4jnmyk8,test,normal,0,-0.014785370214553673
broach_dataset,isolation_forest_rgb_features,o4pyap3j,test,normal,0,-0.09140377109621756
broach_dataset,isolation_forest_rgb_features,o4sq5ihv,test,normal,0,-0.07589876734360118
broach_dataset,isolation_forest_rgb_features,o5gjef9k,test,normal,0,-0.08939591128962737
broach_dataset,isolation_forest_rgb_features,o6ihyx7k,test,normal,0,-0.003438601939520447
broach_dataset,isolation_forest_rgb_features,o6ryxjcq,test,normal,0,-0.03595570722806429
broach_dataset,isolation_forest_rgb_features,o7f89ye8,test,normal,0,0.002830811187671811
broach_dataset,isolation_forest_rgb_features,o7hzoet3,test,normal,0,-0.031050473711777493
broach_dataset,isolation_forest_rgb_features,o7nzqc6y,test,normal,0,0.15324045259443186
broach_dataset,isolation_forest_rgb_features,o85i1vdv,test,normal,0,-0.06959832569984759
broach_dataset,isolation_forest_rgb_features,o93met8n,test,normal,0,-0.042107326224207986
broach_dataset,isolation_forest_rgb_features,o98z2mf0,test,normal,0,-0.005780625378749016
broach_dataset,isolation_forest_rgb_features,o99k9jvs,test,normal,0,-0.0754166431663969
broach_dataset,isolation_forest_rgb_features,oa7u4m05,test,normal,0,-0.08653825621889338
broach_dataset,isolation_forest_rgb_features,oa83z725,test,normal,0,-0.06762903930023945
broach_dataset,isolation_forest_rgb_features,oae527ps,test,normal,0,-0.09018110339681035
broach_dataset,isolation_forest_rgb_features,oaukj9ik,test,normal,0,-0.08789760120035123
broach_dataset,isolation_forest_rgb_features,obck3erv,test,normal,0,-0.08726272341547942
broach_dataset,isolation_forest_rgb_features,ocn8ds7k,test,normal,0,-0.06555253678509876
broach_dataset,isolation_forest_rgb_features,od13b61k,test,normal,0,0.0664494401133896
broach_dataset,isolation_forest_rgb_features,od42cqvg,test,normal,0,0.055403290704958086
broach_dataset,isolation_forest_rgb_features,od4ewq5b,test,normal,0,0.05491253485697767
broach_dataset,isolation_forest_rgb_features,od97qq1q,test,normal,0,-0.08959406797234232
broach_dataset,isolation_forest_rgb_features,odksvqny,test,normal,0,-0.03313776458944012
broach_dataset,isolation_forest_rgb_features,odoxf94a,test,normal,0,-0.0738148621984886
broach_dataset,isolation_forest_rgb_features,odp187i1,test,normal,0,-0.060182274516884515
broach_dataset,isolation_forest_rgb_features,oedl1yeo,test,normal,0,-0.0399369202718477
broach_dataset,isolation_forest_rgb_features,oes49j9v,test,normal,0,-0.046425385927434226
broach_dataset,isolation_forest_rgb_features,of7f8t3k,test,normal,0,-0.09110234231475517
broach_dataset,isolation_forest_rgb_features,ofw27chg,test,normal,0,-0.07434989547420112
broach_dataset,isolation_forest_rgb_features,ogyb6pjn,test,normal,0,-0.08204523855174523
broach_dataset,isolation_forest_rgb_features,ohbicncu,test,normal,0,0.013208984119931544
broach_dataset,isolation_forest_rgb_features,ohk0veyd,test,normal,0,-0.0939031879290595
broach_dataset,isolation_forest_rgb_features,ojccwx9b,test,normal,0,-0.09130246444874812
broach_dataset,isolation_forest_rgb_features,ojtxcf0k,test,normal,0,-0.08602582880136778
broach_dataset,isolation_forest_rgb_features,ok02qfyg,test,normal,0,-0.08377084879676194
broach_dataset,isolation_forest_rgb_features,ol74027p,test,normal,0,-0.08300603701614312
broach_dataset,isolation_forest_rgb_features,oldcz59s,test,normal,0,-0.03423428773850923
broach_dataset,isolation_forest_rgb_features,olx2dfkn,test,normal,0,-0.025463704736419845
broach_dataset,isolation_forest_rgb_features,onrqkstl,test,normal,0,0.007998238287229786
broach_dataset,isolation_forest_rgb_features,onrrhrbc,test,normal,0,-0.05332117813109749
broach_dataset,isolation_forest_rgb_features,oo2qmotd,test,normal,0,-0.030666594302682926
broach_dataset,isolation_forest_rgb_features,oobagxkk,test,normal,0,-0.07008688300605409
broach_dataset,isolation_forest_rgb_features,oocqj74x,test,normal,0,-0.08955008723626756
broach_dataset,isolation_forest_rgb_features,ook1omnw,test,normal,0,-0.004901987954894493
broach_dataset,isolation_forest_rgb_features,oop767j2,test,normal,0,-0.08281216409295894
broach_dataset,isolation_forest_rgb_features,opxaxujb,test,normal,0,-0.08267309618919766
broach_dataset,isolation_forest_rgb_features,oq0dq1fl,test,normal,0,0.0798587112241238
broach_dataset,isolation_forest_rgb_features,oqomu8ys,test,normal,0,-0.09007450451556659
broach_dataset,isolation_forest_rgb_features,or67afy7,test,normal,0,0.05625090681367395
broach_dataset,isolation_forest_rgb_features,or6ty9co,test,normal,0,-0.021082932073832883
broach_dataset,isolation_forest_rgb_features,ou8n10q3,test,normal,0,0.14447779133690597
broach_dataset,isolation_forest_rgb_features,ouv75d3n,test,normal,0,-0.07485473920580782
broach_dataset,isolation_forest_rgb_features,ovrt88l3,test,normal,0,-0.03713347429664898
broach_dataset,isolation_forest_rgb_features,ovxpkayb,test,normal,0,0.07599528797125277
broach_dataset,isolation_forest_rgb_features,owe9zejr,test,normal,0,-0.030981413555821125
broach_dataset,isolation_forest_rgb_features,owt9nm3v,test,normal,0,-0.09628560446666451
broach_dataset,isolation_forest_rgb_features,ozlr9gge,test,normal,0,-0.0958461466513651
broach_dataset,isolation_forest_rgb_features,ozo3ixfx,test,normal,0,-0.030736698659743045
broach_dataset,isolation_forest_rgb_features,p0hzwcyk,test,normal,0,-0.08975260119341738
broach_dataset,isolation_forest_rgb_features,p0w17col,test,normal,0,-0.08213216089163383
broach_dataset,isolation_forest_rgb_features,p0y6zsmd,test,normal,0,0.05320905911250473
broach_dataset,isolation_forest_rgb_features,p1dhdgdl,test,normal,0,-0.0052861742517499866
broach_dataset,isolation_forest_rgb_features,p1v0ib38,test,normal,0,-0.017842286610668168
broach_dataset,isolation_forest_rgb_features,p1wnsqha,test,normal,0,-0.07620526099623853
broach_dataset,isolation_forest_rgb_features,p22lecvq,test,normal,0,0.14318263353977678
broach_dataset,isolation_forest_rgb_features,p2im7h9m,test,normal,0,-0.011311692352770353
broach_dataset,isolation_forest_rgb_features,p33sa0iw,test,normal,0,-0.07032405813121506
broach_dataset,isolation_forest_rgb_features,p3k1tsbd,test,normal,0,-0.035468208425615266
broach_dataset,isolation_forest_rgb_features,p44g96hw,test,normal,0,-0.061665242729948
broach_dataset,isolation_forest_rgb_features,p4if7m0v,test,normal,0,-0.0360068386527273
broach_dataset,isolation_forest_rgb_features,p7uelbi7,test,normal,0,0.14968423714543821
broach_dataset,isolation_forest_rgb_features,p82j3tps,test,normal,0,-0.07149754142724946
broach_dataset,isolation_forest_rgb_features,p8wz1oys,test,normal,0,0.01292173941997199
broach_dataset,isolation_forest_rgb_features,p94ytncz,test,normal,0,-0.08721774469922355
broach_dataset,isolation_forest_rgb_features,pa3ljql0,test,normal,0,-0.015767955123474287
broach_dataset,isolation_forest_rgb_features,paccwkso,test,normal,0,-0.0693257793751304
broach_dataset,isolation_forest_rgb_features,pafp4arp,test,normal,0,0.05633673463509892
broach_dataset,isolation_forest_rgb_features,pai5fxqz,test,normal,0,-0.09861550905118138
broach_dataset,isolation_forest_rgb_features,paknsjv4,test,normal,0,-0.07820326594633015
broach_dataset,isolation_forest_rgb_features,pbdqe9bd,test,normal,0,-0.03176795355017853
broach_dataset,isolation_forest_rgb_features,pbdsdhpv,test,normal,0,0.010996022741461386
broach_dataset,isolation_forest_rgb_features,pbedea4x,test,normal,0,-0.035429766266335594
broach_dataset,isolation_forest_rgb_features,pbht3ax5,test,normal,0,-0.08310902788368424
broach_dataset,isolation_forest_rgb_features,pbn2wg6o,test,normal,0,0.02058627304354832
broach_dataset,isolation_forest_rgb_features,pbwfo46l,test,normal,0,-0.07693468009081339
broach_dataset,isolation_forest_rgb_features,pc1cbwym,test,normal,0,-0.08300530687245589
broach_dataset,isolation_forest_rgb_features,pcfm6qxy,test,normal,0,-0.09360583300669761
broach_dataset,isolation_forest_rgb_features,pdhtiffv,test,normal,0,-0.04360747878267296
broach_dataset,isolation_forest_rgb_features,pdkfeeko,test,normal,0,-0.0856523883077368
broach_dataset,isolation_forest_rgb_features,pe7v27a8,test,normal,0,-0.016049881549959344
broach_dataset,isolation_forest_rgb_features,pet5ruva,test,normal,0,-0.08290861812129041
broach_dataset,isolation_forest_rgb_features,peu2s3og,test,normal,0,-0.09133489838298547
broach_dataset,isolation_forest_rgb_features,pfdrwb2s,test,normal,0,-0.09424810016021601
broach_dataset,isolation_forest_rgb_features,pgnifpvd,test,normal,0,-0.09492684209029673
broach_dataset,isolation_forest_rgb_features,phfnh5b7,test,normal,0,-0.018670062462156745
broach_dataset,isolation_forest_rgb_features,pjqbtk0t,test,normal,0,-0.09925819001060782
broach_dataset,isolation_forest_rgb_features,pjxcbhaa,test,normal,0,-0.08884843206699089
broach_dataset,isolation_forest_rgb_features,pjyierth,test,normal,0,-0.053373001331315895
broach_dataset,isolation_forest_rgb_features,pkc33maa,test,normal,0,-0.06918322751774725
broach_dataset,isolation_forest_rgb_features,plusqrvp,test,normal,0,-0.0892336893255598
broach_dataset,isolation_forest_rgb_features,pm60z2i6,test,normal,0,-0.03633639227425162
broach_dataset,isolation_forest_rgb_features,pmfhmgaw,test,normal,0,-0.03802985731965286
broach_dataset,isolation_forest_rgb_features,pmiay8ml,test,normal,0,-0.08840957754606399
broach_dataset,isolation_forest_rgb_features,pmu6gyro,test,normal,0,-0.10036903388647711
broach_dataset,isolation_forest_rgb_features,pmx721cm,test,normal,0,-0.08251372808326302
broach_dataset,isolation_forest_rgb_features,pnvjaz2e,test,normal,0,-0.08393881494264366
broach_dataset,isolation_forest_rgb_features,pnysynsk,test,normal,0,-0.08998703489379462
broach_dataset,isolation_forest_rgb_features,poy593ng,test,normal,0,-0.08708832547342321
broach_dataset,isolation_forest_rgb_features,pq67xwlr,test,normal,0,-0.056645378762036014
broach_dataset,isolation_forest_rgb_features,pqr9pe6c,test,normal,0,-0.01762601552385823
broach_dataset,isolation_forest_rgb_features,pqxxj3of,test,normal,0,-0.10354787780601032
broach_dataset,isolation_forest_rgb_features,pr4tw5s6,test,normal,0,-0.08528221007009101
broach_dataset,isolation_forest_rgb_features,prtt3nup,test,normal,0,-0.08649687668587885
broach_dataset,isolation_forest_rgb_features,prwy8zoi,test,normal,0,-0.0886868342303832
broach_dataset,isolation_forest_rgb_features,psaldnj7,test,normal,0,-0.0854673478725767
broach_dataset,isolation_forest_rgb_features,ptu372vj,test,normal,0,-0.06551682463144348
broach_dataset,isolation_forest_rgb_features,pu8pcu24,test,normal,0,-0.004609057934022942
broach_dataset,isolation_forest_rgb_features,puq8mckn,test,normal,0,-0.01101464164286775
broach_dataset,isolation_forest_rgb_features,puwh1oqv,test,normal,0,-0.01680003859151047
broach_dataset,isolation_forest_rgb_features,puyw6mxr,test,normal,0,-0.09991776154829918
broach_dataset,isolation_forest_rgb_features,pw8zw7nh,test,normal,0,0.11914560201784574
broach_dataset,isolation_forest_rgb_features,pwjto7f2,test,normal,0,-0.0749636863016962
broach_dataset,isolation_forest_rgb_features,pxc82slz,test,normal,0,-0.04608655355849034
broach_dataset,isolation_forest_rgb_features,pxkq9dt1,test,normal,0,-0.028009784712727637
broach_dataset,isolation_forest_rgb_features,py221le1,test,normal,0,-0.00030924413616773005
broach_dataset,isolation_forest_rgb_features,pyg638yi,test,normal,0,-0.039502402465096786
broach_dataset,isolation_forest_rgb_features,pyk5sk39,test,normal,0,0.04864470028875789
broach_dataset,isolation_forest_rgb_features,pyts91af,test,normal,0,-0.025377875775733028
broach_dataset,isolation_forest_rgb_features,pyynq66q,test,normal,0,-0.08034948716743423
broach_dataset,isolation_forest_rgb_features,pz1ia2ga,test,normal,0,0.0330597009712138
broach_dataset,isolation_forest_rgb_features,pzd8n0ob,test,normal,0,-0.08252966662561434
broach_dataset,isolation_forest_rgb_features,pzrv0j35,test,normal,0,-0.09602471495535375
broach_dataset,isolation_forest_rgb_features,q0qcilc6,test,normal,0,-0.05747749576332478
broach_dataset,isolation_forest_rgb_features,q10o9qqw,test,normal,0,-0.066983527503225
broach_dataset,isolation_forest_rgb_features,q25ywtk8,test,normal,0,-0.04247476941386569
broach_dataset,isolation_forest_rgb_features,q2mlwuwn,test,normal,0,-0.03127258146149231
broach_dataset,isolation_forest_rgb_features,q3yxspg5,test,normal,0,-0.0921414230595971
broach_dataset,isolation_forest_rgb_features,q4tndnqb,test,normal,0,-0.09535822507202557
broach_dataset,isolation_forest_rgb_features,q5hhoi4k,test,normal,0,-0.09622944811844619
broach_dataset,isolation_forest_rgb_features,q73dlpgb,test,normal,0,-0.08564113680852187
broach_dataset,isolation_forest_rgb_features,q8h9spck,test,normal,0,-0.030139950669581028
broach_dataset,isolation_forest_rgb_features,q8ta8rqd,test,normal,0,0.014703765128317836
broach_dataset,isolation_forest_rgb_features,q9al3uct,test,normal,0,-0.008904853189435125
broach_dataset,isolation_forest_rgb_features,q9wfb76a,test,normal,0,-0.08297128605149884
broach_dataset,isolation_forest_rgb_features,qa1rpm8u,test,normal,0,-0.02516392658692229
broach_dataset,isolation_forest_rgb_features,qa2zqrpv,test,normal,0,-0.07072735906076189
broach_dataset,isolation_forest_rgb_features,qa9lbpre,test,normal,0,-0.09203339355602441
broach_dataset,isolation_forest_rgb_features,qb09uw8p,test,normal,0,-0.07137029980246934
broach_dataset,isolation_forest_rgb_features,qb5tnn41,test,normal,0,-0.017686489589518906
broach_dataset,isolation_forest_rgb_features,qbh0ryh5,test,normal,0,-0.07385646725201106
broach_dataset,isolation_forest_rgb_features,qbkk2bil,test,normal,0,-0.1045105815993484
broach_dataset,isolation_forest_rgb_features,qbvtdg3c,test,normal,0,-0.06692264800435316
broach_dataset,isolation_forest_rgb_features,qc0e99zw,test,normal,0,-0.01335364136101369
broach_dataset,isolation_forest_rgb_features,qc5yald7,test,normal,0,0.0009131001090061375
broach_dataset,isolation_forest_rgb_features,qc63yqiy,test,normal,0,-0.09800488671839508
broach_dataset,isolation_forest_rgb_features,qcd1d364,test,normal,0,-0.08613947038609043
broach_dataset,isolation_forest_rgb_features,qcz0n04o,test,normal,0,-0.08318465313592399
broach_dataset,isolation_forest_rgb_features,qdfq6ch3,test,normal,0,-0.09052948076765782
broach_dataset,isolation_forest_rgb_features,qeaeq2if,test,normal,0,-0.09465170834295472
broach_dataset,isolation_forest_rgb_features,qeqtkolh,test,normal,0,-0.061527384952895114
broach_dataset,isolation_forest_rgb_features,qfcpk7pw,test,normal,0,-0.086119827327157
broach_dataset,isolation_forest_rgb_features,qgexp8wy,test,normal,0,-0.008168513009595313
broach_dataset,isolation_forest_rgb_features,qgh9vfja,test,normal,0,-0.08601797265929967
broach_dataset,isolation_forest_rgb_features,qgo8ryww,test,normal,0,-0.09292358649735111
broach_dataset,isolation_forest_rgb_features,qin5ibw0,test,normal,0,0.06909926362091612
broach_dataset,isolation_forest_rgb_features,qixuce5y,test,normal,0,-0.08354070541693492
broach_dataset,isolation_forest_rgb_features,qj41k7lo,test,normal,0,-0.0892836793919708
broach_dataset,isolation_forest_rgb_features,qj6276yo,test,normal,0,-0.09480782355287026
broach_dataset,isolation_forest_rgb_features,qjw4idne,test,normal,0,0.06453843729423558
broach_dataset,isolation_forest_rgb_features,qjwearob,test,normal,0,-0.03697214256711806
broach_dataset,isolation_forest_rgb_features,qkv0n4h2,test,normal,0,-0.08886805303173495
broach_dataset,isolation_forest_rgb_features,ql0sckcw,test,normal,0,-0.06301746002954933
broach_dataset,isolation_forest_rgb_features,qlhpj345,test,normal,0,-0.0019296040771279999
broach_dataset,isolation_forest_rgb_features,qma6dt26,test,normal,0,-0.0707481203946021
broach_dataset,isolation_forest_rgb_features,qmr2zh5t,test,normal,0,-0.10295942954543147
broach_dataset,isolation_forest_rgb_features,qmsieuxj,test,normal,0,0.04464485865017753
broach_dataset,isolation_forest_rgb_features,qng8dzaf,test,normal,0,-0.0075291755915361525
broach_dataset,isolation_forest_rgb_features,qo44hdlo,test,normal,0,-0.0021223131044239563
broach_dataset,isolation_forest_rgb_features,qohhft48,test,normal,0,-0.03659125471932678
broach_dataset,isolation_forest_rgb_features,qorgnlho,test,normal,0,-0.03438464164529936
broach_dataset,isolation_forest_rgb_features,qp01rr7u,test,normal,0,-0.07858355773802173
broach_dataset,isolation_forest_rgb_features,qqqt0ygs,test,normal,0,-0.07053847053603823
broach_dataset,isolation_forest_rgb_features,qqxt7jo0,test,normal,0,-0.0011144477829385102
broach_dataset,isolation_forest_rgb_features,qr3ev1rd,test,normal,0,-0.08291006101235199
broach_dataset,isolation_forest_rgb_features,qrbjaone,test,normal,0,-0.09602453257965232
broach_dataset,isolation_forest_rgb_features,qsl7m33d,test,normal,0,-0.08661947206976534
broach_dataset,isolation_forest_rgb_features,qsn5qc35,test,normal,0,-0.038557097095417436
broach_dataset,isolation_forest_rgb_features,qsnzjwl8,test,normal,0,-0.027519712498246307
broach_dataset,isolation_forest_rgb_features,qu7dknnc,test,normal,0,-0.07788326971459081
broach_dataset,isolation_forest_rgb_features,qw64b9kk,test,normal,0,0.06770626602035634
broach_dataset,isolation_forest_rgb_features,qwt1c7dr,test,normal,0,0.05634961037608033
broach_dataset,isolation_forest_rgb_features,qy2945sb,test,normal,0,-0.008834979891565398
broach_dataset,isolation_forest_rgb_features,qy4i3ikj,test,normal,0,-0.09028628016032247
broach_dataset,isolation_forest_rgb_features,qylbos46,test,normal,0,-0.09501349292500755
broach_dataset,isolation_forest_rgb_features,qyu0t9wl,test,normal,0,-0.0883837991996283
broach_dataset,isolation_forest_rgb_features,qyvfgeq9,test,normal,0,-0.08255426967568058
broach_dataset,isolation_forest_rgb_features,qz2dtjru,test,normal,0,-0.09583259677813882
broach_dataset,isolation_forest_rgb_features,qz3075d0,test,normal,0,-0.046847054966448365
broach_dataset,isolation_forest_rgb_features,qzn7xbvz,test,normal,0,-0.06657964679814993
broach_dataset,isolation_forest_rgb_features,r1133d91,test,normal,0,-0.06869871737264815
broach_dataset,isolation_forest_rgb_features,r1e0e8gm,test,normal,0,-0.004160755943635908
broach_dataset,isolation_forest_rgb_features,r29fmsh9,test,normal,0,-0.03992136517336875
broach_dataset,isolation_forest_rgb_features,r2nxyztb,test,normal,0,-0.04272345561285229
broach_dataset,isolation_forest_rgb_features,r2pryvf3,test,normal,0,-0.07319942777767091
broach_dataset,isolation_forest_rgb_features,r2tlsbmf,test,normal,0,-0.09329297832794814
broach_dataset,isolation_forest_rgb_features,r39iixha,test,normal,0,-0.07534398898586003
broach_dataset,isolation_forest_rgb_features,r3bxho8s,test,normal,0,0.05946461721889862
broach_dataset,isolation_forest_rgb_features,r4295loo,test,normal,0,-0.04366191371907757
broach_dataset,isolation_forest_rgb_features,r50p5m56,test,normal,0,-0.010776785506511843
broach_dataset,isolation_forest_rgb_features,r5ert8ze,test,normal,0,-0.06162202090055957
broach_dataset,isolation_forest_rgb_features,r5llxipl,test,normal,0,-0.009228936309877367
broach_dataset,isolation_forest_rgb_features,r6kfkldf,test,normal,0,-0.08061117611285185
broach_dataset,isolation_forest_rgb_features,r8g3mrfv,test,normal,0,-0.09545873565289009
broach_dataset,isolation_forest_rgb_features,r96rs6ky,test,normal,0,-0.09350031982480306
broach_dataset,isolation_forest_rgb_features,r9d02u7j,test,normal,0,-0.061058286766582204
broach_dataset,isolation_forest_rgb_features,r9okat9h,test,normal,0,-0.029916305382154396
broach_dataset,isolation_forest_rgb_features,r9xszzvv,test,normal,0,0.07700270654517927
broach_dataset,isolation_forest_rgb_features,raebp5l1,test,normal,0,-0.010341011364819741
broach_dataset,isolation_forest_rgb_features,rag0kxxk,test,normal,0,-0.08036220334134853
broach_dataset,isolation_forest_rgb_features,rajib931,test,normal,0,-0.08877305157968768
broach_dataset,isolation_forest_rgb_features,ranlost2,test,normal,0,-0.0013875686586287683
broach_dataset,isolation_forest_rgb_features,rb2d5lo9,test,normal,0,-0.06734668227260532
broach_dataset,isolation_forest_rgb_features,rb6lx89j,test,normal,0,0.049299454677118826
broach_dataset,isolation_forest_rgb_features,rbex57xk,test,normal,0,0.10287215317410758
broach_dataset,isolation_forest_rgb_features,rbv6i2x4,test,normal,0,-0.012131025163520603
broach_dataset,isolation_forest_rgb_features,rcgft3z0,test,normal,0,0.07947266472193404
broach_dataset,isolation_forest_rgb_features,rcp2mx62,test,normal,0,-0.07883204985324599
broach_dataset,isolation_forest_rgb_features,rd4mwpmi,test,normal,0,-0.05504177205120392
broach_dataset,isolation_forest_rgb_features,rdlykfx8,test,normal,0,-0.08001086204271929
broach_dataset,isolation_forest_rgb_features,reizipnm,test,normal,0,0.13910673602939483
broach_dataset,isolation_forest_rgb_features,rf2o529m,test,normal,0,-0.09188192057113526
broach_dataset,isolation_forest_rgb_features,rffuefzk,test,normal,0,-0.017854225544195634
broach_dataset,isolation_forest_rgb_features,rfgxj607,test,normal,0,-0.07158218376637554
broach_dataset,isolation_forest_rgb_features,rfjl9vt3,test,normal,0,-0.07641027202252626
broach_dataset,isolation_forest_rgb_features,rgsx8c41,test,normal,0,0.0018747336749532773
broach_dataset,isolation_forest_rgb_features,rhc0cm9t,test,normal,0,-0.0899007692037066
broach_dataset,isolation_forest_rgb_features,rj4bx952,test,normal,0,-0.07100426172334429
broach_dataset,isolation_forest_rgb_features,rjpdjbpq,test,normal,0,-0.08664652043527454
broach_dataset,isolation_forest_rgb_features,rl321iel,test,normal,0,-0.035297579656471734
broach_dataset,isolation_forest_rgb_features,rl5qr4ff,test,normal,0,-0.047992906312219585
broach_dataset,isolation_forest_rgb_features,rlb65sx0,test,normal,0,-0.06958122337674894
broach_dataset,isolation_forest_rgb_features,rll5tdxs,test,normal,0,-0.017681670180521802
broach_dataset,isolation_forest_rgb_features,rnh2ph1d,test,normal,0,-0.10374927252814936
broach_dataset,isolation_forest_rgb_features,rntv1lsq,test,normal,0,-0.04679763597680786
broach_dataset,isolation_forest_rgb_features,rontdi9o,test,normal,0,-0.08727164607961357
broach_dataset,isolation_forest_rgb_features,rp8qciwv,test,normal,0,-0.0829219658475368
broach_dataset,isolation_forest_rgb_features,rpnuzfhq,test,normal,0,-0.012985301994219989
broach_dataset,isolation_forest_rgb_features,rpoklf43,test,normal,0,-0.08456747778291179
broach_dataset,isolation_forest_rgb_features,rreyiya2,test,normal,0,-0.08311372297388281
broach_dataset,isolation_forest_rgb_features,rrw0ad9a,test,normal,0,0.11739087592374198
broach_dataset,isolation_forest_rgb_features,rs4qbt4o,test,normal,0,-0.018551983966188235
broach_dataset,isolation_forest_rgb_features,rthfhlac,test,normal,0,-0.08527918623618219
broach_dataset,isolation_forest_rgb_features,rthnzvfd,test,normal,0,0.002016351929194804
broach_dataset,isolation_forest_rgb_features,rtjq39p3,test,normal,0,-0.02245358549876758
broach_dataset,isolation_forest_rgb_features,rtmlxejx,test,normal,0,-0.09055268182710002
broach_dataset,isolation_forest_rgb_features,rtoulrvm,test,normal,0,-0.09449533141006478
broach_dataset,isolation_forest_rgb_features,rtpmo841,test,normal,0,-0.08274343601100836
broach_dataset,isolation_forest_rgb_features,rucheip6,test,normal,0,-0.07701372146766894
broach_dataset,isolation_forest_rgb_features,ruy6avbe,test,normal,0,-0.08309805802456949
broach_dataset,isolation_forest_rgb_features,rv8tj0nk,test,normal,0,-0.07009603590855323
broach_dataset,isolation_forest_rgb_features,rvu9b8rv,test,normal,0,-0.011759929160834182
broach_dataset,isolation_forest_rgb_features,rw4vnzvz,test,normal,0,-0.06603946528647636
broach_dataset,isolation_forest_rgb_features,rwckk0bz,test,normal,0,-0.027105996621049788
broach_dataset,isolation_forest_rgb_features,rwyzdk5n,test,normal,0,-0.098386140102671
broach_dataset,isolation_forest_rgb_features,rx0gwhao,test,normal,0,-0.09408862293135822
broach_dataset,isolation_forest_rgb_features,rxeyuvv4,test,normal,0,-0.07068212830224063
broach_dataset,isolation_forest_rgb_features,rxtvdoeu,test,normal,0,-0.09834842329079996
broach_dataset,isolation_forest_rgb_features,rxw0jy7j,test,normal,0,-0.037982183079183884
broach_dataset,isolation_forest_rgb_features,ry3vvvf7,test,normal,0,-0.007401835273229296
broach_dataset,isolation_forest_rgb_features,ry67i24m,test,normal,0,-0.07114564327757894
broach_dataset,isolation_forest_rgb_features,rz3rmme7,test,normal,0,-0.014457417543917161
broach_dataset,isolation_forest_rgb_features,rz4ktfre,test,normal,0,-0.09117992347870368
broach_dataset,isolation_forest_rgb_features,rzzrwhxt,test,normal,0,-0.07933647929818544
broach_dataset,isolation_forest_rgb_features,s13vjuxe,test,normal,0,-0.07910044990162585
broach_dataset,isolation_forest_rgb_features,s1k9ye9o,test,normal,0,-0.08932433635964337
broach_dataset,isolation_forest_rgb_features,s2x0ha8w,test,normal,0,-0.08123532262066974
broach_dataset,isolation_forest_rgb_features,s34daczm,test,normal,0,-0.05658049892430744
broach_dataset,isolation_forest_rgb_features,s405whii,test,normal,0,-0.09956176009509304
broach_dataset,isolation_forest_rgb_features,s40ocmc9,test,normal,0,-0.03443278875359973
broach_dataset,isolation_forest_rgb_features,s4tbuz9r,test,normal,0,-0.092885466573633
broach_dataset,isolation_forest_rgb_features,s5g65q8l,test,normal,0,-0.09665783263342886
broach_dataset,isolation_forest_rgb_features,s5tapwi7,test,normal,0,-0.10267698694543359
broach_dataset,isolation_forest_rgb_features,s62c1jlo,test,normal,0,-0.06754099411563419
broach_dataset,isolation_forest_rgb_features,s6r6bilq,test,normal,0,-0.05730154632181805
broach_dataset,isolation_forest_rgb_features,s7dc6jae,test,normal,0,-0.10898613300498972
broach_dataset,isolation_forest_rgb_features,s7i5lgo9,test,normal,0,-0.077440532587088
broach_dataset,isolation_forest_rgb_features,s7jhfkab,test,normal,0,0.0925903586994472
broach_dataset,isolation_forest_rgb_features,s87z8o5x,test,normal,0,-0.05942497968548682
broach_dataset,isolation_forest_rgb_features,s917e95u,test,normal,0,-0.09492421951251112
broach_dataset,isolation_forest_rgb_features,s9iobmsy,test,normal,0,-0.09511321106553233
broach_dataset,isolation_forest_rgb_features,sazwvmpg,test,normal,0,-0.08030689614367165
broach_dataset,isolation_forest_rgb_features,scebpuwf,test,normal,0,-0.010191051454786826
broach_dataset,isolation_forest_rgb_features,scpf5kji,test,normal,0,-0.10003324509640726
broach_dataset,isolation_forest_rgb_features,sd75oj4m,test,normal,0,0.07375023195380703
broach_dataset,isolation_forest_rgb_features,sdbia619,test,normal,0,-0.08287364970946653
broach_dataset,isolation_forest_rgb_features,sddc05k1,test,normal,0,0.04798780066568609
broach_dataset,isolation_forest_rgb_features,sdn7w6sa,test,normal,0,-0.05029370908261066
broach_dataset,isolation_forest_rgb_features,sdqxm4cd,test,normal,0,-0.039561973553187024
broach_dataset,isolation_forest_rgb_features,sdtfyt80,test,normal,0,-0.09203398870511564
broach_dataset,isolation_forest_rgb_features,seastuxy,test,normal,0,0.05069567181883017
broach_dataset,isolation_forest_rgb_features,sfxustbr,test,normal,0,-0.03942714694390431
broach_dataset,isolation_forest_rgb_features,sgdv2kfz,test,normal,0,-0.016182050770767675
broach_dataset,isolation_forest_rgb_features,sglcm9s4,test,normal,0,-0.07974731230018434
broach_dataset,isolation_forest_rgb_features,sgq78ow3,test,normal,0,-0.002770843100263931
broach_dataset,isolation_forest_rgb_features,sh9gjk3f,test,normal,0,-0.005761322098467303
broach_dataset,isolation_forest_rgb_features,shd6m2hn,test,normal,0,-0.035689050014513446
broach_dataset,isolation_forest_rgb_features,shut9y6u,test,normal,0,0.049492665936982205
broach_dataset,isolation_forest_rgb_features,si6igo6z,test,normal,0,-0.0786139079087323
broach_dataset,isolation_forest_rgb_features,sigbiaf9,test,normal,0,-0.09144430536384773
broach_dataset,isolation_forest_rgb_features,silqclu2,test,normal,0,0.04627639535173056
broach_dataset,isolation_forest_rgb_features,sj27rbi4,test,normal,0,0.049690394922876524
broach_dataset,isolation_forest_rgb_features,sj75vw2o,test,normal,0,-0.10586212932251071
broach_dataset,isolation_forest_rgb_features,sjgwok7x,test,normal,0,0.06051064692013708
broach_dataset,isolation_forest_rgb_features,sjw7tbdd,test,normal,0,-0.05433149014190891
broach_dataset,isolation_forest_rgb_features,skv1vq6h,test,normal,0,-0.037558066118543676
broach_dataset,isolation_forest_rgb_features,skx31ly4,test,normal,0,-0.07499882679727965
broach_dataset,isolation_forest_rgb_features,skyhl5x9,test,normal,0,-0.0966246865364967
broach_dataset,isolation_forest_rgb_features,sley1lo8,test,normal,0,-0.07412224614757296
broach_dataset,isolation_forest_rgb_features,slqbw677,test,normal,0,-0.08141256422261789
broach_dataset,isolation_forest_rgb_features,smenkfbh,test,normal,0,-0.012047723648473618
broach_dataset,isolation_forest_rgb_features,smuxx2vv,test,normal,0,-0.027349346646121098
broach_dataset,isolation_forest_rgb_features,snar8bq9,test,normal,0,-0.0325786205540588
broach_dataset,isolation_forest_rgb_features,snhkkeox,test,normal,0,-0.07258354455769617
broach_dataset,isolation_forest_rgb_features,sp6ddjv6,test,normal,0,-0.039428038393298726
broach_dataset,isolation_forest_rgb_features,spcvq847,test,normal,0,-0.07626656391873582
broach_dataset,isolation_forest_rgb_features,spqhmx56,test,normal,0,-0.08594645293504227
broach_dataset,isolation_forest_rgb_features,spu43cmc,test,normal,0,-0.07696928684484883
broach_dataset,isolation_forest_rgb_features,ssewjdm9,test,normal,0,-0.05304447378230798
broach_dataset,isolation_forest_rgb_features,sssuljaf,test,normal,0,-0.06513797796857257
broach_dataset,isolation_forest_rgb_features,sv20qvzg,test,normal,0,-0.08458792628716683
broach_dataset,isolation_forest_rgb_features,svjkj54b,test,normal,0,-0.07954546080534874
broach_dataset,isolation_forest_rgb_features,svuccpug,test,normal,0,-0.09492302348768072
broach_dataset,isolation_forest_rgb_features,swkqx4tf,test,normal,0,-0.08539722152065438
broach_dataset,isolation_forest_rgb_features,swllof0e,test,normal,0,-0.009825747188910328
broach_dataset,isolation_forest_rgb_features,swokj2ni,test,normal,0,-0.022452340000198023
broach_dataset,isolation_forest_rgb_features,swxkqtq3,test,normal,0,-0.09709986558967404
broach_dataset,isolation_forest_rgb_features,swyfzdqy,test,normal,0,-0.0742306343893045
broach_dataset,isolation_forest_rgb_features,sxgjtlme,test,normal,0,-0.09555633772616168
broach_dataset,isolation_forest_rgb_features,sxjiueov,test,normal,0,-0.07763602203442765
broach_dataset,isolation_forest_rgb_features,sz4si83z,test,normal,0,-0.08479118441358113
broach_dataset,isolation_forest_rgb_features,t12edm4e,test,normal,0,-0.07831676355314654
broach_dataset,isolation_forest_rgb_features,t1kcgqqc,test,normal,0,-0.1013828380226851
broach_dataset,isolation_forest_rgb_features,t1xbh73q,test,normal,0,-0.017127890738572182
broach_dataset,isolation_forest_rgb_features,t2e26i1x,test,normal,0,-0.0437501465375687
broach_dataset,isolation_forest_rgb_features,t2omw31c,test,normal,0,-0.09652913457046619
broach_dataset,isolation_forest_rgb_features,t30o7xky,test,normal,0,-0.1006514056145546
broach_dataset,isolation_forest_rgb_features,t33rxdt5,test,normal,0,-0.0835449105364901
broach_dataset,isolation_forest_rgb_features,t3a9zagv,test,normal,0,-0.007050911091834311
broach_dataset,isolation_forest_rgb_features,t3qtqi5l,test,normal,0,-0.07506527969817417
broach_dataset,isolation_forest_rgb_features,t4wjhfy3,test,normal,0,-0.07200191544665308
broach_dataset,isolation_forest_rgb_features,t4z207fm,test,normal,0,-0.06400745523367324
broach_dataset,isolation_forest_rgb_features,t510lk87,test,normal,0,-0.06130353902416669
broach_dataset,isolation_forest_rgb_features,t5f8krre,test,normal,0,0.06263038146804079
broach_dataset,isolation_forest_rgb_features,t6267cgf,test,normal,0,-0.10903748416448589
broach_dataset,isolation_forest_rgb_features,t76piv6r,test,normal,0,-0.08604968647217026
broach_dataset,isolation_forest_rgb_features,t93to9se,test,normal,0,-0.05402530618396173
broach_dataset,isolation_forest_rgb_features,taujrayb,test,normal,0,-0.04732070018246026
broach_dataset,isolation_forest_rgb_features,tbpqmlnt,test,normal,0,-0.08172265115161853
broach_dataset,isolation_forest_rgb_features,tbt4k5e6,test,normal,0,-0.03179063358794815
broach_dataset,isolation_forest_rgb_features,tdvyvjdo,test,normal,0,-0.1051849369130608
broach_dataset,isolation_forest_rgb_features,tee45zsg,test,normal,0,-0.04988265967537181
broach_dataset,isolation_forest_rgb_features,ter3iwmw,test,normal,0,0.001591686787860369
broach_dataset,isolation_forest_rgb_features,teu5hb1r,test,normal,0,-0.06955351151190664
broach_dataset,isolation_forest_rgb_features,tfa9dl7z,test,normal,0,-0.02231297235165025
broach_dataset,isolation_forest_rgb_features,tfdcdqvu,test,normal,0,-0.05302760759272862
broach_dataset,isolation_forest_rgb_features,tge1vja8,test,normal,0,0.053612661192479205
broach_dataset,isolation_forest_rgb_features,th34cuys,test,normal,0,-0.07355340569233804
broach_dataset,isolation_forest_rgb_features,thjstznz,test,normal,0,-0.022701464515841985
broach_dataset,isolation_forest_rgb_features,ti6pn6xr,test,normal,0,-0.08344653128358387
broach_dataset,isolation_forest_rgb_features,tifznn7y,test,normal,0,-0.11261869613332426
broach_dataset,isolation_forest_rgb_features,tih0iezu,test,normal,0,-0.017940055964931145
broach_dataset,isolation_forest_rgb_features,titugswu,test,normal,0,-0.06238354225879994
broach_dataset,isolation_forest_rgb_features,tjpiwtux,test,normal,0,-0.08864245589466341
broach_dataset,isolation_forest_rgb_features,tkp235vc,test,normal,0,0.04416884991716152
broach_dataset,isolation_forest_rgb_features,tlf72spm,test,normal,0,0.15583157927113478
broach_dataset,isolation_forest_rgb_features,tm477y6z,test,normal,0,-0.06989613877356154
broach_dataset,isolation_forest_rgb_features,tmequz8d,test,normal,0,-0.006484019868384261
broach_dataset,isolation_forest_rgb_features,tnozw39v,test,normal,0,-0.08484678809582452
broach_dataset,isolation_forest_rgb_features,to7d835k,test,normal,0,-0.059690914345768564
broach_dataset,isolation_forest_rgb_features,tombh0nc,test,normal,0,-0.06957942063385725
broach_dataset,isolation_forest_rgb_features,totpxy8e,test,normal,0,-0.0881611090391225
broach_dataset,isolation_forest_rgb_features,tpqcmsv1,test,normal,0,-0.07769966377463561
broach_dataset,isolation_forest_rgb_features,tpxp0vht,test,normal,0,-0.06512954233052837
broach_dataset,isolation_forest_rgb_features,trehie5r,test,normal,0,0.03463135016707042
broach_dataset,isolation_forest_rgb_features,trm56b0h,test,normal,0,-0.02113044360276284
broach_dataset,isolation_forest_rgb_features,ts2kw5ow,test,normal,0,-0.08879519880002279
broach_dataset,isolation_forest_rgb_features,tsl1uws5,test,normal,0,0.053661463165464496
broach_dataset,isolation_forest_rgb_features,tucnhlth,test,normal,0,-0.08635914454615506
broach_dataset,isolation_forest_rgb_features,tv4ir1g3,test,normal,0,-0.09809202077177098
broach_dataset,isolation_forest_rgb_features,tvbtrp63,test,normal,0,-0.06758840619519002
broach_dataset,isolation_forest_rgb_features,tvne70ty,test,normal,0,-0.08191032321040137
broach_dataset,isolation_forest_rgb_features,twt2i9ow,test,normal,0,-0.07647238608371149
broach_dataset,isolation_forest_rgb_features,txa7bh2a,test,normal,0,0.0895682033439894
broach_dataset,isolation_forest_rgb_features,txawqgbo,test,normal,0,-0.07984452711050932
broach_dataset,isolation_forest_rgb_features,txghaoo4,test,normal,0,-0.050109622384496955
broach_dataset,isolation_forest_rgb_features,tydn5t5e,test,normal,0,-0.06911473905541321
broach_dataset,isolation_forest_rgb_features,u05iqz07,test,normal,0,-0.08167978768190531
broach_dataset,isolation_forest_rgb_features,u0gwj9vl,test,normal,0,-0.009127610931918662
broach_dataset,isolation_forest_rgb_features,u0upyw6j,test,normal,0,-0.05367318499482199
broach_dataset,isolation_forest_rgb_features,u1a31bc0,test,normal,0,0.06705786358943
broach_dataset,isolation_forest_rgb_features,u1utpec4,test,normal,0,-0.06480308614244712
broach_dataset,isolation_forest_rgb_features,u3ug7yhw,test,normal,0,0.0003258077902498213
broach_dataset,isolation_forest_rgb_features,u47ai3rp,test,normal,0,-0.012408873086902639
broach_dataset,isolation_forest_rgb_features,u4bibfjp,test,normal,0,-0.07992550447505486
broach_dataset,isolation_forest_rgb_features,u536h4vj,test,normal,0,-0.09161957638206913
broach_dataset,isolation_forest_rgb_features,u57ote0q,test,normal,0,-0.10356791648473773
broach_dataset,isolation_forest_rgb_features,u5o0q2k1,test,normal,0,0.047568742884687154
broach_dataset,isolation_forest_rgb_features,u5t0j2yr,test,normal,0,0.06773586313434876
broach_dataset,isolation_forest_rgb_features,u5vi1fod,test,normal,0,-0.015252801559422102
broach_dataset,isolation_forest_rgb_features,u5vi20st,test,normal,0,-0.09491683607184337
broach_dataset,isolation_forest_rgb_features,u6m8o3us,test,normal,0,-0.07398092390448002
broach_dataset,isolation_forest_rgb_features,u7kb1rtp,test,normal,0,0.053827973035714405
broach_dataset,isolation_forest_rgb_features,u8asg6bc,test,normal,0,-0.012933322789927149
broach_dataset,isolation_forest_rgb_features,u8kd9gnl,test,normal,0,-0.08168061484979855
broach_dataset,isolation_forest_rgb_features,u9ee9x07,test,normal,0,-0.09371538616300995
broach_dataset,isolation_forest_rgb_features,u9otb8wb,test,normal,0,-0.07279783376585341
broach_dataset,isolation_forest_rgb_features,u9swht2z,test,normal,0,-0.0017980719621206176
broach_dataset,isolation_forest_rgb_features,ua2m9kxn,test,normal,0,-0.04516818436237291
broach_dataset,isolation_forest_rgb_features,uadh8tny,test,normal,0,-0.0892351663568175
broach_dataset,isolation_forest_rgb_features,uae0cqik,test,normal,0,-0.08508385129071272
broach_dataset,isolation_forest_rgb_features,ubw42zl6,test,normal,0,-0.0618533381909005
broach_dataset,isolation_forest_rgb_features,ubyc2p3k,test,normal,0,-0.09210855180244593
broach_dataset,isolation_forest_rgb_features,uc3ne21f,test,normal,0,0.06440914335312264
broach_dataset,isolation_forest_rgb_features,ud9spp24,test,normal,0,-0.09210414035759373
broach_dataset,isolation_forest_rgb_features,udewd5aj,test,normal,0,-0.09374847071529996
broach_dataset,isolation_forest_rgb_features,uebj5he8,test,normal,0,-0.04715923516563203
broach_dataset,isolation_forest_rgb_features,uegthmhu,test,normal,0,-0.0854160445096826
broach_dataset,isolation_forest_rgb_features,ufu6py06,test,normal,0,-0.07001197338268417
broach_dataset,isolation_forest_rgb_features,ugabimi0,test,normal,0,-0.10668173438152567
broach_dataset,isolation_forest_rgb_features,ugywxzqx,test,normal,0,-0.07521052474765633
broach_dataset,isolation_forest_rgb_features,uhqusi3o,test,normal,0,-0.10314147578146154
broach_dataset,isolation_forest_rgb_features,ui6d9pkx,test,normal,0,-0.1069054488468506
broach_dataset,isolation_forest_rgb_features,ulmksqwf,test,normal,0,-0.08982505100321109
broach_dataset,isolation_forest_rgb_features,umi9gexm,test,normal,0,-0.08750873583306723
broach_dataset,isolation_forest_rgb_features,uoirkc1h,test,normal,0,-0.07843263397873623
broach_dataset,isolation_forest_rgb_features,upck4bpr,test,normal,0,-0.07188817082659682
broach_dataset,isolation_forest_rgb_features,uq5miauw,test,normal,0,-0.026382226267505693
broach_dataset,isolation_forest_rgb_features,uq7bfjr8,test,normal,0,0.0007900199227872662
broach_dataset,isolation_forest_rgb_features,uqiq9vob,test,normal,0,-0.08347004229468918
broach_dataset,isolation_forest_rgb_features,uqug8dih,test,normal,0,-0.0940955938041802
broach_dataset,isolation_forest_rgb_features,uqzfcoq2,test,normal,0,-0.08342889380789298
broach_dataset,isolation_forest_rgb_features,ur3sct2x,test,normal,0,-0.06869244359153193
broach_dataset,isolation_forest_rgb_features,uri81ltt,test,normal,0,-0.04623330119652408
broach_dataset,isolation_forest_rgb_features,usjxbcws,test,normal,0,-0.07796416893360864
broach_dataset,isolation_forest_rgb_features,utfefz81,test,normal,0,-0.08056858349916873
broach_dataset,isolation_forest_rgb_features,utgj1n8i,test,normal,0,-0.01991422820965877
broach_dataset,isolation_forest_rgb_features,utukolel,test,normal,0,-0.05629552407450966
broach_dataset,isolation_forest_rgb_features,utzi08ho,test,normal,0,-0.0842623709491106
broach_dataset,isolation_forest_rgb_features,uv2zx1qf,test,normal,0,-0.022555433308125872
broach_dataset,isolation_forest_rgb_features,uvnuhhgk,test,normal,0,-0.10232105486112514
broach_dataset,isolation_forest_rgb_features,uwfz2cgb,test,normal,0,-0.03903116488260361
broach_dataset,isolation_forest_rgb_features,uxxdxo7s,test,normal,0,0.039273848226466734
broach_dataset,isolation_forest_rgb_features,uy0zia9a,test,normal,0,-0.08726874295757786
broach_dataset,isolation_forest_rgb_features,uyr6xtkf,test,normal,0,-0.11178467939280656
broach_dataset,isolation_forest_rgb_features,uz2z0kdn,test,normal,0,-0.08522397204113286
broach_dataset,isolation_forest_rgb_features,uzgylfb2,test,normal,0,-0.03748313321131075
broach_dataset,isolation_forest_rgb_features,uzlnikcz,test,normal,0,-0.09114730886097588
broach_dataset,isolation_forest_rgb_features,uzzlsg4c,test,normal,0,-0.07685585714291354
broach_dataset,isolation_forest_rgb_features,v00bwt8n,test,normal,0,-0.03056916824640621
broach_dataset,isolation_forest_rgb_features,v0asm941,test,normal,0,-0.012598692510747966
broach_dataset,isolation_forest_rgb_features,v0sp96bw,test,normal,0,-0.07629422576265865
broach_dataset,isolation_forest_rgb_features,v0thg0b2,test,normal,0,-0.08260345276947922
broach_dataset,isolation_forest_rgb_features,v18m11t5,test,normal,0,-0.09177299999812238
broach_dataset,isolation_forest_rgb_features,v1mzb3i4,test,normal,0,-0.0669081530894689
broach_dataset,isolation_forest_rgb_features,v1tat3op,test,normal,0,-0.09053058632509281
broach_dataset,isolation_forest_rgb_features,v2217450,test,normal,0,-0.06723813276059332
broach_dataset,isolation_forest_rgb_features,v2cz5nf5,test,normal,0,-0.07406823278396768
broach_dataset,isolation_forest_rgb_features,v33bhtf0,test,normal,0,-0.06890753549827455
broach_dataset,isolation_forest_rgb_features,v38kz8t9,test,normal,0,-0.10017521824742426
broach_dataset,isolation_forest_rgb_features,v39201cw,test,normal,0,-0.06711314790990563
broach_dataset,isolation_forest_rgb_features,v3q37aft,test,normal,0,-0.00973712995187459
broach_dataset,isolation_forest_rgb_features,v3youukp,test,normal,0,-0.09504332236469176
broach_dataset,isolation_forest_rgb_features,v4a4ipvw,test,normal,0,-0.09136715424924702
broach_dataset,isolation_forest_rgb_features,v4bnax29,test,normal,0,-0.0808161120402095
broach_dataset,isolation_forest_rgb_features,v4chct25,test,normal,0,-0.0501846066391497
broach_dataset,isolation_forest_rgb_features,v5z1f72h,test,normal,0,0.07970396237365829
broach_dataset,isolation_forest_rgb_features,v6gnrive,test,normal,0,-0.08234033691093046
broach_dataset,isolation_forest_rgb_features,v7uqv50o,test,normal,0,-0.10221460412561206
broach_dataset,isolation_forest_rgb_features,v80lkx1s,test,normal,0,-0.05855960004663496
broach_dataset,isolation_forest_rgb_features,vaejvobv,test,normal,0,-0.07939317604310503
broach_dataset,isolation_forest_rgb_features,vafueaco,test,normal,0,-0.09211444824558412
broach_dataset,isolation_forest_rgb_features,vax0f6rj,test,normal,0,-0.05395370506288932
broach_dataset,isolation_forest_rgb_features,vb2osj4k,test,normal,0,0.004443167669233583
broach_dataset,isolation_forest_rgb_features,vbgr8w2m,test,normal,0,-0.05999042924531778
broach_dataset,isolation_forest_rgb_features,vbjrbzjw,test,normal,0,-0.0857631950179426
broach_dataset,isolation_forest_rgb_features,vc0e41y2,test,normal,0,-0.08690354968712105
broach_dataset,isolation_forest_rgb_features,vc5zsrfw,test,normal,0,-0.08289337718292478
broach_dataset,isolation_forest_rgb_features,vcqe1c63,test,normal,0,-0.05910822045933395
broach_dataset,isolation_forest_rgb_features,vcun39s5,test,normal,0,-0.016459896088724002
broach_dataset,isolation_forest_rgb_features,vdet809d,test,normal,0,-0.05607782649996901
broach_dataset,isolation_forest_rgb_features,vdl63u14,test,normal,0,-0.09027841447447599
broach_dataset,isolation_forest_rgb_features,ve1o5im5,test,normal,0,-0.05728708116567571
broach_dataset,isolation_forest_rgb_features,ver0drxd,test,normal,0,0.010066827687283841
broach_dataset,isolation_forest_rgb_features,vgww4fyb,test,normal,0,-0.07848245757519251
broach_dataset,isolation_forest_rgb_features,vioifji1,test,normal,0,-0.10209271573676348
broach_dataset,isolation_forest_rgb_features,viz0m9ve,test,normal,0,-0.06758138545763709
broach_dataset,isolation_forest_rgb_features,vj0va0st,test,normal,0,-0.06538697536659022
broach_dataset,isolation_forest_rgb_features,vj8w45j6,test,normal,0,0.0018911720764773765
broach_dataset,isolation_forest_rgb_features,vjc6sumi,test,normal,0,-0.07787872444404864
broach_dataset,isolation_forest_rgb_features,vmb9kzyx,test,normal,0,0.0066429305933194405
broach_dataset,isolation_forest_rgb_features,vmw9jaf9,test,normal,0,-0.020004710515334923
broach_dataset,isolation_forest_rgb_features,vnnsqckm,test,normal,0,-0.08588288211747952
broach_dataset,isolation_forest_rgb_features,vo91mybx,test,normal,0,-0.007515775481572173
broach_dataset,isolation_forest_rgb_features,vouqw4c5,test,normal,0,-0.07651726218443239
broach_dataset,isolation_forest_rgb_features,vozufbcs,test,normal,0,-0.09165877633801006
broach_dataset,isolation_forest_rgb_features,vpxwhi3m,test,normal,0,-0.10199974551009067
broach_dataset,isolation_forest_rgb_features,vq0ufhok,test,normal,0,0.029306794187652585
broach_dataset,isolation_forest_rgb_features,vr8vbyez,test,normal,0,-0.08182592924639243
broach_dataset,isolation_forest_rgb_features,vrf8m2xl,test,normal,0,-0.024630243163908938
broach_dataset,isolation_forest_rgb_features,vt7dj6ve,test,normal,0,-0.07084861539518666
broach_dataset,isolation_forest_rgb_features,vte0utxs,test,normal,0,0.11560091155066365
broach_dataset,isolation_forest_rgb_features,vun862uw,test,normal,0,-0.05897483914382934
broach_dataset,isolation_forest_rgb_features,vvlk8cif,test,normal,0,-0.013985729700830951
broach_dataset,isolation_forest_rgb_features,vvsdzah2,test,normal,0,-0.09260873596349584
broach_dataset,isolation_forest_rgb_features,vw5hx2s2,test,normal,0,-0.0844545132991601
broach_dataset,isolation_forest_rgb_features,vwt37yyx,test,normal,0,-0.05493219461870602
broach_dataset,isolation_forest_rgb_features,vwund47a,test,normal,0,-0.0369886374730769
broach_dataset,isolation_forest_rgb_features,vyfyk3md,test,normal,0,-0.08135776842359538
broach_dataset,isolation_forest_rgb_features,vynnwoqv,test,normal,0,-0.10107614017872346
broach_dataset,isolation_forest_rgb_features,vyxtuyl0,test,normal,0,-0.07786396769572546
broach_dataset,isolation_forest_rgb_features,vz809bxn,test,normal,0,-0.08111724887463195
broach_dataset,isolation_forest_rgb_features,vzcr9rv3,test,normal,0,-0.0030990448219772038
broach_dataset,isolation_forest_rgb_features,vzex99d9,test,normal,0,-0.0973620152677529
broach_dataset,isolation_forest_rgb_features,w03bkfd4,test,normal,0,0.061899772169836886
broach_dataset,isolation_forest_rgb_features,w05y1huu,test,normal,0,-0.0871732970312285
broach_dataset,isolation_forest_rgb_features,w1nyrwof,test,normal,0,0.08915144584966173
broach_dataset,isolation_forest_rgb_features,w2r8kwcz,test,normal,0,-0.10192572310316844
broach_dataset,isolation_forest_rgb_features,w325gzmm,test,normal,0,0.003859705514574041
broach_dataset,isolation_forest_rgb_features,w3chnj6g,test,normal,0,-0.09825706181309402
broach_dataset,isolation_forest_rgb_features,w3gi60q6,test,normal,0,-0.07935820266950744
broach_dataset,isolation_forest_rgb_features,w3lvjy1a,test,normal,0,-0.06880625952094382
broach_dataset,isolation_forest_rgb_features,w3pw9cut,test,normal,0,-0.0424142723273187
broach_dataset,isolation_forest_rgb_features,w3vg29kw,test,normal,0,-0.08304930448339409
broach_dataset,isolation_forest_rgb_features,w3y5a292,test,normal,0,-0.08075566267924233
broach_dataset,isolation_forest_rgb_features,w4d4rgew,test,normal,0,-0.09079403689960575
broach_dataset,isolation_forest_rgb_features,w4k7u1kd,test,normal,0,-0.04860394946477803
broach_dataset,isolation_forest_rgb_features,w55rwyqs,test,normal,0,-0.09748311872280108
broach_dataset,isolation_forest_rgb_features,w5kpwzg0,test,normal,0,-0.0420202477647858
broach_dataset,isolation_forest_rgb_features,w65i7l3o,test,normal,0,-0.011042656271092743
broach_dataset,isolation_forest_rgb_features,w69hzgop,test,normal,0,-0.09189696014281074
broach_dataset,isolation_forest_rgb_features,w71ghb7v,test,normal,0,-0.09685801471226951
broach_dataset,isolation_forest_rgb_features,w7di6it4,test,normal,0,-0.02757644541990939
broach_dataset,isolation_forest_rgb_features,w7j35vlw,test,normal,0,-0.07387671302353405
broach_dataset,isolation_forest_rgb_features,w8vloyhd,test,normal,0,0.08436148650706221
broach_dataset,isolation_forest_rgb_features,w9485idm,test,normal,0,0.002971490194877302
broach_dataset,isolation_forest_rgb_features,w9myyoke,test,normal,0,-0.09903085189114963
broach_dataset,isolation_forest_rgb_features,w9v5wkb8,test,normal,0,-0.04034900715061296
broach_dataset,isolation_forest_rgb_features,wa497owr,test,normal,0,0.07730784691303916
broach_dataset,isolation_forest_rgb_features,wb5spffc,test,normal,0,0.015323839129303463
broach_dataset,isolation_forest_rgb_features,wbbeps8d,test,normal,0,-0.04101064210313915
broach_dataset,isolation_forest_rgb_features,wbdl3u1r,test,normal,0,-0.04213081091947474
broach_dataset,isolation_forest_rgb_features,wcl7xg33,test,normal,0,-0.008924380050008895
broach_dataset,isolation_forest_rgb_features,wcs4bju8,test,normal,0,-0.09072232636863065
broach_dataset,isolation_forest_rgb_features,wcu50qyt,test,normal,0,-0.0711484497402447
broach_dataset,isolation_forest_rgb_features,wcvh69ug,test,normal,0,-0.08194537497167675
broach_dataset,isolation_forest_rgb_features,wdhb0z7p,test,normal,0,-0.06380759223597243
broach_dataset,isolation_forest_rgb_features,wdhhl7ch,test,normal,0,-0.022043651635539285
broach_dataset,isolation_forest_rgb_features,wedlnk2z,test,normal,0,-0.10086340606948196
broach_dataset,isolation_forest_rgb_features,wexz02mn,test,normal,0,-0.0740912208857909
broach_dataset,isolation_forest_rgb_features,wf8lcl9a,test,normal,0,-0.08739751876014573
broach_dataset,isolation_forest_rgb_features,wfp1b4k5,test,normal,0,-0.09502005170469768
broach_dataset,isolation_forest_rgb_features,wgtbgemy,test,normal,0,-0.09282212575839388
broach_dataset,isolation_forest_rgb_features,wgw4bov1,test,normal,0,-0.0923759071417814
broach_dataset,isolation_forest_rgb_features,wh9hd268,test,normal,0,-0.07866130453858261
broach_dataset,isolation_forest_rgb_features,whkl17yf,test,normal,0,-0.10331210593450157
broach_dataset,isolation_forest_rgb_features,whwkmy9x,test,normal,0,-0.08979291188290778
broach_dataset,isolation_forest_rgb_features,widoh6s0,test,normal,0,-0.04645786780458411
broach_dataset,isolation_forest_rgb_features,wji7i0nj,test,normal,0,0.05295604785899466
broach_dataset,isolation_forest_rgb_features,wjwospd2,test,normal,0,-0.07321549010577089
broach_dataset,isolation_forest_rgb_features,wk08vurm,test,normal,0,0.012463146473692843
broach_dataset,isolation_forest_rgb_features,wkeyarz1,test,normal,0,-0.08232455754293089
broach_dataset,isolation_forest_rgb_features,wldv63yd,test,normal,0,0.0734787208407166
broach_dataset,isolation_forest_rgb_features,wms6fdgd,test,normal,0,-0.07546699554176628
broach_dataset,isolation_forest_rgb_features,wn103frb,test,normal,0,-0.007860173617119881
broach_dataset,isolation_forest_rgb_features,wn4nhl8l,test,normal,0,-0.06055473350146562
broach_dataset,isolation_forest_rgb_features,wnk9mpem,test,normal,0,-0.01417109240084391
broach_dataset,isolation_forest_rgb_features,woal2tdw,test,normal,0,-0.03338127694793397
broach_dataset,isolation_forest_rgb_features,woje6wz0,test,normal,0,-0.011378472855072208
broach_dataset,isolation_forest_rgb_features,wolep2wl,test,normal,0,-0.06767332458722158
broach_dataset,isolation_forest_rgb_features,wp9jxi9b,test,normal,0,-0.10014968312826228
broach_dataset,isolation_forest_rgb_features,wprgap6o,test,normal,0,-0.012614198908037444
broach_dataset,isolation_forest_rgb_features,wprlpg7g,test,normal,0,-0.07802320557798553
broach_dataset,isolation_forest_rgb_features,wpyt3zoj,test,normal,0,-0.08646391634780004
broach_dataset,isolation_forest_rgb_features,wqd885m3,test,normal,0,-0.08736432420979834
broach_dataset,isolation_forest_rgb_features,ws1zl7p7,test,normal,0,-0.07314864444272856
broach_dataset,isolation_forest_rgb_features,wsamb772,test,normal,0,-0.08941138802163101
broach_dataset,isolation_forest_rgb_features,wsi8gizi,test,normal,0,-0.034809189623733416
broach_dataset,isolation_forest_rgb_features,wsko2rkd,test,normal,0,-0.0406565962555574
broach_dataset,isolation_forest_rgb_features,wtfmsjbw,test,normal,0,-0.07797191529321901
broach_dataset,isolation_forest_rgb_features,wtw0tnzx,test,normal,0,-0.04302194614784882
broach_dataset,isolation_forest_rgb_features,wvtfx4r6,test,normal,0,-0.07963587933469413
broach_dataset,isolation_forest_rgb_features,wvworlew,test,normal,0,-0.0032054521696869287
broach_dataset,isolation_forest_rgb_features,wvztduur,test,normal,0,-0.05275544443746749
broach_dataset,isolation_forest_rgb_features,wwd0950b,test,normal,0,-0.024655811488198065
broach_dataset,isolation_forest_rgb_features,wy93ei3x,test,normal,0,-0.0846536911966062
broach_dataset,isolation_forest_rgb_features,wyfnabqh,test,normal,0,-0.023539689753188764
broach_dataset,isolation_forest_rgb_features,wz2doluq,test,normal,0,-0.04716074313856783
broach_dataset,isolation_forest_rgb_features,wzff1uwo,test,normal,0,-0.016843480237601516
broach_dataset,isolation_forest_rgb_features,x0cf861c,test,normal,0,0.05757624779282777
broach_dataset,isolation_forest_rgb_features,x18d1spd,test,normal,0,-0.018966356980276766
broach_dataset,isolation_forest_rgb_features,x1ho5yju,test,normal,0,-0.07030992656648088
broach_dataset,isolation_forest_rgb_features,x1ipumo6,test,normal,0,-0.09655243572588257
broach_dataset,isolation_forest_rgb_features,x2lg5c2y,test,normal,0,-0.023524636711010405
broach_dataset,isolation_forest_rgb_features,x2n92tgw,test,normal,0,-0.06467338416645729
broach_dataset,isolation_forest_rgb_features,x2trx546,test,normal,0,-0.10219529505666947
broach_dataset,isolation_forest_rgb_features,x35cojjr,test,normal,0,-0.04324517189755728
broach_dataset,isolation_forest_rgb_features,x36oetrt,test,normal,0,-0.0734715551732476
broach_dataset,isolation_forest_rgb_features,x4nc3ueg,test,normal,0,-0.06402631336451864
broach_dataset,isolation_forest_rgb_features,x4o1ccy1,test,normal,0,-0.010641300164101308
broach_dataset,isolation_forest_rgb_features,x7eedtjv,test,normal,0,-0.06321887951175925
broach_dataset,isolation_forest_rgb_features,x7wdeah7,test,normal,0,-0.06539271468065072
broach_dataset,isolation_forest_rgb_features,x80nkxkb,test,normal,0,-0.06034933179832219
broach_dataset,isolation_forest_rgb_features,x9exlzlw,test,normal,0,-0.0676148137436644
broach_dataset,isolation_forest_rgb_features,x9yit0lm,test,normal,0,-0.07442954976643285
broach_dataset,isolation_forest_rgb_features,xa8mku1g,test,normal,0,-0.09269997797983631
broach_dataset,isolation_forest_rgb_features,xah6ix4r,test,normal,0,-0.07944960135515583
broach_dataset,isolation_forest_rgb_features,xaic0dhn,test,normal,0,-0.08658633845652758
broach_dataset,isolation_forest_rgb_features,xauzu9mw,test,normal,0,-0.08174972969584815
broach_dataset,isolation_forest_rgb_features,xb0d4j6n,test,normal,0,0.048236268158532436
broach_dataset,isolation_forest_rgb_features,xc45bncc,test,normal,0,-0.08703843038171533
broach_dataset,isolation_forest_rgb_features,xc486dx2,test,normal,0,-0.045373306636019684
broach_dataset,isolation_forest_rgb_features,xcomi955,test,normal,0,-0.09613107382904251
broach_dataset,isolation_forest_rgb_features,xcy5u4zo,test,normal,0,-0.01057711514201315
broach_dataset,isolation_forest_rgb_features,xd36px1p,test,normal,0,-0.02101615680667629
broach_dataset,isolation_forest_rgb_features,xflouw91,test,normal,0,-0.02684924453124904
broach_dataset,isolation_forest_rgb_features,xfn5lksh,test,normal,0,-0.06552155042563118
broach_dataset,isolation_forest_rgb_features,xhdqf8c6,test,normal,0,-0.08303387079261038
broach_dataset,isolation_forest_rgb_features,xhnztvb9,test,normal,0,-0.03924306083750079
broach_dataset,isolation_forest_rgb_features,xi1ddouw,test,normal,0,-0.07104722052437457
broach_dataset,isolation_forest_rgb_features,xi3rnc02,test,normal,0,-0.07880208267860611
broach_dataset,isolation_forest_rgb_features,xi3wgu6b,test,normal,0,-0.09368883549937262
broach_dataset,isolation_forest_rgb_features,xi563n5z,test,normal,0,-0.04651439123840745
broach_dataset,isolation_forest_rgb_features,xjcchawf,test,normal,0,-0.09764759596230282
broach_dataset,isolation_forest_rgb_features,xjve3dze,test,normal,0,-0.0871219625757294
broach_dataset,isolation_forest_rgb_features,xkjtavlv,test,normal,0,-0.08622722084671336
broach_dataset,isolation_forest_rgb_features,xkwg216o,test,normal,0,-0.08044229458224822
broach_dataset,isolation_forest_rgb_features,xl20ifor,test,normal,0,-0.0019160112281830788
broach_dataset,isolation_forest_rgb_features,xle9lsa5,test,normal,0,-0.06381722128026229
broach_dataset,isolation_forest_rgb_features,xma5vixr,test,normal,0,-0.097981865490674
broach_dataset,isolation_forest_rgb_features,xnp6kub0,test,normal,0,0.08107042408911558
broach_dataset,isolation_forest_rgb_features,xomen69x,test,normal,0,-0.10550045987241824
broach_dataset,isolation_forest_rgb_features,xoms9jbt,test,normal,0,0.03476788153566024
broach_dataset,isolation_forest_rgb_features,xpj6w6kn,test,normal,0,-0.04776468232544079
broach_dataset,isolation_forest_rgb_features,xqsrlxp4,test,normal,0,-0.07332435292117018
broach_dataset,isolation_forest_rgb_features,xrsl3rj4,test,normal,0,0.14480322848481186
broach_dataset,isolation_forest_rgb_features,xs3d2jb0,test,normal,0,-0.08435715863639237
broach_dataset,isolation_forest_rgb_features,xs51hfbs,test,normal,0,-0.03875884892124054
broach_dataset,isolation_forest_rgb_features,xtpeye3v,test,normal,0,-0.020019857167819455
broach_dataset,isolation_forest_rgb_features,xu1cxx3l,test,normal,0,-0.08790885657372638
broach_dataset,isolation_forest_rgb_features,xu7fkc78,test,normal,0,-0.08295201193394547
broach_dataset,isolation_forest_rgb_features,xuj7equm,test,normal,0,0.06105245876955012
broach_dataset,isolation_forest_rgb_features,xuluengc,test,normal,0,0.0028139542070186874
broach_dataset,isolation_forest_rgb_features,xuq9yyr1,test,normal,0,0.04155562677623259
broach_dataset,isolation_forest_rgb_features,xvq5frgy,test,normal,0,-0.07804415863180647
broach_dataset,isolation_forest_rgb_features,xw42z6bg,test,normal,0,-0.06054589935742177
broach_dataset,isolation_forest_rgb_features,xwbc1jli,test,normal,0,-0.04220966963315975
broach_dataset,isolation_forest_rgb_features,xx8oe61g,test,normal,0,-0.09032942557353668
broach_dataset,isolation_forest_rgb_features,xxwsi1co,test,normal,0,-0.012311187330322548
broach_dataset,isolation_forest_rgb_features,xyhjy2eb,test,normal,0,0.04527430802559318
broach_dataset,isolation_forest_rgb_features,xyphwhm5,test,normal,0,-0.08012727317388191
broach_dataset,isolation_forest_rgb_features,xyqrijrp,test,normal,0,-0.06215105875106158
broach_dataset,isolation_forest_rgb_features,xyu1mxy0,test,normal,0,-0.00278132619577115
broach_dataset,isolation_forest_rgb_features,xz8lc007,test,normal,0,0.0053922852008524425
broach_dataset,isolation_forest_rgb_features,xzn0m18x,test,normal,0,-0.04594619663023353
broach_dataset,isolation_forest_rgb_features,xzqu8bjz,test,normal,0,-0.08678759341190584
broach_dataset,isolation_forest_rgb_features,xzu6hw0k,test,normal,0,-0.012771921125554364
broach_dataset,isolation_forest_rgb_features,y01h0l5o,test,normal,0,-0.04826070078305522
broach_dataset,isolation_forest_rgb_features,y04n3ysf,test,normal,0,-0.0804045215310944
broach_dataset,isolation_forest_rgb_features,y09bi3ze,test,normal,0,-0.08756353495250296
broach_dataset,isolation_forest_rgb_features,y0bqjw3e,test,normal,0,-0.08112243250688334
broach_dataset,isolation_forest_rgb_features,y0gyl6te,test,normal,0,-0.04466502001534983
broach_dataset,isolation_forest_rgb_features,y0xaobk0,test,normal,0,-0.074362713193452
broach_dataset,isolation_forest_rgb_features,y11w509d,test,normal,0,-0.05214375056447773
broach_dataset,isolation_forest_rgb_features,y13hzvy4,test,normal,0,-0.013554821665638206
broach_dataset,isolation_forest_rgb_features,y1bw6clf,test,normal,0,-0.004078146536419913
broach_dataset,isolation_forest_rgb_features,y1vnnurw,test,normal,0,-0.08104585468284026
broach_dataset,isolation_forest_rgb_features,y21jmas4,test,normal,0,-0.08640957725578335
broach_dataset,isolation_forest_rgb_features,y2ipbkou,test,normal,0,-0.06043483539675165
broach_dataset,isolation_forest_rgb_features,y2jp2lxr,test,normal,0,-0.07213090966734498
broach_dataset,isolation_forest_rgb_features,y30ylph1,test,normal,0,-0.07365403033499746
broach_dataset,isolation_forest_rgb_features,y3n7nwlq,test,normal,0,-0.04863328302197861
broach_dataset,isolation_forest_rgb_features,y445azd3,test,normal,0,0.007265184598756469
broach_dataset,isolation_forest_rgb_features,y55huhrx,test,normal,0,-0.05390028885157733
broach_dataset,isolation_forest_rgb_features,y620n8tt,test,normal,0,-0.09286292613789665
broach_dataset,isolation_forest_rgb_features,y7iydc2f,test,normal,0,0.10615011917067052
broach_dataset,isolation_forest_rgb_features,y7iydwdx,test,normal,0,-0.10513850819387516
broach_dataset,isolation_forest_rgb_features,y7wmpeqt,test,normal,0,-0.03598409782512024
broach_dataset,isolation_forest_rgb_features,y85yvy0m,test,normal,0,-0.07307212104050081
broach_dataset,isolation_forest_rgb_features,y8xltnvv,test,normal,0,-0.09306673890839157
broach_dataset,isolation_forest_rgb_features,ya3jitqh,test,normal,0,-0.062180390718225675
broach_dataset,isolation_forest_rgb_features,ya4y34yy,test,normal,0,-0.029821500254525624
broach_dataset,isolation_forest_rgb_features,ya8yfori,test,normal,0,-0.01598274531156796
broach_dataset,isolation_forest_rgb_features,yahrk7n6,test,normal,0,-0.028289068497516667
broach_dataset,isolation_forest_rgb_features,ybnlyym7,test,normal,0,0.0668172849582811
broach_dataset,isolation_forest_rgb_features,ybu5a98b,test,normal,0,-0.022934409275838286
broach_dataset,isolation_forest_rgb_features,yc1umtcb,test,normal,0,0.004081664192156609
broach_dataset,isolation_forest_rgb_features,ycjrhpgi,test,normal,0,-0.1004143714758694
broach_dataset,isolation_forest_rgb_features,ydr363tx,test,normal,0,-0.037706381766524466
broach_dataset,isolation_forest_rgb_features,yeayfrop,test,normal,0,-0.08793812211760943
broach_dataset,isolation_forest_rgb_features,yedn2z2v,test,normal,0,-0.10005078760766273
broach_dataset,isolation_forest_rgb_features,yffnxblj,test,normal,0,-0.05331766966435958
broach_dataset,isolation_forest_rgb_features,yfl6h35o,test,normal,0,-0.09283436555108598
broach_dataset,isolation_forest_rgb_features,yg10xntk,test,normal,0,-0.05560780312643154
broach_dataset,isolation_forest_rgb_features,yghekq8b,test,normal,0,0.05236343924388276
broach_dataset,isolation_forest_rgb_features,yghvqizd,test,normal,0,-0.04789385021063275
broach_dataset,isolation_forest_rgb_features,yh4pm6zb,test,normal,0,-0.09676562716939585
broach_dataset,isolation_forest_rgb_features,yhb9640r,test,normal,0,-0.026124011932904423
broach_dataset,isolation_forest_rgb_features,yhhr56wx,test,normal,0,-0.07822171670294648
broach_dataset,isolation_forest_rgb_features,yho5ldo9,test,normal,0,-0.0750574299823929
broach_dataset,isolation_forest_rgb_features,yik9r33i,test,normal,0,-0.07472196276262022
broach_dataset,isolation_forest_rgb_features,yjxrpj1e,test,normal,0,-0.07358477847630768
broach_dataset,isolation_forest_rgb_features,ykklsci4,test,normal,0,-0.08630702886682529
broach_dataset,isolation_forest_rgb_features,ykmrx5jd,test,normal,0,0.0556949183626535
broach_dataset,isolation_forest_rgb_features,yld0i118,test,normal,0,-0.09212340812731412
broach_dataset,isolation_forest_rgb_features,ylmuitsu,test,normal,0,-0.08492712352330856
broach_dataset,isolation_forest_rgb_features,ymzeofku,test,normal,0,-0.09771794648022553
broach_dataset,isolation_forest_rgb_features,yntl2ug0,test,normal,0,-0.06424002942846463
broach_dataset,isolation_forest_rgb_features,yp6y563p,test,normal,0,-0.07479956880405803
broach_dataset,isolation_forest_rgb_features,ypgpnexx,test,normal,0,-0.06700891583519986
broach_dataset,isolation_forest_rgb_features,ypq7ka11,test,normal,0,-0.07430273762669631
broach_dataset,isolation_forest_rgb_features,yptme9ez,test,normal,0,-0.014282438462810076
broach_dataset,isolation_forest_rgb_features,yqllml3v,test,normal,0,-0.07381935329544248
broach_dataset,isolation_forest_rgb_features,yqn6wahy,test,normal,0,-0.04280036116816516
broach_dataset,isolation_forest_rgb_features,ytlvaeuu,test,normal,0,-0.015832987851732816
broach_dataset,isolation_forest_rgb_features,ytz1kxml,test,normal,0,-0.015387064949468898
broach_dataset,isolation_forest_rgb_features,yuvwg2os,test,normal,0,-0.022195041841386542
broach_dataset,isolation_forest_rgb_features,yvznex5c,test,normal,0,-0.09487992816564256
broach_dataset,isolation_forest_rgb_features,ywokl2tp,test,normal,0,0.03544998913838959
broach_dataset,isolation_forest_rgb_features,ywpdl1bv,test,normal,0,-0.05991784203042061
broach_dataset,isolation_forest_rgb_features,ywsbzh48,test,normal,0,-0.07525868094023347
broach_dataset,isolation_forest_rgb_features,yxv6w0h1,test,normal,0,-0.045603885318356796
broach_dataset,isolation_forest_rgb_features,yxw0cmsw,test,normal,0,-0.033948175311885986
broach_dataset,isolation_forest_rgb_features,yyihpz6m,test,normal,0,-0.06082478678988035
broach_dataset,isolation_forest_rgb_features,yz3j5usr,test,normal,0,-0.06448324585233817
broach_dataset,isolation_forest_rgb_features,yzni6bju,test,normal,0,0.0008443830843711808
broach_dataset,isolation_forest_rgb_features,yznst2gp,test,normal,0,-0.03652818557394233
broach_dataset,isolation_forest_rgb_features,z056y5hp,test,normal,0,-0.026769852696515828
broach_dataset,isolation_forest_rgb_features,z0o158j8,test,normal,0,-0.10413158247865878
broach_dataset,isolation_forest_rgb_features,z0v0fjps,test,normal,0,0.14709885402250633
broach_dataset,isolation_forest_rgb_features,z23f42xz,test,normal,0,-0.07726055866968184
broach_dataset,isolation_forest_rgb_features,z2cyx3u5,test,normal,0,-0.010995797544638364
broach_dataset,isolation_forest_rgb_features,z2va9cd0,test,normal,0,-0.08990061371354374
broach_dataset,isolation_forest_rgb_features,z3womtfu,test,normal,0,-0.02383492876019877
broach_dataset,isolation_forest_rgb_features,z4eny9oj,test,normal,0,-0.023622894653043736
broach_dataset,isolation_forest_rgb_features,z4px5jlf,test,normal,0,-0.06843675795126725
broach_dataset,isolation_forest_rgb_features,z55if3bq,test,normal,0,-0.07456714680417237
broach_dataset,isolation_forest_rgb_features,z6472476,test,normal,0,-0.02374986546800434
broach_dataset,isolation_forest_rgb_features,z6n4iqi1,test,normal,0,-0.029719592197978484
broach_dataset,isolation_forest_rgb_features,z6r1m9zi,test,normal,0,-0.07835451431326423
broach_dataset,isolation_forest_rgb_features,z7c3rryn,test,normal,0,-0.0732044385297852
broach_dataset,isolation_forest_rgb_features,z7jsj8ei,test,normal,0,0.012322747720407312
broach_dataset,isolation_forest_rgb_features,z89pnlf8,test,normal,0,-0.018756247167696027
broach_dataset,isolation_forest_rgb_features,z8kkd2d9,test,normal,0,-0.014987695425339898
broach_dataset,isolation_forest_rgb_features,z91kmgqa,test,normal,0,-0.09326692434833395
broach_dataset,isolation_forest_rgb_features,z9949r1n,test,normal,0,0.1494668671147299
broach_dataset,isolation_forest_rgb_features,z9owukox,test,normal,0,-0.022601498421805866
broach_dataset,isolation_forest_rgb_features,zasywdrk,test,normal,0,-0.08309407042771588
broach_dataset,isolation_forest_rgb_features,zaz505t0,test,normal,0,-0.07519907662475006
broach_dataset,isolation_forest_rgb_features,zb25jt3m,test,normal,0,-0.10046304130737743
broach_dataset,isolation_forest_rgb_features,zb765kr9,test,normal,0,-0.026613340357172166
broach_dataset,isolation_forest_rgb_features,zbozq4q1,test,normal,0,-0.00884892858866032
broach_dataset,isolation_forest_rgb_features,zbwa9npt,test,normal,0,-0.08785730986125884
broach_dataset,isolation_forest_rgb_features,ze6i9rk9,test,normal,0,-0.08440294791717323
broach_dataset,isolation_forest_rgb_features,zecj2btx,test,normal,0,-0.08698758121994649
broach_dataset,isolation_forest_rgb_features,zfaqxhew,test,normal,0,-0.04035364057480406
broach_dataset,isolation_forest_rgb_features,zgjvb2yt,test,normal,0,-0.07812824735612522
broach_dataset,isolation_forest_rgb_features,zgm6zfzj,test,normal,0,-0.07867029113426899
broach_dataset,isolation_forest_rgb_features,zh4unrzu,test,normal,0,0.040125482448089556
broach_dataset,isolation_forest_rgb_features,zhwgid7z,test,normal,0,-0.09295652336112603
broach_dataset,isolation_forest_rgb_features,zhwjr64d,test,normal,0,-0.07308330030170146
broach_dataset,isolation_forest_rgb_features,zhzr9m68,test,normal,0,-0.10466942260664369
broach_dataset,isolation_forest_rgb_features,ziabscah,test,normal,0,-0.09558377683859703
broach_dataset,isolation_forest_rgb_features,zj5ih9z9,test,normal,0,-0.09270813471600015
broach_dataset,isolation_forest_rgb_features,zjjfh493,test,normal,0,-0.0793032010037838
broach_dataset,isolation_forest_rgb_features,zk2qssbh,test,normal,0,-0.05663278128047666
broach_dataset,isolation_forest_rgb_features,zlxtyigu,test,normal,0,-0.07209943659608187
broach_dataset,isolation_forest_rgb_features,zm6kx1cx,test,normal,0,-0.09660918575620864
broach_dataset,isolation_forest_rgb_features,zm983mjn,test,normal,0,-0.01630712492297054
broach_dataset,isolation_forest_rgb_features,zmlbw1zv,test,normal,0,-0.0875827817193684
broach_dataset,isolation_forest_rgb_features,zmxga88n,test,normal,0,-0.02452527503238111
broach_dataset,isolation_forest_rgb_features,znj8u81n,test,normal,0,-0.0769271256937944
broach_dataset,isolation_forest_rgb_features,zns4gdv9,test,normal,0,-0.07034609510887513
broach_dataset,isolation_forest_rgb_features,zo0bogcw,test,normal,0,-0.07210374008276871
broach_dataset,isolation_forest_rgb_features,zounlr84,test,normal,0,-0.040261972331075147
broach_dataset,isolation_forest_rgb_features,zp6cyyxu,test,normal,0,-0.017642708680262686
broach_dataset,isolation_forest_rgb_features,zpptg751,test,normal,0,7.843370249138726e-05
broach_dataset,isolation_forest_rgb_features,zpwoxppv,test,normal,0,-0.0857677991817582
broach_dataset,isolation_forest_rgb_features,zpy5ynhr,test,normal,0,-0.046365279837522255
broach_dataset,isolation_forest_rgb_features,zq8m4853,test,normal,0,0.06628720009334177
broach_dataset,isolation_forest_rgb_features,zqskkrw9,test,normal,0,0.09273502703249259
broach_dataset,isolation_forest_rgb_features,zqyznaxb,test,normal,0,0.006038798055445382
broach_dataset,isolation_forest_rgb_features,zr4e5izb,test,normal,0,-0.06041501197848104
broach_dataset,isolation_forest_rgb_features,zrbzirjy,test,normal,0,-0.07160929324307908
broach_dataset,isolation_forest_rgb_features,zrn2qr7l,test,normal,0,-0.06401876498730857
broach_dataset,isolation_forest_rgb_features,zs5y2107,test,normal,0,-0.09862749887468403
broach_dataset,isolation_forest_rgb_features,zso5mgfe,test,normal,0,0.009935880183595147
broach_dataset,isolation_forest_rgb_features,zt9zlo8h,test,normal,0,-0.07918801765782701
broach_dataset,isolation_forest_rgb_features,ztgbibf5,test,normal,0,-0.07940403320107958
broach_dataset,isolation_forest_rgb_features,ztshg8bh,test,normal,0,0.06989301619333654
broach_dataset,isolation_forest_rgb_features,ztw6r9ru,test,normal,0,0.0026372974966029084
broach_dataset,isolation_forest_rgb_features,zu5240ky,test,normal,0,-0.08746492722103394
broach_dataset,isolation_forest_rgb_features,zv0gk67y,test,normal,0,-0.07726247069580272
broach_dataset,isolation_forest_rgb_features,zvyyo6cd,test,normal,0,-0.0902464327740497
broach_dataset,isolation_forest_rgb_features,zw0h3bfw,test,normal,0,-0.0295497221726177
broach_dataset,isolation_forest_rgb_features,zw64wzoz,test,normal,0,-0.00935076996863754
broach_dataset,isolation_forest_rgb_features,zwwcp8tj,test,normal,0,-0.08314132529724638
broach_dataset,isolation_forest_rgb_features,zxvkkzco,test,normal,0,-0.08626465890654322
broach_dataset,isolation_forest_rgb_features,zxxfxjfz,test,normal,0,-0.03635682845475846
broach_dataset,isolation_forest_rgb_features,zys03xjr,test,normal,0,-0.07432305647721266
broach_dataset,isolation_forest_rgb_features,zyv9binm,test,normal,0,-0.10519235744767336
broach_dataset,isolation_forest_rgb_features,zz0i0835,test,normal,0,-0.08840043205663417
broach_dataset,isolation_forest_rgb_features,zz9w48ni,test,normal,0,0.013285626033004982
broach_dataset,isolation_forest_rgb_features,zzxh711n,test,normal,0,0.13980727207947452
broach_dataset,isolation_forest_rgb_features,0ezzf8s2,test,anomaly,1,0.15866345905453072
broach_dataset,isolation_forest_rgb_features,28f9sj2j,test,anomaly,1,0.16911628749213736
broach_dataset,isolation_forest_rgb_features,36qsttgi,test,anomaly,1,0.15534083927787845
broach_dataset,isolation_forest_rgb_features,69yblscm,test,anomaly,1,0.16843843655161295
broach_dataset,isolation_forest_rgb_features,a9btds8y,test,anomaly,1,0.08162088435025461
broach_dataset,isolation_forest_rgb_features,ar90escd,test,anomaly,1,0.1450158320595304
broach_dataset,isolation_forest_rgb_features,d2kjrzcv,test,anomaly,1,0.19091377204085547
broach_dataset,isolation_forest_rgb_features,ead49h1h,test,anomaly,1,0.15168147720231617
broach_dataset,isolation_forest_rgb_features,eltap3lu,test,anomaly,1,0.17495097405028048
broach_dataset,isolation_forest_rgb_features,f0nsgt6l,test,anomaly,1,0.1342197681392887
broach_dataset,isolation_forest_rgb_features,iblp1e6k,test,anomaly,1,0.1371431269398058
broach_dataset,isolation_forest_rgb_features,ir41g20d,test,anomaly,1,0.21892556942547903
broach_dataset,isolation_forest_rgb_features,kdiaf02k,test,anomaly,1,0.17900204985274437
broach_dataset,isolation_forest_rgb_features,ocoop2kt,test,anomaly,1,0.16304645566881615
broach_dataset,isolation_forest_rgb_features,ojrt1ujv,test,anomaly,1,0.12022444125885845
broach_dataset,isolation_forest_rgb_features,oyuawdrw,test,anomaly,1,0.16028902021653912
broach_dataset,isolation_forest_rgb_features,qxmcthph,test,anomaly,1,0.14916572531461747
broach_dataset,isolation_forest_rgb_features,rvilap1j,test,anomaly,1,0.18672444966624147
broach_dataset,isolation_forest_rgb_features,ssn4rwby,test,anomaly,1,0.15119378688319363
broach_dataset,isolation_forest_rgb_features,up2i0yh4,test,anomaly,1,-0.021688431718213275
broach_dataset,isolation_forest_rgb_features,uraeg9qo,test,anomaly,1,0.19019028425922946
broach_dataset,isolation_forest_rgb_features,utgshxm4,test,anomaly,1,0.16341328503897945
broach_dataset,pca_rgb_reconstruction,007f6hcw,test,normal,0,0.0002629161754157394
broach_dataset,pca_rgb_reconstruction,02grxpud,test,normal,0,0.000240429857512936
broach_dataset,pca_rgb_reconstruction,02z38vf4,test,normal,0,0.0002627757494337857
broach_dataset,pca_rgb_reconstruction,031w0zyp,test,normal,0,0.0002729750704020262
broach_dataset,pca_rgb_reconstruction,037fhg93,test,normal,0,0.0005153873935341835
broach_dataset,pca_rgb_reconstruction,03kgylen,test,normal,0,0.0002700858749449253
broach_dataset,pca_rgb_reconstruction,03rv0vqq,test,normal,0,0.0003004429745487869
broach_dataset,pca_rgb_reconstruction,04lh49mk,test,normal,0,0.0004900228232145309
broach_dataset,pca_rgb_reconstruction,04zgn65o,test,normal,0,0.00028679496608674526
broach_dataset,pca_rgb_reconstruction,05g00r5y,test,normal,0,0.0002535531821195036
broach_dataset,pca_rgb_reconstruction,05q4yr7k,test,normal,0,0.00027217372553423047
broach_dataset,pca_rgb_reconstruction,05sutg2g,test,normal,0,0.00024558123550377786
broach_dataset,pca_rgb_reconstruction,05xt54fn,test,normal,0,0.0002383044338785112
broach_dataset,pca_rgb_reconstruction,07j0np7q,test,normal,0,0.00046978029422461987
broach_dataset,pca_rgb_reconstruction,07rgtg3f,test,normal,0,0.0002842662506736815
broach_dataset,pca_rgb_reconstruction,080iagi8,test,normal,0,0.0002467920130584389
broach_dataset,pca_rgb_reconstruction,0862s18j,test,normal,0,0.00024590568500570953
broach_dataset,pca_rgb_reconstruction,08dupbm4,test,normal,0,0.00026617193361744285
broach_dataset,pca_rgb_reconstruction,0952lvfk,test,normal,0,0.0002476836380083114
broach_dataset,pca_rgb_reconstruction,09hkd6k7,test,normal,0,0.0002723407233133912
broach_dataset,pca_rgb_reconstruction,0aeoorbt,test,normal,0,0.00027210646658204496
broach_dataset,pca_rgb_reconstruction,0ahz6fe0,test,normal,0,0.0002577913401182741
broach_dataset,pca_rgb_reconstruction,0an5sdh2,test,normal,0,0.0002711646957322955
broach_dataset,pca_rgb_reconstruction,0b17my6x,test,normal,0,0.000294761877739802
broach_dataset,pca_rgb_reconstruction,0bl31jew,test,normal,0,0.00027415560907684267
broach_dataset,pca_rgb_reconstruction,0bxxowwr,test,normal,0,0.0002687025407794863
broach_dataset,pca_rgb_reconstruction,0ctef4tx,test,normal,0,0.00032473314786329865
broach_dataset,pca_rgb_reconstruction,0dcqykw0,test,normal,0,0.0002683709026314318
broach_dataset,pca_rgb_reconstruction,0dhr7zqp,test,normal,0,0.0003149175026919693
broach_dataset,pca_rgb_reconstruction,0dwm2vtx,test,normal,0,0.00023996001982595772
broach_dataset,pca_rgb_reconstruction,0e2qmk3u,test,normal,0,0.0002447109727654606
broach_dataset,pca_rgb_reconstruction,0f72ve4i,test,normal,0,0.00026543234707787633
broach_dataset,pca_rgb_reconstruction,0gdwkxsi,test,normal,0,0.0002688181702978909
broach_dataset,pca_rgb_reconstruction,0gmv0akj,test,normal,0,0.0002876488142646849
broach_dataset,pca_rgb_reconstruction,0h41nqxu,test,normal,0,0.0004838593304157257
broach_dataset,pca_rgb_reconstruction,0hdj7o9x,test,normal,0,0.00023727479856461287
broach_dataset,pca_rgb_reconstruction,0hkkwjsv,test,normal,0,0.0002396187192061916
broach_dataset,pca_rgb_reconstruction,0ixb2x9m,test,normal,0,0.00026702857576310635
broach_dataset,pca_rgb_reconstruction,0ixf8yde,test,normal,0,0.00024105900956783444
broach_dataset,pca_rgb_reconstruction,0jnspskt,test,normal,0,0.0002650929964147508
broach_dataset,pca_rgb_reconstruction,0k3wr0bu,test,normal,0,0.000252774974796921
broach_dataset,pca_rgb_reconstruction,0k9qaqaw,test,normal,0,0.00026664132019504905
broach_dataset,pca_rgb_reconstruction,0kcjty6o,test,normal,0,0.0002624531916808337
broach_dataset,pca_rgb_reconstruction,0kpvm1n3,test,normal,0,0.00029279818409122527
broach_dataset,pca_rgb_reconstruction,0ln6tfjn,test,normal,0,0.00027505718753673136
broach_dataset,pca_rgb_reconstruction,0mdgjy7h,test,normal,0,0.00026904698461294174
broach_dataset,pca_rgb_reconstruction,0miwlfj4,test,normal,0,0.0002719982876442373
broach_dataset,pca_rgb_reconstruction,0n0oqwjs,test,normal,0,0.0002704957441892475
broach_dataset,pca_rgb_reconstruction,0nt95ost,test,normal,0,0.0002466187288518995
broach_dataset,pca_rgb_reconstruction,0pc9tufy,test,normal,0,0.0003530341782607138
broach_dataset,pca_rgb_reconstruction,0qb6mxux,test,normal,0,0.00026974076172336936
broach_dataset,pca_rgb_reconstruction,0r3i9huk,test,normal,0,0.00026483513647690415
broach_dataset,pca_rgb_reconstruction,0r4gfby0,test,normal,0,0.00026926069403998554
broach_dataset,pca_rgb_reconstruction,0rnoaayx,test,normal,0,0.0002591300872154534
broach_dataset,pca_rgb_reconstruction,0rrsxqsa,test,normal,0,0.00024193960416596383
broach_dataset,pca_rgb_reconstruction,0sqcnf9w,test,normal,0,0.00022922371863387525
broach_dataset,pca_rgb_reconstruction,0uc87nxp,test,normal,0,0.0002516075619496405
broach_dataset,pca_rgb_reconstruction,0ukw1whj,test,normal,0,0.00029559156973846257
broach_dataset,pca_rgb_reconstruction,0uxmyye3,test,normal,0,0.0002568562049418688
broach_dataset,pca_rgb_reconstruction,0vaax73u,test,normal,0,0.00025868212105706334
broach_dataset,pca_rgb_reconstruction,0w3wlned,test,normal,0,0.00026570973568595946
broach_dataset,pca_rgb_reconstruction,0w4efzv8,test,normal,0,0.00025794043904170394
broach_dataset,pca_rgb_reconstruction,0w8m8g5d,test,normal,0,0.0005210566450841725
broach_dataset,pca_rgb_reconstruction,0w987utm,test,normal,0,0.0002537855471018702
broach_dataset,pca_rgb_reconstruction,0yb9c55c,test,normal,0,0.00024110879166983068
broach_dataset,pca_rgb_reconstruction,0yfr2x3x,test,normal,0,0.0002498027461115271
broach_dataset,pca_rgb_reconstruction,0yjhpfsz,test,normal,0,0.00027174619026482105
broach_dataset,pca_rgb_reconstruction,0z25ytyt,test,normal,0,0.0002823584363795817
broach_dataset,pca_rgb_reconstruction,114dkomf,test,normal,0,0.00024146406212821603
broach_dataset,pca_rgb_reconstruction,128e63x3,test,normal,0,0.00027806960861198604
broach_dataset,pca_rgb_reconstruction,12qfawl8,test,normal,0,0.0002499366528354585
broach_dataset,pca_rgb_reconstruction,133fopnz,test,normal,0,0.0002538990811444819
broach_dataset,pca_rgb_reconstruction,13q8tc9n,test,normal,0,0.0004098774807062
broach_dataset,pca_rgb_reconstruction,143wm0r6,test,normal,0,0.00028426223434507847
broach_dataset,pca_rgb_reconstruction,149emp3c,test,normal,0,0.00029309678939171135
broach_dataset,pca_rgb_reconstruction,14f4gxnn,test,normal,0,0.00026662059826776385
broach_dataset,pca_rgb_reconstruction,14z2fo4e,test,normal,0,0.00027004399453289807
broach_dataset,pca_rgb_reconstruction,15ahdbvz,test,normal,0,0.0002471615734975785
broach_dataset,pca_rgb_reconstruction,15mlpyga,test,normal,0,0.0002533431106712669
broach_dataset,pca_rgb_reconstruction,1691aj7d,test,normal,0,0.00024105864576995373
broach_dataset,pca_rgb_reconstruction,16epo2u4,test,normal,0,0.0002677033771760762
broach_dataset,pca_rgb_reconstruction,16lks2dv,test,normal,0,0.0002727735845837742
broach_dataset,pca_rgb_reconstruction,1744txkx,test,normal,0,0.0002871457545552403
broach_dataset,pca_rgb_reconstruction,177edw3t,test,normal,0,0.00025919394101947546
broach_dataset,pca_rgb_reconstruction,1aegoao6,test,normal,0,0.0002673278795555234
broach_dataset,pca_rgb_reconstruction,1awph0dt,test,normal,0,0.0002531420032028109
broach_dataset,pca_rgb_reconstruction,1axv5gy8,test,normal,0,0.0005369294667616487
broach_dataset,pca_rgb_reconstruction,1b6boeo6,test,normal,0,0.0002540152636356652
broach_dataset,pca_rgb_reconstruction,1bdj5lqc,test,normal,0,0.00032441242365166545
broach_dataset,pca_rgb_reconstruction,1bnqg34m,test,normal,0,0.000256761210039258
broach_dataset,pca_rgb_reconstruction,1bujlz84,test,normal,0,0.0002735654707066715
broach_dataset,pca_rgb_reconstruction,1cxdcwgk,test,normal,0,0.00026888708816841245
broach_dataset,pca_rgb_reconstruction,1cz6et84,test,normal,0,0.0002596979320514947
broach_dataset,pca_rgb_reconstruction,1d430vz7,test,normal,0,0.00027743037207983434
broach_dataset,pca_rgb_reconstruction,1duhbx6a,test,normal,0,0.00024340293020941317
broach_dataset,pca_rgb_reconstruction,1dwmejke,test,normal,0,0.00028035329887643456
broach_dataset,pca_rgb_reconstruction,1ekvipat,test,normal,0,0.00028085464145988226
broach_dataset,pca_rgb_reconstruction,1eojsii6,test,normal,0,0.00019209132005926222
broach_dataset,pca_rgb_reconstruction,1fms898c,test,normal,0,0.00027474568923935294
broach_dataset,pca_rgb_reconstruction,1fuvpwb4,test,normal,0,0.0004832815902773291
broach_dataset,pca_rgb_reconstruction,1g1duyga,test,normal,0,0.0002730406413320452
broach_dataset,pca_rgb_reconstruction,1g2lk9bm,test,normal,0,0.00033236961462534964
broach_dataset,pca_rgb_reconstruction,1g9a8q7u,test,normal,0,0.0002654670679476112
broach_dataset,pca_rgb_reconstruction,1hfl1zop,test,normal,0,0.0002518824185244739
broach_dataset,pca_rgb_reconstruction,1hgav42t,test,normal,0,0.00023702331236563623
broach_dataset,pca_rgb_reconstruction,1hiefj75,test,normal,0,0.0002915908698923886
broach_dataset,pca_rgb_reconstruction,1i2x32oo,test,normal,0,0.0004689060733653605
broach_dataset,pca_rgb_reconstruction,1iebc8af,test,normal,0,0.00028449067031033337
broach_dataset,pca_rgb_reconstruction,1iedobc5,test,normal,0,0.000300247484119609
broach_dataset,pca_rgb_reconstruction,1jhjt54d,test,normal,0,0.00026259891455993056
broach_dataset,pca_rgb_reconstruction,1jxm2lrp,test,normal,0,0.0002830572484526783
broach_dataset,pca_rgb_reconstruction,1jzcjtfd,test,normal,0,0.0002707874227780849
broach_dataset,pca_rgb_reconstruction,1l9tznhg,test,normal,0,0.0002527702017687261
broach_dataset,pca_rgb_reconstruction,1lh0n2o7,test,normal,0,0.0002530064375605434
broach_dataset,pca_rgb_reconstruction,1ltxobhb,test,normal,0,0.0002823872782755643
broach_dataset,pca_rgb_reconstruction,1mqp8eic,test,normal,0,0.000260240602074191
broach_dataset,pca_rgb_reconstruction,1mqrbp7t,test,normal,0,0.00029058154905214906
broach_dataset,pca_rgb_reconstruction,1n3irw50,test,normal,0,0.00025683161220513284
broach_dataset,pca_rgb_reconstruction,1o752tvr,test,normal,0,0.0002713161229621619
broach_dataset,pca_rgb_reconstruction,1oy4gnow,test,normal,0,0.0002444045676384121
broach_dataset,pca_rgb_reconstruction,1ozfsraz,test,normal,0,0.00024216732708737254
broach_dataset,pca_rgb_reconstruction,1p5w11wg,test,normal,0,0.00023778877221047878
broach_dataset,pca_rgb_reconstruction,1p8pgi0f,test,normal,0,0.00026059095398522913
broach_dataset,pca_rgb_reconstruction,1pfzysuh,test,normal,0,0.0002857328508980572
broach_dataset,pca_rgb_reconstruction,1q8k8wyz,test,normal,0,0.0002502209972590208
broach_dataset,pca_rgb_reconstruction,1qasoyfx,test,normal,0,0.00025511914282105863
broach_dataset,pca_rgb_reconstruction,1qgouo8z,test,normal,0,0.0002487594319973141
broach_dataset,pca_rgb_reconstruction,1qliiwxn,test,normal,0,0.0002736750175245106
broach_dataset,pca_rgb_reconstruction,1qqgxaxx,test,normal,0,0.0002585111069492996
broach_dataset,pca_rgb_reconstruction,1qx82smj,test,normal,0,0.0002590543881524354
broach_dataset,pca_rgb_reconstruction,1qxoe0te,test,normal,0,0.0002642036124598235
broach_dataset,pca_rgb_reconstruction,1r6h3g70,test,normal,0,0.0002871912147384137
broach_dataset,pca_rgb_reconstruction,1sth69ba,test,normal,0,0.0002884860441554338
broach_dataset,pca_rgb_reconstruction,1tc42out,test,normal,0,0.0002768411941360682
broach_dataset,pca_rgb_reconstruction,1tpccdrb,test,normal,0,0.00026391513529233634
broach_dataset,pca_rgb_reconstruction,1u6vqs4h,test,normal,0,0.00025531623396091163
broach_dataset,pca_rgb_reconstruction,1unc7wwg,test,normal,0,0.00028099011979065835
broach_dataset,pca_rgb_reconstruction,1uvrgozh,test,normal,0,0.0002517229877412319
broach_dataset,pca_rgb_reconstruction,1uzvo9qt,test,normal,0,0.00029771713889203966
broach_dataset,pca_rgb_reconstruction,1v1pjzl7,test,normal,0,0.0002510345366317779
broach_dataset,pca_rgb_reconstruction,1v2tg2ah,test,normal,0,0.00024127968936227262
broach_dataset,pca_rgb_reconstruction,1v4avg87,test,normal,0,0.0005337875336408615
broach_dataset,pca_rgb_reconstruction,1v8pdewd,test,normal,0,0.0002607441274449229
broach_dataset,pca_rgb_reconstruction,1vxa0ju2,test,normal,0,0.0002746509562712163
broach_dataset,pca_rgb_reconstruction,1vyy44k6,test,normal,0,0.00027797993971034884
broach_dataset,pca_rgb_reconstruction,1w9d5a5v,test,normal,0,0.00027848099125549197
broach_dataset,pca_rgb_reconstruction,1xj7wwud,test,normal,0,0.000246966170379892
broach_dataset,pca_rgb_reconstruction,1z9oypuq,test,normal,0,0.00025399489095434546
broach_dataset,pca_rgb_reconstruction,1zbhinbk,test,normal,0,0.0002543633454479277
broach_dataset,pca_rgb_reconstruction,209ei8xq,test,normal,0,0.00023285314091481268
broach_dataset,pca_rgb_reconstruction,20g7lau6,test,normal,0,0.0002580995496828109
broach_dataset,pca_rgb_reconstruction,20z67pb2,test,normal,0,0.00025197092327289283
broach_dataset,pca_rgb_reconstruction,212xi6vx,test,normal,0,0.0002640571619849652
broach_dataset,pca_rgb_reconstruction,229env4y,test,normal,0,0.0002632977848406881
broach_dataset,pca_rgb_reconstruction,22dptmd4,test,normal,0,0.00021090422524139285
broach_dataset,pca_rgb_reconstruction,24fr4dr7,test,normal,0,0.00029969849856570363
broach_dataset,pca_rgb_reconstruction,25d2yhim,test,normal,0,0.00027005592710338533
broach_dataset,pca_rgb_reconstruction,25t24rda,test,normal,0,0.000283534376649186
broach_dataset,pca_rgb_reconstruction,26oam7ax,test,normal,0,0.00025992709561251104
broach_dataset,pca_rgb_reconstruction,27bm4lz9,test,normal,0,0.00024093632237054408
broach_dataset,pca_rgb_reconstruction,27hghrac,test,normal,0,0.00025375696714036167
broach_dataset,pca_rgb_reconstruction,2853uy8u,test,normal,0,0.00028555485187098384
broach_dataset,pca_rgb_reconstruction,287qmrmp,test,normal,0,0.0002442522963974625
broach_dataset,pca_rgb_reconstruction,289arnml,test,normal,0,0.0002476140216458589
broach_dataset,pca_rgb_reconstruction,28d4kctd,test,normal,0,0.0002597527054604143
broach_dataset,pca_rgb_reconstruction,29326yw0,test,normal,0,0.00024672920699231327
broach_dataset,pca_rgb_reconstruction,29owh4ej,test,normal,0,0.00048659014282748103
broach_dataset,pca_rgb_reconstruction,2aol7cyw,test,normal,0,0.00028265139553695917
broach_dataset,pca_rgb_reconstruction,2bc2nnuv,test,normal,0,0.00027172797126695514
broach_dataset,pca_rgb_reconstruction,2bu4wa2g,test,normal,0,0.0002684934879653156
broach_dataset,pca_rgb_reconstruction,2c9ros7y,test,normal,0,0.00030196463922038674
broach_dataset,pca_rgb_reconstruction,2eywpajo,test,normal,0,0.00025822423049248755
broach_dataset,pca_rgb_reconstruction,2f3wtu76,test,normal,0,0.00025056576123461127
broach_dataset,pca_rgb_reconstruction,2fiwpghx,test,normal,0,0.00028067996026948094
broach_dataset,pca_rgb_reconstruction,2fknvzdd,test,normal,0,0.0002361140795983374
broach_dataset,pca_rgb_reconstruction,2fptteuv,test,normal,0,0.00026333623100072145
broach_dataset,pca_rgb_reconstruction,2g09lbls,test,normal,0,0.00026935868663713336
broach_dataset,pca_rgb_reconstruction,2g0e7h4n,test,normal,0,0.0004583249392453581
broach_dataset,pca_rgb_reconstruction,2guqt6ve,test,normal,0,0.00026665162295103073
broach_dataset,pca_rgb_reconstruction,2h6htnor,test,normal,0,0.0002586146292742342
broach_dataset,pca_rgb_reconstruction,2hiwtsdw,test,normal,0,0.000269879586994648
broach_dataset,pca_rgb_reconstruction,2i3p4lfd,test,normal,0,0.0002506811870262027
broach_dataset,pca_rgb_reconstruction,2ie2qna2,test,normal,0,0.0002678999153431505
broach_dataset,pca_rgb_reconstruction,2ik2dehv,test,normal,0,0.0002510895428713411
broach_dataset,pca_rgb_reconstruction,2im44a2e,test,normal,0,0.00026128528406843543
broach_dataset,pca_rgb_reconstruction,2iqkv8d4,test,normal,0,0.0002671402762643993
broach_dataset,pca_rgb_reconstruction,2ix10zx8,test,normal,0,0.0002580579021014273
broach_dataset,pca_rgb_reconstruction,2jcgo0j9,test,normal,0,0.0002862655383069068
broach_dataset,pca_rgb_reconstruction,2ji749iz,test,normal,0,0.00027033095830120146
broach_dataset,pca_rgb_reconstruction,2lc3bfpd,test,normal,0,0.00027631345437839627
broach_dataset,pca_rgb_reconstruction,2n8gjstt,test,normal,0,0.0001855957816587761
broach_dataset,pca_rgb_reconstruction,2njot1j7,test,normal,0,0.0002541873836889863
broach_dataset,pca_rgb_reconstruction,2nkcdr54,test,normal,0,0.0003647566481959075
broach_dataset,pca_rgb_reconstruction,2o1rvmi1,test,normal,0,0.0003007327322848141
broach_dataset,pca_rgb_reconstruction,2op6vmjo,test,normal,0,0.00025880042812786996
broach_dataset,pca_rgb_reconstruction,2plb9g96,test,normal,0,0.00029004219686612487
broach_dataset,pca_rgb_reconstruction,2pqnfdxm,test,normal,0,0.00026687144418247044
broach_dataset,pca_rgb_reconstruction,2q4v65fm,test,normal,0,0.00020217153360135853
broach_dataset,pca_rgb_reconstruction,2r0ni0jp,test,normal,0,0.0002758069022092968
broach_dataset,pca_rgb_reconstruction,2r78aovz,test,normal,0,0.00024066318292170763
broach_dataset,pca_rgb_reconstruction,2r9pegln,test,normal,0,0.00026609416818246245
broach_dataset,pca_rgb_reconstruction,2rezonqa,test,normal,0,0.0002478891983628273
broach_dataset,pca_rgb_reconstruction,2rgji9p4,test,normal,0,0.00025660928804427385
broach_dataset,pca_rgb_reconstruction,2rra3plc,test,normal,0,0.00029207018087618053
broach_dataset,pca_rgb_reconstruction,2sgaaqey,test,normal,0,0.0002507545577827841
broach_dataset,pca_rgb_reconstruction,2skkftfy,test,normal,0,0.00023723856429569423
broach_dataset,pca_rgb_reconstruction,2t8xmld5,test,normal,0,0.0002507854369468987
broach_dataset,pca_rgb_reconstruction,2u1vi0xi,test,normal,0,0.00029507637373171747
broach_dataset,pca_rgb_reconstruction,2u8u23wu,test,normal,0,0.0002878648228943348
broach_dataset,pca_rgb_reconstruction,2uhtjpk4,test,normal,0,0.00023108160530682653
broach_dataset,pca_rgb_reconstruction,2v0pkquj,test,normal,0,0.00030179714667610824
broach_dataset,pca_rgb_reconstruction,2vbwbqkl,test,normal,0,0.0002469767350703478
broach_dataset,pca_rgb_reconstruction,2vmbmp05,test,normal,0,0.00027001937269233167
broach_dataset,pca_rgb_reconstruction,2w0sa3e1,test,normal,0,0.00027425892767496407
broach_dataset,pca_rgb_reconstruction,2wy0ufbc,test,normal,0,0.00027062269509769976
broach_dataset,pca_rgb_reconstruction,2xn9txfj,test,normal,0,0.00023032855824567378
broach_dataset,pca_rgb_reconstruction,2xog4c8j,test,normal,0,0.00023785739904269576
broach_dataset,pca_rgb_reconstruction,2z130e0q,test,normal,0,0.0004747563216369599
broach_dataset,pca_rgb_reconstruction,2z9pwq7f,test,normal,0,0.0002790780272334814
broach_dataset,pca_rgb_reconstruction,30gfzs83,test,normal,0,0.00027672876603901386
broach_dataset,pca_rgb_reconstruction,30idmeej,test,normal,0,0.00026443248498253524
broach_dataset,pca_rgb_reconstruction,325nh1xk,test,normal,0,0.0002345390385016799
broach_dataset,pca_rgb_reconstruction,32bgkbim,test,normal,0,0.00024826257140375674
broach_dataset,pca_rgb_reconstruction,334ep2m0,test,normal,0,0.000262007670244202
broach_dataset,pca_rgb_reconstruction,33gn6s1g,test,normal,0,0.00029263412579894066
broach_dataset,pca_rgb_reconstruction,34i2lwix,test,normal,0,0.00028385818586684763
broach_dataset,pca_rgb_reconstruction,353qtxft,test,normal,0,0.0002645721542648971
broach_dataset,pca_rgb_reconstruction,365rd46w,test,normal,0,0.0002518321562092751
broach_dataset,pca_rgb_reconstruction,36sl78o1,test,normal,0,0.00025646990980021656
broach_dataset,pca_rgb_reconstruction,36ybig0p,test,normal,0,0.0002557949919719249
broach_dataset,pca_rgb_reconstruction,374m3r3m,test,normal,0,0.0002466285368427634
broach_dataset,pca_rgb_reconstruction,37l9thn4,test,normal,0,0.00028254991048015654
broach_dataset,pca_rgb_reconstruction,396yfi7e,test,normal,0,0.00026212059310637414
broach_dataset,pca_rgb_reconstruction,3989i6z7,test,normal,0,0.0002615498087834567
broach_dataset,pca_rgb_reconstruction,39e6ta6d,test,normal,0,0.00027498675626702607
broach_dataset,pca_rgb_reconstruction,3bjeh7t3,test,normal,0,0.00026333422283641994
broach_dataset,pca_rgb_reconstruction,3bmuu1hz,test,normal,0,0.0002721046912483871
broach_dataset,pca_rgb_reconstruction,3cj9hvr2,test,normal,0,0.0002656452124938369
broach_dataset,pca_rgb_reconstruction,3fezez5e,test,normal,0,0.00027001905255019665
broach_dataset,pca_rgb_reconstruction,3fl8wyw5,test,normal,0,0.00029008835554122925
broach_dataset,pca_rgb_reconstruction,3fon8ong,test,normal,0,0.0002489894977770746
broach_dataset,pca_rgb_reconstruction,3frb5180,test,normal,0,0.0002551129728090018
broach_dataset,pca_rgb_reconstruction,3g2x8xc3,test,normal,0,0.00024313053290825337
broach_dataset,pca_rgb_reconstruction,3gopvacz,test,normal,0,0.0002630004892125726
broach_dataset,pca_rgb_reconstruction,3gsxs58q,test,normal,0,0.0002705612569116056
broach_dataset,pca_rgb_reconstruction,3gtxyz8a,test,normal,0,0.000248573487624526
broach_dataset,pca_rgb_reconstruction,3h05p69d,test,normal,0,0.00026763908681459725
broach_dataset,pca_rgb_reconstruction,3hkyirkk,test,normal,0,0.00026880958466790617
broach_dataset,pca_rgb_reconstruction,3hsa15p7,test,normal,0,0.0002695645089261234
broach_dataset,pca_rgb_reconstruction,3i09gb2k,test,normal,0,0.00024263390514533967
broach_dataset,pca_rgb_reconstruction,3i2evwmn,test,normal,0,0.00025773036759346724
broach_dataset,pca_rgb_reconstruction,3j7evq56,test,normal,0,0.0002540727728046477
broach_dataset,pca_rgb_reconstruction,3jebgfft,test,normal,0,0.0002806673292070627
broach_dataset,pca_rgb_reconstruction,3kcvjxzd,test,normal,0,0.0002364803513046354
broach_dataset,pca_rgb_reconstruction,3kompo0n,test,normal,0,0.00026998930843546987
broach_dataset,pca_rgb_reconstruction,3lm8fhcc,test,normal,0,0.0002745178353507072
broach_dataset,pca_rgb_reconstruction,3mf3gq7p,test,normal,0,0.00024518457939848304
broach_dataset,pca_rgb_reconstruction,3mvqiixk,test,normal,0,0.0002729157276917249
broach_dataset,pca_rgb_reconstruction,3mwg24un,test,normal,0,0.0004557123756967485
broach_dataset,pca_rgb_reconstruction,3nk40o5v,test,normal,0,0.00028380690491758287
broach_dataset,pca_rgb_reconstruction,3npi9kur,test,normal,0,0.0002600829175207764
broach_dataset,pca_rgb_reconstruction,3nvxryqg,test,normal,0,0.0002526298922020942
broach_dataset,pca_rgb_reconstruction,3o4dp632,test,normal,0,0.00023889291333034635
broach_dataset,pca_rgb_reconstruction,3oe8e69l,test,normal,0,0.00027643886278383434
broach_dataset,pca_rgb_reconstruction,3pajvf9i,test,normal,0,0.0002410555025562644
broach_dataset,pca_rgb_reconstruction,3pyjai6t,test,normal,0,0.00026523679844103754
broach_dataset,pca_rgb_reconstruction,3q78fcpv,test,normal,0,0.0002597545098979026
broach_dataset,pca_rgb_reconstruction,3qrur6m7,test,normal,0,0.0005018856609240174
broach_dataset,pca_rgb_reconstruction,3rmzm4qi,test,normal,0,0.00026474721380509436
broach_dataset,pca_rgb_reconstruction,3sfgho4q,test,normal,0,0.00025182735407724977
broach_dataset,pca_rgb_reconstruction,3sl4plic,test,normal,0,0.0002672499686013907
broach_dataset,pca_rgb_reconstruction,3slvrqlm,test,normal,0,0.0002523314324207604
broach_dataset,pca_rgb_reconstruction,3sm1ppyz,test,normal,0,0.00024379027308896184
broach_dataset,pca_rgb_reconstruction,3spks337,test,normal,0,0.00024411593039985746
broach_dataset,pca_rgb_reconstruction,3sr4bu7t,test,normal,0,0.0002532403450459242
broach_dataset,pca_rgb_reconstruction,3t945psl,test,normal,0,0.00025501137133687735
broach_dataset,pca_rgb_reconstruction,3ttopnv3,test,normal,0,0.00026804200024344027
broach_dataset,pca_rgb_reconstruction,3tw3vtyu,test,normal,0,0.00025623050169087946
broach_dataset,pca_rgb_reconstruction,3ujlvmy4,test,normal,0,0.00024514703545719385
broach_dataset,pca_rgb_reconstruction,3vm4x959,test,normal,0,0.0002587373601272702
broach_dataset,pca_rgb_reconstruction,3vynpd2v,test,normal,0,0.00027281203074380755
broach_dataset,pca_rgb_reconstruction,3vznyson,test,normal,0,0.00027043913723900914
broach_dataset,pca_rgb_reconstruction,3x2tzkq1,test,normal,0,0.00022801717568654567
broach_dataset,pca_rgb_reconstruction,3xflkcg6,test,normal,0,0.00027639075415208936
broach_dataset,pca_rgb_reconstruction,3xgtkctt,test,normal,0,0.00024229486007243395
broach_dataset,pca_rgb_reconstruction,3xjke4xi,test,normal,0,0.0002716364979278296
broach_dataset,pca_rgb_reconstruction,3xmoj4wu,test,normal,0,0.00027685059467330575
broach_dataset,pca_rgb_reconstruction,3y35byll,test,normal,0,0.00028456750442273915
broach_dataset,pca_rgb_reconstruction,3yczq6i2,test,normal,0,0.00026191025972366333
broach_dataset,pca_rgb_reconstruction,3ymk4wkd,test,normal,0,0.00024534761905670166
broach_dataset,pca_rgb_reconstruction,3yoesjk9,test,normal,0,0.000262888555880636
broach_dataset,pca_rgb_reconstruction,3zmmw5ed,test,normal,0,0.00026504186098463833
broach_dataset,pca_rgb_reconstruction,403mwofh,test,normal,0,0.00025203777477145195
broach_dataset,pca_rgb_reconstruction,40bz0pab,test,normal,0,0.00045514010707847774
broach_dataset,pca_rgb_reconstruction,40wsp0aj,test,normal,0,0.00028286201995797455
broach_dataset,pca_rgb_reconstruction,412sw51a,test,normal,0,0.000316124118398875
broach_dataset,pca_rgb_reconstruction,42gpzxw6,test,normal,0,0.000293519115075469
broach_dataset,pca_rgb_reconstruction,42h5zxrq,test,normal,0,0.0002534572558943182
broach_dataset,pca_rgb_reconstruction,42nfcu5r,test,normal,0,0.0002737581671681255
broach_dataset,pca_rgb_reconstruction,4311bkhs,test,normal,0,0.00024986607604660094
broach_dataset,pca_rgb_reconstruction,432dv2ye,test,normal,0,0.00029067500145174563
broach_dataset,pca_rgb_reconstruction,448n7odk,test,normal,0,0.0002892602642532438
broach_dataset,pca_rgb_reconstruction,45beyxl5,test,normal,0,0.00025917639140971005
broach_dataset,pca_rgb_reconstruction,45t4u2yp,test,normal,0,0.00044591640471480787
broach_dataset,pca_rgb_reconstruction,473ozrbl,test,normal,0,0.0002623962645884603
broach_dataset,pca_rgb_reconstruction,48vltv8a,test,normal,0,0.0004758672439493239
broach_dataset,pca_rgb_reconstruction,4a3k45k6,test,normal,0,0.00045844150008633733
broach_dataset,pca_rgb_reconstruction,4ax2b26v,test,normal,0,0.0002676635340321809
broach_dataset,pca_rgb_reconstruction,4bj18qhk,test,normal,0,0.00048449606401845813
broach_dataset,pca_rgb_reconstruction,4d15z971,test,normal,0,0.000277967716101557
broach_dataset,pca_rgb_reconstruction,4ds1eo5j,test,normal,0,0.000284873676719144
broach_dataset,pca_rgb_reconstruction,4dsgmcfo,test,normal,0,0.00024967233184725046
broach_dataset,pca_rgb_reconstruction,4dsxlsut,test,normal,0,0.0002483226708136499
broach_dataset,pca_rgb_reconstruction,4duolrcj,test,normal,0,0.00017929727619048208
broach_dataset,pca_rgb_reconstruction,4e2opanz,test,normal,0,0.0002622196916490793
broach_dataset,pca_rgb_reconstruction,4fodmjmb,test,normal,0,0.00024043115263339132
broach_dataset,pca_rgb_reconstruction,4g5m280a,test,normal,0,0.0003265398845542222
broach_dataset,pca_rgb_reconstruction,4gcw5ja3,test,normal,0,0.00026427546981722116
broach_dataset,pca_rgb_reconstruction,4gru7j7m,test,normal,0,0.0002953762887045741
broach_dataset,pca_rgb_reconstruction,4hdpbza5,test,normal,0,0.0002465278375893831
broach_dataset,pca_rgb_reconstruction,4hvfv6ej,test,normal,0,0.00027774841873906553
broach_dataset,pca_rgb_reconstruction,4ir4oj0j,test,normal,0,0.0002620468439999968
broach_dataset,pca_rgb_reconstruction,4jep4lsv,test,normal,0,0.00030037621036171913
broach_dataset,pca_rgb_reconstruction,4jiht2rq,test,normal,0,0.00026857430930249393
broach_dataset,pca_rgb_reconstruction,4jtj27yh,test,normal,0,0.00025129347341135144
broach_dataset,pca_rgb_reconstruction,4ldimsyj,test,normal,0,0.0002891137555707246
broach_dataset,pca_rgb_reconstruction,4ltx0imp,test,normal,0,0.00025311901117675006
broach_dataset,pca_rgb_reconstruction,4mvhdpbs,test,normal,0,0.00027002792921848595
broach_dataset,pca_rgb_reconstruction,4n0hwcqf,test,normal,0,0.00037703008274547756
broach_dataset,pca_rgb_reconstruction,4nb8x1kg,test,normal,0,0.000251895806286484
broach_dataset,pca_rgb_reconstruction,4ng4tfuw,test,normal,0,0.00024960696464404464
broach_dataset,pca_rgb_reconstruction,4o6pjhnd,test,normal,0,0.0002698047901503742
broach_dataset,pca_rgb_reconstruction,4o8lyec9,test,normal,0,0.00025926699163392186
broach_dataset,pca_rgb_reconstruction,4oepc8tz,test,normal,0,0.0002466045261826366
broach_dataset,pca_rgb_reconstruction,4r4kj3gw,test,normal,0,0.00027253455482423306
broach_dataset,pca_rgb_reconstruction,4r8ph9t8,test,normal,0,0.00027545075863599777
broach_dataset,pca_rgb_reconstruction,4rkkv23e,test,normal,0,0.0002764280652627349
broach_dataset,pca_rgb_reconstruction,4sydu5ir,test,normal,0,0.0002880102547351271
broach_dataset,pca_rgb_reconstruction,4tpek4r2,test,normal,0,0.00026023772079497576
broach_dataset,pca_rgb_reconstruction,4tul4u8z,test,normal,0,0.00025819431175477803
broach_dataset,pca_rgb_reconstruction,4udzjj10,test,normal,0,0.0002652950643096119
broach_dataset,pca_rgb_reconstruction,4uyx8psw,test,normal,0,0.00025332460063509643
broach_dataset,pca_rgb_reconstruction,4v6305sx,test,normal,0,0.0002876912767533213
broach_dataset,pca_rgb_reconstruction,4vmwve9u,test,normal,0,0.0002614604600239545
broach_dataset,pca_rgb_reconstruction,4w4wdg6v,test,normal,0,0.0002523395523894578
broach_dataset,pca_rgb_reconstruction,4w88zjpf,test,normal,0,0.0002829601871781051
broach_dataset,pca_rgb_reconstruction,4wlk1kku,test,normal,0,0.00024866993771865964
broach_dataset,pca_rgb_reconstruction,4ws7bgu5,test,normal,0,0.00025706872111186385
broach_dataset,pca_rgb_reconstruction,4x16immz,test,normal,0,0.0002549369528423995
broach_dataset,pca_rgb_reconstruction,4yqxjtvi,test,normal,0,0.00025213795015588403
broach_dataset,pca_rgb_reconstruction,4yrtu7eg,test,normal,0,0.0002567116462159902
broach_dataset,pca_rgb_reconstruction,50h7e6je,test,normal,0,0.0002613707329146564
broach_dataset,pca_rgb_reconstruction,51en98jr,test,normal,0,0.00024027834297157824
broach_dataset,pca_rgb_reconstruction,51las5wh,test,normal,0,0.0002490442420821637
broach_dataset,pca_rgb_reconstruction,52ilqig4,test,normal,0,0.00026794328005053103
broach_dataset,pca_rgb_reconstruction,52zwsedn,test,normal,0,0.0002674457791727036
broach_dataset,pca_rgb_reconstruction,53gzc3oq,test,normal,0,0.00025709191686473787
broach_dataset,pca_rgb_reconstruction,53n8n84v,test,normal,0,0.0003410578065086156
broach_dataset,pca_rgb_reconstruction,53y15cae,test,normal,0,0.0002531262580305338
broach_dataset,pca_rgb_reconstruction,54j3fs3j,test,normal,0,0.0002771704748738557
broach_dataset,pca_rgb_reconstruction,54pql55w,test,normal,0,0.0002644857158884406
broach_dataset,pca_rgb_reconstruction,55izolnn,test,normal,0,0.00026855646865442395
broach_dataset,pca_rgb_reconstruction,55jnbrxl,test,normal,0,0.0002562614099588245
broach_dataset,pca_rgb_reconstruction,55ts0wpl,test,normal,0,0.0002811842714436352
broach_dataset,pca_rgb_reconstruction,56tai2mk,test,normal,0,0.00024662844953127205
broach_dataset,pca_rgb_reconstruction,5713g3ws,test,normal,0,0.0002845755370799452
broach_dataset,pca_rgb_reconstruction,59ba0t9f,test,normal,0,0.0002586996997706592
broach_dataset,pca_rgb_reconstruction,5ahk2ysk,test,normal,0,0.0002691020199563354
broach_dataset,pca_rgb_reconstruction,5b090fyw,test,normal,0,0.0002560066641308367
broach_dataset,pca_rgb_reconstruction,5doh59g5,test,normal,0,0.00024617937742732465
broach_dataset,pca_rgb_reconstruction,5f86nvsf,test,normal,0,0.00027746966225095093
broach_dataset,pca_rgb_reconstruction,5fdigg9z,test,normal,0,0.0002519986010156572
broach_dataset,pca_rgb_reconstruction,5ft0sn5i,test,normal,0,0.0002823278191499412
broach_dataset,pca_rgb_reconstruction,5gro9x49,test,normal,0,0.00025450013345107436
broach_dataset,pca_rgb_reconstruction,5gzjpa04,test,normal,0,0.000258225598372519
broach_dataset,pca_rgb_reconstruction,5h9wygrk,test,normal,0,0.00028218471561558545
broach_dataset,pca_rgb_reconstruction,5iljb768,test,normal,0,0.0004633073986042291
broach_dataset,pca_rgb_reconstruction,5imztsh2,test,normal,0,0.0002842446556314826
broach_dataset,pca_rgb_reconstruction,5iz31yru,test,normal,0,0.0002683496568351984
broach_dataset,pca_rgb_reconstruction,5jcdz93i,test,normal,0,0.0002584568574093282
broach_dataset,pca_rgb_reconstruction,5jj9ibqm,test,normal,0,0.0002805227122735232
broach_dataset,pca_rgb_reconstruction,5jqa207h,test,normal,0,0.0002612076059449464
broach_dataset,pca_rgb_reconstruction,5jtv75ss,test,normal,0,0.0002509690821170807
broach_dataset,pca_rgb_reconstruction,5kkjhuwf,test,normal,0,0.00041151317418552935
broach_dataset,pca_rgb_reconstruction,5mcu16gw,test,normal,0,0.00028804215253330767
broach_dataset,pca_rgb_reconstruction,5na8ky60,test,normal,0,0.0002615528064779937
broach_dataset,pca_rgb_reconstruction,5ntccfux,test,normal,0,0.00027079370920546353
broach_dataset,pca_rgb_reconstruction,5o54fxer,test,normal,0,0.00026406298275105655
broach_dataset,pca_rgb_reconstruction,5p8c9q36,test,normal,0,0.0002944899315480143
broach_dataset,pca_rgb_reconstruction,5q2lcuxj,test,normal,0,0.0002619519073050469
broach_dataset,pca_rgb_reconstruction,5qtuf6vi,test,normal,0,0.000244631344685331
broach_dataset,pca_rgb_reconstruction,5sebbmjx,test,normal,0,0.00023373625299427658
broach_dataset,pca_rgb_reconstruction,5sessa12,test,normal,0,0.0002693917485885322
broach_dataset,pca_rgb_reconstruction,5so79h4h,test,normal,0,0.00023017563216853887
broach_dataset,pca_rgb_reconstruction,5sznpxuc,test,normal,0,0.00028285340522415936
broach_dataset,pca_rgb_reconstruction,5t3ixo9i,test,normal,0,0.000270351447397843
broach_dataset,pca_rgb_reconstruction,5tyv9bgm,test,normal,0,0.0002730339765548706
broach_dataset,pca_rgb_reconstruction,5u52nmxp,test,normal,0,0.00026337671442888677
broach_dataset,pca_rgb_reconstruction,5ulutvt4,test,normal,0,0.00024354452034458518
broach_dataset,pca_rgb_reconstruction,5vfa1mzp,test,normal,0,0.00026029490982182324
broach_dataset,pca_rgb_reconstruction,5vx2xw5y,test,normal,0,0.0002733009750954807
broach_dataset,pca_rgb_reconstruction,5y693g6c,test,normal,0,0.00026533377240411937
broach_dataset,pca_rgb_reconstruction,5ylra9pa,test,normal,0,0.00025258728419430554
broach_dataset,pca_rgb_reconstruction,6000u1r5,test,normal,0,0.0002645206404849887
broach_dataset,pca_rgb_reconstruction,60aik6b4,test,normal,0,0.00024514159304089844
broach_dataset,pca_rgb_reconstruction,60iwhdnq,test,normal,0,0.0002860641398001462
broach_dataset,pca_rgb_reconstruction,60n0gpy2,test,normal,0,0.0002494223590474576
broach_dataset,pca_rgb_reconstruction,617u599v,test,normal,0,0.00027687690453603864
broach_dataset,pca_rgb_reconstruction,61h0a68v,test,normal,0,0.00028668061713688076
broach_dataset,pca_rgb_reconstruction,62g6b4ts,test,normal,0,0.00024587343796156347
broach_dataset,pca_rgb_reconstruction,62ola4qt,test,normal,0,0.00026469759177416563
broach_dataset,pca_rgb_reconstruction,62u15os8,test,normal,0,0.00029718742007389665
broach_dataset,pca_rgb_reconstruction,62zo14hq,test,normal,0,0.000257348787272349
broach_dataset,pca_rgb_reconstruction,632u1sxt,test,normal,0,0.00023512711049988866
broach_dataset,pca_rgb_reconstruction,65aognsg,test,normal,0,0.00026067259022966027
broach_dataset,pca_rgb_reconstruction,65asv82c,test,normal,0,0.0002672744740266353
broach_dataset,pca_rgb_reconstruction,65v9m6jn,test,normal,0,0.00024848501197993755
broach_dataset,pca_rgb_reconstruction,66fclicd,test,normal,0,0.0002524620504118502
broach_dataset,pca_rgb_reconstruction,695neq2c,test,normal,0,0.00043441203888505697
broach_dataset,pca_rgb_reconstruction,698ozxr0,test,normal,0,0.0002573465753812343
broach_dataset,pca_rgb_reconstruction,69a14350,test,normal,0,0.0005137581028975546
broach_dataset,pca_rgb_reconstruction,69jvtgrw,test,normal,0,0.0002554138482082635
broach_dataset,pca_rgb_reconstruction,6a8yg8dt,test,normal,0,0.0002888455637730658
broach_dataset,pca_rgb_reconstruction,6cwhmrih,test,normal,0,0.0003013123059645295
broach_dataset,pca_rgb_reconstruction,6dgzbkn6,test,normal,0,0.0002760519564617425
broach_dataset,pca_rgb_reconstruction,6e7c18dq,test,normal,0,0.0002619260048959404
broach_dataset,pca_rgb_reconstruction,6fyhh5ue,test,normal,0,0.0002675335272215307
broach_dataset,pca_rgb_reconstruction,6gfqtg7h,test,normal,0,0.0002747362887021154
broach_dataset,pca_rgb_reconstruction,6gho36ap,test,normal,0,0.0003427906194701791
broach_dataset,pca_rgb_reconstruction,6hckf853,test,normal,0,0.0002590653020888567
broach_dataset,pca_rgb_reconstruction,6ixaehpf,test,normal,0,0.00026973331114277244
broach_dataset,pca_rgb_reconstruction,6jclb7j0,test,normal,0,0.0002803925017360598
broach_dataset,pca_rgb_reconstruction,6joleoht,test,normal,0,0.0002774910826701671
broach_dataset,pca_rgb_reconstruction,6jrpacq5,test,normal,0,0.0002479430695530027
broach_dataset,pca_rgb_reconstruction,6jrpjbu6,test,normal,0,0.000272377859801054
broach_dataset,pca_rgb_reconstruction,6jzqf2rk,test,normal,0,0.0002610461669974029
broach_dataset,pca_rgb_reconstruction,6kdl5gtd,test,normal,0,0.00030781113309785724
broach_dataset,pca_rgb_reconstruction,6knlc425,test,normal,0,0.0002626987989060581
broach_dataset,pca_rgb_reconstruction,6kou9mik,test,normal,0,0.00026321623590774834
broach_dataset,pca_rgb_reconstruction,6l8dze0c,test,normal,0,0.00027802298427559435
broach_dataset,pca_rgb_reconstruction,6lb01u0z,test,normal,0,0.00027563798357732594
broach_dataset,pca_rgb_reconstruction,6lsi2ie5,test,normal,0,0.0002603854809422046
broach_dataset,pca_rgb_reconstruction,6lxwdamb,test,normal,0,0.0002594218240119517
broach_dataset,pca_rgb_reconstruction,6njyptn6,test,normal,0,0.0005067799938842654
broach_dataset,pca_rgb_reconstruction,6nyrx4nc,test,normal,0,0.0002818753127939999
broach_dataset,pca_rgb_reconstruction,6or3byxy,test,normal,0,0.00029416944016702473
broach_dataset,pca_rgb_reconstruction,6orkft68,test,normal,0,0.0002458785893395543
broach_dataset,pca_rgb_reconstruction,6pjcrtac,test,normal,0,0.00026493085897527635
broach_dataset,pca_rgb_reconstruction,6q5rnchc,test,normal,0,0.00024991866666823626
broach_dataset,pca_rgb_reconstruction,6r8ykehv,test,normal,0,0.0002518639084883034
broach_dataset,pca_rgb_reconstruction,6rg68fl7,test,normal,0,0.00026885923580266535
broach_dataset,pca_rgb_reconstruction,6rh3mfp7,test,normal,0,0.0005036544753238559
broach_dataset,pca_rgb_reconstruction,6rt8jg5j,test,normal,0,0.0002858084917534143
broach_dataset,pca_rgb_reconstruction,6s5vtbq5,test,normal,0,0.00024188857059925795
broach_dataset,pca_rgb_reconstruction,6scivuqt,test,normal,0,0.00023496555513702333
broach_dataset,pca_rgb_reconstruction,6seacqaf,test,normal,0,0.0002622369211167097
broach_dataset,pca_rgb_reconstruction,6szn9dde,test,normal,0,0.0002676432195585221
broach_dataset,pca_rgb_reconstruction,6szo61lq,test,normal,0,0.00025184007245115936
broach_dataset,pca_rgb_reconstruction,6tclk04p,test,normal,0,0.00024166620278265327
broach_dataset,pca_rgb_reconstruction,6tt466oz,test,normal,0,0.00024275758187286556
broach_dataset,pca_rgb_reconstruction,6tvn6jjx,test,normal,0,0.00028217185172252357
broach_dataset,pca_rgb_reconstruction,6u513omv,test,normal,0,0.0002508543257135898
broach_dataset,pca_rgb_reconstruction,6ufcr5lv,test,normal,0,0.0002810392470564693
broach_dataset,pca_rgb_reconstruction,6v2cn778,test,normal,0,0.0002600418229121715
broach_dataset,pca_rgb_reconstruction,6w82ru24,test,normal,0,0.00034229870652779937
broach_dataset,pca_rgb_reconstruction,6xhggo6z,test,normal,0,0.00024019669217523187
broach_dataset,pca_rgb_reconstruction,6xvaj2k8,test,normal,0,0.0002697361633181572
broach_dataset,pca_rgb_reconstruction,6y8qnobv,test,normal,0,0.00027496792608872056
broach_dataset,pca_rgb_reconstruction,6z5tpwy0,test,normal,0,0.00026304935454390943
broach_dataset,pca_rgb_reconstruction,6zj02k6t,test,normal,0,0.00026559954858385026
broach_dataset,pca_rgb_reconstruction,6zmk6ywg,test,normal,0,0.00024575518909841776
broach_dataset,pca_rgb_reconstruction,6zpi288h,test,normal,0,0.0005373685271479189
broach_dataset,pca_rgb_reconstruction,6zysnglb,test,normal,0,0.00026269489899277687
broach_dataset,pca_rgb_reconstruction,70ce3fyw,test,normal,0,0.00018246960826218128
broach_dataset,pca_rgb_reconstruction,70e0viki,test,normal,0,0.00028593416209332645
broach_dataset,pca_rgb_reconstruction,70ebpy9e,test,normal,0,0.00026229096692986786
broach_dataset,pca_rgb_reconstruction,71bg32sa,test,normal,0,0.00028384930919855833
broach_dataset,pca_rgb_reconstruction,71tl4cba,test,normal,0,0.0002738692855928093
broach_dataset,pca_rgb_reconstruction,72egkqg9,test,normal,0,0.0002624627377372235
broach_dataset,pca_rgb_reconstruction,72hk1uit,test,normal,0,0.0002714911533985287
broach_dataset,pca_rgb_reconstruction,74xm4iq6,test,normal,0,0.0002631422539707273
broach_dataset,pca_rgb_reconstruction,76zqnsew,test,normal,0,0.0002803937532007694
broach_dataset,pca_rgb_reconstruction,77jzc58c,test,normal,0,0.0002497394452802837
broach_dataset,pca_rgb_reconstruction,77uler2l,test,normal,0,0.0002530490164645016
broach_dataset,pca_rgb_reconstruction,77vezeig,test,normal,0,0.0002600332081783563
broach_dataset,pca_rgb_reconstruction,77yotrtf,test,normal,0,0.00047514622565358877
broach_dataset,pca_rgb_reconstruction,785r8ist,test,normal,0,0.00027440933627076447
broach_dataset,pca_rgb_reconstruction,7889e3m9,test,normal,0,0.00029293785337358713
broach_dataset,pca_rgb_reconstruction,78at3sq0,test,normal,0,0.00023685807536821812
broach_dataset,pca_rgb_reconstruction,78g5qtey,test,normal,0,0.00048114097444340587
broach_dataset,pca_rgb_reconstruction,7ash4j9t,test,normal,0,0.0005316830356605351
broach_dataset,pca_rgb_reconstruction,7b8uxs1z,test,normal,0,0.0002644324558787048
broach_dataset,pca_rgb_reconstruction,7ccvcf1j,test,normal,0,0.00023874634644016623
broach_dataset,pca_rgb_reconstruction,7de8rhx5,test,normal,0,0.00024672169820405543
broach_dataset,pca_rgb_reconstruction,7df067mn,test,normal,0,0.00028955680318176746
broach_dataset,pca_rgb_reconstruction,7dnhu0fi,test,normal,0,0.0002797465131152421
broach_dataset,pca_rgb_reconstruction,7e3ksr9f,test,normal,0,0.00028670256142504513
broach_dataset,pca_rgb_reconstruction,7fuaa7ec,test,normal,0,0.00023762097407598048
broach_dataset,pca_rgb_reconstruction,7g1uvo93,test,normal,0,0.00029428600100800395
broach_dataset,pca_rgb_reconstruction,7g3847ag,test,normal,0,0.00027008174220100045
broach_dataset,pca_rgb_reconstruction,7gcjbeo4,test,normal,0,0.0002485334116499871
broach_dataset,pca_rgb_reconstruction,7ggcxgu5,test,normal,0,0.00026188124320469797
broach_dataset,pca_rgb_reconstruction,7godvyhq,test,normal,0,0.00039525769534520805
broach_dataset,pca_rgb_reconstruction,7gs3taad,test,normal,0,0.00027073067030869424
broach_dataset,pca_rgb_reconstruction,7hrsswpg,test,normal,0,0.0002451469481457025
broach_dataset,pca_rgb_reconstruction,7htkw7tj,test,normal,0,0.0002760057686828077
broach_dataset,pca_rgb_reconstruction,7hzz4gw4,test,normal,0,0.00030372169567272067
broach_dataset,pca_rgb_reconstruction,7i2ssrel,test,normal,0,0.00023939811217132956
broach_dataset,pca_rgb_reconstruction,7i7vefo7,test,normal,0,0.00028750236378982663
broach_dataset,pca_rgb_reconstruction,7iz3mh3k,test,normal,0,0.0002758611517492682
broach_dataset,pca_rgb_reconstruction,7j14lkfp,test,normal,0,0.0001839943724917248
broach_dataset,pca_rgb_reconstruction,7j2xi3ta,test,normal,0,0.00026754577993415296
broach_dataset,pca_rgb_reconstruction,7jaa94zr,test,normal,0,0.00024174830468837172
broach_dataset,pca_rgb_reconstruction,7jol5je7,test,normal,0,0.00024940480943769217
broach_dataset,pca_rgb_reconstruction,7kf79y83,test,normal,0,0.0002576593542471528
broach_dataset,pca_rgb_reconstruction,7liopch0,test,normal,0,0.0002909072209149599
broach_dataset,pca_rgb_reconstruction,7ljc7p9e,test,normal,0,0.00048754195449873805
broach_dataset,pca_rgb_reconstruction,7lo6fyq8,test,normal,0,0.00024601418408565223
broach_dataset,pca_rgb_reconstruction,7m9xo1u8,test,normal,0,0.00027160742320120335
broach_dataset,pca_rgb_reconstruction,7mwuxyoh,test,normal,0,0.00025605547125451267
broach_dataset,pca_rgb_reconstruction,7n1q00lq,test,normal,0,0.0002746724640019238
broach_dataset,pca_rgb_reconstruction,7pnfircv,test,normal,0,0.00022940465714782476
broach_dataset,pca_rgb_reconstruction,7qhak7md,test,normal,0,0.0002543724258430302
broach_dataset,pca_rgb_reconstruction,7ql3rsnx,test,normal,0,0.00028677089721895754
broach_dataset,pca_rgb_reconstruction,7rina0vl,test,normal,0,0.0002618453581817448
broach_dataset,pca_rgb_reconstruction,7rn7nmk4,test,normal,0,0.00026629705098457634
broach_dataset,pca_rgb_reconstruction,7s1nu7uh,test,normal,0,0.00027049551135860384
broach_dataset,pca_rgb_reconstruction,7s5tfu4c,test,normal,0,0.00027373628108762205
broach_dataset,pca_rgb_reconstruction,7s68qpm5,test,normal,0,0.00028133514570072293
broach_dataset,pca_rgb_reconstruction,7s81ijzk,test,normal,0,0.00028312491485849023
broach_dataset,pca_rgb_reconstruction,7scrv3ho,test,normal,0,0.00024269883579108864
broach_dataset,pca_rgb_reconstruction,7sn6a7yl,test,normal,0,0.0002612883981782943
broach_dataset,pca_rgb_reconstruction,7ugv7xwq,test,normal,0,0.00028882213518954813
broach_dataset,pca_rgb_reconstruction,7v4j6x87,test,normal,0,0.00024704387760721147
broach_dataset,pca_rgb_reconstruction,7vpurf16,test,normal,0,0.00058884167810902
broach_dataset,pca_rgb_reconstruction,7wllxpjq,test,normal,0,0.0002610942756291479
broach_dataset,pca_rgb_reconstruction,7wt5b3yp,test,normal,0,0.0002578338317107409
broach_dataset,pca_rgb_reconstruction,7x9oyxa6,test,normal,0,0.000257785024587065
broach_dataset,pca_rgb_reconstruction,7ybex3y5,test,normal,0,0.0002969358174595982
broach_dataset,pca_rgb_reconstruction,7yf9ul42,test,normal,0,0.00029848646954633296
broach_dataset,pca_rgb_reconstruction,7ytr0j18,test,normal,0,0.00030299657373689115
broach_dataset,pca_rgb_reconstruction,7za2j0o9,test,normal,0,0.0002649495145305991
broach_dataset,pca_rgb_reconstruction,7zj6yhum,test,normal,0,0.00025071753771044314
broach_dataset,pca_rgb_reconstruction,7zz3f8cg,test,normal,0,0.00029399810591712594
broach_dataset,pca_rgb_reconstruction,80h3cuq6,test,normal,0,0.0002675087016541511
broach_dataset,pca_rgb_reconstruction,81b0tw9w,test,normal,0,0.00023601714929100126
broach_dataset,pca_rgb_reconstruction,81dziuru,test,normal,0,0.000451835134299472
broach_dataset,pca_rgb_reconstruction,81kpdg9o,test,normal,0,0.0002454770728945732
broach_dataset,pca_rgb_reconstruction,82a1yijb,test,normal,0,0.0002766291727311909
broach_dataset,pca_rgb_reconstruction,82c2asvo,test,normal,0,0.00024236556782852858
broach_dataset,pca_rgb_reconstruction,82i5x65u,test,normal,0,0.0002424510894343257
broach_dataset,pca_rgb_reconstruction,82lbgsir,test,normal,0,0.00023994136427063495
broach_dataset,pca_rgb_reconstruction,82lzwge8,test,normal,0,0.00023474036424886435
broach_dataset,pca_rgb_reconstruction,82nlpcp1,test,normal,0,0.00026896948111243546
broach_dataset,pca_rgb_reconstruction,82oxlmyq,test,normal,0,0.00025741211720742285
broach_dataset,pca_rgb_reconstruction,82p4uc35,test,normal,0,0.00023676088312640786
broach_dataset,pca_rgb_reconstruction,83mjozgx,test,normal,0,0.00026610097847878933
broach_dataset,pca_rgb_reconstruction,83sx9xkz,test,normal,0,0.0002536493993829936
broach_dataset,pca_rgb_reconstruction,83wh9ta2,test,normal,0,0.00027978114667348564
broach_dataset,pca_rgb_reconstruction,84a5dze1,test,normal,0,0.0002562169684097171
broach_dataset,pca_rgb_reconstruction,85bg6ahs,test,normal,0,0.00028685532743111253
broach_dataset,pca_rgb_reconstruction,86lwnv2y,test,normal,0,0.00027574633713811636
broach_dataset,pca_rgb_reconstruction,8749xe1v,test,normal,0,0.00026706012431532145
broach_dataset,pca_rgb_reconstruction,87kk5i0b,test,normal,0,0.0002547941403463483
broach_dataset,pca_rgb_reconstruction,87vvpvi1,test,normal,0,0.0002475738583598286
broach_dataset,pca_rgb_reconstruction,87zmyp2c,test,normal,0,0.0002340991486562416
broach_dataset,pca_rgb_reconstruction,881369n0,test,normal,0,0.00026661143056117
broach_dataset,pca_rgb_reconstruction,896wnrgx,test,normal,0,0.00026704170159064233
broach_dataset,pca_rgb_reconstruction,89vsxdx5,test,normal,0,0.00026833423180505633
broach_dataset,pca_rgb_reconstruction,8bmnhmxe,test,normal,0,0.0002684783539734781
broach_dataset,pca_rgb_reconstruction,8cwjj4f5,test,normal,0,0.0002441948454361409
broach_dataset,pca_rgb_reconstruction,8d9t3zmg,test,normal,0,0.00026652278029359877
broach_dataset,pca_rgb_reconstruction,8dlvqop5,test,normal,0,0.0002737819158937782
broach_dataset,pca_rgb_reconstruction,8e5mfj3k,test,normal,0,0.000287690811092034
broach_dataset,pca_rgb_reconstruction,8eekdkow,test,normal,0,0.00025143203674815595
broach_dataset,pca_rgb_reconstruction,8fyfq4b9,test,normal,0,0.000249468837864697
broach_dataset,pca_rgb_reconstruction,8g0yi0dg,test,normal,0,0.00026216491824015975
broach_dataset,pca_rgb_reconstruction,8giyrnq1,test,normal,0,0.00024443669826723635
broach_dataset,pca_rgb_reconstruction,8ieks698,test,normal,0,0.00025932019343599677
broach_dataset,pca_rgb_reconstruction,8jiv84xm,test,normal,0,0.0002571895602159202
broach_dataset,pca_rgb_reconstruction,8jmmvtqy,test,normal,0,0.0004986766143701971
broach_dataset,pca_rgb_reconstruction,8jsrww4s,test,normal,0,0.00025684572756290436
broach_dataset,pca_rgb_reconstruction,8kklseau,test,normal,0,0.00023882412642706186
broach_dataset,pca_rgb_reconstruction,8klxzm4e,test,normal,0,0.00025909303803928196
broach_dataset,pca_rgb_reconstruction,8kqbobdc,test,normal,0,0.0002688491949811578
broach_dataset,pca_rgb_reconstruction,8l0hg9nc,test,normal,0,0.0002649728849064559
broach_dataset,pca_rgb_reconstruction,8llihkpj,test,normal,0,0.00023445114493370056
broach_dataset,pca_rgb_reconstruction,8m7qyrac,test,normal,0,0.000269144686171785
broach_dataset,pca_rgb_reconstruction,8nhutu2x,test,normal,0,0.0002644601045176387
broach_dataset,pca_rgb_reconstruction,8nn3t7tr,test,normal,0,0.0002660588070284575
broach_dataset,pca_rgb_reconstruction,8o17rm9l,test,normal,0,0.00026585705927573144
broach_dataset,pca_rgb_reconstruction,8o8g8hzm,test,normal,0,0.0002509738551452756
broach_dataset,pca_rgb_reconstruction,8or4ww1j,test,normal,0,0.0002469358150847256
broach_dataset,pca_rgb_reconstruction,8p0lw389,test,normal,0,0.00027679617051035166
broach_dataset,pca_rgb_reconstruction,8pajssuu,test,normal,0,0.000269273848971352
broach_dataset,pca_rgb_reconstruction,8poe6x2v,test,normal,0,0.000276523525826633
broach_dataset,pca_rgb_reconstruction,8qawpkwi,test,normal,0,0.0002528596669435501
broach_dataset,pca_rgb_reconstruction,8qdb9bgv,test,normal,0,0.0002429651067359373
broach_dataset,pca_rgb_reconstruction,8qfuc6vl,test,normal,0,0.00047149887541309
broach_dataset,pca_rgb_reconstruction,8qwdn5s1,test,normal,0,0.00026638235431164503
broach_dataset,pca_rgb_reconstruction,8rfpxx1o,test,normal,0,0.00025072836433537304
broach_dataset,pca_rgb_reconstruction,8rjid2b2,test,normal,0,0.0002787528501357883
broach_dataset,pca_rgb_reconstruction,8rnct14v,test,normal,0,0.0002830838493537158
broach_dataset,pca_rgb_reconstruction,8seb9u51,test,normal,0,0.00031059925095178187
broach_dataset,pca_rgb_reconstruction,8sh6t15q,test,normal,0,0.00024558271979913116
broach_dataset,pca_rgb_reconstruction,8snlc1tl,test,normal,0,0.0002637016586959362
broach_dataset,pca_rgb_reconstruction,8so4vrot,test,normal,0,0.00026443941169418395
broach_dataset,pca_rgb_reconstruction,8sqylkzc,test,normal,0,0.0002703330246731639
broach_dataset,pca_rgb_reconstruction,8t8zknsy,test,normal,0,0.00027372059412300587
broach_dataset,pca_rgb_reconstruction,8t922d0n,test,normal,0,0.00025301179266534746
broach_dataset,pca_rgb_reconstruction,8tcb5m2g,test,normal,0,0.000244835508055985
broach_dataset,pca_rgb_reconstruction,8tr0s5nm,test,normal,0,0.0002569666539784521
broach_dataset,pca_rgb_reconstruction,8umt28wn,test,normal,0,0.00026196290855295956
broach_dataset,pca_rgb_reconstruction,8vir5dwu,test,normal,0,0.0002682273043319583
broach_dataset,pca_rgb_reconstruction,8w4cne1d,test,normal,0,0.00031294807558879256
broach_dataset,pca_rgb_reconstruction,8wfyegfy,test,normal,0,0.00025428866501897573
broach_dataset,pca_rgb_reconstruction,8wvp4ugk,test,normal,0,0.00025355324032716453
broach_dataset,pca_rgb_reconstruction,8x3gzg40,test,normal,0,0.0002854437043424696
broach_dataset,pca_rgb_reconstruction,8ywvkbim,test,normal,0,0.0004260498099029064
broach_dataset,pca_rgb_reconstruction,909iu1jq,test,normal,0,0.00025712259230203927
broach_dataset,pca_rgb_reconstruction,91tfrsa8,test,normal,0,0.00025435976567678154
broach_dataset,pca_rgb_reconstruction,949p9q00,test,normal,0,0.0002727820829022676
broach_dataset,pca_rgb_reconstruction,94qaw4zd,test,normal,0,0.00027325371047481894
broach_dataset,pca_rgb_reconstruction,9666an3j,test,normal,0,0.0002502569113858044
broach_dataset,pca_rgb_reconstruction,96eecrtv,test,normal,0,0.0002649008820299059
broach_dataset,pca_rgb_reconstruction,96wmjdpj,test,normal,0,0.00028053740970790386
broach_dataset,pca_rgb_reconstruction,97lw6s8q,test,normal,0,0.00025943497894331813
broach_dataset,pca_rgb_reconstruction,97uie2tx,test,normal,0,0.0002779265632852912
broach_dataset,pca_rgb_reconstruction,98395ix6,test,normal,0,0.0002594193210825324
broach_dataset,pca_rgb_reconstruction,98510wbb,test,normal,0,0.00026847480330616236
broach_dataset,pca_rgb_reconstruction,986k33uf,test,normal,0,0.00024270663561765105
broach_dataset,pca_rgb_reconstruction,98e3r037,test,normal,0,0.00024060647410806268
broach_dataset,pca_rgb_reconstruction,98poc4vg,test,normal,0,0.0002463535638526082
broach_dataset,pca_rgb_reconstruction,98w07fil,test,normal,0,0.0002344886597711593
broach_dataset,pca_rgb_reconstruction,991e5l81,test,normal,0,0.00025138288037851453
broach_dataset,pca_rgb_reconstruction,99ifdz3p,test,normal,0,0.00028450082754716277
broach_dataset,pca_rgb_reconstruction,99wc1q9a,test,normal,0,0.000339887454174459
broach_dataset,pca_rgb_reconstruction,9aawe429,test,normal,0,0.0002648657828103751
broach_dataset,pca_rgb_reconstruction,9ae0w9lf,test,normal,0,0.0002627575886435807
broach_dataset,pca_rgb_reconstruction,9bktpyhj,test,normal,0,0.0005005273269489408
broach_dataset,pca_rgb_reconstruction,9bp4m18o,test,normal,0,0.00026929585146717727
broach_dataset,pca_rgb_reconstruction,9btd5pu1,test,normal,0,0.00025766881299205124
broach_dataset,pca_rgb_reconstruction,9bv2hh4h,test,normal,0,0.0002674060524441302
broach_dataset,pca_rgb_reconstruction,9clujy44,test,normal,0,0.00025868575903587043
broach_dataset,pca_rgb_reconstruction,9dcg5625,test,normal,0,0.0005043636774644256
broach_dataset,pca_rgb_reconstruction,9ensmb76,test,normal,0,0.00026585618616081774
broach_dataset,pca_rgb_reconstruction,9finkfen,test,normal,0,0.00027067805058322847
broach_dataset,pca_rgb_reconstruction,9ftaxp0w,test,normal,0,0.0002654542913660407
broach_dataset,pca_rgb_reconstruction,9fyxvl5o,test,normal,0,0.00028249138267710805
broach_dataset,pca_rgb_reconstruction,9gfjwnwt,test,normal,0,0.00025383124011568725
broach_dataset,pca_rgb_reconstruction,9h4kx70p,test,normal,0,0.0004758133727591485
broach_dataset,pca_rgb_reconstruction,9hyxkegr,test,normal,0,0.00027352001052349806
broach_dataset,pca_rgb_reconstruction,9jo3v2np,test,normal,0,0.00019513259758241475
broach_dataset,pca_rgb_reconstruction,9k8wof1x,test,normal,0,0.0004786060017067939
broach_dataset,pca_rgb_reconstruction,9kytekn2,test,normal,0,0.0002431665634503588
broach_dataset,pca_rgb_reconstruction,9lo4jt54,test,normal,0,0.0002865966234821826
broach_dataset,pca_rgb_reconstruction,9lvorjr9,test,normal,0,0.000287948438199237
broach_dataset,pca_rgb_reconstruction,9lw5fdu6,test,normal,0,0.00025015545543283224
broach_dataset,pca_rgb_reconstruction,9m8xosqc,test,normal,0,0.00024486324400641024
broach_dataset,pca_rgb_reconstruction,9nyye3ub,test,normal,0,0.0002641838800627738
broach_dataset,pca_rgb_reconstruction,9o885g3k,test,normal,0,0.00033018417889252305
broach_dataset,pca_rgb_reconstruction,9onb3jow,test,normal,0,0.0002708542160689831
broach_dataset,pca_rgb_reconstruction,9p3nr7dp,test,normal,0,0.0002775084285531193
broach_dataset,pca_rgb_reconstruction,9p4m3jg4,test,normal,0,0.0005004630656912923
broach_dataset,pca_rgb_reconstruction,9pocfg3h,test,normal,0,0.00025998445926234126
broach_dataset,pca_rgb_reconstruction,9q44dvvp,test,normal,0,0.00023991390480659902
broach_dataset,pca_rgb_reconstruction,9qz3q045,test,normal,0,0.00026983473799191415
broach_dataset,pca_rgb_reconstruction,9r8tuo05,test,normal,0,0.0002701347693800926
broach_dataset,pca_rgb_reconstruction,9rk7zd9m,test,normal,0,0.0002691666886676103
broach_dataset,pca_rgb_reconstruction,9s1t78vo,test,normal,0,0.0002799540525302291
broach_dataset,pca_rgb_reconstruction,9s8zav1k,test,normal,0,0.00026015439652837813
broach_dataset,pca_rgb_reconstruction,9tvpuc4a,test,normal,0,0.0002795809996314347
broach_dataset,pca_rgb_reconstruction,9uskb688,test,normal,0,0.0002456407528370619
broach_dataset,pca_rgb_reconstruction,9utvmtuc,test,normal,0,0.00027018573018722236
broach_dataset,pca_rgb_reconstruction,9v07oqkb,test,normal,0,0.00024483160814270377
broach_dataset,pca_rgb_reconstruction,9v4epnxa,test,normal,0,0.0002672261616680771
broach_dataset,pca_rgb_reconstruction,9v6zsmwo,test,normal,0,0.0002572789671830833
broach_dataset,pca_rgb_reconstruction,9vqiet4a,test,normal,0,0.0002369388530496508
broach_dataset,pca_rgb_reconstruction,9x20bw2m,test,normal,0,0.0002498306566849351
broach_dataset,pca_rgb_reconstruction,9xdyq8d7,test,normal,0,0.00026160746347159147
broach_dataset,pca_rgb_reconstruction,9z1h68im,test,normal,0,0.0002939946425613016
broach_dataset,pca_rgb_reconstruction,9z2fvexy,test,normal,0,0.00026143723516725004
broach_dataset,pca_rgb_reconstruction,9zu17d8h,test,normal,0,0.00027511222288012505
broach_dataset,pca_rgb_reconstruction,a0f89jch,test,normal,0,0.0002691388945095241
broach_dataset,pca_rgb_reconstruction,a0gurgug,test,normal,0,0.00031506636878475547
broach_dataset,pca_rgb_reconstruction,a0mvf4s2,test,normal,0,0.00024013502115849406
broach_dataset,pca_rgb_reconstruction,a1a81v93,test,normal,0,0.00027353299083188176
broach_dataset,pca_rgb_reconstruction,a1iopra5,test,normal,0,0.0002464153221808374
broach_dataset,pca_rgb_reconstruction,a1j1ouoo,test,normal,0,0.00026760954642668366
broach_dataset,pca_rgb_reconstruction,a2hhkfj2,test,normal,0,0.0002454881032463163
broach_dataset,pca_rgb_reconstruction,a2hzteiw,test,normal,0,0.0004924899549223483
broach_dataset,pca_rgb_reconstruction,a2pqxd4q,test,normal,0,0.0002629963855724782
broach_dataset,pca_rgb_reconstruction,a2tbyy27,test,normal,0,0.0002817077038343996
broach_dataset,pca_rgb_reconstruction,a38fk6xc,test,normal,0,0.0002464411372784525
broach_dataset,pca_rgb_reconstruction,a3mlwu1l,test,normal,0,0.00024620574549771845
broach_dataset,pca_rgb_reconstruction,a4psr282,test,normal,0,0.0003084626223426312
broach_dataset,pca_rgb_reconstruction,a4rgfnir,test,normal,0,0.00025451803230680525
broach_dataset,pca_rgb_reconstruction,a566kqqh,test,normal,0,0.00026076342328451574
broach_dataset,pca_rgb_reconstruction,a59obnnq,test,normal,0,0.0003388470213394612
broach_dataset,pca_rgb_reconstruction,a5uy7nvl,test,normal,0,0.0002504829899407923
broach_dataset,pca_rgb_reconstruction,a6bmla4q,test,normal,0,0.0002826263371389359
broach_dataset,pca_rgb_reconstruction,a6t9p1jh,test,normal,0,0.0002941286365967244
broach_dataset,pca_rgb_reconstruction,a7dd72re,test,normal,0,0.0002633880649227649
broach_dataset,pca_rgb_reconstruction,a7j6oy77,test,normal,0,0.00028392020612955093
broach_dataset,pca_rgb_reconstruction,a7kejfsj,test,normal,0,0.00020608444174285978
broach_dataset,pca_rgb_reconstruction,a7r582k8,test,normal,0,0.00028186250710859895
broach_dataset,pca_rgb_reconstruction,a7ryzy26,test,normal,0,0.0002860270906239748
broach_dataset,pca_rgb_reconstruction,a8nbg1x2,test,normal,0,0.00025563963572494686
broach_dataset,pca_rgb_reconstruction,a92wlffk,test,normal,0,0.0002697831951081753
broach_dataset,pca_rgb_reconstruction,a94d8xer,test,normal,0,0.00027532700914889574
broach_dataset,pca_rgb_reconstruction,aa2u4px1,test,normal,0,0.0002408588770776987
broach_dataset,pca_rgb_reconstruction,aaajo1f8,test,normal,0,0.0002745873644016683
broach_dataset,pca_rgb_reconstruction,aad0xh2m,test,normal,0,0.0002633384137880057
broach_dataset,pca_rgb_reconstruction,aaddjiti,test,normal,0,0.00029861769871786237
broach_dataset,pca_rgb_reconstruction,aalxvgpc,test,normal,0,0.0002641472965478897
broach_dataset,pca_rgb_reconstruction,aawbsrxo,test,normal,0,0.00025609706062823534
broach_dataset,pca_rgb_reconstruction,abuo970u,test,normal,0,0.00025467987870797515
broach_dataset,pca_rgb_reconstruction,abyqkwb0,test,normal,0,0.000512497266754508
broach_dataset,pca_rgb_reconstruction,adigsntw,test,normal,0,0.0002894313365686685
broach_dataset,pca_rgb_reconstruction,adkel21a,test,normal,0,0.00025496474700048566
broach_dataset,pca_rgb_reconstruction,aep3a8n5,test,normal,0,0.00027751849847845733
broach_dataset,pca_rgb_reconstruction,afb7cqfa,test,normal,0,0.0002740079362411052
broach_dataset,pca_rgb_reconstruction,ag6xo6pb,test,normal,0,0.0002493050997145474
broach_dataset,pca_rgb_reconstruction,agbp9gxv,test,normal,0,0.00025030883261933923
broach_dataset,pca_rgb_reconstruction,agnljcb1,test,normal,0,0.00025888363597914577
broach_dataset,pca_rgb_reconstruction,ahktfc2r,test,normal,0,0.0002597022394184023
broach_dataset,pca_rgb_reconstruction,ai0ixpwm,test,normal,0,0.0002559988643042743
broach_dataset,pca_rgb_reconstruction,aj4mh7lk,test,normal,0,0.00028119664057157934
broach_dataset,pca_rgb_reconstruction,akcqadc1,test,normal,0,0.0006116937729530036
broach_dataset,pca_rgb_reconstruction,akitkg0f,test,normal,0,0.0004796414577867836
broach_dataset,pca_rgb_reconstruction,albna023,test,normal,0,0.00025589863071218133
broach_dataset,pca_rgb_reconstruction,alnu6bx0,test,normal,0,0.00026741306646727026
broach_dataset,pca_rgb_reconstruction,am0xkfsi,test,normal,0,0.0002646667417138815
broach_dataset,pca_rgb_reconstruction,am7p9foq,test,normal,0,0.00024730231962166727
broach_dataset,pca_rgb_reconstruction,amchpyuf,test,normal,0,0.0001857151510193944
broach_dataset,pca_rgb_reconstruction,amkcejhc,test,normal,0,0.0002629494701977819
broach_dataset,pca_rgb_reconstruction,aml227ci,test,normal,0,0.0002665300271473825
broach_dataset,pca_rgb_reconstruction,anw2d0gz,test,normal,0,0.0002766226534731686
broach_dataset,pca_rgb_reconstruction,aoiwaydr,test,normal,0,0.00032798704341985285
broach_dataset,pca_rgb_reconstruction,ap3k5b8s,test,normal,0,0.0002801184600684792
broach_dataset,pca_rgb_reconstruction,ap7p92le,test,normal,0,0.0002818115463014692
broach_dataset,pca_rgb_reconstruction,apo1elqe,test,normal,0,0.000251802324783057
broach_dataset,pca_rgb_reconstruction,ar2zsin4,test,normal,0,0.0002666479267645627
broach_dataset,pca_rgb_reconstruction,arseuh23,test,normal,0,0.0002809163124766201
broach_dataset,pca_rgb_reconstruction,as8agrna,test,normal,0,0.0002571957593318075
broach_dataset,pca_rgb_reconstruction,asz6e3tf,test,normal,0,0.0005029078456573188
broach_dataset,pca_rgb_reconstruction,at2eyf8a,test,normal,0,0.000281228160019964
broach_dataset,pca_rgb_reconstruction,atgvetn0,test,normal,0,0.0002618905855342746
broach_dataset,pca_rgb_reconstruction,atp9px7l,test,normal,0,0.0002680583856999874
broach_dataset,pca_rgb_reconstruction,atpz00h4,test,normal,0,0.000261781649896875
broach_dataset,pca_rgb_reconstruction,aus6lymm,test,normal,0,0.00027054219390265644
broach_dataset,pca_rgb_reconstruction,avbhsuyp,test,normal,0,0.00025655905483290553
broach_dataset,pca_rgb_reconstruction,avirzxw2,test,normal,0,0.0002888877934310585
broach_dataset,pca_rgb_reconstruction,avzcta94,test,normal,0,0.000316435907734558
broach_dataset,pca_rgb_reconstruction,awpg8gkx,test,normal,0,0.000261605775449425
broach_dataset,pca_rgb_reconstruction,awu918vc,test,normal,0,0.0002494060609024018
broach_dataset,pca_rgb_reconstruction,ax7gs7i0,test,normal,0,0.0002719183685258031
broach_dataset,pca_rgb_reconstruction,axpcd6i2,test,normal,0,0.0002504369185771793
broach_dataset,pca_rgb_reconstruction,ayi49cab,test,normal,0,0.0002609060611575842
broach_dataset,pca_rgb_reconstruction,aynhw8vv,test,normal,0,0.00025420545716769993
broach_dataset,pca_rgb_reconstruction,az0wy5eq,test,normal,0,0.00026094706845469773
broach_dataset,pca_rgb_reconstruction,az39pecn,test,normal,0,0.00026748093659989536
broach_dataset,pca_rgb_reconstruction,azpij3f7,test,normal,0,0.0002508418110664934
broach_dataset,pca_rgb_reconstruction,b01d5wdn,test,normal,0,0.00026544040883891284
broach_dataset,pca_rgb_reconstruction,b02uclz2,test,normal,0,0.0002730374690145254
broach_dataset,pca_rgb_reconstruction,b0gq3a7c,test,normal,0,0.00027215376030653715
broach_dataset,pca_rgb_reconstruction,b0i6bz5f,test,normal,0,0.00026569291367195547
broach_dataset,pca_rgb_reconstruction,b0pl861c,test,normal,0,0.0003233329043723643
broach_dataset,pca_rgb_reconstruction,b12qzu8d,test,normal,0,0.00043929790263064206
broach_dataset,pca_rgb_reconstruction,b1qtgnhu,test,normal,0,0.0002826613199431449
broach_dataset,pca_rgb_reconstruction,b1vm3de8,test,normal,0,0.0002786179829854518
broach_dataset,pca_rgb_reconstruction,b1ztpsfd,test,normal,0,0.00025226338766515255
broach_dataset,pca_rgb_reconstruction,b2xhy2a9,test,normal,0,0.00026763032656162977
broach_dataset,pca_rgb_reconstruction,b352jkut,test,normal,0,0.0002638919686432928
broach_dataset,pca_rgb_reconstruction,b41hfu9p,test,normal,0,0.0002684044011402875
broach_dataset,pca_rgb_reconstruction,b4r8ocfs,test,normal,0,0.0002562952577136457
broach_dataset,pca_rgb_reconstruction,b4w2y5pe,test,normal,0,0.0002926799061242491
broach_dataset,pca_rgb_reconstruction,b4yuexyv,test,normal,0,0.00019877632439602166
broach_dataset,pca_rgb_reconstruction,b5389m8j,test,normal,0,0.00026868609711527824
broach_dataset,pca_rgb_reconstruction,b6v27aid,test,normal,0,0.00026542882551439106
broach_dataset,pca_rgb_reconstruction,b7jdr4b4,test,normal,0,0.0002644845808390528
broach_dataset,pca_rgb_reconstruction,b7sncpi6,test,normal,0,0.00026477297069504857
broach_dataset,pca_rgb_reconstruction,b7zyneqw,test,normal,0,0.00025258984533138573
broach_dataset,pca_rgb_reconstruction,b890zm8j,test,normal,0,0.00024216168094426394
broach_dataset,pca_rgb_reconstruction,b8c1my7f,test,normal,0,0.0003179154300596565
broach_dataset,pca_rgb_reconstruction,b8poxiot,test,normal,0,0.00027864426374435425
broach_dataset,pca_rgb_reconstruction,b9b935kz,test,normal,0,0.0002521910355426371
broach_dataset,pca_rgb_reconstruction,b9fwnhip,test,normal,0,0.00046374951489269733
broach_dataset,pca_rgb_reconstruction,ba1dyqg1,test,normal,0,0.000264831556705758
broach_dataset,pca_rgb_reconstruction,ba56pknr,test,normal,0,0.0002753393491730094
broach_dataset,pca_rgb_reconstruction,bbckmr8p,test,normal,0,0.0002420743549009785
broach_dataset,pca_rgb_reconstruction,bbsu04w4,test,normal,0,0.0002742637589108199
broach_dataset,pca_rgb_reconstruction,bd41rxwg,test,normal,0,0.0002716801536735147
broach_dataset,pca_rgb_reconstruction,bd880mdw,test,normal,0,0.0002697860181797296
broach_dataset,pca_rgb_reconstruction,bdgg7pvr,test,normal,0,0.00025818217545747757
broach_dataset,pca_rgb_reconstruction,bduf72oo,test,normal,0,0.0002634794218465686
broach_dataset,pca_rgb_reconstruction,be8pen4c,test,normal,0,0.0002564740425441414
broach_dataset,pca_rgb_reconstruction,berxe6l0,test,normal,0,0.0002405005943728611
broach_dataset,pca_rgb_reconstruction,bf2er1sj,test,normal,0,0.0002708794199861586
broach_dataset,pca_rgb_reconstruction,bfnltbgl,test,normal,0,0.0002451609761919826
broach_dataset,pca_rgb_reconstruction,bftid580,test,normal,0,0.00024850372574292123
broach_dataset,pca_rgb_reconstruction,bgl2mcxn,test,normal,0,0.0002605445042718202
broach_dataset,pca_rgb_reconstruction,bgmy4iqz,test,normal,0,0.0002283180074300617
broach_dataset,pca_rgb_reconstruction,bhaiiwi0,test,normal,0,0.0002548641641624272
broach_dataset,pca_rgb_reconstruction,biv407dt,test,normal,0,0.0002714850415941328
broach_dataset,pca_rgb_reconstruction,bj4ntksz,test,normal,0,0.00026218066341243684
broach_dataset,pca_rgb_reconstruction,bjrimwny,test,normal,0,0.0002753080625552684
broach_dataset,pca_rgb_reconstruction,blfa51kk,test,normal,0,0.00046168520930223167
broach_dataset,pca_rgb_reconstruction,blokrg63,test,normal,0,0.00025488549727015197
broach_dataset,pca_rgb_reconstruction,bmqq749q,test,normal,0,0.00023890682496130466
broach_dataset,pca_rgb_reconstruction,bnkoj1vt,test,normal,0,0.00023417052580043674
broach_dataset,pca_rgb_reconstruction,bpg2r0to,test,normal,0,0.0002539184642955661
broach_dataset,pca_rgb_reconstruction,bpk093i1,test,normal,0,0.00026079892995767295
broach_dataset,pca_rgb_reconstruction,bpuqygjg,test,normal,0,0.00026882856036536396
broach_dataset,pca_rgb_reconstruction,bqam97xo,test,normal,0,0.00023224267351906747
broach_dataset,pca_rgb_reconstruction,bqg5a8mb,test,normal,0,0.0002464181452523917
broach_dataset,pca_rgb_reconstruction,bqt8hh10,test,normal,0,0.00018597740563564003
broach_dataset,pca_rgb_reconstruction,br99p9yk,test,normal,0,0.000461930176243186
broach_dataset,pca_rgb_reconstruction,brfy17xo,test,normal,0,0.0002962274302262813
broach_dataset,pca_rgb_reconstruction,brnid5r6,test,normal,0,0.000255878665484488
broach_dataset,pca_rgb_reconstruction,brspj4ki,test,normal,0,0.00026954658096656203
broach_dataset,pca_rgb_reconstruction,brw32420,test,normal,0,0.0002868824522010982
broach_dataset,pca_rgb_reconstruction,bscf2qvj,test,normal,0,0.00026692409301176667
broach_dataset,pca_rgb_reconstruction,bsq1iu7r,test,normal,0,0.0002615842968225479
broach_dataset,pca_rgb_reconstruction,bst4q0me,test,normal,0,0.00025768173509277403
broach_dataset,pca_rgb_reconstruction,btbop51v,test,normal,0,0.0002588974020909518
broach_dataset,pca_rgb_reconstruction,bte6zrx3,test,normal,0,0.00044601838453672826
broach_dataset,pca_rgb_reconstruction,btu7rilu,test,normal,0,0.00027921595028601587
broach_dataset,pca_rgb_reconstruction,buwqbaxr,test,normal,0,0.0005244780331850052
broach_dataset,pca_rgb_reconstruction,bv2j3t4h,test,normal,0,0.0002363843232160434
broach_dataset,pca_rgb_reconstruction,bv46mu62,test,normal,0,0.0002619638980831951
broach_dataset,pca_rgb_reconstruction,bv6vpllg,test,normal,0,0.0001934440660988912
broach_dataset,pca_rgb_reconstruction,bv8m07nk,test,normal,0,0.00028589158318936825
broach_dataset,pca_rgb_reconstruction,bwq6fodn,test,normal,0,0.00028542414656840265
broach_dataset,pca_rgb_reconstruction,bx52ni0d,test,normal,0,0.0002598350984044373
broach_dataset,pca_rgb_reconstruction,bxc1bxyt,test,normal,0,0.00028057777672074735
broach_dataset,pca_rgb_reconstruction,by402329,test,normal,0,0.0002480323310010135
broach_dataset,pca_rgb_reconstruction,by4r0023,test,normal,0,0.00024946522898972034
broach_dataset,pca_rgb_reconstruction,bz3gjcls,test,normal,0,0.000249829376116395
broach_dataset,pca_rgb_reconstruction,bzqstd1c,test,normal,0,0.00027159886667504907
broach_dataset,pca_rgb_reconstruction,c0kxinhk,test,normal,0,0.00025117219774983823
broach_dataset,pca_rgb_reconstruction,c1lxgbnz,test,normal,0,0.00028746528550982475
broach_dataset,pca_rgb_reconstruction,c1spe7ei,test,normal,0,0.00025733053917065263
broach_dataset,pca_rgb_reconstruction,c25juv05,test,normal,0,0.0002863801782950759
broach_dataset,pca_rgb_reconstruction,c4djyr0r,test,normal,0,0.00026642094599083066
broach_dataset,pca_rgb_reconstruction,c4fh065a,test,normal,0,0.0002456411311868578
broach_dataset,pca_rgb_reconstruction,c50b8y5d,test,normal,0,0.00027190049877390265
broach_dataset,pca_rgb_reconstruction,c6es3ugp,test,normal,0,0.0002483614080119878
broach_dataset,pca_rgb_reconstruction,c6sm52oi,test,normal,0,0.0004803999909199774
broach_dataset,pca_rgb_reconstruction,c8julf09,test,normal,0,0.00028263233252801
broach_dataset,pca_rgb_reconstruction,c9ybx6gy,test,normal,0,0.00026627787156030536
broach_dataset,pca_rgb_reconstruction,caec69nb,test,normal,0,0.00027508442872203887
broach_dataset,pca_rgb_reconstruction,cahc4xo6,test,normal,0,0.00026573424111120403
broach_dataset,pca_rgb_reconstruction,cakosmfk,test,normal,0,0.0005131055368110538
broach_dataset,pca_rgb_reconstruction,cb2x18ns,test,normal,0,0.0002602503227535635
broach_dataset,pca_rgb_reconstruction,cb5v8t40,test,normal,0,0.0002623685577418655
broach_dataset,pca_rgb_reconstruction,cbzcxqud,test,normal,0,0.00023373268777504563
broach_dataset,pca_rgb_reconstruction,cc9pyefv,test,normal,0,0.0002691922418307513
broach_dataset,pca_rgb_reconstruction,cd0prss6,test,normal,0,0.00026179198175668716
broach_dataset,pca_rgb_reconstruction,cd23v4xn,test,normal,0,0.00023679576406721026
broach_dataset,pca_rgb_reconstruction,cdoiibfb,test,normal,0,0.00026509840972721577
broach_dataset,pca_rgb_reconstruction,cdyoc44k,test,normal,0,0.00021722204110119492
broach_dataset,pca_rgb_reconstruction,cebwpyzx,test,normal,0,0.0002893383498303592
broach_dataset,pca_rgb_reconstruction,cemcilrs,test,normal,0,0.0002729513798840344
broach_dataset,pca_rgb_reconstruction,cf2r8xii,test,normal,0,0.00027447272441349924
broach_dataset,pca_rgb_reconstruction,cf5yye5l,test,normal,0,0.00027739893994294107
broach_dataset,pca_rgb_reconstruction,cgdc5tao,test,normal,0,0.00027284910902380943
broach_dataset,pca_rgb_reconstruction,cgnk3y8i,test,normal,0,0.0002615212870296091
broach_dataset,pca_rgb_reconstruction,cgstps1h,test,normal,0,0.00026891904417425394
broach_dataset,pca_rgb_reconstruction,ci2w1w60,test,normal,0,0.0002796138287521899
broach_dataset,pca_rgb_reconstruction,cizhd8kl,test,normal,0,0.0005100306589156389
broach_dataset,pca_rgb_reconstruction,cjtac15d,test,normal,0,0.00028379607829265296
broach_dataset,pca_rgb_reconstruction,cjzccu28,test,normal,0,0.0004075737961102277
broach_dataset,pca_rgb_reconstruction,cku3cqbh,test,normal,0,0.0002658777520991862
broach_dataset,pca_rgb_reconstruction,cmnbmkjt,test,normal,0,0.00026411612634547055
broach_dataset,pca_rgb_reconstruction,cn44wcgp,test,normal,0,0.0002670161484275013
broach_dataset,pca_rgb_reconstruction,cnebcxii,test,normal,0,0.0002593164099380374
broach_dataset,pca_rgb_reconstruction,cnsjmgk8,test,normal,0,0.0002873928169719875
broach_dataset,pca_rgb_reconstruction,co1rywym,test,normal,0,0.0002510799968149513
broach_dataset,pca_rgb_reconstruction,co9yua8n,test,normal,0,0.00026346719823777676
broach_dataset,pca_rgb_reconstruction,cob1ejif,test,normal,0,0.00026429101126268506
broach_dataset,pca_rgb_reconstruction,coo004oo,test,normal,0,0.0002364214597037062
broach_dataset,pca_rgb_reconstruction,cpgnm6hx,test,normal,0,0.0002552693185862154
broach_dataset,pca_rgb_reconstruction,cpkfk905,test,normal,0,0.0002664899511728436
broach_dataset,pca_rgb_reconstruction,cqxcs1xs,test,normal,0,0.0002665137290023267
broach_dataset,pca_rgb_reconstruction,cqxm3voh,test,normal,0,0.00024806256988085806
broach_dataset,pca_rgb_reconstruction,crhm22sn,test,normal,0,0.00025072359130717814
broach_dataset,pca_rgb_reconstruction,cri0vd94,test,normal,0,0.0002634922566358
broach_dataset,pca_rgb_reconstruction,csl3kwvr,test,normal,0,0.00027144572231918573
broach_dataset,pca_rgb_reconstruction,cssyzleg,test,normal,0,0.00026796862948685884
broach_dataset,pca_rgb_reconstruction,cuc6jzmn,test,normal,0,0.0002797921188175678
broach_dataset,pca_rgb_reconstruction,cv1ltwbj,test,normal,0,0.000252241239650175
broach_dataset,pca_rgb_reconstruction,cvb99q7q,test,normal,0,0.00023953840718604624
broach_dataset,pca_rgb_reconstruction,cvjf3qtc,test,normal,0,0.00027751855668611825
broach_dataset,pca_rgb_reconstruction,cvkngu9t,test,normal,0,0.00024816120276227593
broach_dataset,pca_rgb_reconstruction,cw85nc3h,test,normal,0,0.0002803690731525421
broach_dataset,pca_rgb_reconstruction,cw9ibgje,test,normal,0,0.00026124907890334725
broach_dataset,pca_rgb_reconstruction,cwi2skhk,test,normal,0,0.00023605655587743968
broach_dataset,pca_rgb_reconstruction,cx9xg69d,test,normal,0,0.00027975760167464614
broach_dataset,pca_rgb_reconstruction,cxallssf,test,normal,0,0.0002527598408050835
broach_dataset,pca_rgb_reconstruction,cymne2ju,test,normal,0,0.00025182703393511474
broach_dataset,pca_rgb_reconstruction,cyy8r3ni,test,normal,0,0.000248335039941594
broach_dataset,pca_rgb_reconstruction,czh2jfe3,test,normal,0,0.0002720511402003467
broach_dataset,pca_rgb_reconstruction,d0obsgmm,test,normal,0,0.0002858251391444355
broach_dataset,pca_rgb_reconstruction,d0wwcqcl,test,normal,0,0.00046378624392673373
broach_dataset,pca_rgb_reconstruction,d1a5qodw,test,normal,0,0.0002399641089141369
broach_dataset,pca_rgb_reconstruction,d1fjpp5i,test,normal,0,0.0002644132182467729
broach_dataset,pca_rgb_reconstruction,d1hfq4gs,test,normal,0,0.0003105555078946054
broach_dataset,pca_rgb_reconstruction,d1l04vu2,test,normal,0,0.0001977202482521534
broach_dataset,pca_rgb_reconstruction,d1udxpjt,test,normal,0,0.0004929043934680521
broach_dataset,pca_rgb_reconstruction,d22hwfzp,test,normal,0,0.0002585203619673848
broach_dataset,pca_rgb_reconstruction,d22scuj2,test,normal,0,0.00045758183114230633
broach_dataset,pca_rgb_reconstruction,d2b6e4dw,test,normal,0,0.00027709724963642657
broach_dataset,pca_rgb_reconstruction,d2ol48f1,test,normal,0,0.0005556060932576656
broach_dataset,pca_rgb_reconstruction,d2pb01s3,test,normal,0,0.0002621794701553881
broach_dataset,pca_rgb_reconstruction,d2x9a7jo,test,normal,0,0.0002545911993365735
broach_dataset,pca_rgb_reconstruction,d2xd3ttv,test,normal,0,0.00026750980759970844
broach_dataset,pca_rgb_reconstruction,d3bmyu8t,test,normal,0,0.000252106343396008
broach_dataset,pca_rgb_reconstruction,d3ttet59,test,normal,0,0.0002950403722934425
broach_dataset,pca_rgb_reconstruction,d3u98y9h,test,normal,0,0.000255483464570716
broach_dataset,pca_rgb_reconstruction,d4h7lpwk,test,normal,0,0.00030409099417738616
broach_dataset,pca_rgb_reconstruction,d4ysd6sh,test,normal,0,0.0005330773419700563
broach_dataset,pca_rgb_reconstruction,d4zyefg5,test,normal,0,0.0002804736723192036
broach_dataset,pca_rgb_reconstruction,d5d3sd4x,test,normal,0,0.00045308316475711763
broach_dataset,pca_rgb_reconstruction,d5dwdt62,test,normal,0,0.00028305192245170474
broach_dataset,pca_rgb_reconstruction,d5jl4nmh,test,normal,0,0.0002584557805676013
broach_dataset,pca_rgb_reconstruction,d67gf9nh,test,normal,0,0.00040718881064094603
broach_dataset,pca_rgb_reconstruction,d75tageb,test,normal,0,0.0002672202535904944
broach_dataset,pca_rgb_reconstruction,d7fw33g8,test,normal,0,0.0002729448606260121
broach_dataset,pca_rgb_reconstruction,d7hfvsv3,test,normal,0,0.000239546803641133
broach_dataset,pca_rgb_reconstruction,d7spljcp,test,normal,0,0.00028420588932931423
broach_dataset,pca_rgb_reconstruction,d7urudo4,test,normal,0,0.00026939340750686824
broach_dataset,pca_rgb_reconstruction,d8jvx7wk,test,normal,0,0.00025841064052656293
broach_dataset,pca_rgb_reconstruction,d8vu7jcs,test,normal,0,0.0002458622620906681
broach_dataset,pca_rgb_reconstruction,d9ezj4hi,test,normal,0,0.00025397093850187957
broach_dataset,pca_rgb_reconstruction,d9lxrgus,test,normal,0,0.0002687408123165369
broach_dataset,pca_rgb_reconstruction,dafymdpv,test,normal,0,0.00027308324933983386
broach_dataset,pca_rgb_reconstruction,db8zgywq,test,normal,0,0.0002583185851108283
broach_dataset,pca_rgb_reconstruction,ddcss3qc,test,normal,0,0.00027622602647170424
broach_dataset,pca_rgb_reconstruction,ddkswz7u,test,normal,0,0.0002523947332520038
broach_dataset,pca_rgb_reconstruction,ddosgasl,test,normal,0,0.0002641285245772451
broach_dataset,pca_rgb_reconstruction,demm0uez,test,normal,0,0.0002542698639445007
broach_dataset,pca_rgb_reconstruction,dezh0cd8,test,normal,0,0.0002316017635166645
broach_dataset,pca_rgb_reconstruction,dfbhpsoj,test,normal,0,0.000260419852565974
broach_dataset,pca_rgb_reconstruction,dg3dm525,test,normal,0,0.00022482016356661916
broach_dataset,pca_rgb_reconstruction,dgntl7dh,test,normal,0,0.000265083130216226
broach_dataset,pca_rgb_reconstruction,dgp5o1g1,test,normal,0,0.0002570340584497899
broach_dataset,pca_rgb_reconstruction,dh3qccsz,test,normal,0,0.00026706643984653056
broach_dataset,pca_rgb_reconstruction,dhrwx4j2,test,normal,0,0.0002668809029273689
broach_dataset,pca_rgb_reconstruction,di90wmvb,test,normal,0,0.0003114526334684342
broach_dataset,pca_rgb_reconstruction,dla8dmig,test,normal,0,0.0002752804721239954
broach_dataset,pca_rgb_reconstruction,dlught7e,test,normal,0,0.00026430925936438143
broach_dataset,pca_rgb_reconstruction,dm2h3tx4,test,normal,0,0.0002550167846493423
broach_dataset,pca_rgb_reconstruction,dmlrsiwo,test,normal,0,0.0004762929165735841
broach_dataset,pca_rgb_reconstruction,dndb94lj,test,normal,0,0.000289685936877504
broach_dataset,pca_rgb_reconstruction,dof07r0c,test,normal,0,0.00025375725817866623
broach_dataset,pca_rgb_reconstruction,domtxqup,test,normal,0,0.00023911590687930584
broach_dataset,pca_rgb_reconstruction,dopmqqje,test,normal,0,0.0002820597728714347
broach_dataset,pca_rgb_reconstruction,dpovj2u8,test,normal,0,0.0002523403090890497
broach_dataset,pca_rgb_reconstruction,dq3v011n,test,normal,0,0.00025681513943709433
broach_dataset,pca_rgb_reconstruction,drfrmq8r,test,normal,0,0.0002520374837331474
broach_dataset,pca_rgb_reconstruction,drr2whbj,test,normal,0,0.00026125984732061625
broach_dataset,pca_rgb_reconstruction,ds8fl2wb,test,normal,0,0.0005057767848484218
broach_dataset,pca_rgb_reconstruction,dsc31its,test,normal,0,0.0002685785002540797
broach_dataset,pca_rgb_reconstruction,dsjd6n16,test,normal,0,0.00017012155149132013
broach_dataset,pca_rgb_reconstruction,dt1wvf6r,test,normal,0,0.0005339377094060183
broach_dataset,pca_rgb_reconstruction,dtgs6rpj,test,normal,0,0.00026456612977199256
broach_dataset,pca_rgb_reconstruction,dtn0abmk,test,normal,0,0.00024771655444055796
broach_dataset,pca_rgb_reconstruction,dtqs4abi,test,normal,0,0.000270754360826686
broach_dataset,pca_rgb_reconstruction,dty3ck6f,test,normal,0,0.000286784052150324
broach_dataset,pca_rgb_reconstruction,dulgxjbb,test,normal,0,0.0002649376692716032
broach_dataset,pca_rgb_reconstruction,duxic4rr,test,normal,0,0.0004634505312424153
broach_dataset,pca_rgb_reconstruction,dvriygs9,test,normal,0,0.00026005905237980187
broach_dataset,pca_rgb_reconstruction,dw1nn9f7,test,normal,0,0.0002485574223101139
broach_dataset,pca_rgb_reconstruction,dwhl940v,test,normal,0,0.00026741891633719206
broach_dataset,pca_rgb_reconstruction,dwqk53bi,test,normal,0,0.0002744964440353215
broach_dataset,pca_rgb_reconstruction,dxixzmft,test,normal,0,0.00025691287009976804
broach_dataset,pca_rgb_reconstruction,dxky6o9r,test,normal,0,0.0002587280177976936
broach_dataset,pca_rgb_reconstruction,dy30ryy3,test,normal,0,0.0002383501414442435
broach_dataset,pca_rgb_reconstruction,dyeb3rii,test,normal,0,0.00032162552815862
broach_dataset,pca_rgb_reconstruction,dyndp7gb,test,normal,0,0.00026018524658866227
broach_dataset,pca_rgb_reconstruction,dyrt6oi8,test,normal,0,0.00027236356982029974
broach_dataset,pca_rgb_reconstruction,dz2z5iv7,test,normal,0,0.00028034477145411074
broach_dataset,pca_rgb_reconstruction,dzotme0c,test,normal,0,0.00025130080757662654
broach_dataset,pca_rgb_reconstruction,e07blw9m,test,normal,0,0.0002460537070874125
broach_dataset,pca_rgb_reconstruction,e0aa7ekk,test,normal,0,0.00024942579329945147
broach_dataset,pca_rgb_reconstruction,e0l4ol5k,test,normal,0,0.00047428460675291717
broach_dataset,pca_rgb_reconstruction,e12qeykc,test,normal,0,0.00023835951287765056
broach_dataset,pca_rgb_reconstruction,e4cwsjb4,test,normal,0,0.00024501848383806646
broach_dataset,pca_rgb_reconstruction,e4dv76oi,test,normal,0,0.000479185109725222
broach_dataset,pca_rgb_reconstruction,e4ep7cgn,test,normal,0,0.0002544049930293113
broach_dataset,pca_rgb_reconstruction,e4k2v4zp,test,normal,0,0.0002630147209856659
broach_dataset,pca_rgb_reconstruction,e4qvtdoa,test,normal,0,0.0002919048420153558
broach_dataset,pca_rgb_reconstruction,e52m1alc,test,normal,0,0.00027795875212177634
broach_dataset,pca_rgb_reconstruction,e54ukigd,test,normal,0,0.00024269121058750898
broach_dataset,pca_rgb_reconstruction,e5oz83ej,test,normal,0,0.0002534186060074717
broach_dataset,pca_rgb_reconstruction,e6opemst,test,normal,0,0.00026441560476087034
broach_dataset,pca_rgb_reconstruction,e705680m,test,normal,0,0.0002455881331115961
broach_dataset,pca_rgb_reconstruction,e8d4efvv,test,normal,0,0.00026316591538488865
broach_dataset,pca_rgb_reconstruction,e8fzhkdy,test,normal,0,0.00029108059243299067
broach_dataset,pca_rgb_reconstruction,e8iv8ay0,test,normal,0,0.00027235361631028354
broach_dataset,pca_rgb_reconstruction,e9ahim9l,test,normal,0,0.0002448133600410074
broach_dataset,pca_rgb_reconstruction,e9gt9kty,test,normal,0,0.0002771283907350153
broach_dataset,pca_rgb_reconstruction,e9vifttd,test,normal,0,0.00026872020680457354
broach_dataset,pca_rgb_reconstruction,e9wr2p2g,test,normal,0,0.00024269205459859222
broach_dataset,pca_rgb_reconstruction,eaaot03k,test,normal,0,0.0004993246402591467
broach_dataset,pca_rgb_reconstruction,ead2guy2,test,normal,0,0.00028080143965780735
broach_dataset,pca_rgb_reconstruction,eavz4w9h,test,normal,0,0.00024868574109859765
broach_dataset,pca_rgb_reconstruction,ebiyhhck,test,normal,0,0.0004463453369680792
broach_dataset,pca_rgb_reconstruction,ebqo7bbq,test,normal,0,0.0002916794328484684
broach_dataset,pca_rgb_reconstruction,ecm785zd,test,normal,0,0.00023756202426739037
broach_dataset,pca_rgb_reconstruction,edc3egv6,test,normal,0,0.0002932020288426429
broach_dataset,pca_rgb_reconstruction,eds9judp,test,normal,0,0.00025248966994695365
broach_dataset,pca_rgb_reconstruction,eecp6usz,test,normal,0,0.0002722986973822117
broach_dataset,pca_rgb_reconstruction,efdap1yr,test,normal,0,0.00025350216310471296
broach_dataset,pca_rgb_reconstruction,efhseyw0,test,normal,0,0.00024772490723989904
broach_dataset,pca_rgb_reconstruction,efjawshm,test,normal,0,0.0002915211080107838
broach_dataset,pca_rgb_reconstruction,efjtx9x1,test,normal,0,0.0002881243999581784
broach_dataset,pca_rgb_reconstruction,efuckj1w,test,normal,0,0.00026905687991529703
broach_dataset,pca_rgb_reconstruction,eg39d6kc,test,normal,0,0.00027892205980606377
broach_dataset,pca_rgb_reconstruction,egsa1tb5,test,normal,0,0.00027340211090631783
broach_dataset,pca_rgb_reconstruction,egvtjz93,test,normal,0,0.00025970247224904597
broach_dataset,pca_rgb_reconstruction,egw63x5g,test,normal,0,0.000287105911411345
broach_dataset,pca_rgb_reconstruction,ehar63u8,test,normal,0,0.0002652713446877897
broach_dataset,pca_rgb_reconstruction,ehe2atn2,test,normal,0,0.0002754276792984456
broach_dataset,pca_rgb_reconstruction,ehg832p4,test,normal,0,0.0002820262161549181
broach_dataset,pca_rgb_reconstruction,ehhw9bh2,test,normal,0,0.00024301280791405588
broach_dataset,pca_rgb_reconstruction,ehmjfqb1,test,normal,0,0.0002694839786272496
broach_dataset,pca_rgb_reconstruction,eiz0ekvv,test,normal,0,0.0002630334347486496
broach_dataset,pca_rgb_reconstruction,ej7ykfv6,test,normal,0,0.00027283275267109275
broach_dataset,pca_rgb_reconstruction,ek622xfe,test,normal,0,0.00025263213319703937
broach_dataset,pca_rgb_reconstruction,el6rl1on,test,normal,0,0.0002781899238470942
broach_dataset,pca_rgb_reconstruction,elko48dh,test,normal,0,0.0002459448587615043
broach_dataset,pca_rgb_reconstruction,emjyx0yg,test,normal,0,0.00027454691007733345
broach_dataset,pca_rgb_reconstruction,emvkd6wt,test,normal,0,0.0002595059631858021
broach_dataset,pca_rgb_reconstruction,en2esqp2,test,normal,0,0.0002545685856603086
broach_dataset,pca_rgb_reconstruction,engugs2m,test,normal,0,0.00026084991986863315
broach_dataset,pca_rgb_reconstruction,enww4e3j,test,normal,0,0.00032924613333307207
broach_dataset,pca_rgb_reconstruction,eonf2muf,test,normal,0,0.00027881376445293427
broach_dataset,pca_rgb_reconstruction,eox981bf,test,normal,0,0.0005183647735975683
broach_dataset,pca_rgb_reconstruction,epr59sym,test,normal,0,0.0002990304783452302
broach_dataset,pca_rgb_reconstruction,eqkv2pnu,test,normal,0,0.0002546614268794656
broach_dataset,pca_rgb_reconstruction,es0s1luu,test,normal,0,0.0002558542473707348
broach_dataset,pca_rgb_reconstruction,esdnc1k3,test,normal,0,0.000247008865699172
broach_dataset,pca_rgb_reconstruction,esn9duup,test,normal,0,0.000506649084854871
broach_dataset,pca_rgb_reconstruction,eswwbvwh,test,normal,0,0.00026261809398420155
broach_dataset,pca_rgb_reconstruction,etvffrff,test,normal,0,0.0002841794048435986
broach_dataset,pca_rgb_reconstruction,euc1hh5l,test,normal,0,0.00026606221217662096
broach_dataset,pca_rgb_reconstruction,eus7hlcm,test,normal,0,0.0002807992568705231
broach_dataset,pca_rgb_reconstruction,ew7tqlvq,test,normal,0,0.0002770459104795009
broach_dataset,pca_rgb_reconstruction,ewfvbfej,test,normal,0,0.00025873997947201133
broach_dataset,pca_rgb_reconstruction,exc1t0oy,test,normal,0,0.000255891791312024
broach_dataset,pca_rgb_reconstruction,exmojd85,test,normal,0,0.00023909014998935163
broach_dataset,pca_rgb_reconstruction,ey4ih9pv,test,normal,0,0.0002534466329962015
broach_dataset,pca_rgb_reconstruction,eyh26bea,test,normal,0,0.00025480121257714927
broach_dataset,pca_rgb_reconstruction,eyrv8yed,test,normal,0,0.00026634763344191015
broach_dataset,pca_rgb_reconstruction,eyrynz0j,test,normal,0,0.0002770186110865325
broach_dataset,pca_rgb_reconstruction,eyvt01xf,test,normal,0,0.0002653064439073205
broach_dataset,pca_rgb_reconstruction,ez0f0xpi,test,normal,0,0.0002706127124838531
broach_dataset,pca_rgb_reconstruction,ezq0x717,test,normal,0,0.00022545555839315057
broach_dataset,pca_rgb_reconstruction,f0b5kx5g,test,normal,0,0.0004913773154839873
broach_dataset,pca_rgb_reconstruction,f0uxc3b0,test,normal,0,0.0002758323971647769
broach_dataset,pca_rgb_reconstruction,f1f4tzgn,test,normal,0,0.0002531943318899721
broach_dataset,pca_rgb_reconstruction,f1ldajjb,test,normal,0,0.00025972595904022455
broach_dataset,pca_rgb_reconstruction,f1ucuofg,test,normal,0,0.0002574164536781609
broach_dataset,pca_rgb_reconstruction,f29u8uri,test,normal,0,0.00023883773246780038
broach_dataset,pca_rgb_reconstruction,f3rb7ktt,test,normal,0,0.0002449550083838403
broach_dataset,pca_rgb_reconstruction,f40k5yrl,test,normal,0,0.00028004785417579114
broach_dataset,pca_rgb_reconstruction,f4bdz7a8,test,normal,0,0.00027749003493227065
broach_dataset,pca_rgb_reconstruction,f4ih1lu9,test,normal,0,0.0002487143501639366
broach_dataset,pca_rgb_reconstruction,f5p8h0yt,test,normal,0,0.0002711726410780102
broach_dataset,pca_rgb_reconstruction,f5tb6z5z,test,normal,0,0.00033039978006854653
broach_dataset,pca_rgb_reconstruction,f6jqneks,test,normal,0,0.00038609656621702015
broach_dataset,pca_rgb_reconstruction,f6mq886k,test,normal,0,0.00026783751673065126
broach_dataset,pca_rgb_reconstruction,f6xz8r9d,test,normal,0,0.0002536065294407308
broach_dataset,pca_rgb_reconstruction,f8rsjrrw,test,normal,0,0.0002273152640555054
broach_dataset,pca_rgb_reconstruction,f978x4ej,test,normal,0,0.0002630407107062638
broach_dataset,pca_rgb_reconstruction,f9oup3zq,test,normal,0,0.0002625673951115459
broach_dataset,pca_rgb_reconstruction,fam1k1en,test,normal,0,0.0004720604920294136
broach_dataset,pca_rgb_reconstruction,fapwz512,test,normal,0,0.0002507759490981698
broach_dataset,pca_rgb_reconstruction,fbg3wvdv,test,normal,0,0.00023691498790867627
broach_dataset,pca_rgb_reconstruction,fdknl48k,test,normal,0,0.00047721562441438437
broach_dataset,pca_rgb_reconstruction,fe1zsyjc,test,normal,0,0.00028723877039738
broach_dataset,pca_rgb_reconstruction,ff5ql14f,test,normal,0,0.00025357920094393194
broach_dataset,pca_rgb_reconstruction,fggw1jyk,test,normal,0,0.0002842957910615951
broach_dataset,pca_rgb_reconstruction,fgnx9xz7,test,normal,0,0.00028908863896504045
broach_dataset,pca_rgb_reconstruction,fibrr7aq,test,normal,0,0.00028304613078944385
broach_dataset,pca_rgb_reconstruction,fisbyn2z,test,normal,0,0.0002762136282399297
broach_dataset,pca_rgb_reconstruction,fiup2le6,test,normal,0,0.0002585927431937307
broach_dataset,pca_rgb_reconstruction,fjskfn8a,test,normal,0,0.00026321207405999303
broach_dataset,pca_rgb_reconstruction,fklulx3w,test,normal,0,0.0002585267648100853
broach_dataset,pca_rgb_reconstruction,fkofc2f0,test,normal,0,0.00026434814208187163
broach_dataset,pca_rgb_reconstruction,fkrxxwfm,test,normal,0,0.0004886923125013709
broach_dataset,pca_rgb_reconstruction,fl0463na,test,normal,0,0.00023349579714704305
broach_dataset,pca_rgb_reconstruction,fl6d2tue,test,normal,0,0.0002720468328334391
broach_dataset,pca_rgb_reconstruction,fmhtn2p6,test,normal,0,0.000286455120658502
broach_dataset,pca_rgb_reconstruction,fmw9fe7t,test,normal,0,0.00026850818539969623
broach_dataset,pca_rgb_reconstruction,fnmv5f88,test,normal,0,0.00028878101147711277
broach_dataset,pca_rgb_reconstruction,fo6t9wpx,test,normal,0,0.0005073993816040456
broach_dataset,pca_rgb_reconstruction,foijocvs,test,normal,0,0.00025342244771309197
broach_dataset,pca_rgb_reconstruction,folig3c5,test,normal,0,0.00029111496405676007
broach_dataset,pca_rgb_reconstruction,fp38phk5,test,normal,0,0.0002474973152857274
broach_dataset,pca_rgb_reconstruction,fpj8hk2r,test,normal,0,0.0002522250870242715
broach_dataset,pca_rgb_reconstruction,fpwxpjr9,test,normal,0,0.0002789725549519062
broach_dataset,pca_rgb_reconstruction,frml29q2,test,normal,0,0.0003005415201187134
broach_dataset,pca_rgb_reconstruction,frzhxka7,test,normal,0,0.0002574985846877098
broach_dataset,pca_rgb_reconstruction,fsuaok48,test,normal,0,0.0002837212523445487
broach_dataset,pca_rgb_reconstruction,ftgqp2ec,test,normal,0,0.00027305548428557813
broach_dataset,pca_rgb_reconstruction,ftixdwr0,test,normal,0,0.00025535537861287594
broach_dataset,pca_rgb_reconstruction,fvmyui9h,test,normal,0,0.000284077919786796
broach_dataset,pca_rgb_reconstruction,fw0c20x4,test,normal,0,0.00024517299607396126
broach_dataset,pca_rgb_reconstruction,fw96qwtu,test,normal,0,0.0002755178138613701
broach_dataset,pca_rgb_reconstruction,fwjjo22l,test,normal,0,0.0002809997240547091
broach_dataset,pca_rgb_reconstruction,fx0akn05,test,normal,0,0.00030549964867532253
broach_dataset,pca_rgb_reconstruction,fx8ryw52,test,normal,0,0.0002462868869770318
broach_dataset,pca_rgb_reconstruction,fxfmd13u,test,normal,0,0.00026805527159012854
broach_dataset,pca_rgb_reconstruction,fxzfycb7,test,normal,0,0.00027897284599021077
broach_dataset,pca_rgb_reconstruction,fyjfrb65,test,normal,0,0.0002837606880348176
broach_dataset,pca_rgb_reconstruction,fzhdojhx,test,normal,0,0.0002695562143344432
broach_dataset,pca_rgb_reconstruction,g06xr3ur,test,normal,0,0.00024073348322417587
broach_dataset,pca_rgb_reconstruction,g0hln0ez,test,normal,0,0.00023668044013902545
broach_dataset,pca_rgb_reconstruction,g21e0y7h,test,normal,0,0.000264522124780342
broach_dataset,pca_rgb_reconstruction,g345k5dj,test,normal,0,0.0002549909404478967
broach_dataset,pca_rgb_reconstruction,g3dcmyxb,test,normal,0,0.00017641457088757306
broach_dataset,pca_rgb_reconstruction,g4q47e1e,test,normal,0,0.0005545675521716475
broach_dataset,pca_rgb_reconstruction,g68zdopt,test,normal,0,0.00026130882906727493
broach_dataset,pca_rgb_reconstruction,g70p181i,test,normal,0,0.0002669530513230711
broach_dataset,pca_rgb_reconstruction,g74py8a9,test,normal,0,0.0002613048709463328
broach_dataset,pca_rgb_reconstruction,g7v3hkmy,test,normal,0,0.0002508110774215311
broach_dataset,pca_rgb_reconstruction,g83wmcfo,test,normal,0,0.0002754218294285238
broach_dataset,pca_rgb_reconstruction,g9qcm28q,test,normal,0,0.00028340736753307283
broach_dataset,pca_rgb_reconstruction,gbk2xwgh,test,normal,0,0.0002699423930607736
broach_dataset,pca_rgb_reconstruction,gbttnwut,test,normal,0,0.00025101759820245206
broach_dataset,pca_rgb_reconstruction,gc47wkrw,test,normal,0,0.0002512996725272387
broach_dataset,pca_rgb_reconstruction,gceryxs2,test,normal,0,0.0002551789511926472
broach_dataset,pca_rgb_reconstruction,gcsotdhh,test,normal,0,0.0002667168155312538
broach_dataset,pca_rgb_reconstruction,gd40cm0t,test,normal,0,0.0005157676641829312
broach_dataset,pca_rgb_reconstruction,ge50p72g,test,normal,0,0.0002689537650439888
broach_dataset,pca_rgb_reconstruction,geniy3fs,test,normal,0,0.0002919026301242411
broach_dataset,pca_rgb_reconstruction,gfalqkxw,test,normal,0,0.0002854914637282491
broach_dataset,pca_rgb_reconstruction,gfd1ti1u,test,normal,0,0.0002618750149849802
broach_dataset,pca_rgb_reconstruction,gfr4zk2t,test,normal,0,0.0002756348985712975
broach_dataset,pca_rgb_reconstruction,gfzd26tu,test,normal,0,0.0002670687681529671
broach_dataset,pca_rgb_reconstruction,gh8p9lve,test,normal,0,0.0002519462432246655
broach_dataset,pca_rgb_reconstruction,ghdars5s,test,normal,0,0.00025897519662976265
broach_dataset,pca_rgb_reconstruction,gjhzgmis,test,normal,0,0.0002692980342544615
broach_dataset,pca_rgb_reconstruction,gkavrc6a,test,normal,0,0.000268616626271978
broach_dataset,pca_rgb_reconstruction,gkpxbm6g,test,normal,0,0.00025237788213416934
broach_dataset,pca_rgb_reconstruction,glg08yvu,test,normal,0,0.00024313543690368533
broach_dataset,pca_rgb_reconstruction,glqkbec5,test,normal,0,0.00025684962747618556
broach_dataset,pca_rgb_reconstruction,glyi56x7,test,normal,0,0.0004834817664232105
broach_dataset,pca_rgb_reconstruction,gm7tuga8,test,normal,0,0.0002674486895557493
broach_dataset,pca_rgb_reconstruction,gm84eiet,test,normal,0,0.0002486805315129459
broach_dataset,pca_rgb_reconstruction,gmtvppfn,test,normal,0,0.0002292823337484151
broach_dataset,pca_rgb_reconstruction,gmu5712q,test,normal,0,0.0002691159024834633
broach_dataset,pca_rgb_reconstruction,gn0ajqqp,test,normal,0,0.0002593184181023389
broach_dataset,pca_rgb_reconstruction,gnrd056f,test,normal,0,0.00019707570027094334
broach_dataset,pca_rgb_reconstruction,gnzqc4ut,test,normal,0,0.00023705368221271783
broach_dataset,pca_rgb_reconstruction,gnzs43c5,test,normal,0,0.0002773204760160297
broach_dataset,pca_rgb_reconstruction,goc5r1hm,test,normal,0,0.00025996859767474234
broach_dataset,pca_rgb_reconstruction,gouraird,test,normal,0,0.0002801933733280748
broach_dataset,pca_rgb_reconstruction,gpcivi05,test,normal,0,0.0002372400340391323
broach_dataset,pca_rgb_reconstruction,gpihk243,test,normal,0,0.00017580062558408827
broach_dataset,pca_rgb_reconstruction,gq2e5e6a,test,normal,0,0.0002709859109017998
broach_dataset,pca_rgb_reconstruction,grr4c9as,test,normal,0,0.0002629011287353933
broach_dataset,pca_rgb_reconstruction,gs0mc3i0,test,normal,0,0.0002500428236089647
broach_dataset,pca_rgb_reconstruction,gsbd6t2z,test,normal,0,0.0004452642169781029
broach_dataset,pca_rgb_reconstruction,gsk10l7i,test,normal,0,0.0002798859204631299
broach_dataset,pca_rgb_reconstruction,gszspjjo,test,normal,0,0.0002636800054460764
broach_dataset,pca_rgb_reconstruction,gtgniyty,test,normal,0,0.0002568425552453846
broach_dataset,pca_rgb_reconstruction,gtjbpslg,test,normal,0,0.0002680074831005186
broach_dataset,pca_rgb_reconstruction,gublmntf,test,normal,0,0.00019424771016929299
broach_dataset,pca_rgb_reconstruction,gve4qvrf,test,normal,0,0.0002630273229442537
broach_dataset,pca_rgb_reconstruction,gvgfdw4q,test,normal,0,0.00048522293218411505
broach_dataset,pca_rgb_reconstruction,gvl5vjoj,test,normal,0,0.00027078710263594985
broach_dataset,pca_rgb_reconstruction,gvs9coi6,test,normal,0,0.0004638404934667051
broach_dataset,pca_rgb_reconstruction,gwj8rr1l,test,normal,0,0.0002751251158770174
broach_dataset,pca_rgb_reconstruction,gwl2ixaw,test,normal,0,0.0002486801240593195
broach_dataset,pca_rgb_reconstruction,gwozeo35,test,normal,0,0.00027227532700635493
broach_dataset,pca_rgb_reconstruction,gxtkbaso,test,normal,0,0.00025953323347494006
broach_dataset,pca_rgb_reconstruction,gyfu2hc3,test,normal,0,0.0002758057089522481
broach_dataset,pca_rgb_reconstruction,gzofpnx8,test,normal,0,0.0004903728258796036
broach_dataset,pca_rgb_reconstruction,h0bypekj,test,normal,0,0.0002626455097924918
broach_dataset,pca_rgb_reconstruction,h0czscpx,test,normal,0,0.0002782121591735631
broach_dataset,pca_rgb_reconstruction,h10ejqbe,test,normal,0,0.0002434910711599514
broach_dataset,pca_rgb_reconstruction,h20m1qw9,test,normal,0,0.00026969570899382234
broach_dataset,pca_rgb_reconstruction,h2bvwv6y,test,normal,0,0.00026554244686849415
broach_dataset,pca_rgb_reconstruction,h420pgi6,test,normal,0,0.00026727834483608603
broach_dataset,pca_rgb_reconstruction,h4gxa5gy,test,normal,0,0.0002620136656332761
broach_dataset,pca_rgb_reconstruction,h615kv38,test,normal,0,0.00026104756398126483
broach_dataset,pca_rgb_reconstruction,h6z1tgh5,test,normal,0,0.00028805117472074926
broach_dataset,pca_rgb_reconstruction,h761d81m,test,normal,0,0.0002943758445326239
broach_dataset,pca_rgb_reconstruction,h776yl37,test,normal,0,0.00026665584300644696
broach_dataset,pca_rgb_reconstruction,h78qa4wh,test,normal,0,0.00029079237719997764
broach_dataset,pca_rgb_reconstruction,h9dsphl2,test,normal,0,0.00028530473355203867
broach_dataset,pca_rgb_reconstruction,ha2z8c7g,test,normal,0,0.0004982281825505197
broach_dataset,pca_rgb_reconstruction,haj3yvsi,test,normal,0,0.0002652745461091399
broach_dataset,pca_rgb_reconstruction,hd5pe5cx,test,normal,0,0.0005345730460248888
broach_dataset,pca_rgb_reconstruction,hdcpy7j9,test,normal,0,0.00026923581026494503
broach_dataset,pca_rgb_reconstruction,hdiy4nrm,test,normal,0,0.0002398363285465166
broach_dataset,pca_rgb_reconstruction,hexhigd6,test,normal,0,0.0002600695297587663
broach_dataset,pca_rgb_reconstruction,hfocsjl1,test,normal,0,0.00025353574892506003
broach_dataset,pca_rgb_reconstruction,hguwam0t,test,normal,0,0.0002358993369853124
broach_dataset,pca_rgb_reconstruction,hibyursb,test,normal,0,0.0004932235460728407
broach_dataset,pca_rgb_reconstruction,hidra48k,test,normal,0,0.00024209209368564188
broach_dataset,pca_rgb_reconstruction,hjy9qrbz,test,normal,0,0.00026407954283058643
broach_dataset,pca_rgb_reconstruction,hkbxcwb3,test,normal,0,0.00027799626695923507
broach_dataset,pca_rgb_reconstruction,hl2ng9hb,test,normal,0,0.00030971699743531644
broach_dataset,pca_rgb_reconstruction,hlfhsko9,test,normal,0,0.00027303124079480767
broach_dataset,pca_rgb_reconstruction,hlhm9umu,test,normal,0,0.00028076799935661256
broach_dataset,pca_rgb_reconstruction,hlq7ar42,test,normal,0,0.00025183503748849034
broach_dataset,pca_rgb_reconstruction,hlzflfxc,test,normal,0,0.0004158602387178689
broach_dataset,pca_rgb_reconstruction,hm1vdf8j,test,normal,0,0.0003322822449263185
broach_dataset,pca_rgb_reconstruction,hmpcg6am,test,normal,0,0.0005066547892056406
broach_dataset,pca_rgb_reconstruction,hnb5vngb,test,normal,0,0.0002505541779100895
broach_dataset,pca_rgb_reconstruction,ho9cy9pe,test,normal,0,0.00023985137522686273
broach_dataset,pca_rgb_reconstruction,hqj2txj9,test,normal,0,0.0002558190608397126
broach_dataset,pca_rgb_reconstruction,hrltgm5m,test,normal,0,0.00026392436120659113
broach_dataset,pca_rgb_reconstruction,hsgzq6m0,test,normal,0,0.00024648482212796807
broach_dataset,pca_rgb_reconstruction,hslffraj,test,normal,0,0.0002625553170219064
broach_dataset,pca_rgb_reconstruction,hssmq5ht,test,normal,0,0.0002591060765553266
broach_dataset,pca_rgb_reconstruction,hsx023fv,test,normal,0,0.00028271207702346146
broach_dataset,pca_rgb_reconstruction,ht1u37eb,test,normal,0,0.0002481780538801104
broach_dataset,pca_rgb_reconstruction,ht2ibtrv,test,normal,0,0.00025080371415242553
broach_dataset,pca_rgb_reconstruction,htfzb49a,test,normal,0,0.0002703272912185639
broach_dataset,pca_rgb_reconstruction,htmkdv96,test,normal,0,0.0002624865446705371
broach_dataset,pca_rgb_reconstruction,htwd0h6i,test,normal,0,0.0002457217196933925
broach_dataset,pca_rgb_reconstruction,hurwfros,test,normal,0,0.0002694989962037653
broach_dataset,pca_rgb_reconstruction,hw7vps7b,test,normal,0,0.00025816302513703704
broach_dataset,pca_rgb_reconstruction,hwfggakt,test,normal,0,0.0005430525634437799
broach_dataset,pca_rgb_reconstruction,hwrgu621,test,normal,0,0.00040181088843382895
broach_dataset,pca_rgb_reconstruction,hx0w9ljv,test,normal,0,0.0002704985672608018
broach_dataset,pca_rgb_reconstruction,hy97cyit,test,normal,0,0.00028476445004343987
broach_dataset,pca_rgb_reconstruction,hyxp6hij,test,normal,0,0.0002603981993161142
broach_dataset,pca_rgb_reconstruction,hzx7zb14,test,normal,0,0.00026928988518193364
broach_dataset,pca_rgb_reconstruction,i05vfd87,test,normal,0,0.00027948999195359647
broach_dataset,pca_rgb_reconstruction,i0erc9a1,test,normal,0,0.0002675452269613743
broach_dataset,pca_rgb_reconstruction,i0wq89v9,test,normal,0,0.00027337056235410273
broach_dataset,pca_rgb_reconstruction,i10kqsos,test,normal,0,0.00029051819001324475
broach_dataset,pca_rgb_reconstruction,i1niskyw,test,normal,0,0.00025149714201688766
broach_dataset,pca_rgb_reconstruction,i1vrb9qe,test,normal,0,0.0002478890819475055
broach_dataset,pca_rgb_reconstruction,i3ud1ozf,test,normal,0,0.0002614610129967332
broach_dataset,pca_rgb_reconstruction,i4locxme,test,normal,0,0.0002550379140302539
broach_dataset,pca_rgb_reconstruction,i58qmn7b,test,normal,0,0.00024378929811064154
broach_dataset,pca_rgb_reconstruction,i5fxw933,test,normal,0,0.00027440907433629036
broach_dataset,pca_rgb_reconstruction,i5gse146,test,normal,0,0.0002701999619603157
broach_dataset,pca_rgb_reconstruction,i6hfyv0w,test,normal,0,0.0002471408515702933
broach_dataset,pca_rgb_reconstruction,i87hzpyg,test,normal,0,0.0002476785739418119
broach_dataset,pca_rgb_reconstruction,i8n0e4b7,test,normal,0,0.00027983059408143163
broach_dataset,pca_rgb_reconstruction,i8nbb2gf,test,normal,0,0.0002696892770472914
broach_dataset,pca_rgb_reconstruction,i91zumi7,test,normal,0,0.00024557849974371493
broach_dataset,pca_rgb_reconstruction,i997mk5h,test,normal,0,0.0004090658330824226
broach_dataset,pca_rgb_reconstruction,i9ica6g5,test,normal,0,0.00027496067923493683
broach_dataset,pca_rgb_reconstruction,ia0k8n0f,test,normal,0,0.00026571075432002544
broach_dataset,pca_rgb_reconstruction,ib4hgqn1,test,normal,0,0.00026749330572783947
broach_dataset,pca_rgb_reconstruction,ic5l3uq0,test,normal,0,0.00027081510052084923
broach_dataset,pca_rgb_reconstruction,id653r5f,test,normal,0,0.0002810832520481199
broach_dataset,pca_rgb_reconstruction,iehw5jz6,test,normal,0,0.00024867866886779666
broach_dataset,pca_rgb_reconstruction,if6l9vkl,test,normal,0,0.00029176316456869245
broach_dataset,pca_rgb_reconstruction,ifjondtw,test,normal,0,0.00025239153183065355
broach_dataset,pca_rgb_reconstruction,iflnwrov,test,normal,0,0.00025357300182804465
broach_dataset,pca_rgb_reconstruction,ig9659bg,test,normal,0,0.0004870819393545389
broach_dataset,pca_rgb_reconstruction,ightk3pz,test,normal,0,0.000258427084190771
broach_dataset,pca_rgb_reconstruction,ih5jcp2h,test,normal,0,0.0002671795373316854
broach_dataset,pca_rgb_reconstruction,iherbnn6,test,normal,0,0.00026503377011977136
broach_dataset,pca_rgb_reconstruction,ihu8jfqc,test,normal,0,0.0002416917122900486
broach_dataset,pca_rgb_reconstruction,ii8472qd,test,normal,0,0.0002710657718125731
broach_dataset,pca_rgb_reconstruction,iiv2dg74,test,normal,0,0.00047632501809857786
broach_dataset,pca_rgb_reconstruction,ij8fz7zp,test,normal,0,0.00027640938060358167
broach_dataset,pca_rgb_reconstruction,ija1jy8x,test,normal,0,0.0002812104648910463
broach_dataset,pca_rgb_reconstruction,ijarta4p,test,normal,0,0.00025076171732507646
broach_dataset,pca_rgb_reconstruction,ijfzqafq,test,normal,0,0.00024086433404590935
broach_dataset,pca_rgb_reconstruction,ikax11m5,test,normal,0,0.0002436280919937417
broach_dataset,pca_rgb_reconstruction,imc8laja,test,normal,0,0.00023115081421565264
broach_dataset,pca_rgb_reconstruction,impr5ri0,test,normal,0,0.0002597991260699928
broach_dataset,pca_rgb_reconstruction,in7srvvk,test,normal,0,0.0002515036321710795
broach_dataset,pca_rgb_reconstruction,inco8o9g,test,normal,0,0.00026744380011223257
broach_dataset,pca_rgb_reconstruction,io1q3dzv,test,normal,0,0.00025697314413264394
broach_dataset,pca_rgb_reconstruction,ioeruw3j,test,normal,0,0.0002900294493883848
broach_dataset,pca_rgb_reconstruction,ip693po0,test,normal,0,0.00027574828709475696
broach_dataset,pca_rgb_reconstruction,ipzq0qka,test,normal,0,0.00023482079268433154
broach_dataset,pca_rgb_reconstruction,iqfkn1yq,test,normal,0,0.00027966618654318154
broach_dataset,pca_rgb_reconstruction,iqp863qa,test,normal,0,0.0002476617810316384
broach_dataset,pca_rgb_reconstruction,irq4tp1n,test,normal,0,0.0002424205740680918
broach_dataset,pca_rgb_reconstruction,isbg5cmb,test,normal,0,0.00026953357155434787
broach_dataset,pca_rgb_reconstruction,isswuelw,test,normal,0,0.0002669623354449868
broach_dataset,pca_rgb_reconstruction,isvf569l,test,normal,0,0.00026229809736832976
broach_dataset,pca_rgb_reconstruction,iswzvxv3,test,normal,0,0.0002969465567730367
broach_dataset,pca_rgb_reconstruction,ite7wovp,test,normal,0,0.0002637349534779787
broach_dataset,pca_rgb_reconstruction,itqufwi2,test,normal,0,0.0002645626664161682
broach_dataset,pca_rgb_reconstruction,itrzraud,test,normal,0,0.0002782343071885407
broach_dataset,pca_rgb_reconstruction,iuf9p6lx,test,normal,0,0.0002554083475843072
broach_dataset,pca_rgb_reconstruction,iuhq86dx,test,normal,0,0.00026564704603515565
broach_dataset,pca_rgb_reconstruction,ivvd5x78,test,normal,0,0.00025443764752708375
broach_dataset,pca_rgb_reconstruction,iwqulkwb,test,normal,0,0.0002523429866414517
broach_dataset,pca_rgb_reconstruction,iwzgk8di,test,normal,0,0.00026928464649245143
broach_dataset,pca_rgb_reconstruction,ix7brrba,test,normal,0,0.00023781895288266242
broach_dataset,pca_rgb_reconstruction,ixhhkffn,test,normal,0,0.0002499734691809863
broach_dataset,pca_rgb_reconstruction,ixicppbs,test,normal,0,0.00025026596267707646
broach_dataset,pca_rgb_reconstruction,iyeldw96,test,normal,0,0.00026021135272458196
broach_dataset,pca_rgb_reconstruction,iyqewkrs,test,normal,0,0.00024314853362739086
broach_dataset,pca_rgb_reconstruction,iywe36lt,test,normal,0,0.00025508954422548413
broach_dataset,pca_rgb_reconstruction,iz3m5ial,test,normal,0,0.0002641841711010784
broach_dataset,pca_rgb_reconstruction,j0t2riom,test,normal,0,0.0002682202903088182
broach_dataset,pca_rgb_reconstruction,j1mhte4f,test,normal,0,0.00025538186309859157
broach_dataset,pca_rgb_reconstruction,j1yljzcc,test,normal,0,0.0002347436675336212
broach_dataset,pca_rgb_reconstruction,j2foei1b,test,normal,0,0.0002571862132754177
broach_dataset,pca_rgb_reconstruction,j35yrg29,test,normal,0,0.00025353863020427525
broach_dataset,pca_rgb_reconstruction,j3e50cii,test,normal,0,0.0005378881469368935
broach_dataset,pca_rgb_reconstruction,j48hwxv4,test,normal,0,0.0004243773582857102
broach_dataset,pca_rgb_reconstruction,j4btiid2,test,normal,0,0.0005163083551451564
broach_dataset,pca_rgb_reconstruction,j4pnjy1o,test,normal,0,0.0002722563804127276
broach_dataset,pca_rgb_reconstruction,j4wizwqk,test,normal,0,0.00026113472995348275
broach_dataset,pca_rgb_reconstruction,j5ze5laj,test,normal,0,0.0002516776730772108
broach_dataset,pca_rgb_reconstruction,j62jtc8y,test,normal,0,0.00035029073478654027
broach_dataset,pca_rgb_reconstruction,j6jmlbcj,test,normal,0,0.00034370474168099463
broach_dataset,pca_rgb_reconstruction,j6ubrw9b,test,normal,0,0.00024343431869056076
broach_dataset,pca_rgb_reconstruction,j725u033,test,normal,0,0.0002612919779494405
broach_dataset,pca_rgb_reconstruction,j78gf24s,test,normal,0,0.00020276979194022715
broach_dataset,pca_rgb_reconstruction,j7fl3i34,test,normal,0,0.00025128305424004793
broach_dataset,pca_rgb_reconstruction,j9asdbs6,test,normal,0,0.000497984467074275
broach_dataset,pca_rgb_reconstruction,j9m61y4i,test,normal,0,0.0002738073526415974
broach_dataset,pca_rgb_reconstruction,j9vicm3g,test,normal,0,0.00026878819335252047
broach_dataset,pca_rgb_reconstruction,ja2qi54h,test,normal,0,0.00028364526224322617
broach_dataset,pca_rgb_reconstruction,ja6pntej,test,normal,0,0.00026014010654762387
broach_dataset,pca_rgb_reconstruction,jasw35fb,test,normal,0,0.00049878767458722
broach_dataset,pca_rgb_reconstruction,jbg87g36,test,normal,0,0.0002846296411007643
broach_dataset,pca_rgb_reconstruction,jcdciuza,test,normal,0,0.0002813572355080396
broach_dataset,pca_rgb_reconstruction,jcrw9a8r,test,normal,0,0.00025144810206256807
broach_dataset,pca_rgb_reconstruction,jcs5f98s,test,normal,0,0.0002688757667783648
broach_dataset,pca_rgb_reconstruction,jdmmco5n,test,normal,0,0.00027262314688414335
broach_dataset,pca_rgb_reconstruction,jdqi8mrn,test,normal,0,0.00026867660926654935
broach_dataset,pca_rgb_reconstruction,jeda5t0u,test,normal,0,0.000246889132540673
broach_dataset,pca_rgb_reconstruction,jf3arx4i,test,normal,0,0.0002706032828427851
broach_dataset,pca_rgb_reconstruction,jf3ge6kr,test,normal,0,0.00027374798082746565
broach_dataset,pca_rgb_reconstruction,jfczwkgu,test,normal,0,0.00023140844132285565
broach_dataset,pca_rgb_reconstruction,jfy7kbgj,test,normal,0,0.0002783465024549514
broach_dataset,pca_rgb_reconstruction,jge0utx7,test,normal,0,0.0005120501155033708
broach_dataset,pca_rgb_reconstruction,jgn5nuzl,test,normal,0,0.0002539120614528656
broach_dataset,pca_rgb_reconstruction,jgzcy4ml,test,normal,0,0.00024229969130828977
broach_dataset,pca_rgb_reconstruction,jhjzq9w2,test,normal,0,0.00025535779423080385
broach_dataset,pca_rgb_reconstruction,jhrrrsuy,test,normal,0,0.0002565500035416335
broach_dataset,pca_rgb_reconstruction,jirr1v5v,test,normal,0,0.0002665197243914008
broach_dataset,pca_rgb_reconstruction,jiuoiz6a,test,normal,0,0.0002747521211858839
broach_dataset,pca_rgb_reconstruction,jixl7vsk,test,normal,0,0.00025045243091881275
broach_dataset,pca_rgb_reconstruction,jju9705j,test,normal,0,0.00047782232286408544
broach_dataset,pca_rgb_reconstruction,jkzp2jpe,test,normal,0,0.00026472771423868835
broach_dataset,pca_rgb_reconstruction,jl21dv63,test,normal,0,0.00025671444018371403
broach_dataset,pca_rgb_reconstruction,jm6gct1a,test,normal,0,0.0005506171146407723
broach_dataset,pca_rgb_reconstruction,jn6b8xy5,test,normal,0,0.0002563946763984859
broach_dataset,pca_rgb_reconstruction,jnpaxxhz,test,normal,0,0.00025519696646369994
broach_dataset,pca_rgb_reconstruction,jnzobfkr,test,normal,0,0.0002747941471170634
broach_dataset,pca_rgb_reconstruction,jokbzvyx,test,normal,0,0.0002451423788443208
broach_dataset,pca_rgb_reconstruction,jpm9qe90,test,normal,0,0.000480001705000177
broach_dataset,pca_rgb_reconstruction,js8sbwt8,test,normal,0,0.00024244228552561253
broach_dataset,pca_rgb_reconstruction,jsg49lpy,test,normal,0,0.0002545177412685007
broach_dataset,pca_rgb_reconstruction,jsn3yz28,test,normal,0,0.00026935632922686636
broach_dataset,pca_rgb_reconstruction,jtjlnjht,test,normal,0,0.00024228543043136597
broach_dataset,pca_rgb_reconstruction,jtwwwqi4,test,normal,0,0.00043365758028812706
broach_dataset,pca_rgb_reconstruction,jtz87358,test,normal,0,0.00047462285147048533
broach_dataset,pca_rgb_reconstruction,ju7dddby,test,normal,0,0.00028921387274749577
broach_dataset,pca_rgb_reconstruction,juae0ka3,test,normal,0,0.00026364659424871206
broach_dataset,pca_rgb_reconstruction,jvb965gz,test,normal,0,0.0002596857084427029
broach_dataset,pca_rgb_reconstruction,jvvh3t8x,test,normal,0,0.00025168166030198336
broach_dataset,pca_rgb_reconstruction,jvx8cemn,test,normal,0,0.00027963879983872175
broach_dataset,pca_rgb_reconstruction,jvz0g1c3,test,normal,0,0.0004584259004332125
broach_dataset,pca_rgb_reconstruction,jwf1ubv9,test,normal,0,0.0002803750685416162
broach_dataset,pca_rgb_reconstruction,jwm1wuvw,test,normal,0,0.000248591328272596
broach_dataset,pca_rgb_reconstruction,jxnjts3r,test,normal,0,0.0002709539548959583
broach_dataset,pca_rgb_reconstruction,jy0703cs,test,normal,0,0.00025330387870781124
broach_dataset,pca_rgb_reconstruction,jyjqaru1,test,normal,0,0.00028068432584404945
broach_dataset,pca_rgb_reconstruction,jynzkgqh,test,normal,0,0.00025010990793816745
broach_dataset,pca_rgb_reconstruction,k06et31y,test,normal,0,0.0002700597979128361
broach_dataset,pca_rgb_reconstruction,k0pqs2fn,test,normal,0,0.00025545014068484306
broach_dataset,pca_rgb_reconstruction,k0s3jwjp,test,normal,0,0.000277228478807956
broach_dataset,pca_rgb_reconstruction,k1qhu7pw,test,normal,0,0.00026375954621471465
broach_dataset,pca_rgb_reconstruction,k221qm79,test,normal,0,0.0002528732002247125
broach_dataset,pca_rgb_reconstruction,k26gfxam,test,normal,0,0.00024522884632460773
broach_dataset,pca_rgb_reconstruction,k26yy6rc,test,normal,0,0.00027143003535456955
broach_dataset,pca_rgb_reconstruction,k2kdxzmw,test,normal,0,0.0002523300936445594
broach_dataset,pca_rgb_reconstruction,k32rgwhg,test,normal,0,0.00026660432922653854
broach_dataset,pca_rgb_reconstruction,k35hxdoc,test,normal,0,0.00025388464564457536
broach_dataset,pca_rgb_reconstruction,k3n4jaki,test,normal,0,0.00026857000193558633
broach_dataset,pca_rgb_reconstruction,k3vvwefc,test,normal,0,0.0002569334174040705
broach_dataset,pca_rgb_reconstruction,k48m3m0x,test,normal,0,0.00025345958420075476
broach_dataset,pca_rgb_reconstruction,k5qvay81,test,normal,0,0.0002686484076548368
broach_dataset,pca_rgb_reconstruction,k5rvlnwq,test,normal,0,0.00025372608797624707
broach_dataset,pca_rgb_reconstruction,k5z3gm5c,test,normal,0,0.0002801752998493612
broach_dataset,pca_rgb_reconstruction,k70ff8ba,test,normal,0,0.00025967060355469584
broach_dataset,pca_rgb_reconstruction,k7hb87ws,test,normal,0,0.0003197290934622288
broach_dataset,pca_rgb_reconstruction,k7p0dt79,test,normal,0,0.0002515551750548184
broach_dataset,pca_rgb_reconstruction,k89l1e89,test,normal,0,0.0002487417368683964
broach_dataset,pca_rgb_reconstruction,k8ny0sb1,test,normal,0,0.0003082023758906871
broach_dataset,pca_rgb_reconstruction,k9e5s29l,test,normal,0,0.00025920281768776476
broach_dataset,pca_rgb_reconstruction,k9sz5qzu,test,normal,0,0.00027010528719983995
broach_dataset,pca_rgb_reconstruction,ka48wvmj,test,normal,0,0.00025707538588903844
broach_dataset,pca_rgb_reconstruction,kbts5hrc,test,normal,0,0.00024377013323828578
broach_dataset,pca_rgb_reconstruction,kch9r6hv,test,normal,0,0.0002732903230935335
broach_dataset,pca_rgb_reconstruction,kcy0b5xh,test,normal,0,0.0002720899065025151
broach_dataset,pca_rgb_reconstruction,kd4lp10x,test,normal,0,0.00027088588103652
broach_dataset,pca_rgb_reconstruction,kdgx0yoj,test,normal,0,0.0002810289151966572
broach_dataset,pca_rgb_reconstruction,kdxt3u6o,test,normal,0,0.00024497066624462605
broach_dataset,pca_rgb_reconstruction,ke5afoz8,test,normal,0,0.0003313893103040755
broach_dataset,pca_rgb_reconstruction,kfc2e0q8,test,normal,0,0.0002618005673866719
broach_dataset,pca_rgb_reconstruction,kfcqjuku,test,normal,0,0.00025302590802311897
broach_dataset,pca_rgb_reconstruction,kg1qe1e4,test,normal,0,0.00028127821860834956
broach_dataset,pca_rgb_reconstruction,kgdwnsk7,test,normal,0,0.0001817109005060047
broach_dataset,pca_rgb_reconstruction,kgmbaxur,test,normal,0,0.00026227708440274
broach_dataset,pca_rgb_reconstruction,kgsaiqos,test,normal,0,0.00028268186724744737
broach_dataset,pca_rgb_reconstruction,ki7h3xao,test,normal,0,0.0002552973455749452
broach_dataset,pca_rgb_reconstruction,kitc9w21,test,normal,0,0.00026253022952005267
broach_dataset,pca_rgb_reconstruction,kiydfjyi,test,normal,0,0.00025642619584687054
broach_dataset,pca_rgb_reconstruction,kizlw00n,test,normal,0,0.00027044719900004566
broach_dataset,pca_rgb_reconstruction,kj20z0e6,test,normal,0,0.00026965842698700726
broach_dataset,pca_rgb_reconstruction,kjf8fzpc,test,normal,0,0.0002761769574135542
broach_dataset,pca_rgb_reconstruction,kjxjq5nv,test,normal,0,0.0002947827451862395
broach_dataset,pca_rgb_reconstruction,kkhzlm72,test,normal,0,0.0002679202298168093
broach_dataset,pca_rgb_reconstruction,kl5cpivx,test,normal,0,0.0002579113352112472
broach_dataset,pca_rgb_reconstruction,kmmoczk4,test,normal,0,0.00045928778126835823
broach_dataset,pca_rgb_reconstruction,kmtb892s,test,normal,0,0.00024981755996122956
broach_dataset,pca_rgb_reconstruction,kmwqik3c,test,normal,0,0.0002877000952139497
broach_dataset,pca_rgb_reconstruction,knhmfh8c,test,normal,0,0.0002579718129709363
broach_dataset,pca_rgb_reconstruction,knn520up,test,normal,0,0.00023657604469917715
broach_dataset,pca_rgb_reconstruction,knxidrd0,test,normal,0,0.0002592449018266052
broach_dataset,pca_rgb_reconstruction,kpf3uz3a,test,normal,0,0.0002329603157704696
broach_dataset,pca_rgb_reconstruction,kpjg9nk4,test,normal,0,0.0002529300982132554
broach_dataset,pca_rgb_reconstruction,kpng9948,test,normal,0,0.0002699257165659219
broach_dataset,pca_rgb_reconstruction,kpntpxa8,test,normal,0,0.0003269396838732064
broach_dataset,pca_rgb_reconstruction,kps73ilo,test,normal,0,0.00026868609711527824
broach_dataset,pca_rgb_reconstruction,kpsk8niv,test,normal,0,0.0002818681241478771
broach_dataset,pca_rgb_reconstruction,kpwdmj3z,test,normal,0,0.00024837296223267913
broach_dataset,pca_rgb_reconstruction,kq0k1bdn,test,normal,0,0.0005045164143666625
broach_dataset,pca_rgb_reconstruction,kr79u2c3,test,normal,0,0.0002724213118199259
broach_dataset,pca_rgb_reconstruction,ksj7ivk0,test,normal,0,0.0003002946905326098
broach_dataset,pca_rgb_reconstruction,ku3fvzgi,test,normal,0,0.00029339268803596497
broach_dataset,pca_rgb_reconstruction,kv6jio0r,test,normal,0,0.000275494676316157
broach_dataset,pca_rgb_reconstruction,kvc4gtjs,test,normal,0,0.00024730435688979924
broach_dataset,pca_rgb_reconstruction,kvl1c5nd,test,normal,0,0.0002623038599267602
broach_dataset,pca_rgb_reconstruction,kwcb3gjw,test,normal,0,0.00027180727920494974
broach_dataset,pca_rgb_reconstruction,kwi75hwg,test,normal,0,0.00025048598763532937
broach_dataset,pca_rgb_reconstruction,kwpiay6b,test,normal,0,0.00025625131092965603
broach_dataset,pca_rgb_reconstruction,kxaqzxub,test,normal,0,0.00025578209897503257
broach_dataset,pca_rgb_reconstruction,kxglfzij,test,normal,0,0.00026432902086526155
broach_dataset,pca_rgb_reconstruction,kxuo6xg2,test,normal,0,0.00026796432211995125
broach_dataset,pca_rgb_reconstruction,ky6ewjc8,test,normal,0,0.0002701296180021018
broach_dataset,pca_rgb_reconstruction,ky6kdjlh,test,normal,0,0.00017699891759548336
broach_dataset,pca_rgb_reconstruction,ky87q19u,test,normal,0,0.00024123478215187788
broach_dataset,pca_rgb_reconstruction,kydvrzag,test,normal,0,0.0002567732008174062
broach_dataset,pca_rgb_reconstruction,kz24i11q,test,normal,0,0.00025150278815999627
broach_dataset,pca_rgb_reconstruction,kz7ckxom,test,normal,0,0.00024442304857075214
broach_dataset,pca_rgb_reconstruction,l172dp7m,test,normal,0,0.0002598869032226503
broach_dataset,pca_rgb_reconstruction,l1seruoy,test,normal,0,0.00031022788607515395
broach_dataset,pca_rgb_reconstruction,l3v2tqt0,test,normal,0,0.000281709450064227
broach_dataset,pca_rgb_reconstruction,l42v5x36,test,normal,0,0.00028517554164864123
broach_dataset,pca_rgb_reconstruction,l4lqjlax,test,normal,0,0.0002959524281322956
broach_dataset,pca_rgb_reconstruction,l6biv0z5,test,normal,0,0.0002394421026110649
broach_dataset,pca_rgb_reconstruction,l74c5zg8,test,normal,0,0.000270011427346617
broach_dataset,pca_rgb_reconstruction,l9r5qq12,test,normal,0,0.0002666440268512815
broach_dataset,pca_rgb_reconstruction,la6m04yp,test,normal,0,0.00027078823768533766
broach_dataset,pca_rgb_reconstruction,la9txgsb,test,normal,0,0.0002674620773177594
broach_dataset,pca_rgb_reconstruction,layke3zc,test,normal,0,0.00024326186394318938
broach_dataset,pca_rgb_reconstruction,lb8f15v2,test,normal,0,0.0002801660157274455
broach_dataset,pca_rgb_reconstruction,lbo9ewo7,test,normal,0,0.0005466871662065387
broach_dataset,pca_rgb_reconstruction,lbr043fo,test,normal,0,0.0002710235712584108
broach_dataset,pca_rgb_reconstruction,lcljz9kv,test,normal,0,0.00025490912958048284
broach_dataset,pca_rgb_reconstruction,ldc08fc0,test,normal,0,0.00025581754744052887
broach_dataset,pca_rgb_reconstruction,lf2n3utg,test,normal,0,0.0002540306013543159
broach_dataset,pca_rgb_reconstruction,lf8qvjqs,test,normal,0,0.0003025890327990055
broach_dataset,pca_rgb_reconstruction,lfix91zs,test,normal,0,0.00029040235676802695
broach_dataset,pca_rgb_reconstruction,lfu0q2i7,test,normal,0,0.00026869255816563964
broach_dataset,pca_rgb_reconstruction,lfubbcro,test,normal,0,0.0004899917403236032
broach_dataset,pca_rgb_reconstruction,lgz215bt,test,normal,0,0.00028042629128322005
broach_dataset,pca_rgb_reconstruction,lhzz81xp,test,normal,0,0.00039216765435412526
broach_dataset,pca_rgb_reconstruction,liuds6u9,test,normal,0,0.00025147368432953954
broach_dataset,pca_rgb_reconstruction,liydcx1r,test,normal,0,0.0004694582603406161
broach_dataset,pca_rgb_reconstruction,ll1m9e34,test,normal,0,0.0002788637939374894
broach_dataset,pca_rgb_reconstruction,ll869b8h,test,normal,0,0.00026263968902640045
broach_dataset,pca_rgb_reconstruction,lm349el8,test,normal,0,0.00027144563500769436
broach_dataset,pca_rgb_reconstruction,lmcpmvij,test,normal,0,0.00027009868063032627
broach_dataset,pca_rgb_reconstruction,ln1xos46,test,normal,0,0.0004981232341378927
broach_dataset,pca_rgb_reconstruction,lnbohuxs,test,normal,0,0.0002470247563906014
broach_dataset,pca_rgb_reconstruction,lp7dgt60,test,normal,0,0.00025439803721383214
broach_dataset,pca_rgb_reconstruction,lpgwdq8n,test,normal,0,0.0002610454976093024
broach_dataset,pca_rgb_reconstruction,lq5mp96k,test,normal,0,0.0004903970984742045
broach_dataset,pca_rgb_reconstruction,lqk7uuna,test,normal,0,0.0002699612232390791
broach_dataset,pca_rgb_reconstruction,lr13mwp1,test,normal,0,0.0003434875688981265
broach_dataset,pca_rgb_reconstruction,lrnqn5qj,test,normal,0,0.000260294385952875
broach_dataset,pca_rgb_reconstruction,lrugy3rw,test,normal,0,0.00028455231222324073
broach_dataset,pca_rgb_reconstruction,ls7uwded,test,normal,0,0.00026714836712926626
broach_dataset,pca_rgb_reconstruction,lt19yagg,test,normal,0,0.0002647086512297392
broach_dataset,pca_rgb_reconstruction,lt5m34vg,test,normal,0,0.00024256763572338969
broach_dataset,pca_rgb_reconstruction,ltbzefvm,test,normal,0,0.0002712658024393022
broach_dataset,pca_rgb_reconstruction,lupql3dh,test,normal,0,0.00026992184575647116
broach_dataset,pca_rgb_reconstruction,lwjh4ay4,test,normal,0,0.00025146579719148576
broach_dataset,pca_rgb_reconstruction,ly5w3rq6,test,normal,0,0.0002793518651742488
broach_dataset,pca_rgb_reconstruction,lyg6d93w,test,normal,0,0.00025372201343998313
broach_dataset,pca_rgb_reconstruction,m0kxanz9,test,normal,0,0.0002885677677113563
broach_dataset,pca_rgb_reconstruction,m0unjmaq,test,normal,0,0.0002428309089737013
broach_dataset,pca_rgb_reconstruction,m12rr05t,test,normal,0,0.00025395749253220856
broach_dataset,pca_rgb_reconstruction,m1883f7a,test,normal,0,0.0003232874732930213
broach_dataset,pca_rgb_reconstruction,m1jlr5gr,test,normal,0,0.00025763249141164124
broach_dataset,pca_rgb_reconstruction,m23ht47e,test,normal,0,0.0004337437858339399
broach_dataset,pca_rgb_reconstruction,m3chw9tr,test,normal,0,0.0002620247832965106
broach_dataset,pca_rgb_reconstruction,m3mulob7,test,normal,0,0.00025417350116185844
broach_dataset,pca_rgb_reconstruction,m3p205yp,test,normal,0,0.00025675573851913214
broach_dataset,pca_rgb_reconstruction,m3pp00cd,test,normal,0,0.0002640662423800677
broach_dataset,pca_rgb_reconstruction,m4w7acsd,test,normal,0,0.0002725173835642636
broach_dataset,pca_rgb_reconstruction,m54tybqg,test,normal,0,0.0002731751010287553
broach_dataset,pca_rgb_reconstruction,m5amw6im,test,normal,0,0.0002805821131914854
broach_dataset,pca_rgb_reconstruction,m5ns302c,test,normal,0,0.0002986110921483487
broach_dataset,pca_rgb_reconstruction,m6055e27,test,normal,0,0.00026327266823500395
broach_dataset,pca_rgb_reconstruction,m62hdxc6,test,normal,0,0.0002283810026710853
broach_dataset,pca_rgb_reconstruction,m67rlh4q,test,normal,0,0.00026238482678309083
broach_dataset,pca_rgb_reconstruction,m6gttfpt,test,normal,0,0.0004572668403852731
broach_dataset,pca_rgb_reconstruction,m6rzq0h1,test,normal,0,0.00027648929972201586
broach_dataset,pca_rgb_reconstruction,m77od32y,test,normal,0,0.0002631594252306968
broach_dataset,pca_rgb_reconstruction,m9q11zod,test,normal,0,0.0002645261993166059
broach_dataset,pca_rgb_reconstruction,m9s7gxn9,test,normal,0,0.00029363861540332437
broach_dataset,pca_rgb_reconstruction,ma45w01g,test,normal,0,0.0002546172763686627
broach_dataset,pca_rgb_reconstruction,marfvb7z,test,normal,0,0.00025737605756148696
broach_dataset,pca_rgb_reconstruction,maulremo,test,normal,0,0.000265010487055406
broach_dataset,pca_rgb_reconstruction,mb3ikez7,test,normal,0,0.0002624167827889323
broach_dataset,pca_rgb_reconstruction,mbgcn9l5,test,normal,0,0.0002527629549149424
broach_dataset,pca_rgb_reconstruction,mc4ix6ap,test,normal,0,0.0002806976845022291
broach_dataset,pca_rgb_reconstruction,mdfxngf6,test,normal,0,0.00025549964630044997
broach_dataset,pca_rgb_reconstruction,mdja5tn6,test,normal,0,0.00026881543453782797
broach_dataset,pca_rgb_reconstruction,mdv2wkpq,test,normal,0,0.0002868927549570799
broach_dataset,pca_rgb_reconstruction,me8v6u9u,test,normal,0,0.00027501577278599143
broach_dataset,pca_rgb_reconstruction,meozf6ml,test,normal,0,0.0002573142119217664
broach_dataset,pca_rgb_reconstruction,mf2s37rc,test,normal,0,0.0002622022293508053
broach_dataset,pca_rgb_reconstruction,mhgg22i9,test,normal,0,0.0002739044721238315
broach_dataset,pca_rgb_reconstruction,mi0ui02k,test,normal,0,0.0002529300982132554
broach_dataset,pca_rgb_reconstruction,mi6eib8v,test,normal,0,0.000252779689617455
broach_dataset,pca_rgb_reconstruction,miob93my,test,normal,0,0.0002969655906781554
broach_dataset,pca_rgb_reconstruction,mjjwl83q,test,normal,0,0.0002524552110116929
broach_dataset,pca_rgb_reconstruction,mjpp0l0p,test,normal,0,0.00024366968136746436
broach_dataset,pca_rgb_reconstruction,mk0pled0,test,normal,0,0.0002661719045136124
broach_dataset,pca_rgb_reconstruction,mkqv8uds,test,normal,0,0.00023730460088700056
broach_dataset,pca_rgb_reconstruction,mkui8ayk,test,normal,0,0.00025840906891971827
broach_dataset,pca_rgb_reconstruction,ml8804fi,test,normal,0,0.0002480782277416438
broach_dataset,pca_rgb_reconstruction,mlpy9bcu,test,normal,0,0.00034183115349151194
broach_dataset,pca_rgb_reconstruction,mlzhpfn5,test,normal,0,0.0002550932113081217
broach_dataset,pca_rgb_reconstruction,mm5gt8tk,test,normal,0,0.0002599319559521973
broach_dataset,pca_rgb_reconstruction,mm9sect5,test,normal,0,0.000281165906926617
broach_dataset,pca_rgb_reconstruction,mn9ztdy6,test,normal,0,0.00024211684649344534
broach_dataset,pca_rgb_reconstruction,mnmv203t,test,normal,0,0.0002567616757005453
broach_dataset,pca_rgb_reconstruction,mnodv0o6,test,normal,0,0.000502445618622005
broach_dataset,pca_rgb_reconstruction,mnon1iwz,test,normal,0,0.00029263223404996097
broach_dataset,pca_rgb_reconstruction,mnqlx6dw,test,normal,0,0.0002379900251980871
broach_dataset,pca_rgb_reconstruction,moes1ai9,test,normal,0,0.00024874642258509994
broach_dataset,pca_rgb_reconstruction,moq0ewe1,test,normal,0,0.0002445136196911335
broach_dataset,pca_rgb_reconstruction,movt68tf,test,normal,0,0.0002460148825775832
broach_dataset,pca_rgb_reconstruction,moxsfh4g,test,normal,0,0.00028944143559783697
broach_dataset,pca_rgb_reconstruction,mpbe4a3y,test,normal,0,0.00026755419094115496
broach_dataset,pca_rgb_reconstruction,mpbhv2pl,test,normal,0,0.0002582413435447961
broach_dataset,pca_rgb_reconstruction,mpm3lw87,test,normal,0,0.0002536286774557084
broach_dataset,pca_rgb_reconstruction,mqubzl1d,test,normal,0,0.00026061656535603106
broach_dataset,pca_rgb_reconstruction,mqyvq8kp,test,normal,0,0.00024741122615523636
broach_dataset,pca_rgb_reconstruction,mr8wdd5w,test,normal,0,0.0002575790567789227
broach_dataset,pca_rgb_reconstruction,mrjqlz7u,test,normal,0,0.0002676592848729342
broach_dataset,pca_rgb_reconstruction,msc9bcl9,test,normal,0,0.0002989398199133575
broach_dataset,pca_rgb_reconstruction,msckakl9,test,normal,0,0.00025236367946490645
broach_dataset,pca_rgb_reconstruction,mspzpdyj,test,normal,0,0.00024812843184918165
broach_dataset,pca_rgb_reconstruction,mt5ophp9,test,normal,0,0.00027408060850575566
broach_dataset,pca_rgb_reconstruction,mthwej23,test,normal,0,0.0002659985329955816
broach_dataset,pca_rgb_reconstruction,mtz1fpr7,test,normal,0,0.0005224010674282908
broach_dataset,pca_rgb_reconstruction,muj9qhdo,test,normal,0,0.0002517250832170248
broach_dataset,pca_rgb_reconstruction,mum0a127,test,normal,0,0.0005364734097383916
broach_dataset,pca_rgb_reconstruction,muvanxah,test,normal,0,0.00027251205756329
broach_dataset,pca_rgb_reconstruction,muvhgqk8,test,normal,0,0.0002456363581586629
broach_dataset,pca_rgb_reconstruction,mvgbmeof,test,normal,0,0.00029631934012286365
broach_dataset,pca_rgb_reconstruction,mwbv6ihd,test,normal,0,0.00024761006352491677
broach_dataset,pca_rgb_reconstruction,mwz0w7n5,test,normal,0,0.0002820688532665372
broach_dataset,pca_rgb_reconstruction,mx5b1ha3,test,normal,0,0.0002569385978858918
broach_dataset,pca_rgb_reconstruction,my8evza7,test,normal,0,0.0004535919288173318
broach_dataset,pca_rgb_reconstruction,mymuserc,test,normal,0,0.00025128177367150784
broach_dataset,pca_rgb_reconstruction,myr77yh3,test,normal,0,0.00024224827939178795
broach_dataset,pca_rgb_reconstruction,mz05vq0k,test,normal,0,0.0002622696047183126
broach_dataset,pca_rgb_reconstruction,mzgh4a9z,test,normal,0,0.000310852425172925
broach_dataset,pca_rgb_reconstruction,mzknc8xl,test,normal,0,0.00027260842034593225
broach_dataset,pca_rgb_reconstruction,n0hb8xbc,test,normal,0,0.00026907032588496804
broach_dataset,pca_rgb_reconstruction,n1ffckkg,test,normal,0,0.00028160595684312284
broach_dataset,pca_rgb_reconstruction,n1m6u2ll,test,normal,0,0.00024582931655459106
broach_dataset,pca_rgb_reconstruction,n202i84k,test,normal,0,0.0002653912524692714
broach_dataset,pca_rgb_reconstruction,n24xcrwd,test,normal,0,0.0002540201530791819
broach_dataset,pca_rgb_reconstruction,n38foxy2,test,normal,0,0.00025895805447362363
broach_dataset,pca_rgb_reconstruction,n3t268o2,test,normal,0,0.00045838861842639744
broach_dataset,pca_rgb_reconstruction,n518jnri,test,normal,0,0.00027057697298005223
broach_dataset,pca_rgb_reconstruction,n5e0ev6x,test,normal,0,0.00026118871755898
broach_dataset,pca_rgb_reconstruction,n5j6slaz,test,normal,0,0.00025818884023465216
broach_dataset,pca_rgb_reconstruction,n6aarhnp,test,normal,0,0.0002816565101966262
broach_dataset,pca_rgb_reconstruction,n6ohja1m,test,normal,0,0.00025816456764005125
broach_dataset,pca_rgb_reconstruction,n74sy6jh,test,normal,0,0.0004384677449706942
broach_dataset,pca_rgb_reconstruction,n79md47c,test,normal,0,0.00026855329633690417
broach_dataset,pca_rgb_reconstruction,n7f4x1na,test,normal,0,0.00024961616145446897
broach_dataset,pca_rgb_reconstruction,n7pr39ax,test,normal,0,0.0002654299314599484
broach_dataset,pca_rgb_reconstruction,n8dk13zp,test,normal,0,0.0002578202693257481
broach_dataset,pca_rgb_reconstruction,n96ue75i,test,normal,0,0.00025711965281516314
broach_dataset,pca_rgb_reconstruction,n99nvty1,test,normal,0,0.00028027332155033946
broach_dataset,pca_rgb_reconstruction,n9f5am0k,test,normal,0,0.00024892165674827993
broach_dataset,pca_rgb_reconstruction,n9ji7ome,test,normal,0,0.00024934884277172387
broach_dataset,pca_rgb_reconstruction,n9s72pu7,test,normal,0,0.0004867848183494061
broach_dataset,pca_rgb_reconstruction,nagckjsa,test,normal,0,0.00038384817889891565
broach_dataset,pca_rgb_reconstruction,nana36u4,test,normal,0,0.0002485570730641484
broach_dataset,pca_rgb_reconstruction,narl8tfy,test,normal,0,0.00026084022829309106
broach_dataset,pca_rgb_reconstruction,nb9u8qrq,test,normal,0,0.0002752235741354525
broach_dataset,pca_rgb_reconstruction,nbecawbm,test,normal,0,0.0002723777142819017
broach_dataset,pca_rgb_reconstruction,nbil8b5l,test,normal,0,0.00025428805383853614
broach_dataset,pca_rgb_reconstruction,nciq1hxg,test,normal,0,0.0002915959048550576
broach_dataset,pca_rgb_reconstruction,ncticeaa,test,normal,0,0.00026605476159602404
broach_dataset,pca_rgb_reconstruction,nda2xasu,test,normal,0,0.000305183173622936
broach_dataset,pca_rgb_reconstruction,ne4590ok,test,normal,0,0.00024822138948366046
broach_dataset,pca_rgb_reconstruction,ne6yiwds,test,normal,0,0.00025226088473573327
broach_dataset,pca_rgb_reconstruction,neoblrqu,test,normal,0,0.0002626140194479376
broach_dataset,pca_rgb_reconstruction,nf3lpb30,test,normal,0,0.0002753963926807046
broach_dataset,pca_rgb_reconstruction,nf8j0su8,test,normal,0,0.0004597752122208476
broach_dataset,pca_rgb_reconstruction,nffykpl3,test,normal,0,0.0002689048124011606
broach_dataset,pca_rgb_reconstruction,nfie16nu,test,normal,0,0.00026337767485529184
broach_dataset,pca_rgb_reconstruction,nh1cbhf1,test,normal,0,0.00026217251433990896
broach_dataset,pca_rgb_reconstruction,nh6a144f,test,normal,0,0.0002652021939866245
broach_dataset,pca_rgb_reconstruction,nhdfaj02,test,normal,0,0.0002351186121813953
broach_dataset,pca_rgb_reconstruction,ni5qojiv,test,normal,0,0.0002667598600964993
broach_dataset,pca_rgb_reconstruction,nj53tisn,test,normal,0,0.00024847351596690714
broach_dataset,pca_rgb_reconstruction,njppxi4v,test,normal,0,0.00026907463325187564
broach_dataset,pca_rgb_reconstruction,njsleu1s,test,normal,0,0.00023854798928368837
broach_dataset,pca_rgb_reconstruction,nkx5zt5t,test,normal,0,0.00024496318656019866
broach_dataset,pca_rgb_reconstruction,nkzi0vme,test,normal,0,0.00025471302797086537
broach_dataset,pca_rgb_reconstruction,nmaa9g5i,test,normal,0,0.00026269577210769057
broach_dataset,pca_rgb_reconstruction,nmce4pev,test,normal,0,0.00024218558974098414
broach_dataset,pca_rgb_reconstruction,nmj3yh2a,test,normal,0,0.0002706212399061769
broach_dataset,pca_rgb_reconstruction,nmo0bzxc,test,normal,0,0.0002683255006559193
broach_dataset,pca_rgb_reconstruction,nohg3vtl,test,normal,0,0.0002590162039268762
broach_dataset,pca_rgb_reconstruction,notfpfio,test,normal,0,0.00025751019711606205
broach_dataset,pca_rgb_reconstruction,npwabxi2,test,normal,0,0.00026226742193102837
broach_dataset,pca_rgb_reconstruction,nq5hbogb,test,normal,0,0.00026988392346538603
broach_dataset,pca_rgb_reconstruction,nqege5ek,test,normal,0,0.0002464099379722029
broach_dataset,pca_rgb_reconstruction,nqo988j1,test,normal,0,0.0004834781284444034
broach_dataset,pca_rgb_reconstruction,nr1lwfqh,test,normal,0,0.0002860362292267382
broach_dataset,pca_rgb_reconstruction,nrauz73b,test,normal,0,0.0002533205260988325
broach_dataset,pca_rgb_reconstruction,nritd7ku,test,normal,0,0.0002516947570256889
broach_dataset,pca_rgb_reconstruction,nsxnmnpi,test,normal,0,0.00027610347024165094
broach_dataset,pca_rgb_reconstruction,nt0q7h21,test,normal,0,0.0002633752301335335
broach_dataset,pca_rgb_reconstruction,nt2n34zn,test,normal,0,0.0002756681642495096
broach_dataset,pca_rgb_reconstruction,nt3yupdd,test,normal,0,0.00025936029851436615
broach_dataset,pca_rgb_reconstruction,nuotsqei,test,normal,0,0.00026326117222197354
broach_dataset,pca_rgb_reconstruction,nv2so6du,test,normal,0,0.0002489604230504483
broach_dataset,pca_rgb_reconstruction,nv31elcp,test,normal,0,0.00025229042512364686
broach_dataset,pca_rgb_reconstruction,nvw8sjbc,test,normal,0,0.0002612423268146813
broach_dataset,pca_rgb_reconstruction,nvy8v4pa,test,normal,0,0.00026179084670729935
broach_dataset,pca_rgb_reconstruction,nxh6diog,test,normal,0,0.0004667583853006363
broach_dataset,pca_rgb_reconstruction,nydga45o,test,normal,0,0.0002663136983755976
broach_dataset,pca_rgb_reconstruction,nymwldrv,test,normal,0,0.00033135322155430913
broach_dataset,pca_rgb_reconstruction,nyq6pg84,test,normal,0,0.00024038742412813008
broach_dataset,pca_rgb_reconstruction,nz0agr58,test,normal,0,0.00025198841467499733
broach_dataset,pca_rgb_reconstruction,nzze2tbs,test,normal,0,0.00026390686980448663
broach_dataset,pca_rgb_reconstruction,o17cknm7,test,normal,0,0.00025376753183081746
broach_dataset,pca_rgb_reconstruction,o1exwphy,test,normal,0,0.00030602506012655795
broach_dataset,pca_rgb_reconstruction,o1xonvqs,test,normal,0,0.00027925529866479337
broach_dataset,pca_rgb_reconstruction,o2n5muy0,test,normal,0,0.00026365899248048663
broach_dataset,pca_rgb_reconstruction,o2nqw4c6,test,normal,0,0.00029946453287266195
broach_dataset,pca_rgb_reconstruction,o2xx7zl4,test,normal,0,0.00025909743271768093
broach_dataset,pca_rgb_reconstruction,o31nzsxp,test,normal,0,0.00023013709869701415
broach_dataset,pca_rgb_reconstruction,o31w9n30,test,normal,0,0.00024960326845757663
broach_dataset,pca_rgb_reconstruction,o348usbn,test,normal,0,0.0002782914089038968
broach_dataset,pca_rgb_reconstruction,o4jnmyk8,test,normal,0,0.0002493313222657889
broach_dataset,pca_rgb_reconstruction,o4pyap3j,test,normal,0,0.00025756118702702224
broach_dataset,pca_rgb_reconstruction,o4sq5ihv,test,normal,0,0.00023848359705880284
broach_dataset,pca_rgb_reconstruction,o5gjef9k,test,normal,0,0.0002692746347747743
broach_dataset,pca_rgb_reconstruction,o6ihyx7k,test,normal,0,0.0002631108509376645
broach_dataset,pca_rgb_reconstruction,o6ryxjcq,test,normal,0,0.000271282740868628
broach_dataset,pca_rgb_reconstruction,o7f89ye8,test,normal,0,0.0002674073039088398
broach_dataset,pca_rgb_reconstruction,o7hzoet3,test,normal,0,0.00026568095199763775
broach_dataset,pca_rgb_reconstruction,o7nzqc6y,test,normal,0,0.00018487311899662018
broach_dataset,pca_rgb_reconstruction,o85i1vdv,test,normal,0,0.0002700911136344075
broach_dataset,pca_rgb_reconstruction,o93met8n,test,normal,0,0.0002701055200304836
broach_dataset,pca_rgb_reconstruction,o98z2mf0,test,normal,0,0.0003060134476982057
broach_dataset,pca_rgb_reconstruction,o99k9jvs,test,normal,0,0.00025547717814333737
broach_dataset,pca_rgb_reconstruction,oa7u4m05,test,normal,0,0.0002696270530577749
broach_dataset,pca_rgb_reconstruction,oa83z725,test,normal,0,0.00026676274137571454
broach_dataset,pca_rgb_reconstruction,oae527ps,test,normal,0,0.00023633397358935326
broach_dataset,pca_rgb_reconstruction,oaukj9ik,test,normal,0,0.0002443879784550518
broach_dataset,pca_rgb_reconstruction,obck3erv,test,normal,0,0.0002551684156060219
broach_dataset,pca_rgb_reconstruction,ocn8ds7k,test,normal,0,0.0002408884756732732
broach_dataset,pca_rgb_reconstruction,od13b61k,test,normal,0,0.00046104949433356524
broach_dataset,pca_rgb_reconstruction,od42cqvg,test,normal,0,0.00045679000322707
broach_dataset,pca_rgb_reconstruction,od4ewq5b,test,normal,0,0.0004678723344113678
broach_dataset,pca_rgb_reconstruction,od97qq1q,test,normal,0,0.00026143569266423583
broach_dataset,pca_rgb_reconstruction,odksvqny,test,normal,0,0.0002903047716245055
broach_dataset,pca_rgb_reconstruction,odoxf94a,test,normal,0,0.00026945353602059186
broach_dataset,pca_rgb_reconstruction,odp187i1,test,normal,0,0.0002517523826099932
broach_dataset,pca_rgb_reconstruction,oedl1yeo,test,normal,0,0.00027398410020396113
broach_dataset,pca_rgb_reconstruction,oes49j9v,test,normal,0,0.0002762768999673426
broach_dataset,pca_rgb_reconstruction,of7f8t3k,test,normal,0,0.00025749506312422454
broach_dataset,pca_rgb_reconstruction,ofw27chg,test,normal,0,0.000275690748821944
broach_dataset,pca_rgb_reconstruction,ogyb6pjn,test,normal,0,0.0002398788055870682
broach_dataset,pca_rgb_reconstruction,ohbicncu,test,normal,0,0.0002847368596121669
broach_dataset,pca_rgb_reconstruction,ohk0veyd,test,normal,0,0.0002500911650713533
broach_dataset,pca_rgb_reconstruction,ojccwx9b,test,normal,0,0.00027315912302583456
broach_dataset,pca_rgb_reconstruction,ojtxcf0k,test,normal,0,0.00026973788044415414
broach_dataset,pca_rgb_reconstruction,ok02qfyg,test,normal,0,0.0002641903702169657
broach_dataset,pca_rgb_reconstruction,ol74027p,test,normal,0,0.00024238138576038182
broach_dataset,pca_rgb_reconstruction,oldcz59s,test,normal,0,0.00024625053629279137
broach_dataset,pca_rgb_reconstruction,olx2dfkn,test,normal,0,0.0002760791394393891
broach_dataset,pca_rgb_reconstruction,onrqkstl,test,normal,0,0.0003577814786694944
broach_dataset,pca_rgb_reconstruction,onrrhrbc,test,normal,0,0.0002749468549154699
broach_dataset,pca_rgb_reconstruction,oo2qmotd,test,normal,0,0.00028331627254374325
broach_dataset,pca_rgb_reconstruction,oobagxkk,test,normal,0,0.0002627615467645228
broach_dataset,pca_rgb_reconstruction,oocqj74x,test,normal,0,0.0002623653272166848
broach_dataset,pca_rgb_reconstruction,ook1omnw,test,normal,0,0.00029179154080338776
broach_dataset,pca_rgb_reconstruction,oop767j2,test,normal,0,0.00028595366165973246
broach_dataset,pca_rgb_reconstruction,opxaxujb,test,normal,0,0.0002491690684109926
broach_dataset,pca_rgb_reconstruction,oq0dq1fl,test,normal,0,0.00048023968702182174
broach_dataset,pca_rgb_reconstruction,oqomu8ys,test,normal,0,0.0002533943916205317
broach_dataset,pca_rgb_reconstruction,or67afy7,test,normal,0,0.00046815050882287323
broach_dataset,pca_rgb_reconstruction,or6ty9co,test,normal,0,0.00027433832292445004
broach_dataset,pca_rgb_reconstruction,ou8n10q3,test,normal,0,0.00023985527514014393
broach_dataset,pca_rgb_reconstruction,ouv75d3n,test,normal,0,0.0002435627393424511
broach_dataset,pca_rgb_reconstruction,ovrt88l3,test,normal,0,0.00028833799296990037
broach_dataset,pca_rgb_reconstruction,ovxpkayb,test,normal,0,0.0005174271645955741
broach_dataset,pca_rgb_reconstruction,owe9zejr,test,normal,0,0.0002720524789765477
broach_dataset,pca_rgb_reconstruction,owt9nm3v,test,normal,0,0.0002787838748190552
broach_dataset,pca_rgb_reconstruction,ozlr9gge,test,normal,0,0.000286267080809921
broach_dataset,pca_rgb_reconstruction,ozo3ixfx,test,normal,0,0.0002674671995919198
broach_dataset,pca_rgb_reconstruction,p0hzwcyk,test,normal,0,0.00028629007283598185
broach_dataset,pca_rgb_reconstruction,p0w17col,test,normal,0,0.00030601207981817424
broach_dataset,pca_rgb_reconstruction,p0y6zsmd,test,normal,0,0.0004897296312265098
broach_dataset,pca_rgb_reconstruction,p1dhdgdl,test,normal,0,0.0003128868993371725
broach_dataset,pca_rgb_reconstruction,p1v0ib38,test,normal,0,0.0002938618417829275
broach_dataset,pca_rgb_reconstruction,p1wnsqha,test,normal,0,0.0002494450891390443
broach_dataset,pca_rgb_reconstruction,p22lecvq,test,normal,0,0.0002584107860457152
broach_dataset,pca_rgb_reconstruction,p2im7h9m,test,normal,0,0.00027668935945257545
broach_dataset,pca_rgb_reconstruction,p33sa0iw,test,normal,0,0.0002554610837250948
broach_dataset,pca_rgb_reconstruction,p3k1tsbd,test,normal,0,0.00027780793607234955
broach_dataset,pca_rgb_reconstruction,p44g96hw,test,normal,0,0.00027060622232966125
broach_dataset,pca_rgb_reconstruction,p4if7m0v,test,normal,0,0.00027797999791800976
broach_dataset,pca_rgb_reconstruction,p7uelbi7,test,normal,0,0.0005824469262734056
broach_dataset,pca_rgb_reconstruction,p82j3tps,test,normal,0,0.0002378483914071694
broach_dataset,pca_rgb_reconstruction,p8wz1oys,test,normal,0,0.0002729711413849145
broach_dataset,pca_rgb_reconstruction,p94ytncz,test,normal,0,0.00025846052449196577
broach_dataset,pca_rgb_reconstruction,pa3ljql0,test,normal,0,0.0002737646282184869
broach_dataset,pca_rgb_reconstruction,paccwkso,test,normal,0,0.0002583769673947245
broach_dataset,pca_rgb_reconstruction,pafp4arp,test,normal,0,0.0005052823107689619
broach_dataset,pca_rgb_reconstruction,pai5fxqz,test,normal,0,0.00027952485834248364
broach_dataset,pca_rgb_reconstruction,paknsjv4,test,normal,0,0.00025924842339009047
broach_dataset,pca_rgb_reconstruction,pbdqe9bd,test,normal,0,0.0002795364707708359
broach_dataset,pca_rgb_reconstruction,pbdsdhpv,test,normal,0,0.00028435667627491057
broach_dataset,pca_rgb_reconstruction,pbedea4x,test,normal,0,0.00028807533090002835
broach_dataset,pca_rgb_reconstruction,pbht3ax5,test,normal,0,0.00024548417422920465
broach_dataset,pca_rgb_reconstruction,pbn2wg6o,test,normal,0,0.0003615661698859185
broach_dataset,pca_rgb_reconstruction,pbwfo46l,test,normal,0,0.0002470937033649534
broach_dataset,pca_rgb_reconstruction,pc1cbwym,test,normal,0,0.00024992821272462606
broach_dataset,pca_rgb_reconstruction,pcfm6qxy,test,normal,0,0.00026007150881923735
broach_dataset,pca_rgb_reconstruction,pdhtiffv,test,normal,0,0.00026315037393942475
broach_dataset,pca_rgb_reconstruction,pdkfeeko,test,normal,0,0.00024542788742110133
broach_dataset,pca_rgb_reconstruction,pe7v27a8,test,normal,0,0.00027505189063958824
broach_dataset,pca_rgb_reconstruction,pet5ruva,test,normal,0,0.0002811951853800565
broach_dataset,pca_rgb_reconstruction,peu2s3og,test,normal,0,0.0002494920918252319
broach_dataset,pca_rgb_reconstruction,pfdrwb2s,test,normal,0,0.0002835261111613363
broach_dataset,pca_rgb_reconstruction,pgnifpvd,test,normal,0,0.0002517334942240268
broach_dataset,pca_rgb_reconstruction,phfnh5b7,test,normal,0,0.00025849833036772907
broach_dataset,pca_rgb_reconstruction,pjqbtk0t,test,normal,0,0.00026594664086587727
broach_dataset,pca_rgb_reconstruction,pjxcbhaa,test,normal,0,0.0002548781631048769
broach_dataset,pca_rgb_reconstruction,pjyierth,test,normal,0,0.0002467601443640888
broach_dataset,pca_rgb_reconstruction,pkc33maa,test,normal,0,0.0002764072851277888
broach_dataset,pca_rgb_reconstruction,plusqrvp,test,normal,0,0.00025388962239958346
broach_dataset,pca_rgb_reconstruction,pm60z2i6,test,normal,0,0.0002889939642045647
broach_dataset,pca_rgb_reconstruction,pmfhmgaw,test,normal,0,0.00028109332197345793
broach_dataset,pca_rgb_reconstruction,pmiay8ml,test,normal,0,0.00025641152751632035
broach_dataset,pca_rgb_reconstruction,pmu6gyro,test,normal,0,0.0002696323790587485
broach_dataset,pca_rgb_reconstruction,pmx721cm,test,normal,0,0.0002588567149359733
broach_dataset,pca_rgb_reconstruction,pnvjaz2e,test,normal,0,0.0002513864601496607
broach_dataset,pca_rgb_reconstruction,pnysynsk,test,normal,0,0.0002582831075415015
broach_dataset,pca_rgb_reconstruction,poy593ng,test,normal,0,0.00029885012190788984
broach_dataset,pca_rgb_reconstruction,pq67xwlr,test,normal,0,0.0002669577661436051
broach_dataset,pca_rgb_reconstruction,pqr9pe6c,test,normal,0,0.000285420537693426
broach_dataset,pca_rgb_reconstruction,pqxxj3of,test,normal,0,0.000256113096838817
broach_dataset,pca_rgb_reconstruction,pr4tw5s6,test,normal,0,0.00025118127814494073
broach_dataset,pca_rgb_reconstruction,prtt3nup,test,normal,0,0.000256807281402871
broach_dataset,pca_rgb_reconstruction,prwy8zoi,test,normal,0,0.00024777077487669885
broach_dataset,pca_rgb_reconstruction,psaldnj7,test,normal,0,0.0002645828644745052
broach_dataset,pca_rgb_reconstruction,ptu372vj,test,normal,0,0.00025628789444454014
broach_dataset,pca_rgb_reconstruction,pu8pcu24,test,normal,0,0.0002468158781994134
broach_dataset,pca_rgb_reconstruction,puq8mckn,test,normal,0,0.0002757635375019163
broach_dataset,pca_rgb_reconstruction,puwh1oqv,test,normal,0,0.000273298064712435
broach_dataset,pca_rgb_reconstruction,puyw6mxr,test,normal,0,0.0002630818635225296
broach_dataset,pca_rgb_reconstruction,pw8zw7nh,test,normal,0,0.00018865331367123872
broach_dataset,pca_rgb_reconstruction,pwjto7f2,test,normal,0,0.00025971909053623676
broach_dataset,pca_rgb_reconstruction,pxc82slz,test,normal,0,0.00026650779182091355
broach_dataset,pca_rgb_reconstruction,pxkq9dt1,test,normal,0,0.00027941999724134803
broach_dataset,pca_rgb_reconstruction,py221le1,test,normal,0,0.0002757698530331254
broach_dataset,pca_rgb_reconstruction,pyg638yi,test,normal,0,0.00026002107188105583
broach_dataset,pca_rgb_reconstruction,pyk5sk39,test,normal,0,0.0005084127769805491
broach_dataset,pca_rgb_reconstruction,pyts91af,test,normal,0,0.00025579993962310255
broach_dataset,pca_rgb_reconstruction,pyynq66q,test,normal,0,0.00026183619047515094
broach_dataset,pca_rgb_reconstruction,pz1ia2ga,test,normal,0,0.0003773840144276619
broach_dataset,pca_rgb_reconstruction,pzd8n0ob,test,normal,0,0.0002481627161614597
broach_dataset,pca_rgb_reconstruction,pzrv0j35,test,normal,0,0.0002588509814813733
broach_dataset,pca_rgb_reconstruction,q0qcilc6,test,normal,0,0.00025317774270661175
broach_dataset,pca_rgb_reconstruction,q10o9qqw,test,normal,0,0.0002573984384071082
broach_dataset,pca_rgb_reconstruction,q25ywtk8,test,normal,0,0.00027845281874760985
broach_dataset,pca_rgb_reconstruction,q2mlwuwn,test,normal,0,0.0002577822015155107
broach_dataset,pca_rgb_reconstruction,q3yxspg5,test,normal,0,0.00027390674222260714
broach_dataset,pca_rgb_reconstruction,q4tndnqb,test,normal,0,0.0002674502320587635
broach_dataset,pca_rgb_reconstruction,q5hhoi4k,test,normal,0,0.0002482299751136452
broach_dataset,pca_rgb_reconstruction,q73dlpgb,test,normal,0,0.0002584259200375527
broach_dataset,pca_rgb_reconstruction,q8h9spck,test,normal,0,0.00027071041404269636
broach_dataset,pca_rgb_reconstruction,q8ta8rqd,test,normal,0,0.00028511331765912473
broach_dataset,pca_rgb_reconstruction,q9al3uct,test,normal,0,0.00027245463570579886
broach_dataset,pca_rgb_reconstruction,q9wfb76a,test,normal,0,0.00026068510487675667
broach_dataset,pca_rgb_reconstruction,qa1rpm8u,test,normal,0,0.00027077950653620064
broach_dataset,pca_rgb_reconstruction,qa2zqrpv,test,normal,0,0.0002670239773578942
broach_dataset,pca_rgb_reconstruction,qa9lbpre,test,normal,0,0.00024481056607328355
broach_dataset,pca_rgb_reconstruction,qb09uw8p,test,normal,0,0.00024184805806726217
broach_dataset,pca_rgb_reconstruction,qb5tnn41,test,normal,0,0.00030553858960047364
broach_dataset,pca_rgb_reconstruction,qbh0ryh5,test,normal,0,0.0002498315297998488
broach_dataset,pca_rgb_reconstruction,qbkk2bil,test,normal,0,0.000251805322477594
broach_dataset,pca_rgb_reconstruction,qbvtdg3c,test,normal,0,0.00023142670397646725
broach_dataset,pca_rgb_reconstruction,qc0e99zw,test,normal,0,0.00027684058295562863
broach_dataset,pca_rgb_reconstruction,qc5yald7,test,normal,0,0.00032958941301330924
broach_dataset,pca_rgb_reconstruction,qc63yqiy,test,normal,0,0.00028387174825184047
broach_dataset,pca_rgb_reconstruction,qcd1d364,test,normal,0,0.0002482426934875548
broach_dataset,pca_rgb_reconstruction,qcz0n04o,test,normal,0,0.00026726670330390334
broach_dataset,pca_rgb_reconstruction,qdfq6ch3,test,normal,0,0.00025627942522987723
broach_dataset,pca_rgb_reconstruction,qeaeq2if,test,normal,0,0.00026883333339355886
broach_dataset,pca_rgb_reconstruction,qeqtkolh,test,normal,0,0.0002630273229442537
broach_dataset,pca_rgb_reconstruction,qfcpk7pw,test,normal,0,0.00024762481916695833
broach_dataset,pca_rgb_reconstruction,qgexp8wy,test,normal,0,0.0002761114446911961
broach_dataset,pca_rgb_reconstruction,qgh9vfja,test,normal,0,0.0002518334367778152
broach_dataset,pca_rgb_reconstruction,qgo8ryww,test,normal,0,0.0002449690655339509
broach_dataset,pca_rgb_reconstruction,qin5ibw0,test,normal,0,0.00046549958642572165
broach_dataset,pca_rgb_reconstruction,qixuce5y,test,normal,0,0.00024713712627999485
broach_dataset,pca_rgb_reconstruction,qj41k7lo,test,normal,0,0.00023856022744439542
broach_dataset,pca_rgb_reconstruction,qj6276yo,test,normal,0,0.0002471100306138396
broach_dataset,pca_rgb_reconstruction,qjw4idne,test,normal,0,0.0004989851149730384
broach_dataset,pca_rgb_reconstruction,qjwearob,test,normal,0,0.00024257799668703228
broach_dataset,pca_rgb_reconstruction,qkv0n4h2,test,normal,0,0.0002490639453753829
broach_dataset,pca_rgb_reconstruction,ql0sckcw,test,normal,0,0.0002345627872273326
broach_dataset,pca_rgb_reconstruction,qlhpj345,test,normal,0,0.000267667492153123
broach_dataset,pca_rgb_reconstruction,qma6dt26,test,normal,0,0.000267210096353665
broach_dataset,pca_rgb_reconstruction,qmr2zh5t,test,normal,0,0.0002663624763954431
broach_dataset,pca_rgb_reconstruction,qmsieuxj,test,normal,0,0.0004881056083831936
broach_dataset,pca_rgb_reconstruction,qng8dzaf,test,normal,0,0.0002735353191383183
broach_dataset,pca_rgb_reconstruction,qo44hdlo,test,normal,0,0.00026999282999895513
broach_dataset,pca_rgb_reconstruction,qohhft48,test,normal,0,0.00026196386897936463
broach_dataset,pca_rgb_reconstruction,qorgnlho,test,normal,0,0.00025111556169576943
broach_dataset,pca_rgb_reconstruction,qp01rr7u,test,normal,0,0.00028538473998196423
broach_dataset,pca_rgb_reconstruction,qqqt0ygs,test,normal,0,0.00024922136799432337
broach_dataset,pca_rgb_reconstruction,qqxt7jo0,test,normal,0,0.000278626277577132
broach_dataset,pca_rgb_reconstruction,qr3ev1rd,test,normal,0,0.00025088805705308914
broach_dataset,pca_rgb_reconstruction,qrbjaone,test,normal,0,0.00027081917505711317
broach_dataset,pca_rgb_reconstruction,qsl7m33d,test,normal,0,0.00031882073380984366
broach_dataset,pca_rgb_reconstruction,qsn5qc35,test,normal,0,0.00027215134468860924
broach_dataset,pca_rgb_reconstruction,qsnzjwl8,test,normal,0,0.0002816934138536453
broach_dataset,pca_rgb_reconstruction,qu7dknnc,test,normal,0,0.0002770397113636136
broach_dataset,pca_rgb_reconstruction,qw64b9kk,test,normal,0,0.0005116384709253907
broach_dataset,pca_rgb_reconstruction,qwt1c7dr,test,normal,0,0.0005120697314850986
broach_dataset,pca_rgb_reconstruction,qy2945sb,test,normal,0,0.0002614238183014095
broach_dataset,pca_rgb_reconstruction,qy4i3ikj,test,normal,0,0.000275269994745031
broach_dataset,pca_rgb_reconstruction,qylbos46,test,normal,0,0.00024540277081541717
broach_dataset,pca_rgb_reconstruction,qyu0t9wl,test,normal,0,0.00024961165036074817
broach_dataset,pca_rgb_reconstruction,qyvfgeq9,test,normal,0,0.00027050587232224643
broach_dataset,pca_rgb_reconstruction,qz2dtjru,test,normal,0,0.0002471206826157868
broach_dataset,pca_rgb_reconstruction,qz3075d0,test,normal,0,0.00026947163860313594
broach_dataset,pca_rgb_reconstruction,qzn7xbvz,test,normal,0,0.00024325173581019044
broach_dataset,pca_rgb_reconstruction,r1133d91,test,normal,0,0.0002579150313977152
broach_dataset,pca_rgb_reconstruction,r1e0e8gm,test,normal,0,0.00029756882577203214
broach_dataset,pca_rgb_reconstruction,r29fmsh9,test,normal,0,0.0002613078977447003
broach_dataset,pca_rgb_reconstruction,r2nxyztb,test,normal,0,0.0002682570193428546
broach_dataset,pca_rgb_reconstruction,r2pryvf3,test,normal,0,0.00023795111337676644
broach_dataset,pca_rgb_reconstruction,r2tlsbmf,test,normal,0,0.0002540677669458091
broach_dataset,pca_rgb_reconstruction,r39iixha,test,normal,0,0.0002342638181289658
broach_dataset,pca_rgb_reconstruction,r3bxho8s,test,normal,0,0.00043669884325936437
broach_dataset,pca_rgb_reconstruction,r4295loo,test,normal,0,0.0002592270611785352
broach_dataset,pca_rgb_reconstruction,r50p5m56,test,normal,0,0.0002698242024052888
broach_dataset,pca_rgb_reconstruction,r5ert8ze,test,normal,0,0.0002622409083414823
broach_dataset,pca_rgb_reconstruction,r5llxipl,test,normal,0,0.00048527884064242244
broach_dataset,pca_rgb_reconstruction,r6kfkldf,test,normal,0,0.00023410344147123396
broach_dataset,pca_rgb_reconstruction,r8g3mrfv,test,normal,0,0.0002621118619572371
broach_dataset,pca_rgb_reconstruction,r96rs6ky,test,normal,0,0.00025424599880352616
broach_dataset,pca_rgb_reconstruction,r9d02u7j,test,normal,0,0.0002624545304570347
broach_dataset,pca_rgb_reconstruction,r9okat9h,test,normal,0,0.0002693384885787964
broach_dataset,pca_rgb_reconstruction,r9xszzvv,test,normal,0,0.0004848258104175329
broach_dataset,pca_rgb_reconstruction,raebp5l1,test,normal,0,0.0002610135416034609
broach_dataset,pca_rgb_reconstruction,rag0kxxk,test,normal,0,0.00024183353525586426
broach_dataset,pca_rgb_reconstruction,rajib931,test,normal,0,0.0002491835621185601
broach_dataset,pca_rgb_reconstruction,ranlost2,test,normal,0,0.00027360819512978196
broach_dataset,pca_rgb_reconstruction,rb2d5lo9,test,normal,0,0.0002701092162169516
broach_dataset,pca_rgb_reconstruction,rb6lx89j,test,normal,0,0.0004469379782676697
broach_dataset,pca_rgb_reconstruction,rbex57xk,test,normal,0,0.00044914658064953983
broach_dataset,pca_rgb_reconstruction,rbv6i2x4,test,normal,0,0.00030092307133600116
broach_dataset,pca_rgb_reconstruction,rcgft3z0,test,normal,0,0.0004272988298907876
broach_dataset,pca_rgb_reconstruction,rcp2mx62,test,normal,0,0.00025629031006246805
broach_dataset,pca_rgb_reconstruction,rd4mwpmi,test,normal,0,0.00027331753517501056
broach_dataset,pca_rgb_reconstruction,rdlykfx8,test,normal,0,0.0002589947544038296
broach_dataset,pca_rgb_reconstruction,reizipnm,test,normal,0,0.00047552655450999737
broach_dataset,pca_rgb_reconstruction,rf2o529m,test,normal,0,0.00023740972392261028
broach_dataset,pca_rgb_reconstruction,rffuefzk,test,normal,0,0.00040582893416285515
broach_dataset,pca_rgb_reconstruction,rfgxj607,test,normal,0,0.0002671505499165505
broach_dataset,pca_rgb_reconstruction,rfjl9vt3,test,normal,0,0.00025244549033232033
broach_dataset,pca_rgb_reconstruction,rgsx8c41,test,normal,0,0.00026180243003182113
broach_dataset,pca_rgb_reconstruction,rhc0cm9t,test,normal,0,0.0002473141939844936
broach_dataset,pca_rgb_reconstruction,rj4bx952,test,normal,0,0.0002649875241331756
broach_dataset,pca_rgb_reconstruction,rjpdjbpq,test,normal,0,0.0002715213631745428
broach_dataset,pca_rgb_reconstruction,rl321iel,test,normal,0,0.00026964882272295654
broach_dataset,pca_rgb_reconstruction,rl5qr4ff,test,normal,0,0.000268804986262694
broach_dataset,pca_rgb_reconstruction,rlb65sx0,test,normal,0,0.00024660391500219703
broach_dataset,pca_rgb_reconstruction,rll5tdxs,test,normal,0,0.00028421927709132433
broach_dataset,pca_rgb_reconstruction,rnh2ph1d,test,normal,0,0.0002564873720984906
broach_dataset,pca_rgb_reconstruction,rntv1lsq,test,normal,0,0.00024907401530072093
broach_dataset,pca_rgb_reconstruction,rontdi9o,test,normal,0,0.0002468555758241564
broach_dataset,pca_rgb_reconstruction,rp8qciwv,test,normal,0,0.0002443162666168064
broach_dataset,pca_rgb_reconstruction,rpnuzfhq,test,normal,0,0.00027372202021069825
broach_dataset,pca_rgb_reconstruction,rpoklf43,test,normal,0,0.0002422671823296696
broach_dataset,pca_rgb_reconstruction,rreyiya2,test,normal,0,0.00026306649670004845
broach_dataset,pca_rgb_reconstruction,rrw0ad9a,test,normal,0,0.00019883207278326154
broach_dataset,pca_rgb_reconstruction,rs4qbt4o,test,normal,0,0.00025776991969905794
broach_dataset,pca_rgb_reconstruction,rthfhlac,test,normal,0,0.0002608576905913651
broach_dataset,pca_rgb_reconstruction,rthnzvfd,test,normal,0,0.0002603588218335062
broach_dataset,pca_rgb_reconstruction,rtjq39p3,test,normal,0,0.00025430662208236754
broach_dataset,pca_rgb_reconstruction,rtmlxejx,test,normal,0,0.00025295515661127865
broach_dataset,pca_rgb_reconstruction,rtoulrvm,test,normal,0,0.00027711212169378996
broach_dataset,pca_rgb_reconstruction,rtpmo841,test,normal,0,0.00025156783522106707
broach_dataset,pca_rgb_reconstruction,rucheip6,test,normal,0,0.0002632777614053339
broach_dataset,pca_rgb_reconstruction,ruy6avbe,test,normal,0,0.00029641325818374753
broach_dataset,pca_rgb_reconstruction,rv8tj0nk,test,normal,0,0.00024774568737484515
broach_dataset,pca_rgb_reconstruction,rvu9b8rv,test,normal,0,0.00026336050359532237
broach_dataset,pca_rgb_reconstruction,rw4vnzvz,test,normal,0,0.00024689052952453494
broach_dataset,pca_rgb_reconstruction,rwckk0bz,test,normal,0,0.00025090493727475405
broach_dataset,pca_rgb_reconstruction,rwyzdk5n,test,normal,0,0.00026402706862427294
broach_dataset,pca_rgb_reconstruction,rx0gwhao,test,normal,0,0.0002461284748278558
broach_dataset,pca_rgb_reconstruction,rxeyuvv4,test,normal,0,0.00027129449881613255
broach_dataset,pca_rgb_reconstruction,rxtvdoeu,test,normal,0,0.00024429152836091816
broach_dataset,pca_rgb_reconstruction,rxw0jy7j,test,normal,0,0.00026768026873469353
broach_dataset,pca_rgb_reconstruction,ry3vvvf7,test,normal,0,0.00029192716465331614
broach_dataset,pca_rgb_reconstruction,ry67i24m,test,normal,0,0.00026876473566517234
broach_dataset,pca_rgb_reconstruction,rz3rmme7,test,normal,0,0.00033900662674568594
broach_dataset,pca_rgb_reconstruction,rz4ktfre,test,normal,0,0.000273946177912876
broach_dataset,pca_rgb_reconstruction,rzzrwhxt,test,normal,0,0.0002504638396203518
broach_dataset,pca_rgb_reconstruction,s13vjuxe,test,normal,0,0.0002568525669630617
broach_dataset,pca_rgb_reconstruction,s1k9ye9o,test,normal,0,0.00027019440312869847
broach_dataset,pca_rgb_reconstruction,s2x0ha8w,test,normal,0,0.00024776224745437503
broach_dataset,pca_rgb_reconstruction,s34daczm,test,normal,0,0.00026776257436722517
broach_dataset,pca_rgb_reconstruction,s405whii,test,normal,0,0.00025582857779227197
broach_dataset,pca_rgb_reconstruction,s40ocmc9,test,normal,0,0.00025735702365636826
broach_dataset,pca_rgb_reconstruction,s4tbuz9r,test,normal,0,0.0002532674989197403
broach_dataset,pca_rgb_reconstruction,s5g65q8l,test,normal,0,0.00024614782887510955
broach_dataset,pca_rgb_reconstruction,s5tapwi7,test,normal,0,0.00026815550518222153
broach_dataset,pca_rgb_reconstruction,s62c1jlo,test,normal,0,0.000261931010754779
broach_dataset,pca_rgb_reconstruction,s6r6bilq,test,normal,0,0.0002350465947529301
broach_dataset,pca_rgb_reconstruction,s7dc6jae,test,normal,0,0.00023955652432050556
broach_dataset,pca_rgb_reconstruction,s7i5lgo9,test,normal,0,0.00022218776575755328
broach_dataset,pca_rgb_reconstruction,s7jhfkab,test,normal,0,0.0005472069606184959
broach_dataset,pca_rgb_reconstruction,s87z8o5x,test,normal,0,0.0002548315387684852
broach_dataset,pca_rgb_reconstruction,s917e95u,test,normal,0,0.0002674388815648854
broach_dataset,pca_rgb_reconstruction,s9iobmsy,test,normal,0,0.0002462855773046613
broach_dataset,pca_rgb_reconstruction,sazwvmpg,test,normal,0,0.00027169802342541516
broach_dataset,pca_rgb_reconstruction,scebpuwf,test,normal,0,0.0002849071170203388
broach_dataset,pca_rgb_reconstruction,scpf5kji,test,normal,0,0.00027348974253982306
broach_dataset,pca_rgb_reconstruction,sd75oj4m,test,normal,0,0.0004319625732023269
broach_dataset,pca_rgb_reconstruction,sdbia619,test,normal,0,0.0002526243042666465
broach_dataset,pca_rgb_reconstruction,sddc05k1,test,normal,0,0.000449310609837994
broach_dataset,pca_rgb_reconstruction,sdn7w6sa,test,normal,0,0.00026386656099930406
broach_dataset,pca_rgb_reconstruction,sdqxm4cd,test,normal,0,0.000247738731559366
broach_dataset,pca_rgb_reconstruction,sdtfyt80,test,normal,0,0.00023355429584626108
broach_dataset,pca_rgb_reconstruction,seastuxy,test,normal,0,0.0005423002294264734
broach_dataset,pca_rgb_reconstruction,sfxustbr,test,normal,0,0.0002732804277911782
broach_dataset,pca_rgb_reconstruction,sgdv2kfz,test,normal,0,0.00025556082255207
broach_dataset,pca_rgb_reconstruction,sglcm9s4,test,normal,0,0.0002514534571673721
broach_dataset,pca_rgb_reconstruction,sgq78ow3,test,normal,0,0.0002669246750883758
broach_dataset,pca_rgb_reconstruction,sh9gjk3f,test,normal,0,0.0002721367636695504
broach_dataset,pca_rgb_reconstruction,shd6m2hn,test,normal,0,0.0002634673146530986
broach_dataset,pca_rgb_reconstruction,shut9y6u,test,normal,0,0.0005377017077989876
broach_dataset,pca_rgb_reconstruction,si6igo6z,test,normal,0,0.0002615571429487318
broach_dataset,pca_rgb_reconstruction,sigbiaf9,test,normal,0,0.0002960176789201796
broach_dataset,pca_rgb_reconstruction,silqclu2,test,normal,0,0.0005023943376727402
broach_dataset,pca_rgb_reconstruction,sj27rbi4,test,normal,0,0.0004720952420029789
broach_dataset,pca_rgb_reconstruction,sj75vw2o,test,normal,0,0.00025525601813569665
broach_dataset,pca_rgb_reconstruction,sjgwok7x,test,normal,0,0.000529850774910301
broach_dataset,pca_rgb_reconstruction,sjw7tbdd,test,normal,0,0.00024283934908453375
broach_dataset,pca_rgb_reconstruction,skv1vq6h,test,normal,0,0.0002845858980435878
broach_dataset,pca_rgb_reconstruction,skx31ly4,test,normal,0,0.0002670332614798099
broach_dataset,pca_rgb_reconstruction,skyhl5x9,test,normal,0,0.0002490653423592448
broach_dataset,pca_rgb_reconstruction,sley1lo8,test,normal,0,0.00024552634567953646
broach_dataset,pca_rgb_reconstruction,slqbw677,test,normal,0,0.0002484407159499824
broach_dataset,pca_rgb_reconstruction,smenkfbh,test,normal,0,0.00027063488960266113
broach_dataset,pca_rgb_reconstruction,smuxx2vv,test,normal,0,0.00028275122167542577
broach_dataset,pca_rgb_reconstruction,snar8bq9,test,normal,0,0.0002515322412364185
broach_dataset,pca_rgb_reconstruction,snhkkeox,test,normal,0,0.00025342017761431634
broach_dataset,pca_rgb_reconstruction,sp6ddjv6,test,normal,0,0.00027484222664497793
broach_dataset,pca_rgb_reconstruction,spcvq847,test,normal,0,0.00024565428611822426
broach_dataset,pca_rgb_reconstruction,spqhmx56,test,normal,0,0.00025796162663027644
broach_dataset,pca_rgb_reconstruction,spu43cmc,test,normal,0,0.0002761892101261765
broach_dataset,pca_rgb_reconstruction,ssewjdm9,test,normal,0,0.00025910083786584437
broach_dataset,pca_rgb_reconstruction,sssuljaf,test,normal,0,0.0002468612801749259
broach_dataset,pca_rgb_reconstruction,sv20qvzg,test,normal,0,0.00027039318229071796
broach_dataset,pca_rgb_reconstruction,svjkj54b,test,normal,0,0.0002750619896687567
broach_dataset,pca_rgb_reconstruction,svuccpug,test,normal,0,0.0002626301138661802
broach_dataset,pca_rgb_reconstruction,swkqx4tf,test,normal,0,0.00027069414500147104
broach_dataset,pca_rgb_reconstruction,swllof0e,test,normal,0,0.00027128917281515896
broach_dataset,pca_rgb_reconstruction,swokj2ni,test,normal,0,0.0005118339322507381
broach_dataset,pca_rgb_reconstruction,swxkqtq3,test,normal,0,0.00025144274695776403
broach_dataset,pca_rgb_reconstruction,swyfzdqy,test,normal,0,0.00027406582375988364
broach_dataset,pca_rgb_reconstruction,sxgjtlme,test,normal,0,0.0002557755506131798
broach_dataset,pca_rgb_reconstruction,sxjiueov,test,normal,0,0.00025817574351094663
broach_dataset,pca_rgb_reconstruction,sz4si83z,test,normal,0,0.00025206702412106097
broach_dataset,pca_rgb_reconstruction,t12edm4e,test,normal,0,0.00026956485817208886
broach_dataset,pca_rgb_reconstruction,t1kcgqqc,test,normal,0,0.000281996326521039
broach_dataset,pca_rgb_reconstruction,t1xbh73q,test,normal,0,0.0002726626698859036
broach_dataset,pca_rgb_reconstruction,t2e26i1x,test,normal,0,0.0003255450865253806
broach_dataset,pca_rgb_reconstruction,t2omw31c,test,normal,0,0.0002723356883507222
broach_dataset,pca_rgb_reconstruction,t30o7xky,test,normal,0,0.000253548554610461
broach_dataset,pca_rgb_reconstruction,t33rxdt5,test,normal,0,0.000263522524619475
broach_dataset,pca_rgb_reconstruction,t3a9zagv,test,normal,0,0.000298681843560189
broach_dataset,pca_rgb_reconstruction,t3qtqi5l,test,normal,0,0.0002573537640273571
broach_dataset,pca_rgb_reconstruction,t4wjhfy3,test,normal,0,0.00026587117463350296
broach_dataset,pca_rgb_reconstruction,t4z207fm,test,normal,0,0.00027440866688266397
broach_dataset,pca_rgb_reconstruction,t510lk87,test,normal,0,0.00025954522425308824
broach_dataset,pca_rgb_reconstruction,t5f8krre,test,normal,0,0.0004773575346916914
broach_dataset,pca_rgb_reconstruction,t6267cgf,test,normal,0,0.00026168415206484497
broach_dataset,pca_rgb_reconstruction,t76piv6r,test,normal,0,0.00026829703710973263
broach_dataset,pca_rgb_reconstruction,t93to9se,test,normal,0,0.00030349206645041704
broach_dataset,pca_rgb_reconstruction,taujrayb,test,normal,0,0.00024273258168250322
broach_dataset,pca_rgb_reconstruction,tbpqmlnt,test,normal,0,0.0002635595155879855
broach_dataset,pca_rgb_reconstruction,tbt4k5e6,test,normal,0,0.0002669435634743422
broach_dataset,pca_rgb_reconstruction,tdvyvjdo,test,normal,0,0.00024464752641506493
broach_dataset,pca_rgb_reconstruction,tee45zsg,test,normal,0,0.0002468413149472326
broach_dataset,pca_rgb_reconstruction,ter3iwmw,test,normal,0,0.00025912525597959757
broach_dataset,pca_rgb_reconstruction,teu5hb1r,test,normal,0,0.00026094503118656576
broach_dataset,pca_rgb_reconstruction,tfa9dl7z,test,normal,0,0.0002744627126958221
broach_dataset,pca_rgb_reconstruction,tfdcdqvu,test,normal,0,0.00023926510766614228
broach_dataset,pca_rgb_reconstruction,tge1vja8,test,normal,0,0.00048290417180396616
broach_dataset,pca_rgb_reconstruction,th34cuys,test,normal,0,0.0002570375509094447
broach_dataset,pca_rgb_reconstruction,thjstznz,test,normal,0,0.00027157587464898825
broach_dataset,pca_rgb_reconstruction,ti6pn6xr,test,normal,0,0.00026218139100819826
broach_dataset,pca_rgb_reconstruction,tifznn7y,test,normal,0,0.0002538543485570699
broach_dataset,pca_rgb_reconstruction,tih0iezu,test,normal,0,0.00027912145014852285
broach_dataset,pca_rgb_reconstruction,titugswu,test,normal,0,0.0002738509501796216
broach_dataset,pca_rgb_reconstruction,tjpiwtux,test,normal,0,0.0002449714229442179
broach_dataset,pca_rgb_reconstruction,tkp235vc,test,normal,0,0.0004523770767264068
broach_dataset,pca_rgb_reconstruction,tlf72spm,test,normal,0,0.000407073792302981
broach_dataset,pca_rgb_reconstruction,tm477y6z,test,normal,0,0.00024092811509035528
broach_dataset,pca_rgb_reconstruction,tmequz8d,test,normal,0,0.0002992266381625086
broach_dataset,pca_rgb_reconstruction,tnozw39v,test,normal,0,0.0002652330731507391
broach_dataset,pca_rgb_reconstruction,to7d835k,test,normal,0,0.00023451160814147443
broach_dataset,pca_rgb_reconstruction,tombh0nc,test,normal,0,0.0002937589888460934
broach_dataset,pca_rgb_reconstruction,totpxy8e,test,normal,0,0.0002474216162227094
broach_dataset,pca_rgb_reconstruction,tpqcmsv1,test,normal,0,0.0002600891166366637
broach_dataset,pca_rgb_reconstruction,tpxp0vht,test,normal,0,0.00027866062009707093
broach_dataset,pca_rgb_reconstruction,trehie5r,test,normal,0,0.00035428974661044776
broach_dataset,pca_rgb_reconstruction,trm56b0h,test,normal,0,0.00028750812634825706
broach_dataset,pca_rgb_reconstruction,ts2kw5ow,test,normal,0,0.0002531973586883396
broach_dataset,pca_rgb_reconstruction,tsl1uws5,test,normal,0,0.0005207911017350852
broach_dataset,pca_rgb_reconstruction,tucnhlth,test,normal,0,0.0002680652542039752
broach_dataset,pca_rgb_reconstruction,tv4ir1g3,test,normal,0,0.0003043000469915569
broach_dataset,pca_rgb_reconstruction,tvbtrp63,test,normal,0,0.0002653899136930704
broach_dataset,pca_rgb_reconstruction,tvne70ty,test,normal,0,0.00023480283562093973
broach_dataset,pca_rgb_reconstruction,twt2i9ow,test,normal,0,0.0002442683035042137
broach_dataset,pca_rgb_reconstruction,txa7bh2a,test,normal,0,0.0003985558287240565
broach_dataset,pca_rgb_reconstruction,txawqgbo,test,normal,0,0.0002622808679006994
broach_dataset,pca_rgb_reconstruction,txghaoo4,test,normal,0,0.000264621659880504
broach_dataset,pca_rgb_reconstruction,tydn5t5e,test,normal,0,0.0002611159288790077
broach_dataset,pca_rgb_reconstruction,u05iqz07,test,normal,0,0.0002566725015640259
broach_dataset,pca_rgb_reconstruction,u0gwj9vl,test,normal,0,0.000266168121015653
broach_dataset,pca_rgb_reconstruction,u0upyw6j,test,normal,0,0.000270838791038841
broach_dataset,pca_rgb_reconstruction,u1a31bc0,test,normal,0,0.00046542391646653414
broach_dataset,pca_rgb_reconstruction,u1utpec4,test,normal,0,0.00023119956313166767
broach_dataset,pca_rgb_reconstruction,u3ug7yhw,test,normal,0,0.0002750644343905151
broach_dataset,pca_rgb_reconstruction,u47ai3rp,test,normal,0,0.000289190502371639
broach_dataset,pca_rgb_reconstruction,u4bibfjp,test,normal,0,0.0002548036281950772
broach_dataset,pca_rgb_reconstruction,u536h4vj,test,normal,0,0.00025380650185979903
broach_dataset,pca_rgb_reconstruction,u57ote0q,test,normal,0,0.0002501852286513895
broach_dataset,pca_rgb_reconstruction,u5o0q2k1,test,normal,0,0.0004659500264097005
broach_dataset,pca_rgb_reconstruction,u5t0j2yr,test,normal,0,0.0005202516913414001
broach_dataset,pca_rgb_reconstruction,u5vi1fod,test,normal,0,0.00026346181402914226
broach_dataset,pca_rgb_reconstruction,u5vi20st,test,normal,0,0.0002960280398838222
broach_dataset,pca_rgb_reconstruction,u6m8o3us,test,normal,0,0.000260579603491351
broach_dataset,pca_rgb_reconstruction,u7kb1rtp,test,normal,0,0.000499765679705888
broach_dataset,pca_rgb_reconstruction,u8asg6bc,test,normal,0,0.00025441794423386455
broach_dataset,pca_rgb_reconstruction,u8kd9gnl,test,normal,0,0.00025839428417384624
broach_dataset,pca_rgb_reconstruction,u9ee9x07,test,normal,0,0.00028447541990317404
broach_dataset,pca_rgb_reconstruction,u9otb8wb,test,normal,0,0.00029146188171580434
broach_dataset,pca_rgb_reconstruction,u9swht2z,test,normal,0,0.0003260837111156434
broach_dataset,pca_rgb_reconstruction,ua2m9kxn,test,normal,0,0.00027954051620326936
broach_dataset,pca_rgb_reconstruction,uadh8tny,test,normal,0,0.00027096495614387095
broach_dataset,pca_rgb_reconstruction,uae0cqik,test,normal,0,0.0002470203908160329
broach_dataset,pca_rgb_reconstruction,ubw42zl6,test,normal,0,0.0002974275266751647
broach_dataset,pca_rgb_reconstruction,ubyc2p3k,test,normal,0,0.00029119220562279224
broach_dataset,pca_rgb_reconstruction,uc3ne21f,test,normal,0,0.0004986227140761912
broach_dataset,pca_rgb_reconstruction,ud9spp24,test,normal,0,0.00027242235955782235
broach_dataset,pca_rgb_reconstruction,udewd5aj,test,normal,0,0.00025799809372983873
broach_dataset,pca_rgb_reconstruction,uebj5he8,test,normal,0,0.00025461026234552264
broach_dataset,pca_rgb_reconstruction,uegthmhu,test,normal,0,0.0002485255245119333
broach_dataset,pca_rgb_reconstruction,ufu6py06,test,normal,0,0.0002760036149993539
broach_dataset,pca_rgb_reconstruction,ugabimi0,test,normal,0,0.0002580639848019928
broach_dataset,pca_rgb_reconstruction,ugywxzqx,test,normal,0,0.0002622339816298336
broach_dataset,pca_rgb_reconstruction,uhqusi3o,test,normal,0,0.0002496990200597793
broach_dataset,pca_rgb_reconstruction,ui6d9pkx,test,normal,0,0.00025010923855006695
broach_dataset,pca_rgb_reconstruction,ulmksqwf,test,normal,0,0.00025140566867776215
broach_dataset,pca_rgb_reconstruction,umi9gexm,test,normal,0,0.0002593291865196079
broach_dataset,pca_rgb_reconstruction,uoirkc1h,test,normal,0,0.0002448106533847749
broach_dataset,pca_rgb_reconstruction,upck4bpr,test,normal,0,0.00027503559249453247
broach_dataset,pca_rgb_reconstruction,uq5miauw,test,normal,0,0.00028021668549627066
broach_dataset,pca_rgb_reconstruction,uq7bfjr8,test,normal,0,0.0004745560872834176
broach_dataset,pca_rgb_reconstruction,uqiq9vob,test,normal,0,0.00024527733330614865
broach_dataset,pca_rgb_reconstruction,uqug8dih,test,normal,0,0.00023957091616466641
broach_dataset,pca_rgb_reconstruction,uqzfcoq2,test,normal,0,0.0002520070120226592
broach_dataset,pca_rgb_reconstruction,ur3sct2x,test,normal,0,0.0002577536797616631
broach_dataset,pca_rgb_reconstruction,uri81ltt,test,normal,0,0.0002638199948705733
broach_dataset,pca_rgb_reconstruction,usjxbcws,test,normal,0,0.0002717231691349298
broach_dataset,pca_rgb_reconstruction,utfefz81,test,normal,0,0.00025761930737644434
broach_dataset,pca_rgb_reconstruction,utgj1n8i,test,normal,0,0.0003044206532649696
broach_dataset,pca_rgb_reconstruction,utukolel,test,normal,0,0.00023917136422824115
broach_dataset,pca_rgb_reconstruction,utzi08ho,test,normal,0,0.00026642889133654535
broach_dataset,pca_rgb_reconstruction,uv2zx1qf,test,normal,0,0.0002585958573035896
broach_dataset,pca_rgb_reconstruction,uvnuhhgk,test,normal,0,0.00027870945632457733
broach_dataset,pca_rgb_reconstruction,uwfz2cgb,test,normal,0,0.00026063850964419544
broach_dataset,pca_rgb_reconstruction,uxxdxo7s,test,normal,0,0.0004641794366762042
broach_dataset,pca_rgb_reconstruction,uy0zia9a,test,normal,0,0.0002528926415834576
broach_dataset,pca_rgb_reconstruction,uyr6xtkf,test,normal,0,0.00029715083655901253
broach_dataset,pca_rgb_reconstruction,uz2z0kdn,test,normal,0,0.000251707126153633
broach_dataset,pca_rgb_reconstruction,uzgylfb2,test,normal,0,0.0002867747098207474
broach_dataset,pca_rgb_reconstruction,uzlnikcz,test,normal,0,0.0002673857088666409
broach_dataset,pca_rgb_reconstruction,uzzlsg4c,test,normal,0,0.00024104335170704871
broach_dataset,pca_rgb_reconstruction,v00bwt8n,test,normal,0,0.0002830635057762265
broach_dataset,pca_rgb_reconstruction,v0asm941,test,normal,0,0.00027098419377580285
broach_dataset,pca_rgb_reconstruction,v0sp96bw,test,normal,0,0.00026326836086809635
broach_dataset,pca_rgb_reconstruction,v0thg0b2,test,normal,0,0.00025498017203062773
broach_dataset,pca_rgb_reconstruction,v18m11t5,test,normal,0,0.0002537565305829048
broach_dataset,pca_rgb_reconstruction,v1mzb3i4,test,normal,0,0.00029226482729427516
broach_dataset,pca_rgb_reconstruction,v1tat3op,test,normal,0,0.00026027733110822737
broach_dataset,pca_rgb_reconstruction,v2217450,test,normal,0,0.0002510146296117455
broach_dataset,pca_rgb_reconstruction,v2cz5nf5,test,normal,0,0.00027033622609451413
broach_dataset,pca_rgb_reconstruction,v33bhtf0,test,normal,0,0.00025438438751734793
broach_dataset,pca_rgb_reconstruction,v38kz8t9,test,normal,0,0.0002837959036696702
broach_dataset,pca_rgb_reconstruction,v39201cw,test,normal,0,0.0002970907080452889
broach_dataset,pca_rgb_reconstruction,v3q37aft,test,normal,0,0.0002930168993771076
broach_dataset,pca_rgb_reconstruction,v3youukp,test,normal,0,0.0002985621686093509
broach_dataset,pca_rgb_reconstruction,v4a4ipvw,test,normal,0,0.00024945291806943715
broach_dataset,pca_rgb_reconstruction,v4bnax29,test,normal,0,0.00024255407333839685
broach_dataset,pca_rgb_reconstruction,v4chct25,test,normal,0,0.0002909509348683059
broach_dataset,pca_rgb_reconstruction,v5z1f72h,test,normal,0,0.0005210774834267795
broach_dataset,pca_rgb_reconstruction,v6gnrive,test,normal,0,0.00027897770632989705
broach_dataset,pca_rgb_reconstruction,v7uqv50o,test,normal,0,0.00027766978018917143
broach_dataset,pca_rgb_reconstruction,v80lkx1s,test,normal,0,0.0002656154101714492
broach_dataset,pca_rgb_reconstruction,vaejvobv,test,normal,0,0.00023516151122748852
broach_dataset,pca_rgb_reconstruction,vafueaco,test,normal,0,0.0002683822240214795
broach_dataset,pca_rgb_reconstruction,vax0f6rj,test,normal,0,0.000262590212514624
broach_dataset,pca_rgb_reconstruction,vb2osj4k,test,normal,0,0.0002855480706784874
broach_dataset,pca_rgb_reconstruction,vbgr8w2m,test,normal,0,0.000301005260553211
broach_dataset,pca_rgb_reconstruction,vbjrbzjw,test,normal,0,0.0002629260707180947
broach_dataset,pca_rgb_reconstruction,vc0e41y2,test,normal,0,0.0002366421977058053
broach_dataset,pca_rgb_reconstruction,vc5zsrfw,test,normal,0,0.0002508857287466526
broach_dataset,pca_rgb_reconstruction,vcqe1c63,test,normal,0,0.0002706704835873097
broach_dataset,pca_rgb_reconstruction,vcun39s5,test,normal,0,0.0002739545307122171
broach_dataset,pca_rgb_reconstruction,vdet809d,test,normal,0,0.0002775310422293842
broach_dataset,pca_rgb_reconstruction,vdl63u14,test,normal,0,0.00027468762709759176
broach_dataset,pca_rgb_reconstruction,ve1o5im5,test,normal,0,0.00025898852618411183
broach_dataset,pca_rgb_reconstruction,ver0drxd,test,normal,0,0.00029285287018865347
broach_dataset,pca_rgb_reconstruction,vgww4fyb,test,normal,0,0.0002604223263915628
broach_dataset,pca_rgb_reconstruction,vioifji1,test,normal,0,0.00025873465347103775
broach_dataset,pca_rgb_reconstruction,viz0m9ve,test,normal,0,0.00024086129269562662
broach_dataset,pca_rgb_reconstruction,vj0va0st,test,normal,0,0.00025005696807056665
broach_dataset,pca_rgb_reconstruction,vj8w45j6,test,normal,0,0.000276719918474555
broach_dataset,pca_rgb_reconstruction,vjc6sumi,test,normal,0,0.0002484995638951659
broach_dataset,pca_rgb_reconstruction,vmb9kzyx,test,normal,0,0.0002864090201910585
broach_dataset,pca_rgb_reconstruction,vmw9jaf9,test,normal,0,0.0002621168387122452
broach_dataset,pca_rgb_reconstruction,vnnsqckm,test,normal,0,0.0002451080654282123
broach_dataset,pca_rgb_reconstruction,vo91mybx,test,normal,0,0.0002572741941548884
broach_dataset,pca_rgb_reconstruction,vouqw4c5,test,normal,0,0.0002899492101278156
broach_dataset,pca_rgb_reconstruction,vozufbcs,test,normal,0,0.00024436309468001127
broach_dataset,pca_rgb_reconstruction,vpxwhi3m,test,normal,0,0.0002480688854120672
broach_dataset,pca_rgb_reconstruction,vq0ufhok,test,normal,0,0.0005704984650947154
broach_dataset,pca_rgb_reconstruction,vr8vbyez,test,normal,0,0.00024733267491683364
broach_dataset,pca_rgb_reconstruction,vrf8m2xl,test,normal,0,0.0002737554023042321
broach_dataset,pca_rgb_reconstruction,vt7dj6ve,test,normal,0,0.00024664861848577857
broach_dataset,pca_rgb_reconstruction,vte0utxs,test,normal,0,0.0004083400417584926
broach_dataset,pca_rgb_reconstruction,vun862uw,test,normal,0,0.0002627347712405026
broach_dataset,pca_rgb_reconstruction,vvlk8cif,test,normal,0,0.00027115651755593717
broach_dataset,pca_rgb_reconstruction,vvsdzah2,test,normal,0,0.0002537993132136762
broach_dataset,pca_rgb_reconstruction,vw5hx2s2,test,normal,0,0.00023987592430785298
broach_dataset,pca_rgb_reconstruction,vwt37yyx,test,normal,0,0.0002573031815700233
broach_dataset,pca_rgb_reconstruction,vwund47a,test,normal,0,0.0003029236395377666
broach_dataset,pca_rgb_reconstruction,vyfyk3md,test,normal,0,0.00028350981301628053
broach_dataset,pca_rgb_reconstruction,vynnwoqv,test,normal,0,0.0003111421247012913
broach_dataset,pca_rgb_reconstruction,vyxtuyl0,test,normal,0,0.00025258809910155833
broach_dataset,pca_rgb_reconstruction,vz809bxn,test,normal,0,0.0002776334877125919
broach_dataset,pca_rgb_reconstruction,vzcr9rv3,test,normal,0,0.00030502118170261383
broach_dataset,pca_rgb_reconstruction,vzex99d9,test,normal,0,0.0002667884109541774
broach_dataset,pca_rgb_reconstruction,w03bkfd4,test,normal,0,0.000519163382705301
broach_dataset,pca_rgb_reconstruction,w05y1huu,test,normal,0,0.00026025145780295134
broach_dataset,pca_rgb_reconstruction,w1nyrwof,test,normal,0,0.0004534921026788652
broach_dataset,pca_rgb_reconstruction,w2r8kwcz,test,normal,0,0.0002375230542384088
broach_dataset,pca_rgb_reconstruction,w325gzmm,test,normal,0,0.00029593653744086623
broach_dataset,pca_rgb_reconstruction,w3chnj6g,test,normal,0,0.00024934133398346603
broach_dataset,pca_rgb_reconstruction,w3gi60q6,test,normal,0,0.0002576408733148128
broach_dataset,pca_rgb_reconstruction,w3lvjy1a,test,normal,0,0.000259183841990307
broach_dataset,pca_rgb_reconstruction,w3pw9cut,test,normal,0,0.00027925887843593955
broach_dataset,pca_rgb_reconstruction,w3vg29kw,test,normal,0,0.00025545922107994556
broach_dataset,pca_rgb_reconstruction,w3y5a292,test,normal,0,0.0002542846486903727
broach_dataset,pca_rgb_reconstruction,w4d4rgew,test,normal,0,0.0002769716957118362
broach_dataset,pca_rgb_reconstruction,w4k7u1kd,test,normal,0,0.00024524505715817213
broach_dataset,pca_rgb_reconstruction,w55rwyqs,test,normal,0,0.0002550488861743361
broach_dataset,pca_rgb_reconstruction,w5kpwzg0,test,normal,0,0.0002599030267447233
broach_dataset,pca_rgb_reconstruction,w65i7l3o,test,normal,0,0.00028443901101127267
broach_dataset,pca_rgb_reconstruction,w69hzgop,test,normal,0,0.00026516595971770585
broach_dataset,pca_rgb_reconstruction,w71ghb7v,test,normal,0,0.00023841629445087165
broach_dataset,pca_rgb_reconstruction,w7di6it4,test,normal,0,0.000247865536948666
broach_dataset,pca_rgb_reconstruction,w7j35vlw,test,normal,0,0.00026939137023873627
broach_dataset,pca_rgb_reconstruction,w8vloyhd,test,normal,0,0.00046558488975279033
broach_dataset,pca_rgb_reconstruction,w9485idm,test,normal,0,0.00027784364647231996
broach_dataset,pca_rgb_reconstruction,w9myyoke,test,normal,0,0.00025723123690113425
broach_dataset,pca_rgb_reconstruction,w9v5wkb8,test,normal,0,0.00026624073507264256
broach_dataset,pca_rgb_reconstruction,wa497owr,test,normal,0,0.0005337385227903724
broach_dataset,pca_rgb_reconstruction,wb5spffc,test,normal,0,0.00030104981851764023
broach_dataset,pca_rgb_reconstruction,wbbeps8d,test,normal,0,0.00025307884789071977
broach_dataset,pca_rgb_reconstruction,wbdl3u1r,test,normal,0,0.0002799599024001509
broach_dataset,pca_rgb_reconstruction,wcl7xg33,test,normal,0,0.00028785259928554296
broach_dataset,pca_rgb_reconstruction,wcs4bju8,test,normal,0,0.00025139059289358556
broach_dataset,pca_rgb_reconstruction,wcu50qyt,test,normal,0,0.0002653829869814217
broach_dataset,pca_rgb_reconstruction,wcvh69ug,test,normal,0,0.0002615695702843368
broach_dataset,pca_rgb_reconstruction,wdhb0z7p,test,normal,0,0.0002796272747218609
broach_dataset,pca_rgb_reconstruction,wdhhl7ch,test,normal,0,0.00031934064463712275
broach_dataset,pca_rgb_reconstruction,wedlnk2z,test,normal,0,0.0002465326979290694
broach_dataset,pca_rgb_reconstruction,wexz02mn,test,normal,0,0.00025229339371435344
broach_dataset,pca_rgb_reconstruction,wf8lcl9a,test,normal,0,0.00024723715614527464
broach_dataset,pca_rgb_reconstruction,wfp1b4k5,test,normal,0,0.0002795803011395037
broach_dataset,pca_rgb_reconstruction,wgtbgemy,test,normal,0,0.00025697529781609774
broach_dataset,pca_rgb_reconstruction,wgw4bov1,test,normal,0,0.00024130032397806644
broach_dataset,pca_rgb_reconstruction,wh9hd268,test,normal,0,0.0002672883274499327
broach_dataset,pca_rgb_reconstruction,whkl17yf,test,normal,0,0.00025090709095820785
broach_dataset,pca_rgb_reconstruction,whwkmy9x,test,normal,0,0.0002913422358687967
broach_dataset,pca_rgb_reconstruction,widoh6s0,test,normal,0,0.0002717279130592942
broach_dataset,pca_rgb_reconstruction,wji7i0nj,test,normal,0,0.00035352472332306206
broach_dataset,pca_rgb_reconstruction,wjwospd2,test,normal,0,0.0002623729524202645
broach_dataset,pca_rgb_reconstruction,wk08vurm,test,normal,0,0.0002674282877705991
broach_dataset,pca_rgb_reconstruction,wkeyarz1,test,normal,0,0.00024509866489097476
broach_dataset,pca_rgb_reconstruction,wldv63yd,test,normal,0,0.0004932477604597807
broach_dataset,pca_rgb_reconstruction,wms6fdgd,test,normal,0,0.00027707399567589164
broach_dataset,pca_rgb_reconstruction,wn103frb,test,normal,0,0.00029018864734098315
broach_dataset,pca_rgb_reconstruction,wn4nhl8l,test,normal,0,0.00025385941262356937
broach_dataset,pca_rgb_reconstruction,wnk9mpem,test,normal,0,0.0002650529204402119
broach_dataset,pca_rgb_reconstruction,woal2tdw,test,normal,0,0.00026575589436106384
broach_dataset,pca_rgb_reconstruction,woje6wz0,test,normal,0,0.00026212361990474164
broach_dataset,pca_rgb_reconstruction,wolep2wl,test,normal,0,0.00025905147776938975
broach_dataset,pca_rgb_reconstruction,wp9jxi9b,test,normal,0,0.00025285250740125775
broach_dataset,pca_rgb_reconstruction,wprgap6o,test,normal,0,0.00028444608324207366
broach_dataset,pca_rgb_reconstruction,wprlpg7g,test,normal,0,0.00024919642601162195
broach_dataset,pca_rgb_reconstruction,wpyt3zoj,test,normal,0,0.0002532527723815292
broach_dataset,pca_rgb_reconstruction,wqd885m3,test,normal,0,0.00024109421065077186
broach_dataset,pca_rgb_reconstruction,ws1zl7p7,test,normal,0,0.00026134433574043214
broach_dataset,pca_rgb_reconstruction,wsamb772,test,normal,0,0.00026685497141443193
broach_dataset,pca_rgb_reconstruction,wsi8gizi,test,normal,0,0.00027845820295624435
broach_dataset,pca_rgb_reconstruction,wsko2rkd,test,normal,0,0.00025665119756013155
broach_dataset,pca_rgb_reconstruction,wtfmsjbw,test,normal,0,0.0002605110057629645
broach_dataset,pca_rgb_reconstruction,wtw0tnzx,test,normal,0,0.0002559451968409121
broach_dataset,pca_rgb_reconstruction,wvtfx4r6,test,normal,0,0.00024846603628247976
broach_dataset,pca_rgb_reconstruction,wvworlew,test,normal,0,0.0002828523865900934
broach_dataset,pca_rgb_reconstruction,wvztduur,test,normal,0,0.000253979058470577
broach_dataset,pca_rgb_reconstruction,wwd0950b,test,normal,0,0.0002776947512757033
broach_dataset,pca_rgb_reconstruction,wy93ei3x,test,normal,0,0.0002591773809399456
broach_dataset,pca_rgb_reconstruction,wyfnabqh,test,normal,0,0.0002703927457332611
broach_dataset,pca_rgb_reconstruction,wz2doluq,test,normal,0,0.00026821077335625887
broach_dataset,pca_rgb_reconstruction,wzff1uwo,test,normal,0,0.0002567535266280174
broach_dataset,pca_rgb_reconstruction,x0cf861c,test,normal,0,0.0004804589261766523
broach_dataset,pca_rgb_reconstruction,x18d1spd,test,normal,0,0.0002821131201926619
broach_dataset,pca_rgb_reconstruction,x1ho5yju,test,normal,0,0.00026606651954352856
broach_dataset,pca_rgb_reconstruction,x1ipumo6,test,normal,0,0.0002752291038632393
broach_dataset,pca_rgb_reconstruction,x2lg5c2y,test,normal,0,0.00025444466155022383
broach_dataset,pca_rgb_reconstruction,x2n92tgw,test,normal,0,0.00027784795383922756
broach_dataset,pca_rgb_reconstruction,x2trx546,test,normal,0,0.00025674133212305605
broach_dataset,pca_rgb_reconstruction,x35cojjr,test,normal,0,0.00026230805087834597
broach_dataset,pca_rgb_reconstruction,x36oetrt,test,normal,0,0.00025649360031820834
broach_dataset,pca_rgb_reconstruction,x4nc3ueg,test,normal,0,0.0002639473241288215
broach_dataset,pca_rgb_reconstruction,x4o1ccy1,test,normal,0,0.00028325701714493334
broach_dataset,pca_rgb_reconstruction,x7eedtjv,test,normal,0,0.0002768772828858346
broach_dataset,pca_rgb_reconstruction,x7wdeah7,test,normal,0,0.00026831612922251225
broach_dataset,pca_rgb_reconstruction,x80nkxkb,test,normal,0,0.0002527473552618176
broach_dataset,pca_rgb_reconstruction,x9exlzlw,test,normal,0,0.00026601747958920896
broach_dataset,pca_rgb_reconstruction,x9yit0lm,test,normal,0,0.0002441997639834881
broach_dataset,pca_rgb_reconstruction,xa8mku1g,test,normal,0,0.00024951581144705415
broach_dataset,pca_rgb_reconstruction,xah6ix4r,test,normal,0,0.0002825311094056815
broach_dataset,pca_rgb_reconstruction,xaic0dhn,test,normal,0,0.00023880030494183302
broach_dataset,pca_rgb_reconstruction,xauzu9mw,test,normal,0,0.0002869322488550097
broach_dataset,pca_rgb_reconstruction,xb0d4j6n,test,normal,0,0.000463839212898165
broach_dataset,pca_rgb_reconstruction,xc45bncc,test,normal,0,0.0002497742825653404
broach_dataset,pca_rgb_reconstruction,xc486dx2,test,normal,0,0.0002565919130574912
broach_dataset,pca_rgb_reconstruction,xcomi955,test,normal,0,0.0002492490457370877
broach_dataset,pca_rgb_reconstruction,xcy5u4zo,test,normal,0,0.00028562298393808305
broach_dataset,pca_rgb_reconstruction,xd36px1p,test,normal,0,0.00033905848977155983
broach_dataset,pca_rgb_reconstruction,xflouw91,test,normal,0,0.00028168430435471237
broach_dataset,pca_rgb_reconstruction,xfn5lksh,test,normal,0,0.00025074591394513845
broach_dataset,pca_rgb_reconstruction,xhdqf8c6,test,normal,0,0.0002524793380871415
broach_dataset,pca_rgb_reconstruction,xhnztvb9,test,normal,0,0.00027839033282361925
broach_dataset,pca_rgb_reconstruction,xi1ddouw,test,normal,0,0.00025360003928653896
broach_dataset,pca_rgb_reconstruction,xi3rnc02,test,normal,0,0.0002600979059934616
broach_dataset,pca_rgb_reconstruction,xi3wgu6b,test,normal,0,0.00025035705766640604
broach_dataset,pca_rgb_reconstruction,xi563n5z,test,normal,0,0.0002495794906280935
broach_dataset,pca_rgb_reconstruction,xjcchawf,test,normal,0,0.00025752029614523053
broach_dataset,pca_rgb_reconstruction,xjve3dze,test,normal,0,0.000275116297416389
broach_dataset,pca_rgb_reconstruction,xkjtavlv,test,normal,0,0.0002591523516457528
broach_dataset,pca_rgb_reconstruction,xkwg216o,test,normal,0,0.00025146466214209795
broach_dataset,pca_rgb_reconstruction,xl20ifor,test,normal,0,0.0002843922993633896
broach_dataset,pca_rgb_reconstruction,xle9lsa5,test,normal,0,0.0002522081194911152
broach_dataset,pca_rgb_reconstruction,xma5vixr,test,normal,0,0.00026409205747768283
broach_dataset,pca_rgb_reconstruction,xnp6kub0,test,normal,0,0.00043732949416153133
broach_dataset,pca_rgb_reconstruction,xomen69x,test,normal,0,0.00025833473773673177
broach_dataset,pca_rgb_reconstruction,xoms9jbt,test,normal,0,0.0003128709504380822
broach_dataset,pca_rgb_reconstruction,xpj6w6kn,test,normal,0,0.00025584312970750034
broach_dataset,pca_rgb_reconstruction,xqsrlxp4,test,normal,0,0.00025672049378044903
broach_dataset,pca_rgb_reconstruction,xrsl3rj4,test,normal,0,0.00022059337061364204
broach_dataset,pca_rgb_reconstruction,xs3d2jb0,test,normal,0,0.00024313134781550616
broach_dataset,pca_rgb_reconstruction,xs51hfbs,test,normal,0,0.0002679213066585362
broach_dataset,pca_rgb_reconstruction,xtpeye3v,test,normal,0,0.00025684823049232364
broach_dataset,pca_rgb_reconstruction,xu1cxx3l,test,normal,0,0.00023978058015927672
broach_dataset,pca_rgb_reconstruction,xu7fkc78,test,normal,0,0.0002551649231463671
broach_dataset,pca_rgb_reconstruction,xuj7equm,test,normal,0,0.000491250422783196
broach_dataset,pca_rgb_reconstruction,xuluengc,test,normal,0,0.00029487136634998024
broach_dataset,pca_rgb_reconstruction,xuq9yyr1,test,normal,0,0.00033888014149852097
broach_dataset,pca_rgb_reconstruction,xvq5frgy,test,normal,0,0.0002602795429993421
broach_dataset,pca_rgb_reconstruction,xw42z6bg,test,normal,0,0.00025352390366606414
broach_dataset,pca_rgb_reconstruction,xwbc1jli,test,normal,0,0.000507448916323483
broach_dataset,pca_rgb_reconstruction,xx8oe61g,test,normal,0,0.0002784923417493701
broach_dataset,pca_rgb_reconstruction,xxwsi1co,test,normal,0,0.00028156748157925904
broach_dataset,pca_rgb_reconstruction,xyhjy2eb,test,normal,0,0.0004594281199388206
broach_dataset,pca_rgb_reconstruction,xyphwhm5,test,normal,0,0.00023284416238311678
broach_dataset,pca_rgb_reconstruction,xyqrijrp,test,normal,0,0.0002600212174002081
broach_dataset,pca_rgb_reconstruction,xyu1mxy0,test,normal,0,0.0002837628126144409
broach_dataset,pca_rgb_reconstruction,xz8lc007,test,normal,0,0.0003002448647748679
broach_dataset,pca_rgb_reconstruction,xzn0m18x,test,normal,0,0.0002547547046560794
broach_dataset,pca_rgb_reconstruction,xzqu8bjz,test,normal,0,0.00027308816788718104
broach_dataset,pca_rgb_reconstruction,xzu6hw0k,test,normal,0,0.0002594247052911669
broach_dataset,pca_rgb_reconstruction,y01h0l5o,test,normal,0,0.00028669004677794874
broach_dataset,pca_rgb_reconstruction,y04n3ysf,test,normal,0,0.00027379667153581977
broach_dataset,pca_rgb_reconstruction,y09bi3ze,test,normal,0,0.0002677957818377763
broach_dataset,pca_rgb_reconstruction,y0bqjw3e,test,normal,0,0.0002528443292248994
broach_dataset,pca_rgb_reconstruction,y0gyl6te,test,normal,0,0.00026985633303411305
broach_dataset,pca_rgb_reconstruction,y0xaobk0,test,normal,0,0.00025501972413621843
broach_dataset,pca_rgb_reconstruction,y11w509d,test,normal,0,0.00025621496024541557
broach_dataset,pca_rgb_reconstruction,y13hzvy4,test,normal,0,0.00027425779262557626
broach_dataset,pca_rgb_reconstruction,y1bw6clf,test,normal,0,0.00025921780616045
broach_dataset,pca_rgb_reconstruction,y1vnnurw,test,normal,0,0.0003045076155103743
broach_dataset,pca_rgb_reconstruction,y21jmas4,test,normal,0,0.00025672584888525307
broach_dataset,pca_rgb_reconstruction,y2ipbkou,test,normal,0,0.0002872392360586673
broach_dataset,pca_rgb_reconstruction,y2jp2lxr,test,normal,0,0.00025932019343599677
broach_dataset,pca_rgb_reconstruction,y30ylph1,test,normal,0,0.0002570818760432303
broach_dataset,pca_rgb_reconstruction,y3n7nwlq,test,normal,0,0.0002825046831276268
broach_dataset,pca_rgb_reconstruction,y445azd3,test,normal,0,0.0002915908407885581
broach_dataset,pca_rgb_reconstruction,y55huhrx,test,normal,0,0.0002387514105066657
broach_dataset,pca_rgb_reconstruction,y620n8tt,test,normal,0,0.0002844261471182108
broach_dataset,pca_rgb_reconstruction,y7iydc2f,test,normal,0,0.00043367865146137774
broach_dataset,pca_rgb_reconstruction,y7iydwdx,test,normal,0,0.00025204141275025904
broach_dataset,pca_rgb_reconstruction,y7wmpeqt,test,normal,0,0.00026858970522880554
broach_dataset,pca_rgb_reconstruction,y85yvy0m,test,normal,0,0.00025540534988977015
broach_dataset,pca_rgb_reconstruction,y8xltnvv,test,normal,0,0.00027017638785764575
broach_dataset,pca_rgb_reconstruction,ya3jitqh,test,normal,0,0.00026477634673938155
broach_dataset,pca_rgb_reconstruction,ya4y34yy,test,normal,0,0.0002810375299304724
broach_dataset,pca_rgb_reconstruction,ya8yfori,test,normal,0,0.0002650255337357521
broach_dataset,pca_rgb_reconstruction,yahrk7n6,test,normal,0,0.0002732672437559813
broach_dataset,pca_rgb_reconstruction,ybnlyym7,test,normal,0,0.0004836575535591692
broach_dataset,pca_rgb_reconstruction,ybu5a98b,test,normal,0,0.0002678828896023333
broach_dataset,pca_rgb_reconstruction,yc1umtcb,test,normal,0,0.0002839178196154535
broach_dataset,pca_rgb_reconstruction,ycjrhpgi,test,normal,0,0.0002426019054837525
broach_dataset,pca_rgb_reconstruction,ydr363tx,test,normal,0,0.00026037011411972344
broach_dataset,pca_rgb_reconstruction,yeayfrop,test,normal,0,0.00023564633738715202
broach_dataset,pca_rgb_reconstruction,yedn2z2v,test,normal,0,0.0002576900296844542
broach_dataset,pca_rgb_reconstruction,yffnxblj,test,normal,0,0.0002670400426723063
broach_dataset,pca_rgb_reconstruction,yfl6h35o,test,normal,0,0.0002396980271441862
broach_dataset,pca_rgb_reconstruction,yg10xntk,test,normal,0,0.0002541331050451845
broach_dataset,pca_rgb_reconstruction,yghekq8b,test,normal,0,0.0004574360209517181
broach_dataset,pca_rgb_reconstruction,yghvqizd,test,normal,0,0.00023802286887075752
broach_dataset,pca_rgb_reconstruction,yh4pm6zb,test,normal,0,0.0002593510434962809
broach_dataset,pca_rgb_reconstruction,yhb9640r,test,normal,0,0.0002641132741700858
broach_dataset,pca_rgb_reconstruction,yhhr56wx,test,normal,0,0.00025566856493242085
broach_dataset,pca_rgb_reconstruction,yho5ldo9,test,normal,0,0.0002537233231123537
broach_dataset,pca_rgb_reconstruction,yik9r33i,test,normal,0,0.0002630601229611784
broach_dataset,pca_rgb_reconstruction,yjxrpj1e,test,normal,0,0.0002767822297755629
broach_dataset,pca_rgb_reconstruction,ykklsci4,test,normal,0,0.0002667888184078038
broach_dataset,pca_rgb_reconstruction,ykmrx5jd,test,normal,0,0.00036352770985104144
broach_dataset,pca_rgb_reconstruction,yld0i118,test,normal,0,0.0002793694438878447
broach_dataset,pca_rgb_reconstruction,ylmuitsu,test,normal,0,0.0002535143867135048
broach_dataset,pca_rgb_reconstruction,ymzeofku,test,normal,0,0.000278290593996644
broach_dataset,pca_rgb_reconstruction,yntl2ug0,test,normal,0,0.00024111696984618902
broach_dataset,pca_rgb_reconstruction,yp6y563p,test,normal,0,0.00025200488744303584
broach_dataset,pca_rgb_reconstruction,ypgpnexx,test,normal,0,0.0002591887896414846
broach_dataset,pca_rgb_reconstruction,ypq7ka11,test,normal,0,0.0002507102908566594
broach_dataset,pca_rgb_reconstruction,yptme9ez,test,normal,0,0.00027155535644851625
broach_dataset,pca_rgb_reconstruction,yqllml3v,test,normal,0,0.0002592578821349889
broach_dataset,pca_rgb_reconstruction,yqn6wahy,test,normal,0,0.0002816918713506311
broach_dataset,pca_rgb_reconstruction,ytlvaeuu,test,normal,0,0.0002771677100099623
broach_dataset,pca_rgb_reconstruction,ytz1kxml,test,normal,0,0.00026232932577840984
broach_dataset,pca_rgb_reconstruction,yuvwg2os,test,normal,0,0.0002588793577160686
broach_dataset,pca_rgb_reconstruction,yvznex5c,test,normal,0,0.00023789715487509966
broach_dataset,pca_rgb_reconstruction,ywokl2tp,test,normal,0,0.00033475851523689926
broach_dataset,pca_rgb_reconstruction,ywpdl1bv,test,normal,0,0.0003101157199125737
broach_dataset,pca_rgb_reconstruction,ywsbzh48,test,normal,0,0.00030079661519266665
broach_dataset,pca_rgb_reconstruction,yxv6w0h1,test,normal,0,0.00024718520580790937
broach_dataset,pca_rgb_reconstruction,yxw0cmsw,test,normal,0,0.0002717704919632524
broach_dataset,pca_rgb_reconstruction,yyihpz6m,test,normal,0,0.0002561422879807651
broach_dataset,pca_rgb_reconstruction,yz3j5usr,test,normal,0,0.0002697442250791937
broach_dataset,pca_rgb_reconstruction,yzni6bju,test,normal,0,0.0002801382215693593
broach_dataset,pca_rgb_reconstruction,yznst2gp,test,normal,0,0.00028886995278298855
broach_dataset,pca_rgb_reconstruction,z056y5hp,test,normal,0,0.0002695599105209112
broach_dataset,pca_rgb_reconstruction,z0o158j8,test,normal,0,0.00025879123131744564
broach_dataset,pca_rgb_reconstruction,z0v0fjps,test,normal,0,0.00019056917517445982
broach_dataset,pca_rgb_reconstruction,z23f42xz,test,normal,0,0.00027022062567994
broach_dataset,pca_rgb_reconstruction,z2cyx3u5,test,normal,0,0.0002847750729415566
broach_dataset,pca_rgb_reconstruction,z2va9cd0,test,normal,0,0.00024685796233825386
broach_dataset,pca_rgb_reconstruction,z3womtfu,test,normal,0,0.0002611747186165303
broach_dataset,pca_rgb_reconstruction,z4eny9oj,test,normal,0,0.00027033768128603697
broach_dataset,pca_rgb_reconstruction,z4px5jlf,test,normal,0,0.0002723224170040339
broach_dataset,pca_rgb_reconstruction,z55if3bq,test,normal,0,0.00025628411094658077
broach_dataset,pca_rgb_reconstruction,z6472476,test,normal,0,0.00027552811661735177
broach_dataset,pca_rgb_reconstruction,z6n4iqi1,test,normal,0,0.0002701906778384
broach_dataset,pca_rgb_reconstruction,z6r1m9zi,test,normal,0,0.00027753441827371716
broach_dataset,pca_rgb_reconstruction,z7c3rryn,test,normal,0,0.0002700155891943723
broach_dataset,pca_rgb_reconstruction,z7jsj8ei,test,normal,0,0.00032893792376853526
broach_dataset,pca_rgb_reconstruction,z89pnlf8,test,normal,0,0.0002533970691729337
broach_dataset,pca_rgb_reconstruction,z8kkd2d9,test,normal,0,0.0002766131074167788
broach_dataset,pca_rgb_reconstruction,z91kmgqa,test,normal,0,0.0002588396891951561
broach_dataset,pca_rgb_reconstruction,z9949r1n,test,normal,0,0.00018545625789556652
broach_dataset,pca_rgb_reconstruction,z9owukox,test,normal,0,0.00026701969909481704
broach_dataset,pca_rgb_reconstruction,zasywdrk,test,normal,0,0.0002533749502617866
broach_dataset,pca_rgb_reconstruction,zaz505t0,test,normal,0,0.00024745846167206764
broach_dataset,pca_rgb_reconstruction,zb25jt3m,test,normal,0,0.00025585145340301096
broach_dataset,pca_rgb_reconstruction,zb765kr9,test,normal,0,0.00026033210451714694
broach_dataset,pca_rgb_reconstruction,zbozq4q1,test,normal,0,0.0002939643745776266
broach_dataset,pca_rgb_reconstruction,zbwa9npt,test,normal,0,0.00023458224313799292
broach_dataset,pca_rgb_reconstruction,ze6i9rk9,test,normal,0,0.0002704996441025287
broach_dataset,pca_rgb_reconstruction,zecj2btx,test,normal,0,0.0002563529124017805
broach_dataset,pca_rgb_reconstruction,zfaqxhew,test,normal,0,0.00023276243882719427
broach_dataset,pca_rgb_reconstruction,zgjvb2yt,test,normal,0,0.00024944162578321993
broach_dataset,pca_rgb_reconstruction,zgm6zfzj,test,normal,0,0.00024585481151007116
broach_dataset,pca_rgb_reconstruction,zh4unrzu,test,normal,0,0.0003844931779894978
broach_dataset,pca_rgb_reconstruction,zhwgid7z,test,normal,0,0.0002485270088072866
broach_dataset,pca_rgb_reconstruction,zhwjr64d,test,normal,0,0.0002968965272884816
broach_dataset,pca_rgb_reconstruction,zhzr9m68,test,normal,0,0.00027612820849753916
broach_dataset,pca_rgb_reconstruction,ziabscah,test,normal,0,0.0002514830557629466
broach_dataset,pca_rgb_reconstruction,zj5ih9z9,test,normal,0,0.00025747439940460026
broach_dataset,pca_rgb_reconstruction,zjjfh493,test,normal,0,0.0002547811309341341
broach_dataset,pca_rgb_reconstruction,zk2qssbh,test,normal,0,0.0002687724190764129
broach_dataset,pca_rgb_reconstruction,zlxtyigu,test,normal,0,0.00024948985083028674
broach_dataset,pca_rgb_reconstruction,zm6kx1cx,test,normal,0,0.00025942298816516995
broach_dataset,pca_rgb_reconstruction,zm983mjn,test,normal,0,0.0002596212725620717
broach_dataset,pca_rgb_reconstruction,zmlbw1zv,test,normal,0,0.00025288466713391244
broach_dataset,pca_rgb_reconstruction,zmxga88n,test,normal,0,0.0002689035900402814
broach_dataset,pca_rgb_reconstruction,znj8u81n,test,normal,0,0.0002510649792384356
broach_dataset,pca_rgb_reconstruction,zns4gdv9,test,normal,0,0.00024946805206127465
broach_dataset,pca_rgb_reconstruction,zo0bogcw,test,normal,0,0.00022364265169017017
broach_dataset,pca_rgb_reconstruction,zounlr84,test,normal,0,0.00024629547260701656
broach_dataset,pca_rgb_reconstruction,zp6cyyxu,test,normal,0,0.0002613299584481865
broach_dataset,pca_rgb_reconstruction,zpptg751,test,normal,0,0.0002693092101253569
broach_dataset,pca_rgb_reconstruction,zpwoxppv,test,normal,0,0.00026828935369849205
broach_dataset,pca_rgb_reconstruction,zpy5ynhr,test,normal,0,0.0002913893258664757
broach_dataset,pca_rgb_reconstruction,zq8m4853,test,normal,0,0.0005000667297281325
broach_dataset,pca_rgb_reconstruction,zqskkrw9,test,normal,0,0.00046234510955400765
broach_dataset,pca_rgb_reconstruction,zqyznaxb,test,normal,0,0.00048324288218282163
broach_dataset,pca_rgb_reconstruction,zr4e5izb,test,normal,0,0.0002408571308478713
broach_dataset,pca_rgb_reconstruction,zrbzirjy,test,normal,0,0.0002589502837508917
broach_dataset,pca_rgb_reconstruction,zrn2qr7l,test,normal,0,0.00025618186919018626
broach_dataset,pca_rgb_reconstruction,zs5y2107,test,normal,0,0.000288013688987121
broach_dataset,pca_rgb_reconstruction,zso5mgfe,test,normal,0,0.0002802702656481415
broach_dataset,pca_rgb_reconstruction,zt9zlo8h,test,normal,0,0.0002734412846621126
broach_dataset,pca_rgb_reconstruction,ztgbibf5,test,normal,0,0.0002446241269353777
broach_dataset,pca_rgb_reconstruction,ztshg8bh,test,normal,0,0.00048652588156983256
broach_dataset,pca_rgb_reconstruction,ztw6r9ru,test,normal,0,0.00030732882441952825
broach_dataset,pca_rgb_reconstruction,zu5240ky,test,normal,0,0.0002467418962623924
broach_dataset,pca_rgb_reconstruction,zv0gk67y,test,normal,0,0.00024832156486809254
broach_dataset,pca_rgb_reconstruction,zvyyo6cd,test,normal,0,0.0002545412571635097
broach_dataset,pca_rgb_reconstruction,zw0h3bfw,test,normal,0,0.00026670488296076655
broach_dataset,pca_rgb_reconstruction,zw64wzoz,test,normal,0,0.00025051803095266223
broach_dataset,pca_rgb_reconstruction,zwwcp8tj,test,normal,0,0.00025778121198527515
broach_dataset,pca_rgb_reconstruction,zxvkkzco,test,normal,0,0.00023995357332751155
broach_dataset,pca_rgb_reconstruction,zxxfxjfz,test,normal,0,0.00026405288372188807
broach_dataset,pca_rgb_reconstruction,zys03xjr,test,normal,0,0.0002600903098937124
broach_dataset,pca_rgb_reconstruction,zyv9binm,test,normal,0,0.00024484287132509053
broach_dataset,pca_rgb_reconstruction,zz0i0835,test,normal,0,0.00024346601276192814
broach_dataset,pca_rgb_reconstruction,zz9w48ni,test,normal,0,0.00027198559837415814
broach_dataset,pca_rgb_reconstruction,zzxh711n,test,normal,0,0.00018278574862051755
broach_dataset,pca_rgb_reconstruction,0ezzf8s2,test,anomaly,1,0.0006404554005712271
broach_dataset,pca_rgb_reconstruction,28f9sj2j,test,anomaly,1,0.0008456847863271832
broach_dataset,pca_rgb_reconstruction,36qsttgi,test,anomaly,1,0.0005850009038113058
broach_dataset,pca_rgb_reconstruction,69yblscm,test,anomaly,1,0.0006591842393390834
broach_dataset,pca_rgb_reconstruction,a9btds8y,test,anomaly,1,0.0012058848515152931
broach_dataset,pca_rgb_reconstruction,ar90escd,test,anomaly,1,0.0006724230479449034
broach_dataset,pca_rgb_reconstruction,d2kjrzcv,test,anomaly,1,0.0021486077457666397
broach_dataset,pca_rgb_reconstruction,ead49h1h,test,anomaly,1,0.0010199879761785269
broach_dataset,pca_rgb_reconstruction,eltap3lu,test,anomaly,1,0.0011022543767467141
broach_dataset,pca_rgb_reconstruction,f0nsgt6l,test,anomaly,1,0.000586324546020478
broach_dataset,pca_rgb_reconstruction,iblp1e6k,test,anomaly,1,0.0007465644739568233
broach_dataset,pca_rgb_reconstruction,ir41g20d,test,anomaly,1,0.00342446262948215
broach_dataset,pca_rgb_reconstruction,kdiaf02k,test,anomaly,1,0.0016742906300351024
broach_dataset,pca_rgb_reconstruction,ocoop2kt,test,anomaly,1,0.0005539291305467486
broach_dataset,pca_rgb_reconstruction,ojrt1ujv,test,anomaly,1,0.0013497128384187818
broach_dataset,pca_rgb_reconstruction,oyuawdrw,test,anomaly,1,0.000628363573923707
broach_dataset,pca_rgb_reconstruction,qxmcthph,test,anomaly,1,0.0009835684904828668
broach_dataset,pca_rgb_reconstruction,rvilap1j,test,anomaly,1,0.001517703291028738
broach_dataset,pca_rgb_reconstruction,ssn4rwby,test,anomaly,1,0.0011545715387910604
broach_dataset,pca_rgb_reconstruction,up2i0yh4,test,anomaly,1,0.0009699332294985652
broach_dataset,pca_rgb_reconstruction,uraeg9qo,test,anomaly,1,0.001020225347019732
broach_dataset,pca_rgb_reconstruction,utgshxm4,test,anomaly,1,0.0007765089394524693
