global_mse,global_mae,sve_7,sve_5,filename,label,split
0.00043936327,0.010973718,0.000774243,0.0007651707,00yac9b6.png,0,validation
0.00037927882,0.0104686385,0.00072826975,0.000617704,01ecfho9.png,0,validation
0.00031189693,0.009245177,0.0006775322,0.00066925824,01rpdbjb.png,0,validation
0.00034778734,0.0101330755,0.00070005434,0.0006270943,01ywejtw.png,0,validation
0.0004032757,0.01077234,0.00068262155,0.0006619799,02hhnnq8.png,0,validation
0.0010422533,0.013414741,0.0020069035,0.0016024484,02i89bne.png,0,validation
0.00034610057,0.010101066,0.0006377891,0.0005763439,02smpd9t.png,0,validation
0.00030627387,0.0094441,0.00068551564,0.000635819,030bxhe3.png,0,validation
0.00038253967,0.01051086,0.00073985965,0.0006706259,030jl4tn.png,0,validation
0.00033546376,0.009753064,0.0007792965,0.0007650452,03dcuvaj.png,0,validation
0.00041864614,0.010732449,0.00071092136,0.000571013,051qepd1.png,0,validation
0.00033816887,0.00979916,0.00077044236,0.00073237927,05520eak.png,0,validation
0.00038635283,0.01027557,0.00091853837,0.00090433523,05nxu89x.png,0,validation
0.00034376775,0.009805174,0.00080075493,0.00078765926,065x3drt.png,0,validation
0.0003610382,0.010236177,0.00062047556,0.0005737098,06sbov0j.png,0,validation
0.00030522296,0.009619728,0.0006701079,0.0005618058,07hpnpk2.png,0,validation
0.00029961712,0.009306381,0.0007271412,0.00058989,082xr8z7.png,0,validation
0.00036490266,0.009930952,0.0008262293,0.0008319314,08fmld08.png,0,validation
0.00032988552,0.009964852,0.0006575958,0.00056013,08kht9gr.png,0,validation
0.00028983873,0.009266826,0.00067389774,0.00055379624,096r9cs6.png,0,validation
0.000533847,0.0111924885,0.0015205708,0.0011768201,09tyaw7d.png,0,validation
0.00031218614,0.009472979,0.0006847299,0.0006757712,0a690q5n.png,0,validation
0.00034172068,0.009969435,0.0007210391,0.00068666175,0at3z4mg.png,0,validation
0.0003930337,0.010729664,0.0007007452,0.00061123265,0bmbaoqr.png,0,validation
0.00031289618,0.009488632,0.0007539976,0.0005979736,0d1bnyg4.png,0,validation
0.00040497916,0.010692193,0.000659858,0.0005948149,0f3eheut.png,0,validation
0.0004125323,0.010865734,0.00070234714,0.0006734862,0gd5n0gu.png,0,validation
0.00037139002,0.010314288,0.0006546087,0.00061889045,0gdjlf3a.png,0,validation
0.0002809037,0.009114593,0.0006579592,0.0005307652,0h8kw3fm.png,0,validation
0.00035814717,0.010229,0.00065877807,0.0005567388,0hizo25m.png,0,validation
0.00034079954,0.009815054,0.00082426553,0.0007086908,0i2ldsyj.png,0,validation
0.0003528867,0.010253351,0.0006301067,0.0006178395,0i3rc5vr.png,0,validation
0.00037149404,0.010022286,0.00085945404,0.0008715323,0ilfbaup.png,0,validation
0.00036831855,0.010351393,0.000673811,0.00059465773,0ion3xjr.png,0,validation
0.00032404065,0.009742215,0.00071488484,0.0007274536,0j1oulwo.png,0,validation
0.00041665474,0.010672726,0.000666281,0.0006112542,0jq84q8x.png,0,validation
0.00030406655,0.009497762,0.00066378835,0.00055872765,0jy67u6o.png,0,validation
0.0003493436,0.009597602,0.00087222445,0.0008465811,0k5fc34s.png,0,validation
0.00035770307,0.010160995,0.0006144946,0.0005508364,0k81ivzj.png,0,validation
0.00033735964,0.009868773,0.00077554095,0.00069816265,0kbc69ps.png,0,validation
0.000275338,0.008895215,0.00059154956,0.0005970507,0l1offkh.png,0,validation
0.0003879109,0.010614445,0.0007225724,0.0006345,0lsn6mhl.png,0,validation
0.00032307682,0.009602621,0.00072492135,0.00065167976,0mjaiq5s.png,0,validation
0.00034422337,0.00969041,0.0008436767,0.0008050641,0n3yjvug.png,0,validation
0.00034177743,0.0097912,0.00079712726,0.00075847015,0n938tfs.png,0,validation
0.00038205693,0.010506842,0.00067599205,0.0006341014,0nfjmxrb.png,0,validation
0.00040911604,0.010618751,0.0006766932,0.00058728183,0noq91ui.png,0,validation
0.00032049083,0.009663356,0.0007075275,0.00060759374,0okk0ojb.png,0,validation
0.00030342946,0.009393319,0.0006278536,0.0006332582,0osoh5v6.png,0,validation
0.00030921813,0.00943272,0.0006813201,0.0006364787,0pjjhb0n.png,0,validation
0.000308073,0.0094623035,0.000736255,0.00058883673,0pxyy9e5.png,0,validation
0.0003874599,0.0105280755,0.00065996626,0.00059306686,0qf1klgp.png,0,validation
0.00034934463,0.01018794,0.0006783487,0.0006353298,0r8qjppg.png,0,validation
0.00032355284,0.009579535,0.0007582527,0.00071379356,0rktoc19.png,0,validation
0.00035210053,0.010276876,0.00066141144,0.00057713833,0sav2p7b.png,0,validation
0.00035949502,0.010356287,0.00066041923,0.00062735967,0t9nlahn.png,0,validation
0.0008562889,0.012639731,0.0014675036,0.0013438585,0tcve8xw.png,0,validation
0.000339454,0.00988259,0.00062200025,0.0006312992,0twb0vaj.png,0,validation
0.00033240457,0.009738318,0.0007258771,0.0006798042,0twzyat0.png,0,validation
0.00036474902,0.009975497,0.00072968274,0.0007220991,0u8q7a4v.png,0,validation
0.00028670786,0.008784945,0.0007816546,0.00070997997,0ug12iau.png,0,validation
0.00031898168,0.009786691,0.0006716295,0.0006435435,0uszskzk.png,0,validation
0.00031022012,0.009603657,0.000701964,0.0005690459,0w7d53o9.png,0,validation
0.00039805874,0.0107185235,0.0006870909,0.00065480464,0wr0mirn.png,0,validation
0.000653833,0.0123276515,0.0014191549,0.0015504814,0xqtqv8e.png,0,validation
0.00037863923,0.010388109,0.0006296893,0.0005341976,0yyqwimh.png,0,validation
0.00030205873,0.0094606485,0.0006319666,0.00064203294,1029dg38.png,0,validation
0.0003482126,0.009681755,0.00080456916,0.00080299325,107jqnyv.png,0,validation
0.0003448797,0.0101938555,0.0006439616,0.00057296874,10dhhh4m.png,0,validation
0.000358182,0.009634927,0.0009810779,0.00091536035,10etl7hw.png,0,validation
0.00035513312,0.010246973,0.0006737059,0.00060136075,10g567aq.png,0,validation
0.00048865814,0.011440222,0.0008437847,0.0007882684,10q6fce1.png,0,validation
0.00033885264,0.009705811,0.0008025364,0.00071841135,10srqx8v.png,0,validation
0.000371561,0.01045508,0.0006633959,0.00065515237,12cplbj2.png,0,validation
0.00033543454,0.009959205,0.00068295683,0.00057804736,12ifmjjs.png,0,validation
0.00032070847,0.009901326,0.00065320317,0.0005464029,12itx93p.png,0,validation
0.0003565088,0.009916606,0.00079474936,0.0007898373,13jt29t2.png,0,validation
0.0009363505,0.013275098,0.0017610076,0.0013363794,147mq9w1.png,0,validation
0.000393141,0.010628853,0.0007136919,0.0006334603,14irz2u8.png,0,validation
0.00034685858,0.00982655,0.0007780932,0.0007767966,16d3cv0l.png,0,validation
0.0008075368,0.011927143,0.002641444,0.0017545732,16ehxl33.png,0,validation
0.0003028603,0.0093913805,0.0006517852,0.0006713411,173c7q25.png,0,validation
0.00039670698,0.01070711,0.0006979623,0.0006657812,178dlj1c.png,0,validation
0.00033587264,0.009989657,0.000633799,0.0005523629,17f0hom1.png,0,validation
0.00035240548,0.010185698,0.00066135934,0.00061368325,17u8mka0.png,0,validation
0.0003209009,0.009573711,0.00071393,0.00075458724,17yw1bsd.png,0,validation
0.00037039092,0.010426217,0.00066635374,0.0006055157,18az9oki.png,0,validation
0.0004026303,0.010826114,0.0006366734,0.00063481653,195m07uw.png,0,validation
0.00041805438,0.0106192045,0.0006939846,0.0006084664,1a0yj0vb.png,0,validation
0.00047774106,0.010976671,0.0011214043,0.00087321544,1a5672ts.png,0,validation
0.00033386186,0.009772418,0.00075803103,0.0006802904,1aj05fg2.png,0,validation
0.00031801776,0.0095903035,0.0006953355,0.00068813923,1arr5tgi.png,0,validation
0.00030267064,0.009494733,0.0006267251,0.00065310637,1auf0tj5.png,0,validation
0.0003398804,0.009921859,0.00068354985,0.0006259703,1b7b1r65.png,0,validation
0.00032765503,0.009550603,0.0007594063,0.00074772054,1c2g0rf1.png,0,validation
0.00032299035,0.0095058065,0.0006893762,0.00070332567,1c38memz.png,0,validation
0.00035152162,0.010239453,0.00068696716,0.0006018432,1cq59o1i.png,0,validation
0.00031891075,0.009887802,0.0006111571,0.00055614015,1d6fiz79.png,0,validation
0.00033047656,0.009639168,0.0008078904,0.00072100945,1dg972hs.png,0,validation
0.0003751318,0.009485612,0.0006826461,0.0007129352,1dgtg6zo.png,0,validation
0.00050173415,0.011201747,0.0011867979,0.0009251766,1dirsc64.png,0,validation
0.00046008106,0.010941533,0.0010126927,0.00076541945,1dqmqt46.png,0,validation
0.00029342907,0.009277101,0.0006237303,0.0006311709,1epxu7b6.png,0,validation
0.000328489,0.009496384,0.0007882216,0.0007719674,1ff9vbkf.png,0,validation
0.00041257346,0.010705062,0.00064638833,0.000596274,1frx9zxo.png,0,validation
0.0003025218,0.00939837,0.000704916,0.0006016625,1fx6vb6p.png,0,validation
0.00034167155,0.009755335,0.00075478555,0.0007658513,1gbihiuq.png,0,validation
0.00028396212,0.009060445,0.0006214307,0.00060594466,1ghlu8m8.png,0,validation
0.00030982535,0.009470946,0.0006787226,0.000643308,1gtyqh05.png,0,validation
0.00034292648,0.00985676,0.0008257693,0.00068361155,1h1e1tnb.png,0,validation
0.00038069222,0.0104569895,0.00066531403,0.00062504614,1i5kbqpv.png,0,validation
0.00035201423,0.009679044,0.0008860279,0.0008410014,1im3l0te.png,0,validation
0.00053286366,0.011200605,0.0013832379,0.0010342863,1ixbctp4.png,0,validation
0.0006391311,0.01210727,0.001465421,0.0015949282,1j67kjfc.png,0,validation
0.00035003264,0.010051676,0.0006718301,0.0005678699,1jquwjfy.png,0,validation
0.00032137916,0.009546893,0.0006991879,0.0007126978,1kjs08rw.png,0,validation
0.00031974306,0.009558646,0.000715847,0.00071879925,1kwqjl8e.png,0,validation
0.0005275162,0.01133672,0.0012546291,0.00093907147,1m045v7w.png,0,validation
0.00035095905,0.009932377,0.00077811047,0.00070060807,1m7qo6nm.png,0,validation
0.00038413153,0.010382803,0.00063984445,0.00054941897,1mkr3qe9.png,0,validation
0.0005331197,0.0108972145,0.0015266476,0.0011379973,1ndcs1uy.png,0,validation
0.0006213988,0.010925429,0.001394057,0.0013540939,1o2y1eju.png,0,validation
0.00036872292,0.010179096,0.0007319909,0.0007423268,1ph3kkzw.png,0,validation
0.0009847197,0.013214662,0.001750641,0.001657133,1pms8yrq.png,0,validation
0.0010558111,0.013698701,0.0020882972,0.0015483132,1pz2qrut.png,0,validation
0.00031536544,0.009568403,0.0006692891,0.0006246953,1rdolpgu.png,0,validation
0.00038475828,0.010515235,0.0006483219,0.00059076236,1ryrsjby.png,0,validation
0.00032463312,0.009510926,0.0007451024,0.00074226846,1trv62sb.png,0,validation
0.00034512722,0.010100421,0.00066326134,0.0005667413,1u6nmp9k.png,0,validation
0.00038569662,0.010616085,0.000735978,0.0006318957,1ut65ix4.png,0,validation
0.00036848264,0.010315893,0.0006700063,0.0006502073,1uy9kftq.png,0,validation
0.00029529902,0.0092992,0.00063248695,0.0006492443,1v2w9y49.png,0,validation
0.00041699325,0.010873634,0.00077668705,0.00071962184,1v7k3d5o.png,0,validation
0.0003296888,0.0099548455,0.00069257466,0.000583605,1v95t8xw.png,0,validation
0.00064622826,0.012338326,0.0014717362,0.0015147201,1vrkf4ht.png,0,validation
0.00029973246,0.009557905,0.00065058464,0.0005720941,1w0xwxvt.png,0,validation
0.00031309415,0.009407136,0.00072659104,0.00067456067,1w2ognqr.png,0,validation
0.0004094857,0.01070405,0.0006340303,0.00059750665,1w9u3k5t.png,0,validation
0.00037469322,0.010344375,0.0006533117,0.0006537468,1ymsaw1w.png,0,validation
0.0003509117,0.009792135,0.00075184245,0.00077592884,1yqmblms.png,0,validation
0.000303939,0.009487712,0.0006945386,0.00057471555,201xcerb.png,0,validation
0.00035062528,0.010221175,0.00065239536,0.00054981513,21m8cc8t.png,0,validation
0.00033449515,0.009836495,0.00077423215,0.0006620823,21y39hdj.png,0,validation
0.00029682252,0.0092340885,0.00064747914,0.0006366007,22xmq664.png,0,validation
0.00039984484,0.010742084,0.00067557493,0.00064463454,22z0sd0z.png,0,validation
0.00048720403,0.01107634,0.0011457762,0.00089401985,23gz29jl.png,0,validation
0.00034148621,0.009935504,0.0007054276,0.0006146445,253of0gl.png,0,validation
0.00032691425,0.009583828,0.00069966755,0.00070211006,25a409tn.png,0,validation
0.00028949234,0.009433801,0.00064311497,0.00055854407,261tcrqx.png,0,validation
0.0003663892,0.010290465,0.00059899833,0.0005830217,27nsexhx.png,0,validation
0.00029562242,0.009267682,0.00063522323,0.0005525607,28msabbk.png,0,validation
0.00029824226,0.009362983,0.00066426775,0.0005657676,29g7jpyj.png,0,validation
0.00039694586,0.010635949,0.0006549588,0.00061911374,29hjkhf0.png,0,validation
0.00031386202,0.009533736,0.0006847751,0.0006293992,29tei54k.png,0,validation
0.00031184973,0.009387245,0.00069650076,0.0006353303,2a2g7lee.png,0,validation
0.00033447752,0.009802691,0.00071635953,0.0007335861,2bbwwg2l.png,0,validation
0.0003175035,0.009647446,0.000648464,0.0006644092,2c6x3wn8.png,0,validation
0.00031095996,0.009555538,0.00070248364,0.00061009283,2dfxfswj.png,0,validation
0.00037830565,0.010470588,0.0006889664,0.0005751862,2e1jx398.png,0,validation
0.0003143088,0.009614139,0.0006544397,0.000658863,2e8cx2zl.png,0,validation
0.00028604787,0.009308473,0.00063294993,0.00058191654,2gt30gch.png,0,validation
0.00036985838,0.010436414,0.00065932196,0.00058087433,2gxrl6fv.png,0,validation
0.0003647534,0.010383121,0.0006591186,0.00061277684,2ih2zgl1.png,0,validation
0.0003070952,0.009438262,0.00063152245,0.000610525,2imm5vaq.png,0,validation
0.00029907934,0.009480888,0.0006882704,0.00058372866,2kktbk5p.png,0,validation
0.00032770744,0.009576749,0.0007961549,0.0007747456,2l089emt.png,0,validation
0.00047706268,0.010821341,0.0010939726,0.0008244432,2l9br7go.png,0,validation
0.00036161498,0.010363206,0.0006764996,0.0006150189,2m26l9fg.png,0,validation
0.0011023142,0.013676515,0.00234988,0.001741894,2m3presc.png,0,validation
0.00033533093,0.0100107575,0.0006968183,0.00059337245,2mngtmf4.png,0,validation
0.0003440703,0.010124066,0.0006434174,0.0005538277,2mr1lolz.png,0,validation
0.00028619892,0.009397916,0.0006579837,0.0005479086,2msgqgv8.png,0,validation
0.00031757436,0.0094006825,0.000678508,0.0006906892,2nf1fk29.png,0,validation
0.0008822099,0.012970337,0.0016342863,0.0015168657,2o54wzeo.png,0,validation
0.00030663668,0.009287299,0.0006723769,0.00068073726,2ovaal7y.png,0,validation
0.00040572387,0.0107358,0.00067998434,0.0006137956,2pqqxsja.png,0,validation
0.00039549294,0.0103904335,0.00088534475,0.0008435192,2qc6dr08.png,0,validation
0.0003650311,0.010195761,0.00064543396,0.0005630665,2qnilehd.png,0,validation
0.00033324395,0.009707692,0.00079716457,0.00076530036,2rntjlmz.png,0,validation
0.00032945414,0.010024522,0.0006656817,0.0005715392,2rtqtmgk.png,0,validation
0.00030561487,0.009475039,0.0006335886,0.00063453364,2rup7fah.png,0,validation
0.0004694403,0.0110364165,0.0007567168,0.0006581049,2s0wkobp.png,0,validation
0.00097609864,0.013253502,0.0017870944,0.0013954845,2sou5qit.png,0,validation
0.00034973273,0.009738077,0.00082925486,0.00080506003,2spqb957.png,0,validation
0.0003494617,0.009816913,0.0007821279,0.0007762691,2sxs9lbt.png,0,validation
0.00041420365,0.010861383,0.0007368861,0.0006367658,2t5fnoa5.png,0,validation
0.0005578292,0.011182703,0.001537023,0.0011447893,2t6297se.png,0,validation
0.0008936677,0.012995781,0.0016775946,0.0015306622,2uoxojgq.png,0,validation
0.00033364462,0.009726966,0.0007255452,0.00068761024,2uqu4jvj.png,0,validation
0.0004001911,0.010555031,0.0006351491,0.0006000433,2utcnowe.png,0,validation
0.0003630753,0.010392298,0.0006503933,0.0006085783,2vde8w7j.png,0,validation
0.00030475447,0.009508146,0.0007450516,0.0005900677,2vhak2x9.png,0,validation
0.00034955825,0.010166045,0.0006785635,0.0005961848,2vqe53hc.png,0,validation
0.0003208847,0.009642856,0.00075773895,0.0006242937,2vv6rbg9.png,0,validation
0.00031839003,0.009525388,0.00070856506,0.0006528094,2wzzxqhk.png,0,validation
0.00035433145,0.009662963,0.0009377746,0.00084402,2xk2e4r6.png,0,validation
0.0002994049,0.009365196,0.00069069845,0.0005565547,2xw1288k.png,0,validation
0.00048694224,0.01154072,0.000790808,0.0007351858,2yjbsjgy.png,0,validation
0.00042488996,0.0109460065,0.0007159997,0.000637772,2yoc7rr7.png,0,validation
0.00039888517,0.010558475,0.00064846483,0.00056088524,2yzdzirl.png,0,validation
0.00055023475,0.010959074,0.0015602146,0.0013961181,2zp03km8.png,0,validation
0.00052066124,0.010766249,0.0013954317,0.0012586935,302qd2ew.png,0,validation
0.00030737845,0.009033409,0.0007494433,0.0007213142,31fi0n6d.png,0,validation
0.00036419003,0.010340848,0.0006907758,0.0006387675,326eezfw.png,0,validation
0.00033606126,0.009745753,0.0008104256,0.00076641655,32vzofv1.png,0,validation
0.00033565314,0.009931572,0.0007298141,0.00057048106,3371z5qs.png,0,validation
0.0003528759,0.0098423995,0.00087958964,0.0008459898,34h2znit.png,0,validation
0.0003439157,0.010085322,0.00065416546,0.0006019824,34ng5ojl.png,0,validation
0.00030350138,0.009686038,0.00062691,0.00051082624,3531qoll.png,0,validation
0.0003748344,0.010430615,0.000694052,0.00064153277,357ny16o.png,0,validation
0.00029872448,0.009450202,0.00068593986,0.0005519799,3663xro8.png,0,validation
0.00034626774,0.009799028,0.0007896673,0.000738175,36b5co5j.png,0,validation
0.00031504722,0.009576191,0.0006788744,0.00069901097,36l79nyp.png,0,validation
0.00034268698,0.00981496,0.0007936163,0.0007728072,36wdpcsu.png,0,validation
0.00034857844,0.009671743,0.0008035637,0.0007661283,373tbo5z.png,0,validation
0.00031308923,0.009415175,0.0007734352,0.00067450095,374b433w.png,0,validation
0.00031881893,0.009533008,0.00068008696,0.00068831356,375m5iu2.png,0,validation
0.0003731341,0.010024931,0.0009839676,0.00091291155,385a9gu7.png,0,validation
0.00036987927,0.010100035,0.00093180506,0.0009113536,399gnv0k.png,0,validation
0.000431761,0.010703309,0.0006903571,0.0006517344,39d7yfik.png,0,validation
0.0003451252,0.01018667,0.0006417386,0.000566411,39rluc01.png,0,validation
0.00038476507,0.010532898,0.00064139813,0.0005482016,39vwdl8i.png,0,validation
0.00030192084,0.00946976,0.00070242846,0.00057308766,3afedcse.png,0,validation
0.00031843467,0.009585316,0.00066401187,0.00061910274,3bsy3onx.png,0,validation
0.00029500984,0.009271638,0.00064147357,0.0005691117,3c9xqym5.png,0,validation
0.00052133464,0.010717748,0.0014510901,0.0012872673,3cqui9mj.png,0,validation
0.00038331482,0.010466013,0.00063531415,0.00061490986,3d06vbm6.png,0,validation
0.00029459415,0.009402606,0.00065200106,0.0005620937,3dgok3uy.png,0,validation
0.00030072103,0.009208304,0.0006741812,0.000682667,3dhtg1d9.png,0,validation
0.00032896933,0.009549541,0.00075361313,0.000741296,3dxvbcvc.png,0,validation
0.0003419651,0.009905264,0.0007452304,0.0007432141,3e54n6o9.png,0,validation
0.00037729883,0.010287312,0.00072410644,0.00072077976,3egdbya3.png,0,validation
0.00035018314,0.009910632,0.0007667643,0.0007403046,3ernyqh5.png,0,validation
0.00036501104,0.010252596,0.0006765929,0.00055204215,3et55m37.png,0,validation
0.00039544297,0.010636747,0.00066850224,0.0006257706,3evx2or6.png,0,validation
0.00030908524,0.009449583,0.00069790974,0.00064029946,3gr87p04.png,0,validation
0.00029625694,0.009341928,0.0006074057,0.0006219188,3h7t6udo.png,0,validation
0.00031024253,0.009327375,0.00065723073,0.00065686624,3hesh3pf.png,0,validation
0.00031637034,0.009537108,0.00068552885,0.00068272516,3hwpz6k0.png,0,validation
0.00038913134,0.010485956,0.0007428971,0.0006371787,3jv7u98x.png,0,validation
0.00033417414,0.009976046,0.00061535876,0.00059870107,3k62uawc.png,0,validation
0.00041532022,0.010804097,0.00067278993,0.00063442154,3kc98d6q.png,0,validation
0.00040314306,0.010756658,0.0007726106,0.0007288004,3kmfrg9o.png,0,validation
0.0003463736,0.010053584,0.00074960967,0.0007182289,3m6a1k42.png,0,validation
0.00030853867,0.009352649,0.00072877307,0.0006990065,3m9iqbq9.png,0,validation
0.00029440058,0.009400457,0.00062041625,0.00057760597,3mpv9wxn.png,0,validation
0.00052481424,0.011281373,0.0012526591,0.000932664,3p8zpfr2.png,0,validation
0.00034158002,0.010087137,0.00070337876,0.0005822333,3ppczo35.png,0,validation
0.0003915016,0.010608003,0.00066941854,0.0005855628,3qoi5g6x.png,0,validation
0.0004260694,0.01081669,0.0006979091,0.000628744,3qw522hr.png,0,validation
0.00042988374,0.010820529,0.00067637616,0.0006031081,3qwbmner.png,0,validation
0.00033623807,0.010069663,0.0006508675,0.00057437265,3r5jm7yp.png,0,validation
0.00038372332,0.010512715,0.0006596861,0.0006146104,3rfnksls.png,0,validation
0.00034618028,0.0098885335,0.00075219746,0.0007444412,3rp3ha5x.png,0,validation
0.00028884216,0.009422406,0.0006271708,0.0005711708,3rsvz2e1.png,0,validation
0.0003586965,0.0102318525,0.0006275912,0.00055232394,3rx5lfzf.png,0,validation
0.00040484793,0.01064654,0.0006561353,0.0005821562,3suy3jhw.png,0,validation
0.00030373663,0.00946186,0.00067121745,0.0006738547,3t9lp2e2.png,0,validation
0.0003726722,0.010379232,0.0006883125,0.00062217296,3ueei69g.png,0,validation
0.0003576703,0.0102421725,0.0006972988,0.0006367526,3v31hw3d.png,0,validation
0.00093009585,0.014221304,0.0018302919,0.0015706936,3vu0bi7n.png,0,validation
0.00028779128,0.009243631,0.0006814713,0.00055849215,3wgtypdi.png,0,validation
0.00037043533,0.010413249,0.000664711,0.0005644442,3wi0dwcg.png,0,validation
0.00039924527,0.010469564,0.00065347715,0.00060636154,3wmbbqmt.png,0,validation
0.00028780595,0.009198165,0.00058897334,0.0005960628,3wy61fiv.png,0,validation
0.001024737,0.013527032,0.0022991374,0.0017022155,3wytt52h.png,0,validation
0.00032935254,0.0095011555,0.0007505924,0.000736961,3xme3y90.png,0,validation
0.00030628746,0.009471668,0.0006334665,0.00062406535,3xr9d129.png,0,validation
0.0003533172,0.01014396,0.000664744,0.00059218716,3zfwqmdb.png,0,validation
0.00052808237,0.010818081,0.0014379309,0.0012982655,40jag5ai.png,0,validation
0.0010771382,0.013774148,0.0022122965,0.0016398156,40vcd97l.png,0,validation
0.0002774636,0.009107836,0.0005682385,0.0005448332,419fg4ub.png,0,validation
0.0010430594,0.013605092,0.0021973995,0.0016278866,44e2pb9u.png,0,validation
0.00038485683,0.010477677,0.0006733397,0.00058634236,44u236i2.png,0,validation
0.0003088391,0.009360604,0.00070811046,0.0006186076,450xpoi7.png,0,validation
0.0003374781,0.009669977,0.00082768034,0.0007674222,458ax40d.png,0,validation
0.0003461039,0.010175234,0.0006235616,0.0005753698,45ez6250.png,0,validation
0.00035227078,0.010283846,0.00068317325,0.00056054024,45w0pwue.png,0,validation
0.0003950675,0.010469702,0.0006684899,0.00059085095,462tyjh4.png,0,validation
0.0004136878,0.010799652,0.0006661315,0.0006032089,46j3cewf.png,0,validation
0.00031351525,0.009388791,0.0007342299,0.0007195019,46nz3ha6.png,0,validation
0.00031337963,0.009607932,0.0007022463,0.00062169915,48cw0bgi.png,0,validation
0.0002802543,0.009250845,0.0006137175,0.00054018217,48nysj5y.png,0,validation
0.00031574437,0.009646049,0.00064608187,0.0006618833,48y1o4iz.png,0,validation
0.0003536086,0.0097336145,0.00094044366,0.0008642962,497ocrvs.png,0,validation
0.00030677373,0.009478077,0.00065545575,0.0006809809,49ik3tdw.png,0,validation
0.0003957546,0.010548313,0.00062897685,0.00058052794,4ax2uhej.png,0,validation
0.0003595086,0.010302809,0.0006728749,0.00061945396,4b49rpnf.png,0,validation
0.0003143005,0.009641393,0.000731306,0.00059688586,4b7klzts.png,0,validation
0.00031182263,0.009484832,0.00069568516,0.00062322576,4c2y4j58.png,0,validation
0.00032195414,0.009405261,0.00074587896,0.0007359455,4cj3ssxt.png,0,validation
0.00035360508,0.0101961205,0.0007402535,0.0005826621,4cn60dof.png,0,validation
0.00038409317,0.010528502,0.00066181575,0.00067317387,4cp5gt0b.png,0,validation
0.00054558594,0.011173117,0.0014925217,0.0011167569,4czovfv7.png,0,validation
0.00036241836,0.009822449,0.000948908,0.0008764962,4dxs16xq.png,0,validation
0.00032934998,0.0096815135,0.00068441575,0.0006578281,4eg19lxw.png,0,validation
0.00044064908,0.010669381,0.00077084324,0.0006083652,4f1omdt7.png,0,validation
0.00029899992,0.00929764,0.00064187794,0.0006335119,4f2zdfpp.png,0,validation
0.00036317643,0.010052513,0.0008179537,0.00081852183,4f3unfc4.png,0,validation
0.00039529978,0.010650902,0.00068509695,0.00059415796,4f6406kn.png,0,validation
0.00029975065,0.009554783,0.00066801434,0.0005662084,4giu5dsj.png,0,validation
0.0003928827,0.010570772,0.000669869,0.0005891998,4ihrligd.png,0,validation
0.0010323059,0.013652078,0.0022138509,0.0016386047,4imhj0qz.png,0,validation
0.0003513403,0.009979177,0.0006497358,0.00065270124,4ivsolml.png,0,validation
0.00029599038,0.009327251,0.0006226148,0.0005932295,4ix0hy9k.png,0,validation
0.00030459755,0.009416926,0.0007454192,0.00058133045,4k40srod.png,0,validation
0.00032398483,0.009576287,0.0007879645,0.0007484544,4k5ogz2u.png,0,validation
0.0011144204,0.013653076,0.002508964,0.0018570438,4kxscaef.png,0,validation
0.00034335055,0.010113625,0.0006280858,0.0006175335,4l0xyt9r.png,0,validation
0.0003180555,0.009462661,0.00073924597,0.00068883016,4l3nydvo.png,0,validation
0.0010399533,0.013617955,0.0021834474,0.0016164706,4l9abq5k.png,0,validation
0.00029570961,0.009390336,0.0006410543,0.00059276674,4lgotzp1.png,0,validation
0.0003545806,0.010203448,0.0006752994,0.00058692135,4lr53htx.png,0,validation
0.00030446326,0.009451871,0.0006516588,0.00060503336,4m23f0rb.png,0,validation
0.0002993709,0.009452529,0.0006976977,0.0005773471,4m8nmkwc.png,0,validation
0.0005605953,0.011252291,0.0015764866,0.0011766477,4mbbdxot.png,0,validation
0.00030669422,0.009432336,0.00067091594,0.0006121708,4mtma07m.png,0,validation
0.0004036655,0.010755007,0.0006892321,0.0006049741,4nf15jdo.png,0,validation
0.00034432148,0.009857204,0.0007593625,0.0007904517,4nkswgn3.png,0,validation
0.0004193875,0.010604912,0.0006663712,0.00062082027,4nr93jp5.png,0,validation
0.00036198876,0.0099892905,0.0008261214,0.00083694386,4opnnw28.png,0,validation
0.0008952629,0.013054679,0.0015925126,0.0013951506,4p3ij2kt.png,0,validation
0.00031394823,0.009437762,0.0007425569,0.00063046144,4phq2sag.png,0,validation
0.0003040854,0.009481979,0.00066069595,0.000576555,4qd102kk.png,0,validation
0.0003528609,0.010177317,0.00067716127,0.00061787805,4rb4asfr.png,0,validation
0.00040433012,0.010755557,0.00069832784,0.00061048,4rj2ckni.png,0,validation
0.0007606303,0.01195851,0.0027265593,0.001792024,4s37kch9.png,0,validation
0.00037024976,0.010107051,0.00089976826,0.0008175334,4sbc85ws.png,0,validation
0.000295032,0.009300273,0.0005948191,0.0006200754,4sk2mlfd.png,0,validation
0.00032435165,0.009565396,0.0007949037,0.0006819956,4sln974y.png,0,validation
0.00053009664,0.010944755,0.0015201827,0.0011322643,4tjmjiq3.png,0,validation
0.0003708098,0.010369037,0.00061720976,0.00061937363,4tmttqmf.png,0,validation
0.00040851493,0.010685613,0.00071608333,0.0006048688,4tvwa317.png,0,validation
0.00043716392,0.010814321,0.0007169716,0.0006676221,4u88yy5a.png,0,validation
0.00031753175,0.009543472,0.00069420337,0.00064106344,4ujugrxp.png,0,validation
0.00030061806,0.009383568,0.0006479785,0.0006303757,4w713qnv.png,0,validation
0.0002905322,0.009276002,0.0006584119,0.000562323,4wfugeg1.png,0,validation
0.0003015944,0.009399099,0.00067477615,0.0006667064,4wnsmw5g.png,0,validation
0.00040823102,0.010524547,0.00067384297,0.00059696846,4wyc8vwb.png,0,validation
0.00031987988,0.009646356,0.0006932875,0.00067793526,4xekz83y.png,0,validation
0.00045060026,0.010718912,0.00092898397,0.00069769763,4xg8i41r.png,0,validation
0.0004102336,0.010505545,0.0006793233,0.00067198486,4xv2svi3.png,0,validation
0.0003837955,0.010398763,0.0006568994,0.00060217443,4ye4p0yd.png,0,validation
0.0003199217,0.009516064,0.000760989,0.00075489096,4yl1w9jp.png,0,validation
0.00034047826,0.009986033,0.0007654564,0.0006208858,4ymljyaw.png,0,validation
0.00038887843,0.0104345875,0.0006490598,0.0006041333,4z80uvg7.png,0,validation
0.00031037486,0.009608281,0.00068857585,0.0005728642,4zh6atjr.png,0,validation
0.00030220347,0.009501846,0.00072596746,0.0005729741,4zuz0pjq.png,0,validation
0.00060691335,0.011019694,0.001937293,0.0012376641,50k3tw43.png,0,validation
0.00033702067,0.009820419,0.00069645495,0.0007040314,51g7v2vd.png,0,validation
0.00030283036,0.00922704,0.000715961,0.0006957343,53dyjxm8.png,0,validation
0.00032265365,0.0096585285,0.00071768527,0.0006985492,5407k5w1.png,0,validation
0.00037373576,0.010165469,0.0007434877,0.0007467606,547t3k9o.png,0,validation
0.00029986963,0.009256078,0.0006634924,0.00065996626,5482q78e.png,0,validation
0.00030414708,0.00941983,0.0006733734,0.00066589046,54gylbi1.png,0,validation
0.00034221043,0.009810096,0.0007555041,0.00074491836,54h7dxhx.png,0,validation
0.00037999605,0.010240485,0.00078481174,0.00075685524,54kaxkhi.png,0,validation
0.00043936458,0.010859774,0.0006961625,0.00058828044,54qygkc1.png,0,validation
0.00032171627,0.009559158,0.000730849,0.00071742485,55j2o7s3.png,0,validation
0.00031512306,0.009612056,0.0007471633,0.00061148155,563vrbj8.png,0,validation
0.00038162305,0.010482068,0.0006848156,0.0006447069,58b79rcb.png,0,validation
0.0008763292,0.012907743,0.0015419214,0.0013980366,58dkvczh.png,0,validation
0.00037828644,0.010500332,0.0006907529,0.00065944484,590j1xzs.png,0,validation
0.00041199668,0.009894846,0.0009397854,0.00092462817,595rfljm.png,0,validation
0.00055013935,0.011235005,0.00097610604,0.00082245003,5a8r63gq.png,0,validation
0.0005296507,0.010919889,0.0014282352,0.0010660698,5ai4324h.png,0,validation
0.00037873138,0.010537325,0.0007498168,0.00068681495,5al5lk2y.png,0,validation
0.00033956693,0.009715887,0.000739894,0.00077191717,5brfj7ko.png,0,validation
0.00040853018,0.010656809,0.0007005627,0.00061822863,5bz2k1vg.png,0,validation
0.00059840333,0.010996517,0.0018486879,0.0014525544,5c157gth.png,0,validation
0.00033272695,0.009729201,0.0007743716,0.00067689596,5c4z6v3b.png,0,validation
0.00043441387,0.0104078,0.0007959186,0.0008017235,5c5jaxf8.png,0,validation
0.0003137533,0.009514838,0.00068745477,0.0006706239,5cj2mtuo.png,0,validation
0.00032751457,0.009702619,0.00067729695,0.0006900094,5d0p92k3.png,0,validation
0.00034419887,0.00967333,0.00083560403,0.0008121507,5e0fnvdh.png,0,validation
0.00033426337,0.009673931,0.0007091178,0.00070600206,5e47rhow.png,0,validation
0.00033409262,0.009867675,0.00062457006,0.00064073247,5eltfebe.png,0,validation
0.0009593338,0.013066447,0.001953419,0.0014583104,5ggt8j3a.png,0,validation
0.00033792615,0.00988763,0.00072829885,0.0006320059,5gkkoos7.png,0,validation
0.00039068155,0.010444203,0.0006590663,0.000553698,5h3mk5u6.png,0,validation
0.00034770538,0.010295953,0.00063102634,0.00058760116,5hg3l0ur.png,0,validation
0.0003351102,0.009697917,0.0007501602,0.00071886583,5hil1b8w.png,0,validation
0.00030808194,0.009436526,0.0007180306,0.000681642,5i9eq5qf.png,0,validation
0.0003575214,0.010283342,0.000636445,0.0005722034,5ixmectt.png,0,validation
0.0009960439,0.013331907,0.001793963,0.0016075936,5iy5dxjz.png,0,validation
0.00029591282,0.009356626,0.00066391745,0.00059511757,5labeul5.png,0,validation
0.00028940686,0.0091434335,0.00063571444,0.0006362263,5n9c70pa.png,0,validation
0.00037773768,0.010421206,0.0006983683,0.0006034138,5nidd9n3.png,0,validation
0.00030574042,0.009384873,0.0007164784,0.0006231801,5ojfh47c.png,0,validation
0.0003857322,0.010326845,0.0007354305,0.0006021222,5ooae1fv.png,0,validation
0.0003424667,0.010074663,0.0006809873,0.0006455436,5ptv2do1.png,0,validation
0.00041783482,0.010899515,0.00067594874,0.00067563663,5qhae27s.png,0,validation
0.00033365458,0.009773453,0.0007940916,0.00068816444,5qrys5i8.png,0,validation
0.0003437434,0.009744675,0.00079125096,0.000770742,5r5ppjd8.png,0,validation
0.0009816586,0.01308983,0.0019184385,0.0014442978,5rcyfhtj.png,0,validation
0.00034744645,0.010130028,0.0006661176,0.000593863,5rhl6f6c.png,0,validation
0.00096011115,0.013192704,0.0018900547,0.0014605509,5rpe5xe4.png,0,validation
0.0003573534,0.010255058,0.0006743366,0.0005610244,5sfhtt0r.png,0,validation
0.00036117324,0.00993403,0.00085249083,0.00082409166,5swlrjxs.png,0,validation
0.00028982147,0.009211925,0.00066707155,0.00061399536,5t6v8vlq.png,0,validation
0.00048681285,0.011437953,0.0008860243,0.00081296614,5tq7gjpv.png,0,validation
0.00034780643,0.009808302,0.00076876883,0.0007703189,5tx69va9.png,0,validation
0.00040246663,0.010681174,0.00074516423,0.0006403168,5vnjupjc.png,0,validation
0.00040883818,0.010683938,0.0006439313,0.00056056667,5wak2win.png,0,validation
0.0003570989,0.01012581,0.0007646414,0.00075735484,5wnwr7gf.png,0,validation
0.00035470966,0.009879192,0.00085756666,0.0008498883,5wujf7bu.png,0,validation
0.00068082253,0.011370596,0.0015450672,0.0015481916,5wxj5s9r.png,0,validation
0.0010293697,0.0134404255,0.0019883541,0.0015864987,5x5iq8kn.png,0,validation
0.00029257062,0.009274889,0.0007160326,0.00059759646,5xiifszg.png,0,validation
0.00042326385,0.010970002,0.0007250637,0.00064814143,5y3k0s2d.png,0,validation
0.00031426718,0.009372281,0.00069033593,0.0006875022,5yq8o5m4.png,0,validation
0.00033050394,0.009727294,0.0007271462,0.0006443643,5ysizsxs.png,0,validation
0.0003866657,0.010357463,0.00069319643,0.0005287779,5z66e5ci.png,0,validation
0.0003312728,0.009716849,0.0006988875,0.0007169325,602v02av.png,0,validation
0.00032562832,0.009871048,0.0006290787,0.0005697015,60swucsd.png,0,validation
0.0002853663,0.009183689,0.00061677693,0.00059495907,615payj3.png,0,validation
0.00032828967,0.009491816,0.00077664724,0.0007307649,61dr551b.png,0,validation
0.00029979227,0.009382461,0.0007423226,0.0005651611,62pjtjrk.png,0,validation
0.0004392311,0.01084885,0.0007011514,0.00070375093,62xa9xv9.png,0,validation
0.0003975112,0.010629327,0.0006692779,0.0006092274,634q19k9.png,0,validation
0.0003084206,0.009543234,0.0007337843,0.0005899621,63k7ijng.png,0,validation
0.00039239833,0.010561225,0.0006662917,0.00060261553,63mj3y68.png,0,validation
0.00035624232,0.01027578,0.0006902765,0.00063574174,642ohhjm.png,0,validation
0.0003640345,0.010051891,0.00090061175,0.0008018121,64u84rlv.png,0,validation
0.00031683402,0.009660737,0.00072411785,0.0006561508,6583gqvb.png,0,validation
0.00030336087,0.0093482025,0.0006585073,0.00066861685,65efuxq9.png,0,validation
0.00036513552,0.0102747,0.00073196186,0.0006795658,65qtta2q.png,0,validation
0.0003391291,0.009708081,0.0007313521,0.0007518821,6789uxc3.png,0,validation
0.00053523516,0.011303063,0.0011093523,0.00083475094,67ja322x.png,0,validation
0.0003534495,0.009824411,0.0008515284,0.00081899704,68axu8xy.png,0,validation
0.0002868844,0.009098587,0.0006176734,0.00063194695,68cfff8t.png,0,validation
0.00032697406,0.009900429,0.00065776834,0.0006068221,68ipoyey.png,0,validation
0.00042527594,0.010946425,0.00073137286,0.00067236135,68umrkf1.png,0,validation
0.00030335307,0.00929098,0.0007126414,0.00068796054,69ugnekr.png,0,validation
0.0003171242,0.009617854,0.0007209524,0.00068022485,6agus9vl.png,0,validation
0.00041486477,0.010797783,0.0006836478,0.00067886524,6aonotgv.png,0,validation
0.00041849454,0.010673853,0.0006528075,0.0005880737,6b5tshf9.png,0,validation
0.00031693428,0.009648331,0.0007414339,0.00060890487,6clf188w.png,0,validation
0.00033005376,0.009666995,0.0007496201,0.00070659653,6cuy5sq3.png,0,validation
0.0009126665,0.012992479,0.0016110556,0.001511971,6e2i2bea.png,0,validation
0.0010161033,0.01320172,0.0020757194,0.0015423167,6e99744b.png,0,validation
0.00030804667,0.009710603,0.0006033014,0.00050936535,6erkauwb.png,0,validation
0.00032009013,0.0096282195,0.0007171465,0.0006903206,6f67y7kq.png,0,validation
0.00027837596,0.009110511,0.0006824218,0.00053410063,6fky61pg.png,0,validation
0.00039523287,0.010049712,0.0010864119,0.0009935752,6g5rpzwf.png,0,validation
0.00040054228,0.010558229,0.00063131505,0.0005654371,6gv6z4fk.png,0,validation
0.0004936011,0.010929234,0.0011540569,0.00086219027,6gz10vgp.png,0,validation
0.0004558637,0.011073621,0.0007172412,0.0006784434,6h1ob4z2.png,0,validation
0.00036221097,0.010236209,0.00066477153,0.0006004588,6ik7ziem.png,0,validation
0.00033984453,0.009826859,0.00085720234,0.00071041,6inuwfcb.png,0,validation
0.0004020958,0.010382782,0.0008261108,0.00082003337,6iyiheut.png,0,validation
0.00034537012,0.010132215,0.00061989285,0.000562237,6jqdzk5a.png,0,validation
0.00028437134,0.009246348,0.0006681351,0.0005566494,6jualnha.png,0,validation
0.00030693042,0.0093218945,0.0006460815,0.0006732941,6jz0gcq8.png,0,validation
0.00036080024,0.010281582,0.00060723926,0.0005816358,6ke7grsj.png,0,validation
0.0003887212,0.009983947,0.0011058614,0.0009982748,6kkxkjjm.png,0,validation
0.0006042831,0.011099227,0.0019519237,0.0013896835,6kyym5nx.png,0,validation
0.00033355216,0.009945182,0.00065315806,0.00057290937,6l1xw3zs.png,0,validation
0.00033223626,0.009626118,0.00076021027,0.00074001803,6ljmee1r.png,0,validation
0.00039473394,0.010572337,0.0007103855,0.0006100533,6lmhixf4.png,0,validation
0.0005364304,0.010787735,0.001496988,0.0013168284,6m8irs3l.png,0,validation
0.0003358013,0.00990911,0.0006984735,0.00070239854,6mf01m0w.png,0,validation
0.00031037882,0.009533819,0.0006886691,0.00066069706,6n7aftnf.png,0,validation
0.00041825522,0.01083117,0.00066829834,0.00060399174,6n9lokd7.png,0,validation
0.0003757525,0.010359075,0.0007813001,0.0006786436,6nbe3m5i.png,0,validation
0.0003167477,0.009537659,0.00066785916,0.00067175576,6nouhfj7.png,0,validation
0.0003793799,0.010419611,0.0006709408,0.0006247685,6nrwkvoi.png,0,validation
0.00034803207,0.010226917,0.0006772117,0.00061081845,6ool3zy6.png,0,validation
0.00030726552,0.0094828885,0.0006265098,0.0006204633,6oqnfc3y.png,0,validation
0.00036441066,0.010289026,0.0006067895,0.0005476954,6penhqqt.png,0,validation
0.00029073656,0.009207385,0.00062433863,0.00064777356,6qf1pafl.png,0,validation
0.0008742439,0.012961092,0.0014673446,0.0013005739,6qmjq0h4.png,0,validation
0.00039087786,0.010560727,0.000685813,0.0006073415,6qvray0z.png,0,validation
0.0003298752,0.009617719,0.0008363999,0.00079212233,6sm5rrvs.png,0,validation
0.00029479366,0.009280441,0.0006611186,0.00064981927,6szf4lur.png,0,validation
0.00033981458,0.009964063,0.00076448254,0.0006814469,6t7cyx97.png,0,validation
0.0008977623,0.013014868,0.0016342048,0.0015493484,6tiqjert.png,0,validation
0.00036054797,0.010260913,0.0006400864,0.00056328764,6tnhue1l.png,0,validation
0.00038965506,0.010485914,0.0006295966,0.00060014206,6u19tnco.png,0,validation
0.00039603317,0.010578618,0.0007385567,0.0006873056,6u9ir8oi.png,0,validation
0.00030387435,0.009499348,0.0006741391,0.00059330807,6unfk3uy.png,0,validation
0.00032411158,0.009612989,0.00072906335,0.0006464707,6utht784.png,0,validation
0.0007787484,0.011524159,0.0032928202,0.0022500572,6utixxa4.png,0,validation
0.00033114036,0.009796895,0.00074417394,0.0006255587,6uw6hn2s.png,0,validation
0.00031613754,0.009559167,0.00067796145,0.00067976624,6uz4kx91.png,0,validation
0.00032667734,0.009606045,0.00070677366,0.0006984077,6vkxnmt3.png,0,validation
0.00036351493,0.0099225165,0.00082173356,0.00083157397,6vlyc7xs.png,0,validation
0.0003950252,0.010686373,0.0006673673,0.0005904621,6w32vaad.png,0,validation
0.00032007447,0.009546314,0.00074564194,0.0006832615,6x89kntw.png,0,validation
0.0004028846,0.010693828,0.00070563523,0.0007104879,6xkdyre5.png,0,validation
0.00028220974,0.009230843,0.00062186073,0.0005512834,6zpmg6oo.png,0,validation
0.00030859493,0.009517784,0.0007096875,0.0005775759,70ipp9es.png,0,validation
0.0003407191,0.010032276,0.0006222734,0.00060095836,71v5y7w4.png,0,validation
0.00035716087,0.010201795,0.00064131623,0.0005605265,71w6yx67.png,0,validation
0.00034167388,0.009697609,0.0007673695,0.0007680661,72forcbf.png,0,validation
0.0004438495,0.011185422,0.0007001632,0.00067625387,72hj7wx6.png,0,validation
0.00033883945,0.010097352,0.0006291137,0.00057797425,732p4itd.png,0,validation
0.00033612075,0.009619112,0.0008486568,0.00080820225,73nejv4d.png,0,validation
0.0003651429,0.010446526,0.0006759639,0.0005937443,7451yuzk.png,0,validation
0.00037651925,0.010139524,0.0008967391,0.00091396004,747fcdj6.png,0,validation
0.00030896012,0.009364723,0.000680877,0.0006862035,74gu65s6.png,0,validation
0.0004219246,0.011049979,0.0007260751,0.00068661774,74n0cdrt.png,0,validation
0.0003185469,0.009482972,0.0006927391,0.0007102192,74w0usp5.png,0,validation
0.00029244958,0.009360336,0.0006134702,0.0005609957,76keoc6p.png,0,validation
0.00036040632,0.010227313,0.00068536436,0.00058847317,77nthge1.png,0,validation
0.00037772366,0.009973728,0.0010003368,0.00092189957,77o3b935.png,0,validation
0.00055410265,0.011556057,0.0009513139,0.0008684028,77p7i1q9.png,0,validation
0.000312219,0.009469517,0.0006472634,0.0006501146,77xwkl2v.png,0,validation
0.00042243238,0.010941735,0.0007102512,0.00069289166,78115b2t.png,0,validation
0.0003455499,0.00995451,0.0007477427,0.0006805868,78kkyrdn.png,0,validation
0.00032777543,0.009539808,0.00069960597,0.0006977172,795c4k9b.png,0,validation
0.00042396964,0.0107264975,0.0007026009,0.0005991908,79awawdk.png,0,validation
0.00030913047,0.009080343,0.0007810761,0.000734406,79kvls9m.png,0,validation
0.0003298739,0.009663489,0.0008348687,0.0007815521,7ajul7w8.png,0,validation
0.00036331147,0.010252821,0.00066645636,0.00064199377,7bc0q2ju.png,0,validation
0.00033077307,0.009544671,0.0007042205,0.00070379424,7bpgmd13.png,0,validation
0.0003689053,0.010337574,0.0007399401,0.000665384,7cn69kp0.png,0,validation
0.00031745448,0.009520846,0.0006895338,0.0006630797,7cvdeknk.png,0,validation
0.00044546108,0.010925799,0.00072049693,0.0006705502,7dtjxj7u.png,0,validation
0.0002991658,0.009336501,0.00062863756,0.00063306815,7dxj17x6.png,0,validation
0.00030824865,0.0094409725,0.00073648087,0.000583757,7e3srf58.png,0,validation
0.00036691615,0.010232988,0.000697105,0.0006398538,7edp2zzo.png,0,validation
0.00033918116,0.009731635,0.0007529113,0.00076721475,7esj7a8f.png,0,validation
0.00030661514,0.009552196,0.0006506265,0.00056775846,7fi4i5s4.png,0,validation
0.00032274335,0.009546776,0.00073461223,0.0007313715,7fo4udtq.png,0,validation
0.00031986076,0.009501706,0.00071265706,0.0007095608,7h7buqil.png,0,validation
0.0005066207,0.011293974,0.0010920467,0.0008682526,7i0yi8sg.png,0,validation
0.00036479824,0.009896314,0.0008308889,0.0008334904,7jowls28.png,0,validation
0.00041177022,0.010873713,0.000665769,0.0006468239,7kx3n5h4.png,0,validation
0.0003692267,0.010352208,0.00070902886,0.00066457124,7mmmsco5.png,0,validation
0.00040132023,0.010680876,0.00069910986,0.0006051933,7ncwrga0.png,0,validation
0.00033123593,0.009974653,0.000627047,0.0005572492,7nitmahk.png,0,validation
0.0003407107,0.009777871,0.0007779515,0.00069191813,7nqvdyap.png,0,validation
0.0003451549,0.010156929,0.000629397,0.0005915434,7ohxnru4.png,0,validation
0.0005598479,0.011117838,0.0017600115,0.001308068,7p4ev137.png,0,validation
0.00032139756,0.009521963,0.0006941584,0.0007082299,7pctrhn6.png,0,validation
0.00030960466,0.009527987,0.00065160147,0.0005892202,7qt5ecew.png,0,validation
0.00037343995,0.010451174,0.00076507544,0.00063547,7qyvaz00.png,0,validation
0.00030199593,0.009256235,0.00067232887,0.00066820666,7r925dsi.png,0,validation
0.00045270272,0.010885945,0.00076668395,0.00066383264,7sufah4b.png,0,validation
0.00030615873,0.009434819,0.00064260385,0.0005841945,7swvtqqk.png,0,validation
0.00037100457,0.0099120755,0.0010108416,0.00091849454,7taqdwxf.png,0,validation
0.000381272,0.01036292,0.0006265526,0.000533549,7u7g0cjm.png,0,validation
0.00036816177,0.010452364,0.00067703566,0.00059754815,7uijy2q9.png,0,validation
0.00033579345,0.009947198,0.00064748724,0.00054642133,7uju1ndg.png,0,validation
0.00034294883,0.010059023,0.0006350652,0.00059945264,7vua2tfd.png,0,validation
0.00030862846,0.009418774,0.00066959515,0.0006695858,7w7n0s6w.png,0,validation
0.00062105706,0.011055427,0.0018397163,0.0015834464,7wab7grw.png,0,validation
0.0005918927,0.011447035,0.0016785818,0.0012502912,7wprb98d.png,0,validation
0.000389119,0.010187038,0.0009479332,0.0009298463,7xdl5n0j.png,0,validation
0.00031277025,0.009544423,0.0007092182,0.00060785265,7xj2czaf.png,0,validation
0.0003681939,0.010226587,0.000646202,0.00058296,7y96t875.png,0,validation
0.0003436596,0.010109546,0.0007610366,0.0006056241,7yg6qiq3.png,0,validation
0.000357807,0.010004235,0.00089250744,0.0007832893,7ywzkz8i.png,0,validation
0.0003929295,0.010672529,0.0006735708,0.00062510563,7z2ae3o7.png,0,validation
0.00033583902,0.010076461,0.00067443174,0.0005768856,7zdfbre7.png,0,validation
0.0003476856,0.009802462,0.00091431104,0.0008481189,7zj3sweb.png,0,validation
0.0003631977,0.010289627,0.00063109957,0.0005483305,7zp8pwn4.png,0,validation
0.00033505057,0.009964792,0.0006588839,0.00059478794,80xhy82l.png,0,validation
0.00033496573,0.009733525,0.0007953598,0.00078185997,819ei38y.png,0,validation
0.00029921718,0.009527688,0.0007067125,0.00060396927,820pzts5.png,0,validation
0.00042723413,0.010660216,0.00082808826,0.0006258157,82511vs0.png,0,validation
0.00037554195,0.010455067,0.0006956926,0.0006558386,82lujw0h.png,0,validation
0.00029771772,0.009291437,0.00060783257,0.00060729013,83quv5f3.png,0,validation
0.00029342406,0.009344605,0.0006239049,0.0006086316,845q7hcj.png,0,validation
0.0002937999,0.009375141,0.00068464887,0.0005533281,847zasuw.png,0,validation
0.00036425557,0.010231787,0.0007270971,0.00063835323,84c5x8oj.png,0,validation
0.00031911576,0.009670294,0.0006702954,0.00066253415,85hr8hdv.png,0,validation
0.0005533014,0.010941537,0.0016144651,0.0014219361,85p0ijhp.png,0,validation
0.00035191237,0.009607048,0.00089887605,0.0008671444,861kwtez.png,0,validation
0.00037544259,0.009950053,0.00091345515,0.0008862502,868ggtfi.png,0,validation
0.00029430958,0.009403299,0.00064559263,0.0005285651,86ht255e.png,0,validation
0.00029544224,0.009453827,0.0006611229,0.0005616639,875knort.png,0,validation
0.00033814664,0.009790498,0.0007350983,0.0007428813,88c6e9yp.png,0,validation
0.0003891723,0.010460239,0.0006515479,0.00057168066,89iyi8kr.png,0,validation
0.00036530502,0.010042427,0.000883761,0.0008784944,89oo0x6i.png,0,validation
0.0006529385,0.01222462,0.0014611739,0.0015681281,8a906k37.png,0,validation
0.00042040998,0.01038758,0.00072729174,0.0007082784,8ax6wpgk.png,0,validation
0.0003266455,0.009762675,0.00074832514,0.00062072644,8bw69zmq.png,0,validation
0.0002942738,0.009125335,0.0006569596,0.0006391128,8c8clrki.png,0,validation
0.00035835008,0.009968867,0.00080641406,0.00079197594,8cqk4lta.png,0,validation
0.00032616968,0.009910063,0.0006415097,0.00054190797,8cqs5grz.png,0,validation
0.00041062105,0.009962835,0.00096033723,0.00091105694,8dalfyo1.png,0,validation
0.00034064616,0.009698595,0.0007883026,0.00078798167,8dh0hx6z.png,0,validation
0.0003267053,0.00966709,0.0006698179,0.0006710039,8g8hkvge.png,0,validation
0.0003017415,0.009375878,0.00063258177,0.0006294598,8h6muhj2.png,0,validation
0.00031928852,0.009623097,0.0006681186,0.00066277117,8i9k5b3a.png,0,validation
0.00087964325,0.012837177,0.0015914296,0.001495496,8igdjqc1.png,0,validation
0.00035110384,0.009790531,0.0008021933,0.0007974816,8ih5ddpq.png,0,validation
0.00033645675,0.009701774,0.0008023017,0.0007234574,8im8qo00.png,0,validation
0.0003666471,0.010129973,0.00078127265,0.000784523,8itj6vbz.png,0,validation
0.0003257733,0.009670465,0.00072861393,0.0007547615,8j5ms20t.png,0,validation
0.00039342142,0.010473596,0.00068060466,0.00057643664,8k00o2ra.png,0,validation
0.00039575953,0.010487071,0.0006120976,0.0005693155,8kyvej11.png,0,validation
0.00094543735,0.012403446,0.004531297,0.0029517498,8lcezggk.png,0,validation
0.00036001427,0.009877135,0.00093378156,0.00088046334,8lqbqeu2.png,0,validation
0.00030635885,0.009607784,0.0007179248,0.0005839899,8mdzfwqv.png,0,validation
0.00033317754,0.009864402,0.0006224006,0.00051698997,8n65ffwr.png,0,validation
0.0008249917,0.012613779,0.0015762092,0.0014155373,8nxb520f.png,0,validation
0.0003670526,0.0098643135,0.0009514768,0.0008722736,8nzjpqxk.png,0,validation
0.00092571496,0.012962814,0.0017478536,0.0016051992,8oblgzpu.png,0,validation
0.0003270385,0.009640649,0.0007710157,0.00075330277,8p6fvdhr.png,0,validation
0.00033582922,0.010005351,0.0006553768,0.0005922318,8p9yqbfk.png,0,validation
0.00033354617,0.009792948,0.0007939484,0.0007086288,8q83x7j1.png,0,validation
0.000302837,0.009478382,0.0007208666,0.0005726784,8qde12wu.png,0,validation
0.00042344505,0.010959642,0.0007897445,0.00068089284,8rfafvyl.png,0,validation
0.00041178885,0.010718228,0.0006539774,0.0006029381,8ti2re5a.png,0,validation
0.0006408327,0.011144798,0.0020050048,0.0014863396,8tkjwqnn.png,0,validation
0.00032228843,0.009664039,0.0006847876,0.00068706967,8txbmogf.png,0,validation
0.00031027323,0.009467486,0.0006476931,0.00064171804,8ui5mgab.png,0,validation
0.00034952225,0.0098462915,0.0008237572,0.0007877281,8v1blmwf.png,0,validation
0.00029777782,0.009435725,0.00065741246,0.0005581112,8v2wv3dy.png,0,validation
0.00089342456,0.013099304,0.001582616,0.0014132007,8ve8pj27.png,0,validation
0.00032665706,0.009494162,0.000751929,0.00073444657,8vg6fl0r.png,0,validation
0.00030472977,0.009040301,0.00077255734,0.00073639594,8vj61tyj.png,0,validation
0.0008518636,0.012857218,0.0014517718,0.0013282216,8vswskvz.png,0,validation
0.00035517456,0.009846468,0.0008528826,0.0008424012,8w7nbv72.png,0,validation
0.00033540756,0.009706595,0.00081177754,0.0007711635,8x80rmhr.png,0,validation
0.0003900449,0.010447512,0.00064117427,0.0005783632,8xgyh6k9.png,0,validation
0.00034437995,0.009902414,0.00073055236,0.0007582889,8ydr0mov.png,0,validation
0.00036938634,0.010190862,0.0008864048,0.000830798,8ypyfrug.png,0,validation
0.00048490474,0.0110233445,0.0008209887,0.0007924911,8z4zjesj.png,0,validation
0.00034412247,0.010102234,0.00064748566,0.0005890134,8zfp8xx6.png,0,validation
0.00034253916,0.010213715,0.0006734898,0.0005976006,8zrm2z5x.png,0,validation
0.00093925884,0.013053147,0.0016833594,0.0015789862,90dvv5xi.png,0,validation
0.00032470853,0.009733945,0.0006841335,0.00067039265,90n0yj0w.png,0,validation
0.0002950823,0.009433264,0.000670727,0.00054663623,9112dfim.png,0,validation
0.0004713802,0.010972757,0.0010355563,0.0008236984,91g2g0hu.png,0,validation
0.000343497,0.010047383,0.0006011546,0.0005747944,925ngkqc.png,0,validation
0.00033585026,0.009795929,0.0007998964,0.0007717814,929u6wtv.png,0,validation
0.00033086032,0.009704355,0.00080523774,0.0007708781,92tp6qaq.png,0,validation
0.00041048194,0.010708279,0.0006920514,0.0006374652,939b1fi2.png,0,validation
0.00043152983,0.010833676,0.00078376324,0.0008180661,93osfz9b.png,0,validation
0.00039959844,0.0104049165,0.0006619435,0.00062000414,94l3mhpq.png,0,validation
0.0003339278,0.009704803,0.0006959002,0.00067685253,94u2ut0p.png,0,validation
0.00044401316,0.010969346,0.0006937467,0.00062170386,95vs0non.png,0,validation
0.00037602911,0.010366814,0.0006223999,0.0005747525,96avo8xt.png,0,validation
0.00032795127,0.009920023,0.0007012198,0.0005587631,96oy7gcd.png,0,validation
0.00031371415,0.009549159,0.0006788632,0.00068981136,96sjqa0p.png,0,validation
0.0003120209,0.009494084,0.00064515014,0.0006466652,980bt7ro.png,0,validation
0.0003503749,0.010201593,0.00070260017,0.0006069245,99429l4i.png,0,validation
0.00036298778,0.010330361,0.0007619991,0.0006416966,998n3bb9.png,0,validation
0.0002968194,0.009490124,0.0006617568,0.00057882874,99zzcrax.png,0,validation
0.001001672,0.013369353,0.0019545448,0.0015173386,9abpuw82.png,0,validation
0.0003778984,0.01046637,0.000662466,0.0005997248,9c19gtln.png,0,validation
0.00042056388,0.0107175745,0.0010966068,0.00092940533,9cl01mp4.png,0,validation
0.00057914853,0.010647519,0.0015991849,0.001018219,9dhjmaub.png,0,validation
0.000375987,0.010407451,0.00064124016,0.00057279546,9dym3xjs.png,0,validation
0.00042082896,0.010695068,0.0006626966,0.00064227503,9e27xrna.png,0,validation
0.00030773596,0.00941915,0.00063242,0.0006510153,9fb4td3h.png,0,validation
0.00032669175,0.00978893,0.00073783187,0.0006961888,9i1yzn2u.png,0,validation
0.00034564672,0.010037213,0.0006831596,0.00064520794,9ij52i9k.png,0,validation
0.00029668002,0.009396198,0.0007294673,0.0005694005,9j2gi7k8.png,0,validation
0.0003880823,0.01057301,0.00069789385,0.00063779036,9jdagnsn.png,0,validation
0.00030892534,0.009408387,0.0007065048,0.0006715781,9jpyimic.png,0,validation
0.00032637618,0.009780273,0.00072680414,0.0006530595,9jsnch1w.png,0,validation
0.00032742647,0.009523146,0.00077313534,0.0007685536,9k1r2jgr.png,0,validation
0.0004538845,0.011057898,0.00084353547,0.0007738993,9k9k9khk.png,0,validation
0.00030259977,0.009540315,0.0006392855,0.0005559474,9kbg7712.png,0,validation
0.00030683665,0.009600871,0.0007026931,0.0005963192,9kfm98jb.png,0,validation
0.00042947728,0.0109619275,0.0007992598,0.00076104724,9llktssq.png,0,validation
0.00036089105,0.010288996,0.0006681334,0.00056736835,9nwr2jft.png,0,validation
0.00031169,0.009649791,0.00070969004,0.000589914,9o2z4y6d.png,0,validation
0.00030295734,0.009418705,0.0006365658,0.0006229887,9ohnjypo.png,0,validation
0.00039386385,0.010314003,0.0009122741,0.000921704,9perhe8k.png,0,validation
0.0004104226,0.010627099,0.0006853715,0.0006941105,9pfdv70b.png,0,validation
0.00030220798,0.009332773,0.00063596416,0.0006164585,9qh1j5ta.png,0,validation
0.0003347511,0.009685046,0.00080539007,0.00078603276,9ric02p5.png,0,validation
0.00032464825,0.009601756,0.0007206192,0.0006362084,9rvpcfpo.png,0,validation
0.00042522722,0.010819225,0.0006921304,0.0007028801,9t8x65z3.png,0,validation
0.0003511564,0.010071233,0.00070720474,0.00063065643,9tbu32kg.png,0,validation
0.0003350978,0.009757722,0.0008089499,0.0007915801,9tqgchgr.png,0,validation
0.00035988248,0.010308272,0.0006626511,0.0006326997,9u8013f4.png,0,validation
0.00032547984,0.009724337,0.0007156224,0.0007113091,9uu2bl7a.png,0,validation
0.00030101743,0.009488908,0.00071676646,0.0005847762,9v2qji47.png,0,validation
0.00031427422,0.00962004,0.0007184516,0.00061556586,9vam07sf.png,0,validation
0.00053921767,0.011449174,0.0010960129,0.0008583293,9vg27dcd.png,0,validation
0.00046213824,0.011119792,0.0007072222,0.00067957223,9w1r93c9.png,0,validation
0.00032519776,0.009681824,0.00068834977,0.0007029854,9w9jvi8f.png,0,validation
0.00032409976,0.009773001,0.0007015941,0.0006076715,9wc4872n.png,0,validation
0.00030786556,0.009583356,0.0006030965,0.0006231586,9xka4lit.png,0,validation
0.00032305636,0.009142823,0.00079287414,0.00072456105,9xs2s1sp.png,0,validation
0.00031033275,0.009637552,0.0006367872,0.0005816397,9xxwnkpz.png,0,validation
0.0003585145,0.009926721,0.00084727607,0.0008034252,9ykne1oe.png,0,validation
0.00038636973,0.010542882,0.0006431477,0.0005989917,9ysaue16.png,0,validation
0.00086124596,0.012931566,0.0015525091,0.0015047352,9zewud46.png,0,validation
0.00039741895,0.01064502,0.0006559014,0.0005811176,9znnnim0.png,0,validation
0.00034199932,0.0101159,0.0006105667,0.0006023144,9zpig5cm.png,0,validation
0.00039451418,0.010317407,0.0010800877,0.0008703473,9zswjtyn.png,0,validation
0.00039038848,0.010392277,0.00062191894,0.0005774755,a0hmwz70.png,0,validation
0.00030584857,0.0093579,0.0006484642,0.000657188,a1w5d7ve.png,0,validation
0.00090845657,0.012363637,0.0039898865,0.0025947099,a2ot7hyy.png,0,validation
0.00030371489,0.009550621,0.0007123267,0.0005775527,a4p3iwx7.png,0,validation
0.00036146367,0.010297711,0.0006876695,0.00065193314,a4sgk3v2.png,0,validation
0.00031482638,0.009600428,0.00065932795,0.00063407305,a73u90y0.png,0,validation
0.00028540866,0.009096952,0.0006220036,0.0006480101,a74tbs9i.png,0,validation
0.00032123332,0.009836248,0.0006052769,0.00055392843,a7dkh5vl.png,0,validation
0.0003068529,0.009485987,0.0006539652,0.00062826974,a7duqi8u.png,0,validation
0.00034551322,0.0098830955,0.0007166802,0.0007186516,a7tz0ync.png,0,validation
0.0004342673,0.010711337,0.0007826326,0.00059007236,a830bf9s.png,0,validation
0.00036479678,0.010054719,0.0008148968,0.00084822706,a9ui3hv5.png,0,validation
0.0003528046,0.010143012,0.00061690196,0.0005645844,aaeykyh5.png,0,validation
0.0003459323,0.0098835835,0.00075609435,0.00076086144,aatdatuc.png,0,validation
0.00034296533,0.009914567,0.00071990927,0.00073124963,ab2w7ia7.png,0,validation
0.000392986,0.0102072265,0.00094625715,0.00089409953,ac1kyww0.png,0,validation
0.00031852463,0.0095904395,0.0006986169,0.0007095439,ac9wkfxv.png,0,validation
0.0003917099,0.010576855,0.0006756645,0.0006474253,acbsyk9m.png,0,validation
0.00038535453,0.009576371,0.00085488794,0.0008979341,aczuvea7.png,0,validation
0.0003119785,0.009589866,0.0007155954,0.00060194003,adlkyofm.png,0,validation
0.00031882423,0.009501623,0.00068279373,0.00068690535,aewf8kpq.png,0,validation
0.00087704364,0.012952694,0.0015654885,0.0014541725,af7q7lk1.png,0,validation
0.00032000142,0.009733564,0.0006056482,0.0005292429,ag3lxhgo.png,0,validation
0.0009617976,0.01321546,0.001933246,0.0014335914,ag991kgn.png,0,validation
0.0002864517,0.009329671,0.0006704505,0.0005740251,agmlf2l9.png,0,validation
0.00038881565,0.010599463,0.00069824135,0.0006971037,agq43be9.png,0,validation
0.00033478814,0.010044111,0.0006182275,0.000595228,agwci774.png,0,validation
0.0010312338,0.013539681,0.0021501472,0.0015906417,ah84bj6c.png,0,validation
0.0003388912,0.009892254,0.0007959859,0.0006490904,ah99p3mb.png,0,validation
0.00039693358,0.010606241,0.00069517054,0.00069436023,ahl75o7w.png,0,validation
0.00034121226,0.009716014,0.00074500707,0.00075818744,ahr67gxs.png,0,validation
0.00032805192,0.009653399,0.00071491604,0.00069021387,ailwilnz.png,0,validation
0.0005508595,0.011191157,0.0014186997,0.0010586814,ajcg2lml.png,0,validation
0.0003390685,0.009800166,0.00077080016,0.00073590915,ajgzcs05.png,0,validation
0.0003860812,0.010538944,0.0006706868,0.0005750403,ajni4dt3.png,0,validation
0.00037620272,0.010253561,0.0008485978,0.00082751416,ajnqymul.png,0,validation
0.0003596856,0.010179033,0.0007624218,0.0006726106,al0usoao.png,0,validation
0.00032671608,0.009923633,0.0005931848,0.0005274713,al6h1azr.png,0,validation
0.0003452762,0.010135693,0.0006964869,0.0005558015,am9fido3.png,0,validation
0.00038345592,0.010422481,0.0006999991,0.00070834433,amt4bm6v.png,0,validation
0.00036863794,0.010103874,0.00085537636,0.00082638755,anjzuprp.png,0,validation
0.00041779375,0.010330348,0.00096233626,0.00092636276,anl8z3hr.png,0,validation
0.0003522429,0.010107251,0.00069532276,0.0006838249,ao1l9nyp.png,0,validation
0.00036349412,0.010202845,0.0006264195,0.0005561227,aob8bcnx.png,0,validation
0.00044707302,0.011201233,0.000742328,0.00071848964,aodg3q28.png,0,validation
0.00033570782,0.010000929,0.0006733513,0.00061108894,apaj0ilx.png,0,validation
0.0002977369,0.009353881,0.0006237754,0.0006453126,aqdmfztg.png,0,validation
0.00031087655,0.009412314,0.00070129696,0.0006462866,aqj5rr0a.png,0,validation
0.00040645053,0.010757881,0.0007134935,0.0006393472,ar05su7w.png,0,validation
0.00031781284,0.009551465,0.0007268087,0.0006912134,ard0t83e.png,0,validation
0.00031232444,0.009579479,0.00072431343,0.0006178674,arqhlkt3.png,0,validation
0.00038326686,0.010510772,0.0006477916,0.00061805727,as04q0m7.png,0,validation
0.00039699647,0.010685411,0.00074209756,0.00072256784,asop9bpe.png,0,validation
0.00028610555,0.009370823,0.00069373375,0.0005711988,at0a573h.png,0,validation
0.00040058483,0.010594114,0.00074986427,0.00072705233,at6askj9.png,0,validation
0.00041881402,0.010962663,0.0006741828,0.0006208923,at6uemx8.png,0,validation
0.00034059046,0.010025775,0.0006674243,0.0005411962,atgkykxf.png,0,validation
0.00092614244,0.013035871,0.0016528129,0.0015964322,au42h7y6.png,0,validation
0.00033831154,0.009656722,0.000737448,0.00070969044,av07arx7.png,0,validation
0.0004106531,0.010780583,0.0006623762,0.00065059203,av8cwrxp.png,0,validation
0.0003072007,0.00941629,0.00063174084,0.0006398383,avf61dm7.png,0,validation
0.00031612074,0.009574056,0.000696183,0.00067896204,avof34rn.png,0,validation
0.0003538702,0.010166351,0.0006660551,0.00062891765,awulx3i7.png,0,validation
0.00044658376,0.010735403,0.0008405855,0.00063639344,awvspyzf.png,0,validation
0.00031934472,0.009822176,0.0006027256,0.00053403893,ax0elegj.png,0,validation
0.00030316185,0.009335893,0.00068436767,0.0005733417,axdkysf7.png,0,validation
0.00031340035,0.009698305,0.00072368456,0.00061413273,axr57ev1.png,0,validation
0.0008903111,0.01301138,0.0015741559,0.0014418466,axwe7exc.png,0,validation
0.00036570418,0.010360796,0.0006975926,0.00059794384,aydvswu0.png,0,validation
0.0003949685,0.010543538,0.00066186814,0.0005719158,az32lwz6.png,0,validation
0.00029970304,0.009441342,0.0006745708,0.0006212591,azd84vf1.png,0,validation
0.0006401833,0.0122331465,0.0014589695,0.0015365038,azgq095e.png,0,validation
0.000864327,0.012827514,0.0015632669,0.0014198393,azl70qva.png,0,validation
0.00030512677,0.009509959,0.000688377,0.00063503685,azq4x55p.png,0,validation
0.00033894277,0.009815913,0.0007772889,0.0007255977,b07mkl61.png,0,validation
0.00042795241,0.010570826,0.00074506935,0.00059933873,b119r6i1.png,0,validation
0.00035943967,0.009879399,0.0008705538,0.000841824,b1qx6gvw.png,0,validation
0.00036081154,0.010069238,0.0007093994,0.0006816967,b2ids3dy.png,0,validation
0.00034317936,0.010088732,0.0006649214,0.0005786624,b2ldq0n1.png,0,validation
0.00029970653,0.009544471,0.00067609514,0.0005893091,b39bw4q4.png,0,validation
0.00029873065,0.009241626,0.00064577605,0.0006505786,b48wumh9.png,0,validation
0.00039078773,0.010711047,0.0006811583,0.00061905134,b4g906ze.png,0,validation
0.00032956505,0.009606385,0.000731996,0.00069041207,b4qvmw73.png,0,validation
0.00035738313,0.01010359,0.0007276805,0.0007202165,b545zf18.png,0,validation
0.00035025197,0.00982162,0.0008286971,0.0007412722,b613hmxj.png,0,validation
0.00042253375,0.010781181,0.0007167183,0.0006357247,b62hvia3.png,0,validation
0.00033480144,0.010018008,0.0006507991,0.0005690225,b7hmwelc.png,0,validation
0.00032017945,0.0096144695,0.00074644934,0.00074167066,b7p9jyqn.png,0,validation
0.00038798281,0.010437871,0.0006947842,0.00062322506,b848j0ob.png,0,validation
0.00039661294,0.010507429,0.0006665682,0.0006415035,b8ff5bv2.png,0,validation
0.0003295826,0.010052285,0.0006397607,0.00055815413,b9e0x7il.png,0,validation
0.0003090368,0.009600132,0.0006899551,0.00059258373,bajfts2g.png,0,validation
0.0003382047,0.009446369,0.0009874827,0.0009038393,bbkv0x96.png,0,validation
0.00031895374,0.009557065,0.0006858977,0.0007010677,bc2swsoz.png,0,validation
0.00030138763,0.009517042,0.0006284151,0.0006035634,bcbe98sa.png,0,validation
0.00038181525,0.010546077,0.0007770735,0.00067394116,bcbv8d7f.png,0,validation
0.00041450057,0.010526591,0.0009887905,0.0009033859,bcxv00qb.png,0,validation
0.00039907073,0.010698292,0.00071305275,0.0007023133,bd4bgrpy.png,0,validation
0.0003463902,0.010111105,0.00068323285,0.0006110807,bd9ys4v1.png,0,validation
0.00031651434,0.009660441,0.0006893971,0.0005906517,bdp1lc8w.png,0,validation
0.00031646257,0.0094063,0.000738368,0.0007451476,bdsg1fbt.png,0,validation
0.00034590674,0.009998635,0.00080788566,0.0007084861,bdxqm5o4.png,0,validation
0.00029675543,0.009320554,0.0006493963,0.0006360427,beahy5ho.png,0,validation
0.00040382758,0.010798657,0.0006678216,0.00057524093,begt1rxn.png,0,validation
0.00036933343,0.010108725,0.00074008154,0.00073138904,berj9qa0.png,0,validation
0.0003076042,0.009410041,0.00067614584,0.00066452264,bfgcb4jg.png,0,validation
0.00051814073,0.010983109,0.0012528711,0.0009404465,bfkbffah.png,0,validation
0.0008841852,0.012965896,0.0015320489,0.0013678124,bfnz21bq.png,0,validation
0.00032841656,0.010023948,0.0006236596,0.0005450061,bgb35wc8.png,0,validation
0.00037533932,0.010473099,0.0007592526,0.0006389249,bgcate9r.png,0,validation
0.00033806893,0.009711535,0.0007644688,0.0007056284,bgvsitnt.png,0,validation
0.00035626563,0.009769931,0.00085980777,0.0008578504,bhoq7q5b.png,0,validation
0.0003783765,0.010456443,0.00067733554,0.0006602491,bhp0mafz.png,0,validation
0.0002914106,0.009350495,0.0006429197,0.0005719594,bi6qsrer.png,0,validation
0.00036899568,0.010122748,0.00085998036,0.0008804537,bidsb7s0.png,0,validation
0.00029272054,0.009359562,0.0006701247,0.0005803317,biedbznm.png,0,validation
0.00033715376,0.010083941,0.000632397,0.0005750347,bksszvvr.png,0,validation
0.0002987602,0.0093307085,0.0006526761,0.00063052156,bl6sgw2n.png,0,validation
0.00032107666,0.009678896,0.00071384414,0.00067973265,blc4wa1b.png,0,validation
0.00064369896,0.012105114,0.0011743038,0.0009793943,blf8bimh.png,0,validation
0.0005672869,0.010990067,0.0016414252,0.0014449239,bli4z3yp.png,0,validation
0.00030991426,0.00946444,0.0006579873,0.00068003783,blu27xnp.png,0,validation
0.00031915156,0.009699165,0.00074349454,0.00064483454,blvboqos.png,0,validation
0.0009889535,0.013312191,0.0018968966,0.0017392046,bnxnb4xt.png,0,validation
0.00040793486,0.01070317,0.00061959226,0.0005944553,bpde5nxt.png,0,validation
0.00037445044,0.010277911,0.0006514236,0.00056036265,bpp6q5oz.png,0,validation
0.00036765306,0.010302219,0.00068837096,0.00060711557,bpvr9lyo.png,0,validation
0.0005789907,0.011190931,0.0017803152,0.0013200567,bqp3jh7u.png,0,validation
0.00036164376,0.010053613,0.00087482255,0.0008465864,btr23qiu.png,0,validation
0.000985092,0.013424367,0.0022038897,0.0016312385,btx5u2pc.png,0,validation
0.00033737696,0.010045545,0.0006491733,0.00060376636,bu7tidah.png,0,validation
0.00065214717,0.01230727,0.0014709296,0.0015806251,bv50hya1.png,0,validation
0.00035248537,0.009797659,0.0008969708,0.00082915276,bwm6g5xt.png,0,validation
0.00032912224,0.009685711,0.0007680203,0.00064070575,bwzduadf.png,0,validation
0.0009265084,0.013127308,0.0017099525,0.0015459607,bx35943y.png,0,validation
0.0003107486,0.009461974,0.00070344453,0.00060513406,by8nhq4h.png,0,validation
0.00031042926,0.009372329,0.00073235313,0.0006222203,byecw162.png,0,validation
0.0003941747,0.010490705,0.0006473625,0.0005324932,bzn90qj1.png,0,validation
0.0003291939,0.009945824,0.0007135671,0.00058139226,bzuo7mtc.png,0,validation
0.00037140757,0.010033062,0.00075013493,0.0007288258,c11ertj5.png,0,validation
0.0010525995,0.013737669,0.00240061,0.0017767401,c14hxy10.png,0,validation
0.00039413222,0.010396601,0.00083773886,0.000797393,c1m3o55i.png,0,validation
0.00036942825,0.010414423,0.000670167,0.00068026886,c1pox3is.png,0,validation
0.0006442817,0.012142584,0.0011986112,0.0009951042,c1qbh5gv.png,0,validation
0.0010167505,0.01331895,0.002137596,0.0015833433,c21p4u0n.png,0,validation
0.00035165186,0.009612505,0.0009580962,0.00088442385,c2j3tk2h.png,0,validation
0.0003418003,0.010108048,0.00065936893,0.00058182504,c3flzq9s.png,0,validation
0.00029674533,0.00928733,0.00068252895,0.0005599482,c3hb9yta.png,0,validation
0.00035598912,0.010276523,0.0006691709,0.000571765,c3pxuu53.png,0,validation
0.00032366326,0.009605389,0.00070506247,0.00064590474,c427qsfo.png,0,validation
0.00035378206,0.010257945,0.00064717076,0.0005769757,c5am98c3.png,0,validation
0.00032326384,0.009919668,0.00067773345,0.0005635504,c5t02ye5.png,0,validation
0.00034187076,0.009760543,0.00079245557,0.0007965891,c6on90ki.png,0,validation
0.0004429429,0.0109929005,0.0007214443,0.00066011277,c74lpprf.png,0,validation
0.00029756155,0.009449397,0.00067797623,0.0005782,c88bxw8p.png,0,validation
0.00037214512,0.010280908,0.00062454597,0.000561286,c8bq1fju.png,0,validation
0.00033975582,0.0098813055,0.0007473959,0.00070448086,c8r6sagl.png,0,validation
0.00031732328,0.009550302,0.000741952,0.0006305825,c8vwg5zg.png,0,validation
0.00044548552,0.010802649,0.0010411451,0.0009746961,c960hlxp.png,0,validation
0.00041155505,0.010665064,0.0006567023,0.0005705241,c962pibb.png,0,validation
0.00030328488,0.009344418,0.00072098814,0.00060058624,c9zpepxr.png,0,validation
0.00029464456,0.009443307,0.0006825619,0.00053149165,ca1yuf5y.png,0,validation
0.0003069429,0.009516865,0.00069870247,0.0005808419,cahf0tv3.png,0,validation
0.00035823628,0.009807894,0.00085569546,0.00088144344,cajvrb0s.png,0,validation
0.00040122078,0.010705203,0.00067839865,0.0006298235,cayt5fu6.png,0,validation
0.00041521323,0.010834938,0.0007911064,0.0007885848,cb3l26yx.png,0,validation
0.0003649504,0.01038575,0.0007434657,0.0006317332,cbrx5h3h.png,0,validation
0.00029401892,0.009179773,0.00066689675,0.0005783476,cbtjg4pa.png,0,validation
0.0003646425,0.010378886,0.00067291077,0.00060143485,cc8i7htd.png,0,validation
0.0008165622,0.01278013,0.0016033248,0.0014271681,cchbfxjz.png,0,validation
0.00031488735,0.009378292,0.0006835862,0.0006702263,cd75x1yb.png,0,validation
0.00032182736,0.009522896,0.0007611113,0.00068847794,cegz2yh1.png,0,validation
0.00031095246,0.009503132,0.0007024486,0.0005850619,cgawsm54.png,0,validation
0.0010091248,0.013548598,0.0018417896,0.0015331344,cgmfkft7.png,0,validation
0.0003747851,0.009978033,0.0009669791,0.00092556956,ch71zskx.png,0,validation
0.00028590296,0.009336858,0.00067914696,0.0005266915,chkmyuju.png,0,validation
0.00033144557,0.00968478,0.00070946285,0.00074161566,cjg5u5lk.png,0,validation
0.00038701374,0.010130834,0.00086472323,0.00080382184,cjp91ik9.png,0,validation
0.00035319745,0.010187615,0.00074057985,0.0006154666,cjxfxvv9.png,0,validation
0.00034869168,0.009735283,0.00079231913,0.0007847911,ckonrhhk.png,0,validation
0.0003947077,0.010603495,0.00068790815,0.0006070127,cl07omp1.png,0,validation
0.00030067877,0.009351996,0.0006630043,0.00066756224,clhovu5w.png,0,validation
0.0003164066,0.009629384,0.0007252762,0.0006002263,cmn3dn1g.png,0,validation
0.00040101216,0.010812084,0.0006994992,0.0005972041,cnw4feai.png,0,validation
0.0003666471,0.010129973,0.00078127265,0.000784523,cnw4plgy.png,0,validation
0.0003449135,0.0098011885,0.00080363924,0.00078480225,copzx6c7.png,0,validation
0.00037604952,0.010377362,0.00072290376,0.0006432782,cp5lwshy.png,0,validation
0.0005315363,0.011186662,0.0013978138,0.0010433828,cpt3s7az.png,0,validation
0.00032409106,0.00972197,0.00077328295,0.0007452761,cq7g4asm.png,0,validation
0.0003061033,0.009352883,0.0006773192,0.00068558817,crjav6ni.png,0,validation
0.00093758246,0.013079397,0.0018095941,0.0013434787,crpg949o.png,0,validation
0.00031804098,0.00954979,0.0007183846,0.00070553215,crzxc4vn.png,0,validation
0.0003540892,0.009805608,0.0007941282,0.00080065086,csc4uzt8.png,0,validation
0.00058679795,0.01133907,0.001695545,0.0012612543,ct8oilm3.png,0,validation
0.00037720558,0.010141417,0.00092379266,0.00088871917,ctbbitd1.png,0,validation
0.00033791948,0.009799176,0.0007685829,0.00073438766,ctzkjcgz.png,0,validation
0.00041361962,0.010816516,0.00067360775,0.00064887526,cud50stn.png,0,validation
0.0006636463,0.01243423,0.0014670104,0.001574862,cun91wg3.png,0,validation
0.0008407995,0.012723828,0.0015152406,0.0014843224,cux0ea6t.png,0,validation
0.00040287536,0.010768263,0.0007493481,0.0006639219,cv4s6v6v.png,0,validation
0.00038501236,0.010574858,0.0006561033,0.00067956053,cvigu0us.png,0,validation
0.00035471848,0.010105078,0.0008541505,0.00067614386,cw8ixlsl.png,0,validation
0.0003785219,0.010301377,0.0006494908,0.00054696086,cwbdgqks.png,0,validation
0.0004590956,0.010657063,0.0008632631,0.0008369658,cwjqwv3u.png,0,validation
0.000292977,0.009292637,0.0006674992,0.0005802575,cwpkp8i1.png,0,validation
0.00032117078,0.009683354,0.00068186526,0.0006059384,cxgqbedw.png,0,validation
0.00037427153,0.010643626,0.0007102653,0.00061909365,cxn0kbix.png,0,validation
0.00030341317,0.009611228,0.00067422824,0.0005828886,cxy13vw4.png,0,validation
0.0003481374,0.010042867,0.00072942046,0.000739095,cydctq1l.png,0,validation
0.00034643587,0.010219093,0.0006861381,0.00060060935,cygo06p9.png,0,validation
0.0003693235,0.010380254,0.00066225784,0.0005630209,cz3pnbai.png,0,validation
0.00036205657,0.010195856,0.0006278317,0.00057987747,czemuhtp.png,0,validation
0.00042893566,0.010328909,0.00083915377,0.0008145873,czep8r7h.png,0,validation
0.00032811196,0.00953093,0.00080719765,0.00076148636,d019lzh3.png,0,validation
0.00035457374,0.009870945,0.00089590315,0.0008267128,d1wismja.png,0,validation
0.0003643904,0.010139072,0.00067114877,0.0006310349,d2d2rmg4.png,0,validation
0.00040879933,0.010680245,0.00064187037,0.0006276754,d5671kx2.png,0,validation
0.00035510337,0.010272247,0.0006294226,0.0005780108,d56tsyi5.png,0,validation
0.00034518298,0.00991738,0.0008019915,0.00074421044,d5guhjeo.png,0,validation
0.0010138524,0.013426994,0.0019692944,0.0015375175,d5ouvpva.png,0,validation
0.0006065018,0.011945851,0.001140631,0.0009411604,d61vaawt.png,0,validation
0.0003249761,0.00956578,0.0006752798,0.0006858821,d7kl9int.png,0,validation
0.00033610428,0.009700702,0.00071121514,0.00073478796,d8kj0qbh.png,0,validation
0.0010548129,0.013453594,0.0025242718,0.0018652085,d8ktzkxj.png,0,validation
0.00035891045,0.010011261,0.0006840245,0.00069536635,d8ur6tia.png,0,validation
0.00033530328,0.009814697,0.00070786016,0.00072965596,d8yyjcvo.png,0,validation
0.0002876596,0.00915915,0.00063984055,0.0006257739,d9er94te.png,0,validation
0.00032920364,0.009517269,0.00072185515,0.0007536008,d9gkltmg.png,0,validation
0.00033154813,0.009772817,0.00069116015,0.00062369206,da5fe1oh.png,0,validation
0.00038032638,0.010224116,0.0006238627,0.0005808876,dar383jw.png,0,validation
0.0003467107,0.009935061,0.00075196056,0.0007628438,dbsiwfvi.png,0,validation
0.00032576435,0.009588242,0.00074324076,0.0006487145,dbyuftcq.png,0,validation
0.00029739787,0.00943002,0.00070286274,0.0005660049,dc1de4b7.png,0,validation
0.0009940625,0.013310175,0.0022260002,0.0016466168,dcn1wtul.png,0,validation
0.00033838756,0.009935057,0.00063713983,0.0005502878,dcppocbd.png,0,validation
0.00034311172,0.010070923,0.0007263265,0.00062376854,dd7erhqi.png,0,validation
0.00029560653,0.009288927,0.00063325994,0.00063935184,ddd27d9a.png,0,validation
0.0005212382,0.0107932035,0.0017081336,0.0015506137,de74v6ao.png,0,validation
0.00073391513,0.011682208,0.0018334294,0.0017472062,dew31xfj.png,0,validation
0.00041533983,0.010476567,0.00074185716,0.000573461,dh7tyfwg.png,0,validation
0.00028403575,0.009268407,0.0005697664,0.0005762691,di53cd0z.png,0,validation
0.00037045722,0.010193924,0.0007372456,0.00073518115,didwfo9o.png,0,validation
0.0003564761,0.009755686,0.00092353957,0.00086571154,dj2ql5u0.png,0,validation
0.00032143504,0.00974084,0.0008085173,0.00062602985,djcnr64h.png,0,validation
0.00031162598,0.009547106,0.0006528531,0.0005924658,dk6r9bsl.png,0,validation
0.00035347854,0.010238597,0.00069111213,0.0006002424,dmpf4r66.png,0,validation
0.0004333442,0.010942214,0.0006535838,0.00060838374,dmr6soh7.png,0,validation
0.00039346126,0.010489336,0.0006453368,0.00053393934,dncef1nb.png,0,validation
0.0002956735,0.009468562,0.00068762316,0.00056264875,dnvqj4u4.png,0,validation
0.0004023714,0.010622135,0.00081881107,0.000788441,doay1m60.png,0,validation
0.00029860248,0.009308838,0.00060137804,0.00056462915,dodwh7hg.png,0,validation
0.00030764882,0.009514046,0.0006873802,0.0005970354,dotcwgfy.png,0,validation
0.00038196056,0.010149765,0.0010295135,0.00096104864,dp5pe1yf.png,0,validation
0.000356656,0.009619759,0.00094005425,0.0008728163,dp9zo9fi.png,0,validation
0.0005524312,0.010981145,0.0015675869,0.0013763184,dpr38ez7.png,0,validation
0.00031522528,0.009597526,0.0007130809,0.00059784343,dq08sg40.png,0,validation
0.00034324452,0.009752398,0.0007706409,0.0007701155,dq0ipm5x.png,0,validation
0.00042518385,0.010640502,0.0006600662,0.0006280121,dqmwy777.png,0,validation
0.00040101237,0.010687408,0.00064135576,0.000571836,dr0bkn8y.png,0,validation
0.00040931065,0.010760208,0.00066377805,0.0006272243,drni7580.png,0,validation
0.00032979882,0.009670853,0.0007374145,0.0007486314,ds9gmyse.png,0,validation
0.00037133496,0.010015798,0.0008735439,0.00090373243,dtht412e.png,0,validation
0.0004122787,0.010703238,0.0006535755,0.0005703831,du1gdm57.png,0,validation
0.00040712382,0.010777429,0.00067440217,0.0006037267,dusap51m.png,0,validation
0.00037267737,0.009993023,0.00073127984,0.00071574637,dvlnknd6.png,0,validation
0.00035333517,0.010035468,0.0007649328,0.00074334815,dwk6gz0i.png,0,validation
0.00041607078,0.010660715,0.00075551367,0.00057166046,dxwtfz4m.png,0,validation
0.0003214148,0.009594625,0.0006454495,0.0006550283,dyw9bvfp.png,0,validation
0.00028832574,0.009177052,0.00067104265,0.0005968054,dywjc9m9.png,0,validation
0.0003140196,0.009470328,0.00078839436,0.0006459248,dyyrmr10.png,0,validation
0.00034249487,0.009884299,0.0007490162,0.0007672374,dz608i2w.png,0,validation
0.0003383856,0.009882779,0.0007085097,0.00071052765,dzr1yxr2.png,0,validation
0.00030621386,0.009440245,0.0006534914,0.00061335706,e0eqlpgq.png,0,validation
0.0003825241,0.010564926,0.0007881947,0.00063029834,e0pwimya.png,0,validation
0.00038001718,0.010513387,0.000657469,0.00061033864,e0t8ivi4.png,0,validation
0.00032165417,0.009761569,0.0005979309,0.00055341114,e106syw2.png,0,validation
0.00028816552,0.00926367,0.0005997065,0.00058017485,e11dxku2.png,0,validation
0.00028893273,0.0090826405,0.000662371,0.0006463642,e1xtar0k.png,0,validation
0.00046020813,0.011291473,0.00078449305,0.0007383016,e2mhopqh.png,0,validation
0.00031970622,0.009529136,0.0007520086,0.00073391217,e30jp7wx.png,0,validation
0.00033752897,0.010045973,0.000631588,0.0005814411,e3meyamw.png,0,validation
0.00043817962,0.0105260555,0.0008055529,0.00082474336,e4wwopzq.png,0,validation
0.00052834087,0.011495854,0.00096166984,0.0008041758,e4zbsvbn.png,0,validation
0.00036452178,0.009923715,0.0009032671,0.00088409084,e57kvcno.png,0,validation
0.00042191747,0.010610783,0.000752937,0.00057109067,e5lbv5pg.png,0,validation
0.001008353,0.013379612,0.0020166484,0.0014954001,e7dks9io.png,0,validation
0.00034717194,0.010217652,0.0006090959,0.00057238276,e7iajy8a.png,0,validation
0.0003409656,0.009816924,0.0007759285,0.0007260038,e7olztod.png,0,validation
0.00030573108,0.009440995,0.0006499663,0.00060778245,e82eyou5.png,0,validation
0.000359753,0.010280174,0.00069238397,0.0006066816,e89ytmqs.png,0,validation
0.0004015241,0.010629011,0.00066365144,0.0005685926,e95vz90f.png,0,validation
0.00039895248,0.010604168,0.00068961567,0.0006083315,e9pn93zg.png,0,validation
0.0004428011,0.010989859,0.00081771344,0.00080630265,ea1igsxq.png,0,validation
0.00032952608,0.009620318,0.00076026184,0.00070488907,ea88ejff.png,0,validation
0.0003023742,0.009353754,0.00075035065,0.0005980248,ece8ftxk.png,0,validation
0.00029857704,0.009455744,0.00069386896,0.0005741862,ed72pmhe.png,0,validation
0.00028459955,0.009340818,0.0005763017,0.0005466767,edtcxnmj.png,0,validation
0.00032142297,0.009550663,0.0007248968,0.0006588438,eers3w78.png,0,validation
0.00032003256,0.009389463,0.00070234964,0.0006960317,ef3knz73.png,0,validation
0.00036277593,0.010068076,0.0006332524,0.0005271028,efosy0vy.png,0,validation
0.00032859782,0.009669151,0.00072136935,0.000722004,efqjg02u.png,0,validation
0.00039446293,0.010401756,0.00080493925,0.0008336911,eg2lkxbj.png,0,validation
0.0002933445,0.009339529,0.00064643275,0.00055737514,eg6jsd02.png,0,validation
0.00053722167,0.011089325,0.0014320515,0.0010716508,eg6uia1n.png,0,validation
0.00038991842,0.010512158,0.0006852292,0.00057401985,ehw2i1xd.png,0,validation
0.00029524916,0.009451022,0.00061524997,0.00059213035,ehwhg0u4.png,0,validation
0.0009981319,0.013274352,0.0022203582,0.0016441292,ei1wx9wl.png,0,validation
0.00048395834,0.011059889,0.0012469603,0.00097149797,ei3tvl16.png,0,validation
0.0003388118,0.009926701,0.00070709817,0.0006997491,eiezyrbz.png,0,validation
0.00037732886,0.010223544,0.0009248965,0.00085691904,ej31gymd.png,0,validation
0.00035913903,0.009767692,0.00094243384,0.0009007229,ej7zrloz.png,0,validation
0.0003103561,0.009473596,0.0006591742,0.0006728791,ejam4rce.png,0,validation
0.00041485787,0.010790453,0.00071225007,0.000664228,ejuh8xlo.png,0,validation
0.00040974148,0.010290101,0.0008788118,0.00085414253,ek0vwjee.png,0,validation
0.00032049787,0.009638092,0.000686741,0.0006877422,ek3zezqa.png,0,validation
0.00033974924,0.009806452,0.0007584864,0.0007274117,ekntbz3m.png,0,validation
0.00035388776,0.009902487,0.0009137305,0.0008779434,ekqufn92.png,0,validation
0.00034064543,0.009862346,0.0007325012,0.0006645727,el6x47hw.png,0,validation
0.0003423282,0.009733124,0.00081384694,0.0007849729,elbnpo03.png,0,validation
0.00038879563,0.01005242,0.0010458301,0.0009298078,elsx52gw.png,0,validation
0.0003209053,0.009703652,0.0006605256,0.0006082798,elzawr7z.png,0,validation
0.00033745702,0.009759539,0.00070626155,0.00070775044,emtwkuea.png,0,validation
0.0003693218,0.010328778,0.00071693957,0.0006867331,en82uu8y.png,0,validation
0.00034894317,0.010257886,0.00069233106,0.0006128587,eort1vwl.png,0,validation
0.000325721,0.0095567,0.0007807201,0.0007058321,eoth5tct.png,0,validation
0.0004009748,0.010541063,0.0006879246,0.0006073129,epqbyd77.png,0,validation
0.00033880142,0.009921019,0.00077386026,0.0006965425,eqo23txk.png,0,validation
0.00039035483,0.010528624,0.0006231317,0.00054893136,eqrueszg.png,0,validation
0.00033368645,0.009881419,0.00079081504,0.0006238925,er5afscs.png,0,validation
0.00032008952,0.009755344,0.000595591,0.00057907123,erfxiokp.png,0,validation
0.00033804428,0.009838102,0.00071175885,0.00073623675,erika7lx.png,0,validation
0.0003398989,0.010049897,0.00063678133,0.0005972227,esmvcnho.png,0,validation
0.00042656326,0.0105493255,0.00075373537,0.00058062904,etgzj0z1.png,0,validation
0.000947356,0.013060566,0.0017518549,0.0014884317,etikbqkt.png,0,validation
0.0003565122,0.009929127,0.0008410655,0.00084693625,euaq89gd.png,0,validation
0.00032435433,0.009697287,0.0007495323,0.00072417426,eubfn9kr.png,0,validation
0.0004169014,0.0108905705,0.0007545874,0.0006909185,euyzuwun.png,0,validation
0.00028802978,0.009327127,0.0006721144,0.0005527028,ew03x21o.png,0,validation
0.00030968196,0.009331751,0.00075667276,0.00071631366,ew25x1fv.png,0,validation
0.0002911115,0.009221357,0.0006101931,0.00060046813,ewt8j2vo.png,0,validation
0.00034298032,0.009579385,0.0008444293,0.00080253993,exsdwc4k.png,0,validation
0.00032692272,0.009593223,0.0007298386,0.00072781637,ey0hiuni.png,0,validation
0.0003213321,0.009878578,0.000598029,0.00052706717,eyavzjit.png,0,validation
0.0003554314,0.010271465,0.0007199415,0.00060446135,eyrnwqve.png,0,validation
0.00031565255,0.009542492,0.0006973031,0.0007010307,eza9agul.png,0,validation
0.00042798065,0.010946439,0.0007790151,0.00077901606,eziqpr7r.png,0,validation
0.0003721243,0.010335803,0.0006314615,0.0005851416,f0gnzoqm.png,0,validation
0.0003258623,0.009632754,0.00076247554,0.0006462414,f0sac52x.png,0,validation
0.0003739097,0.010332981,0.00060717197,0.0005695811,f10648q7.png,0,validation
0.0003413023,0.010174548,0.0006721151,0.00056903716,f157nas5.png,0,validation
0.00039987554,0.010436328,0.0007460321,0.0005765457,f1xkzv72.png,0,validation
0.00056371966,0.0112874955,0.0014806883,0.0011046994,f1xnvb21.png,0,validation
0.0003083462,0.009597263,0.0006864516,0.0005643632,f2228l0e.png,0,validation
0.0003268522,0.009668853,0.0007984785,0.0006605788,f2k3rgnb.png,0,validation
0.0003029923,0.00949842,0.0006748203,0.0005674252,f2oj58ub.png,0,validation
0.000332164,0.009994348,0.00066601054,0.00055064645,f2wv0b8v.png,0,validation
0.00034576686,0.010143077,0.0006750998,0.0005702529,f2zkapwt.png,0,validation
0.00039492958,0.010599242,0.0006478438,0.0005548746,f3325e0d.png,0,validation
0.00041554222,0.010878454,0.00069600967,0.0006092487,f4g9uuih.png,0,validation
0.00034291542,0.0099914335,0.00066611404,0.00053833,f4syas62.png,0,validation
0.0003243451,0.009542185,0.0008262641,0.00068254996,f55qejca.png,0,validation
0.0003955774,0.010664143,0.00070827437,0.00058666046,f5nzpvjg.png,0,validation
0.00029210863,0.00924189,0.00066972466,0.000562713,f5ynaxtb.png,0,validation
0.00037182425,0.010490599,0.00068436563,0.00062017184,f8406bg3.png,0,validation
0.00032413902,0.009785439,0.000723637,0.0006417922,f84asyju.png,0,validation
0.00040471597,0.010542031,0.0006927047,0.000622842,f8fwws49.png,0,validation
0.00037500457,0.010537542,0.0006375963,0.00058695837,f8pvmpne.png,0,validation
0.00033091014,0.009574692,0.0007296572,0.0007500067,f8smbfzp.png,0,validation
0.0004283504,0.010736832,0.00072586635,0.0006088211,f9484qij.png,0,validation
0.0003233817,0.009589742,0.0007785823,0.00073562737,f9awrzvz.png,0,validation
0.00034521587,0.009783649,0.0007180851,0.0007295132,f9chs6oj.png,0,validation
0.00042532306,0.010774189,0.0006917643,0.0006174399,f9u5cp51.png,0,validation
0.00031750466,0.009427892,0.0007278353,0.00069466606,fadg2jpa.png,0,validation
0.00033530622,0.009747974,0.00074019464,0.00074461376,faryulyw.png,0,validation
0.00048076667,0.010926416,0.0010109255,0.0007659455,fbdpa9n8.png,0,validation
0.0010131415,0.013267678,0.0021441232,0.0015880691,fbwpv4m9.png,0,validation
0.00040862008,0.010766907,0.00067212473,0.0006242924,fbz753p6.png,0,validation
0.00032919698,0.00992258,0.0006909018,0.0005765945,fc0m9mv1.png,0,validation
0.00037848222,0.010192603,0.0007567525,0.00072568335,fc2vnnws.png,0,validation
0.00041320093,0.010870639,0.0007402732,0.0006654281,fc5ryxmr.png,0,validation
0.00047910342,0.010978162,0.001154549,0.00090430526,fcaj1kdi.png,0,validation
0.00035314227,0.0098754475,0.00080469676,0.0008211876,fd1u3v9x.png,0,validation
0.00037404674,0.010421939,0.0006818216,0.0006245173,fdpoeqau.png,0,validation
0.00041220686,0.010976146,0.0007300271,0.00067244517,fe7edvok.png,0,validation
0.0003770499,0.010422223,0.0006937688,0.00063331093,fe80doet.png,0,validation
0.0003513538,0.00968989,0.00091135304,0.0008516202,fel4pctg.png,0,validation
0.00032768672,0.00980149,0.0007964451,0.00075731176,fen0b09z.png,0,validation
0.00030696284,0.0094539225,0.0006257195,0.0006264416,fewleg1n.png,0,validation
0.00031431025,0.00970896,0.00070353143,0.00059454626,fex6dcle.png,0,validation
0.00040618947,0.010815214,0.0007717254,0.00074373896,ffvbmh8r.png,0,validation
0.00036464268,0.010335548,0.000663353,0.0005803106,fg0e09aw.png,0,validation
0.0003521454,0.009650492,0.00088807434,0.0008760053,fg28opev.png,0,validation
0.0003122705,0.009400064,0.0006676144,0.0006639204,fg46k9y8.png,0,validation
0.0003897711,0.010555543,0.0006359296,0.00058118673,fgyhfibx.png,0,validation
0.00033575014,0.009756332,0.00068705436,0.0006863224,fh49yv1e.png,0,validation
0.0003573117,0.00980822,0.0009048002,0.0008890714,fhj9d94g.png,0,validation
0.0002972767,0.009352222,0.00060294,0.00061422674,fj2texqq.png,0,validation
0.0010183206,0.013298407,0.0019578657,0.0015397355,fjv8hx2r.png,0,validation
0.00034158994,0.009981135,0.00071141135,0.0006827414,fjx1x19r.png,0,validation
0.00031202572,0.009507706,0.0006664295,0.0006768043,fklxb0ip.png,0,validation
0.00046370798,0.011041736,0.000811405,0.00061405497,fm3n50bv.png,0,validation
0.00040016614,0.010695821,0.00075397553,0.0006607489,fmfbr560.png,0,validation
0.0002965406,0.0094469655,0.0005989296,0.0006051621,fnm88ua3.png,0,validation
0.0009428349,0.013219437,0.0018107397,0.0013430007,fp5cngf2.png,0,validation
0.000309226,0.009343719,0.00074983045,0.00071894797,fpkp555n.png,0,validation
0.0003635989,0.010275179,0.0006555344,0.0005973524,fpwz3sgv.png,0,validation
0.0003766405,0.009974132,0.0009575072,0.00094145426,fpxymc1d.png,0,validation
0.0003374431,0.00975502,0.0007935207,0.0007829899,fq1k3vy2.png,0,validation
0.00042017814,0.010802511,0.0007199033,0.00073202036,fqrdi9wl.png,0,validation
0.0003072483,0.009522985,0.0006312816,0.0006352567,fqxlbvn7.png,0,validation
0.00039592624,0.010651975,0.0006862875,0.0006521915,frodq4ak.png,0,validation
0.00039178453,0.010504208,0.0007196077,0.00061475363,frra1dv7.png,0,validation
0.0003121005,0.009580091,0.00065032876,0.0006650756,fs87veue.png,0,validation
0.0003223593,0.009621383,0.0007182849,0.0007070746,fsnrrlt2.png,0,validation
0.00033557357,0.009653586,0.0007450973,0.00077649165,ftgxq70f.png,0,validation
0.0005704059,0.011122523,0.0016794583,0.0012488213,ftkf7ugl.png,0,validation
0.0005406956,0.011386149,0.0011385473,0.0008594401,ftwl3ma8.png,0,validation
0.000350632,0.009836178,0.0007617191,0.00077991275,fvc5tyto.png,0,validation
0.00026592752,0.008587992,0.0007021221,0.00065655215,fvpig3yv.png,0,validation
0.00030481914,0.009427604,0.0007209302,0.0005961503,fvx78a1k.png,0,validation
0.00032350168,0.009643703,0.00070662686,0.0006336784,fw3ktfb0.png,0,validation
0.00034109835,0.010117324,0.00063691114,0.000569209,fw9bnrww.png,0,validation
0.00031563488,0.009538176,0.00063300505,0.0006502123,fwps64hm.png,0,validation
0.000367726,0.009931674,0.00070656487,0.0007166474,fwxej5mh.png,0,validation
0.00032358474,0.009762145,0.0007019346,0.00064715726,fx89xpe9.png,0,validation
0.00038943675,0.010616963,0.00069817004,0.0006262761,fxdw9a5s.png,0,validation
0.00037555813,0.009958407,0.00071582687,0.0007058221,fxhkc856.png,0,validation
0.00041618026,0.010800736,0.0006472281,0.0005824859,fxhp9vgo.png,0,validation
0.00032694923,0.009943405,0.0006205623,0.0005454004,fyoohkqw.png,0,validation
0.00034937958,0.009953498,0.0007890657,0.00079240237,fyywz3x1.png,0,validation
0.00033605422,0.010081801,0.0006511315,0.00057432504,fz2caj6r.png,0,validation
0.0003363916,0.009765968,0.00072445645,0.00073916605,g0bu0yrq.png,0,validation
0.00036105627,0.0102506755,0.000713012,0.00065040187,g0iz2x7o.png,0,validation
0.00029300642,0.009372793,0.00058191846,0.00059452845,g0l3rtz5.png,0,validation
0.00038694724,0.010516311,0.0006880939,0.00058959087,g2dmgr1r.png,0,validation
0.00034834322,0.010190242,0.00063716964,0.0005623842,g3fxchid.png,0,validation
0.00031978398,0.0095099695,0.0007198134,0.0007258184,g3rjm7vu.png,0,validation
0.00034751263,0.010029838,0.00067898794,0.0006925683,g3vi7oj4.png,0,validation
0.0003395509,0.010124562,0.0006478553,0.00058058975,g4cvxy1v.png,0,validation
0.0003325018,0.009994917,0.00064596784,0.0005661076,g4zyuclq.png,0,validation
0.00043306325,0.010901664,0.00069848925,0.00063061767,g6n09vvw.png,0,validation
0.00032143545,0.009558712,0.00075341907,0.0006497637,g72161gf.png,0,validation
0.00038835034,0.010534284,0.0006622416,0.0005877245,g73r5w50.png,0,validation
0.00044416732,0.01114587,0.0007340494,0.00068367715,g79o69t8.png,0,validation
0.00037273654,0.010369336,0.00066416996,0.0005917983,g7hcjotm.png,0,validation
0.0004050145,0.010473158,0.0006481737,0.0005920312,g8fgs9y2.png,0,validation
0.00032935003,0.009901536,0.0006459878,0.00059492834,g90alr37.png,0,validation
0.00029739283,0.009372994,0.0006645716,0.00056895,g9520gfo.png,0,validation
0.0009788855,0.013439388,0.0019453892,0.0014419551,g9br89hc.png,0,validation
0.00032678258,0.00972818,0.00070887664,0.0006321737,g9o9ih4o.png,0,validation
0.0010708546,0.013610129,0.0020439813,0.0017250052,ga6xb51s.png,0,validation
0.00041271592,0.01051954,0.00067767216,0.00054485654,gaxgdw2p.png,0,validation
0.00035215053,0.010235996,0.0006624549,0.0005736103,gb80w66m.png,0,validation
0.0002993139,0.009425247,0.00062972226,0.00064412114,gbj72btq.png,0,validation
0.00036663862,0.010190475,0.00061886787,0.0005458009,gbnu3m3t.png,0,validation
0.0005715496,0.01064069,0.0013714709,0.001283398,gd8lhre7.png,0,validation
0.0002945293,0.009310772,0.00060491054,0.000603475,ge9ny3mu.png,0,validation
0.0003358694,0.010008815,0.0006594284,0.0005487742,ggea7hzr.png,0,validation
0.0004269593,0.010888462,0.0008395414,0.000792978,gghikwlv.png,0,validation
0.00026947644,0.0090131825,0.0005945735,0.00054015603,ggxp5cit.png,0,validation
0.0004210195,0.010852607,0.0006787982,0.0006094796,ghf55a39.png,0,validation
0.00029691137,0.00917035,0.0006564826,0.00067982083,ghm56vu6.png,0,validation
0.0004069597,0.010778557,0.0006921024,0.0005877734,ghmdv47i.png,0,validation
0.00047801386,0.011202388,0.0007671921,0.00070105976,ghzljms6.png,0,validation
0.00036515383,0.010095442,0.0009103243,0.00087040855,gk6t9dhs.png,0,validation
0.00030151434,0.009385117,0.000661635,0.0005810663,gl7mu89t.png,0,validation
0.00034741842,0.009744956,0.0007787975,0.0007518546,gmc0q2nb.png,0,validation
0.00036674284,0.009985186,0.0009269622,0.0008813901,gmuvzbfa.png,0,validation
0.0003521453,0.009834665,0.0008233995,0.00081909867,gnb3ep18.png,0,validation
0.00034183564,0.00970574,0.00084991864,0.0008009087,gnfol4bk.png,0,validation
0.0003347469,0.009753518,0.0007845007,0.000755524,go8jn42x.png,0,validation
0.00037770186,0.009981104,0.0009144801,0.00093826454,gog4da4v.png,0,validation
0.00035025197,0.009501328,0.00084411877,0.00078537036,gpizk3rm.png,0,validation
0.00036100688,0.010334446,0.0006343094,0.0005778902,gprq12sq.png,0,validation
0.00031991684,0.00986815,0.0006390485,0.00054721313,gqymhkej.png,0,validation
0.000834562,0.012641048,0.0017196988,0.0016300457,gr9jxftv.png,0,validation
0.00032152902,0.00966826,0.0006910237,0.00068598986,gsn11vru.png,0,validation
0.0010302606,0.013443522,0.0020547782,0.0015226939,gsoulmn3.png,0,validation
0.0004156529,0.010551501,0.0007372017,0.00057230383,gtm4kv4v.png,0,validation
0.00031542985,0.009577737,0.00073763635,0.00059940445,gtmjj2lo.png,0,validation
0.00041200418,0.010681256,0.0006956064,0.00070476346,gualmui1.png,0,validation
0.0006378092,0.012062653,0.0014957604,0.0015913966,guktq5sm.png,0,validation
0.0003957413,0.009659154,0.0008022839,0.00082207203,guw84rwx.png,0,validation
0.00033115566,0.009635195,0.0007542008,0.00075838313,guxgpmm7.png,0,validation
0.00029795326,0.00931819,0.0006140086,0.0006224168,gx49jmz4.png,0,validation
0.00030593673,0.009446139,0.00073024124,0.00060498144,gx4rzcmh.png,0,validation
0.0010479183,0.013406993,0.0020915992,0.0016112443,gxrfu7s7.png,0,validation
0.00029726874,0.009310097,0.0007023168,0.0005793792,gy73b5eq.png,0,validation
0.0004504637,0.010608355,0.0009297505,0.0007011762,gytw6bhl.png,0,validation
0.00033169665,0.009740381,0.00069642277,0.00069360615,gzxzncde.png,0,validation
0.0010305396,0.013385403,0.0020565416,0.0015258312,h00qq1ee.png,0,validation
0.00034886677,0.010177609,0.0006460685,0.0005676957,h17jd3lb.png,0,validation
0.00035012513,0.009896479,0.00075407553,0.00077258504,h1gcsn2x.png,0,validation
0.0009312604,0.013238105,0.0017506812,0.0013430277,h1lhnpll.png,0,validation
0.00034858656,0.009787532,0.000843849,0.0008390537,h1v02g33.png,0,validation
0.00030738412,0.009505985,0.00069154333,0.0006095847,h1y3zg0x.png,0,validation
0.0003109929,0.009345278,0.00072991144,0.00070264144,h33qz71j.png,0,validation
0.000402663,0.010682675,0.00067570846,0.000629092,h3jbagy8.png,0,validation
0.0003312255,0.00987521,0.0007955041,0.0006388052,h491hkky.png,0,validation
0.00037075917,0.0102228355,0.00071560475,0.0006506937,h4jvebdd.png,0,validation
0.00031109762,0.009543798,0.0006708625,0.00067482557,h4qlceq4.png,0,validation
0.0003282391,0.009877153,0.00072505133,0.0006340932,h553d9sz.png,0,validation
0.00043963682,0.010667149,0.0007697907,0.0006337616,h5qwqzl6.png,0,validation
0.00035107057,0.010181139,0.0007055107,0.0005963636,h6n04mwe.png,0,validation
0.00036554047,0.010272912,0.0006573709,0.00055499596,h7aplk54.png,0,validation
0.00036896087,0.010301863,0.0006528429,0.00055242627,h8h1ygx0.png,0,validation
0.0003425628,0.009644331,0.00083238044,0.00071946176,h8zub0kn.png,0,validation
0.0004005618,0.010681367,0.0006379686,0.0006051986,h959kw97.png,0,validation
0.00035689812,0.0100562265,0.0007228564,0.000742473,hazlhqq0.png,0,validation
0.0003106208,0.009625543,0.0006439651,0.0006344865,hc8cah3g.png,0,validation
0.0004172403,0.010631992,0.00066974654,0.00061267527,hcbf0vbz.png,0,validation
0.0003160909,0.009483438,0.0006839052,0.00066962425,hcwlmlrt.png,0,validation
0.00033109906,0.009970083,0.00064196024,0.00056154095,hd22k87w.png,0,validation
0.00031104957,0.009455891,0.0006846502,0.00065217074,hdaubm3b.png,0,validation
0.00028567357,0.009252741,0.0006627971,0.0005692779,he9na4f5.png,0,validation
0.00031158145,0.009497098,0.0007092476,0.000674737,hesjwjfl.png,0,validation
0.00034745067,0.0101258205,0.00063304,0.00057662954,hfwygvyu.png,0,validation
0.00029729045,0.009543454,0.00075088494,0.00059960765,hg5ughnb.png,0,validation
0.00054833305,0.011041612,0.0015106536,0.001128534,hh41qkii.png,0,validation
0.0003323316,0.009889833,0.0006871397,0.00069934694,hhlk3yjz.png,0,validation
0.00033108806,0.009981516,0.000705163,0.0005940103,hhtqt0e6.png,0,validation
0.00030722,0.009421228,0.0006430096,0.000633388,hi0x5frz.png,0,validation
0.00032788233,0.009936672,0.0006859975,0.00058111973,hif96v00.png,0,validation
0.00035971505,0.009999307,0.0008224171,0.0007901309,hih2x3d2.png,0,validation
0.00058694684,0.011285959,0.0017019862,0.0012685765,hija6bx7.png,0,validation
0.00037496822,0.010100012,0.00088973285,0.00090298,hiweey7l.png,0,validation
0.0003375443,0.009746823,0.0007816374,0.000744904,hj8nlqve.png,0,validation
0.00031414983,0.009378146,0.00077529345,0.0006829279,hjfdx8m7.png,0,validation
0.00035078387,0.009871647,0.000805121,0.0007664465,hjmol1wm.png,0,validation
0.00038716046,0.010478932,0.00070530444,0.0007127987,hk0iz22f.png,0,validation
0.00040306206,0.010649319,0.0007650162,0.00073879084,hl6ye295.png,0,validation
0.00031032442,0.009459149,0.0006611237,0.0006640764,hlfapmod.png,0,validation
0.00029998203,0.009403046,0.0006516025,0.0006654832,hlszm6vd.png,0,validation
0.0003018952,0.0094646765,0.0006464032,0.00059157284,hm7amtng.png,0,validation
0.00029849279,0.009410388,0.0006642714,0.00063439144,hmbun6xb.png,0,validation
0.0005189497,0.010651325,0.0014059191,0.0012876029,hmbzxi48.png,0,validation
0.00084888545,0.0126805315,0.001691024,0.0015354246,ho18ur92.png,0,validation
0.000364161,0.010214116,0.00071818737,0.0006474067,ho5jscyd.png,0,validation
0.0002780988,0.008951723,0.0005866943,0.0006076913,hoq5e7l7.png,0,validation
0.00092226424,0.013156443,0.0015706795,0.0014769648,hoqo4msw.png,0,validation
0.00039279208,0.010664836,0.00069086364,0.00059800205,horwvx9v.png,0,validation
0.00034807794,0.010094783,0.00065202167,0.00062352617,hp4kxzlx.png,0,validation
0.00035399347,0.009924779,0.0008070046,0.0007996232,hpzml79r.png,0,validation
0.00037687735,0.010501154,0.00074679527,0.000624099,hqdyk7cf.png,0,validation
0.00034024386,0.009666747,0.0007802809,0.00078326213,hreurblu.png,0,validation
0.00030454487,0.009466456,0.00077131635,0.0005966677,hrkmw74g.png,0,validation
0.0003206127,0.009618321,0.0007266101,0.00062400324,hs0dia5d.png,0,validation
0.00044935427,0.010923402,0.0007153213,0.00070777274,hsx69x7q.png,0,validation
0.00036218594,0.009905819,0.0008379486,0.00080097147,htgcdjni.png,0,validation
0.00037344408,0.009930921,0.0008874882,0.0008506358,htz53rcf.png,0,validation
0.0003064769,0.009593808,0.00068264187,0.0005680241,hul0opxn.png,0,validation
0.00032455605,0.00981435,0.0006458945,0.00065275456,hvjlpieg.png,0,validation
0.00034503773,0.009839384,0.0008233314,0.000795826,hvt07iji.png,0,validation
0.00030672437,0.009265464,0.00067843654,0.0006971253,hx0lv0wr.png,0,validation
0.00034125982,0.009659498,0.00078015146,0.00079484424,hx7xi359.png,0,validation
0.00040572014,0.010706296,0.00071108853,0.0006279057,hzeh7dlv.png,0,validation
0.0003873882,0.010525089,0.0007195446,0.0006245132,i0ai0qxe.png,0,validation
0.00042240712,0.010785184,0.0006314703,0.0005913114,i0egb0kj.png,0,validation
0.0010084403,0.01342777,0.0021053448,0.0015598265,i1dttopy.png,0,validation
0.0009375326,0.013183258,0.0016782687,0.0015659645,i2a2nktt.png,0,validation
0.0004676345,0.011019404,0.00091481535,0.0006891429,i394w1b2.png,0,validation
0.00030880756,0.0093476055,0.00067446934,0.00067737716,i3pj7k99.png,0,validation
0.00033078063,0.009604258,0.00076714077,0.00075754843,i5gfj189.png,0,validation
0.0004038887,0.010582057,0.0006925924,0.0006929899,i6mdq6it.png,0,validation
0.00030619474,0.009479342,0.0006592418,0.00065947726,i6wgl8i9.png,0,validation
0.00035624008,0.009953878,0.0008073516,0.0007072935,i7lwbobz.png,0,validation
0.00088771025,0.013090309,0.00159346,0.0014207417,i8owgu0e.png,0,validation
0.00033371276,0.009713817,0.00080383546,0.0007585976,i94lausk.png,0,validation
0.00037337173,0.010307866,0.0006544397,0.0006186186,iau4r5rp.png,0,validation
0.00040989544,0.010742677,0.0006295257,0.0005738921,ibfetihg.png,0,validation
0.00031933564,0.009645771,0.00075617345,0.00060319295,ibitinz5.png,0,validation
0.00034550458,0.010137501,0.0006355828,0.0005900561,ic2icod3.png,0,validation
0.00031548517,0.0094968015,0.0006692671,0.00067945017,id9sqmjn.png,0,validation
0.00036834847,0.009953846,0.0009744783,0.0009408484,ie8cpz5e.png,0,validation
0.00034746696,0.009815122,0.0007621889,0.000766038,ieoeuyd7.png,0,validation
0.00039744217,0.010622827,0.000701677,0.00059330574,if62rue6.png,0,validation
0.000290276,0.009346769,0.00064673484,0.00058925466,if6dohe7.png,0,validation
0.00029432695,0.009181598,0.0006234097,0.0006220796,ifoq6pk5.png,0,validation
0.0004360961,0.009870404,0.0010129717,0.0009324131,ih0ck0y0.png,0,validation
0.00041412082,0.01090776,0.00075265754,0.0007048725,ii8677ye.png,0,validation
0.00041212904,0.010767343,0.00072909886,0.0007335665,ii9iom3w.png,0,validation
0.0002958348,0.009365897,0.0006757138,0.00056021265,iimyrq96.png,0,validation
0.0003657964,0.010438846,0.0006490942,0.00061486865,iiopke36.png,0,validation
0.00034426583,0.01012917,0.0006805091,0.0005984204,ij4a3ss4.png,0,validation
0.00059280347,0.011510754,0.00119644,0.0008973299,ijawaw2k.png,0,validation
0.00034159253,0.009795144,0.0007914131,0.000712708,ijyrydzp.png,0,validation
0.00039691734,0.010695119,0.0006598393,0.00059686054,ilh4ebcd.png,0,validation
0.000341631,0.009882051,0.0007861237,0.00073446124,imw71tbw.png,0,validation
0.0009932473,0.0133755775,0.0021145395,0.0015651023,imzm424o.png,0,validation
0.00032976115,0.009655736,0.000806264,0.0006989445,in0oe2df.png,0,validation
0.0003142041,0.009421415,0.0006732217,0.0006724977,iolf63ya.png,0,validation
0.00040957468,0.010460293,0.0009825712,0.00091027166,ip65plld.png,0,validation
0.00048730205,0.011074233,0.0010170548,0.00076339423,ip6c9nsj.png,0,validation
0.00049458863,0.01122854,0.00096827885,0.0007300133,ipdjyaw6.png,0,validation
0.0005794436,0.011418618,0.0016548459,0.0012335269,ipp8b8z6.png,0,validation
0.00031790495,0.0095109595,0.0007018498,0.0007083074,iqeag3we.png,0,validation
0.00037161124,0.010054818,0.0007455184,0.0007411231,ir4cowgz.png,0,validation
0.00036351645,0.010326827,0.0006808508,0.0006111948,irnmtsox.png,0,validation
0.0003803577,0.010489843,0.00066439906,0.0005851324,is71ks3p.png,0,validation
0.00032771553,0.009727576,0.00075299275,0.00067610596,isi3j0ub.png,0,validation
0.00055074436,0.011311069,0.0014681228,0.0010941543,it3awpqs.png,0,validation
0.00035662035,0.009353083,0.0008583612,0.0007837261,itegb1di.png,0,validation
0.00033555712,0.009990121,0.0006685705,0.0005622368,itluijuq.png,0,validation
0.00063591386,0.01083446,0.0015065684,0.0013906942,itm2dxwo.png,0,validation
0.0005400773,0.0112337945,0.0013640951,0.0010197109,itp2xe1h.png,0,validation
0.00037380337,0.010331687,0.00064359186,0.0005780581,itx057zs.png,0,validation
0.00032262673,0.009487308,0.0007876032,0.0006889705,iuc1vshp.png,0,validation
0.0003592795,0.010273163,0.00068807206,0.00063990144,ivw6m5en.png,0,validation
0.0004874565,0.010239247,0.0011430987,0.0010460928,iwrgp4rr.png,0,validation
0.0003155069,0.009711026,0.00070030696,0.0006027073,iwtlinj1.png,0,validation
0.00029389732,0.009267889,0.0006461739,0.0006232024,ix0bfipe.png,0,validation
0.0002901135,0.009287619,0.0006451181,0.00058694783,ixcvtfha.png,0,validation
0.0011032479,0.013898209,0.0023144223,0.0017151472,ixxy8f3r.png,0,validation
0.00051833055,0.011169051,0.0012516862,0.0009466318,iymwl7gf.png,0,validation
0.00036704054,0.0100606475,0.00076471176,0.0007383761,iz4t6yy5.png,0,validation
0.00034779552,0.010258503,0.0006614438,0.0005690011,iz6zm6hj.png,0,validation
0.0003725208,0.010378979,0.00073483505,0.00069521845,j0859c47.png,0,validation
0.00036886,0.009964209,0.0008210273,0.00083430717,j24vvhg2.png,0,validation
0.00032688238,0.0096495235,0.0006756755,0.0006962536,j3g3qu9l.png,0,validation
0.00029484805,0.009429066,0.0006534242,0.0005725493,j3izbt1k.png,0,validation
0.00038730417,0.010486393,0.0007795071,0.00081098697,j3zy37x5.png,0,validation
0.00032049083,0.009663356,0.00070752733,0.0006075937,j4eaisdk.png,0,validation
0.0004109807,0.010782822,0.0007882882,0.0007672532,j4h6ho79.png,0,validation
0.00030108658,0.0093608,0.0006019115,0.00061737356,j51kpsz6.png,0,validation
0.00041417457,0.010487733,0.0006620881,0.000571538,j5kjop2e.png,0,validation
0.000308965,0.009503667,0.0006711015,0.00061385083,j5uesl4p.png,0,validation
0.0005694143,0.011702486,0.0013883909,0.0010825712,j7mcdb17.png,0,validation
0.00033922496,0.009657289,0.0006940725,0.0007070387,j8fn2be6.png,0,validation
0.0002847164,0.00922582,0.0005969781,0.0005703751,j9hvchrm.png,0,validation
0.00056521414,0.01121943,0.0015334693,0.0011417517,j9it1alh.png,0,validation
0.00040412878,0.010621553,0.00078218314,0.00073862664,j9w2f3f9.png,0,validation
0.00029299324,0.009450006,0.0006859852,0.0005521679,ja6mih6s.png,0,validation
0.00058196497,0.011430247,0.001559276,0.0011645335,jbmerntp.png,0,validation
0.00032447506,0.009674923,0.0006594994,0.00065874564,jbn5zul2.png,0,validation
0.0003568495,0.010253506,0.0007191405,0.0006315829,jbwokmmv.png,0,validation
0.00094163936,0.01318201,0.0018181581,0.0013804653,jcoy9ien.png,0,validation
0.00030885433,0.009453412,0.0006227874,0.000636543,jd5ln55e.png,0,validation
0.00029304257,0.009290191,0.0005981466,0.00061017426,jdid7ug5.png,0,validation
0.00037630717,0.010638967,0.0006992348,0.00060496974,jdz9o5px.png,0,validation
0.00041366543,0.010715949,0.00067638763,0.00060451607,jecfmpt2.png,0,validation
0.00031112472,0.009499373,0.0006659417,0.0006837128,jedgfjdl.png,0,validation
0.0003970507,0.0103344,0.0007589794,0.0007346305,jegqtoam.png,0,validation
0.0005927028,0.01173806,0.0015580686,0.001165296,jehxrwjk.png,0,validation
0.00038206618,0.01050644,0.0006949931,0.00065539044,jeis4hzg.png,0,validation
0.00041514868,0.010490155,0.00071355485,0.0007252094,jenvs925.png,0,validation
0.00046093945,0.010992097,0.00075271213,0.00076168455,jfi6d65p.png,0,validation
0.0003394421,0.009740709,0.0007840239,0.00077193254,jfj32dci.png,0,validation
0.00057445426,0.011664616,0.0013230668,0.0010315122,jfltlpt0.png,0,validation
0.00044323062,0.01106176,0.0007457914,0.0006715423,jge6fu7r.png,0,validation
0.00037144817,0.010286119,0.0006696035,0.0005964663,jgifxc5e.png,0,validation
0.0002916837,0.009236067,0.0006396481,0.0005824817,jgw8p3t5.png,0,validation
0.00036144018,0.010130444,0.0007231908,0.0006897908,jh2qcooo.png,0,validation
0.0003183903,0.009741663,0.00070397666,0.0005920833,jh9po2ub.png,0,validation
0.00038909115,0.0105736125,0.0007011587,0.0006210957,jhw7hj5c.png,0,validation
0.00035549258,0.01012947,0.00063435495,0.00061648176,jhyjypnd.png,0,validation
0.00037180868,0.009869605,0.0010062552,0.0009580269,jjd1pgfc.png,0,validation
0.0003132199,0.009530472,0.0006497159,0.00066474325,jjv8lrzs.png,0,validation
0.00037092174,0.01037758,0.00067459204,0.0006229255,jlkv7kix.png,0,validation
0.00033235172,0.009754112,0.00069244567,0.000689639,jncl8him.png,0,validation
0.00035449126,0.01017336,0.0006634786,0.000604304,jnp0mdc4.png,0,validation
0.00031136937,0.009616592,0.0006839725,0.0005774419,jo4mnf57.png,0,validation
0.00036906323,0.010134301,0.0008238856,0.0008396303,jojbnc59.png,0,validation
0.00029654984,0.009506379,0.00066486734,0.00055517454,jp289way.png,0,validation
0.00029510006,0.009242155,0.0006401048,0.00064102595,jptvh31a.png,0,validation
0.00031790565,0.009511471,0.00065901835,0.0006333202,jpu8xabm.png,0,validation
0.00036584405,0.01009935,0.00082137773,0.00084057206,jq71xk4j.png,0,validation
0.00084583386,0.012813908,0.0014654124,0.0013955825,jq9u1dnk.png,0,validation
0.00037216063,0.010384655,0.0006852879,0.0005789072,jqiee2dg.png,0,validation
0.00028750562,0.009212178,0.0006167078,0.0006115206,jqwys36e.png,0,validation
0.00034085626,0.009916704,0.00081087864,0.0007688436,jqyjv84a.png,0,validation
0.00041443843,0.010725118,0.0006441422,0.0006135062,jrr66r6f.png,0,validation
0.00040584232,0.010299492,0.0009421214,0.00086571684,jryqjqsc.png,0,validation
0.00034181256,0.010114493,0.00065936847,0.0006038293,js2m4tct.png,0,validation
0.00032273907,0.009541443,0.0007272662,0.0007131326,js2ywc7e.png,0,validation
0.00037865067,0.010257044,0.00072398176,0.000727232,jsoo0bf0.png,0,validation
0.00035343747,0.010251752,0.00064193073,0.0005538868,jsvbpg5u.png,0,validation
0.0005316969,0.010765389,0.0015517244,0.0013458624,jt67yvd5.png,0,validation
0.00034509512,0.009733427,0.000896969,0.00084368687,jtm9qgb7.png,0,validation
0.00030888783,0.009528415,0.00076073705,0.00060065015,juy8ybw7.png,0,validation
0.00032300284,0.009578525,0.00074876245,0.0007322714,jvc9s902.png,0,validation
0.0004151458,0.0107423775,0.00084603846,0.00080580084,jvfb86j6.png,0,validation
0.0003700154,0.010492572,0.0006891144,0.00063665136,jvjp7klh.png,0,validation
0.00031733827,0.009527733,0.0007547477,0.00066349545,jvsdhadx.png,0,validation
0.000347396,0.009805333,0.0007728731,0.00074787205,jwl2czob.png,0,validation
0.00030641898,0.009466058,0.0006473181,0.0006435966,jwtektsg.png,0,validation
0.00029816196,0.009386328,0.00062013743,0.0006391823,jx9amsm5.png,0,validation
0.00031005117,0.009720496,0.0006480268,0.0005336218,jxrt93of.png,0,validation
0.00063681375,0.011285223,0.0013111677,0.0012772627,jxyzts1o.png,0,validation
0.00031809183,0.009518687,0.00077163184,0.0007381105,jzg8u6mq.png,0,validation
0.00041978937,0.010745145,0.0007630437,0.00066256005,k05vivzu.png,0,validation
0.00047820408,0.011004248,0.0010893325,0.00086647586,k0rw98gs.png,0,validation
0.00032302047,0.009600465,0.00077753334,0.0006386558,k0wtcakk.png,0,validation
0.00035710135,0.010117279,0.00065976515,0.0006005985,k1f6hiig.png,0,validation
0.00041863462,0.010557329,0.0010057862,0.0010506145,k1qp39rg.png,0,validation
0.00034234574,0.00971852,0.0008675546,0.00081958616,k2l0d1b4.png,0,validation
0.00030431934,0.009503559,0.0006691595,0.00058060244,k33t9lzx.png,0,validation
0.00035070523,0.009856711,0.0008064573,0.00074959843,k3apdgav.png,0,validation
0.00033737175,0.009905771,0.0007130473,0.00073626457,k3ny9v20.png,0,validation
0.00032785465,0.009764335,0.00077021174,0.000647137,k426e34v.png,0,validation
0.00058301666,0.011499064,0.0014824581,0.0011069804,k56of5cd.png,0,validation
0.00031820463,0.009602145,0.0006873768,0.0006987395,k661h7wp.png,0,validation
0.0003961884,0.010604191,0.0006794687,0.00068218494,k6b7v5ap.png,0,validation
0.00035321433,0.009831187,0.00080996496,0.0008082309,k6qzl0o9.png,0,validation
0.00042291405,0.010595679,0.00097331114,0.00091250916,k7orfqla.png,0,validation
0.00028080473,0.009241185,0.00062106305,0.0005571183,k87322hr.png,0,validation
0.0008708299,0.012851274,0.0015720477,0.001391895,k8z9u7h2.png,0,validation
0.00037374542,0.01047922,0.00073081034,0.0006369142,k96v70fy.png,0,validation
0.00037479764,0.01014206,0.001034748,0.0007989392,k99c7zco.png,0,validation
0.0004326298,0.010954685,0.00078459666,0.0007345735,k9t9uj1n.png,0,validation
0.00030498902,0.009385898,0.00064020936,0.0006404758,k9tr74qg.png,0,validation
0.000320532,0.009603651,0.0006552474,0.00066266704,ka0j2nbi.png,0,validation
0.00029720564,0.009424963,0.000673709,0.0005478133,karoatez.png,0,validation
0.0003128871,0.0093977535,0.00069432956,0.00065443845,kasjoph3.png,0,validation
0.0009779282,0.013186605,0.0018586502,0.0016994991,kat8xdve.png,0,validation
0.00034989842,0.010192494,0.00073083787,0.0006142506,kc390hwa.png,0,validation
0.0003602565,0.009943683,0.00081146136,0.00083845854,kc5jst01.png,0,validation
0.00049409637,0.011093243,0.001191429,0.0009356469,kcavoo0j.png,0,validation
0.0004249312,0.010580193,0.0006991469,0.00057527923,kcj0ffeg.png,0,validation
0.00033677704,0.009758924,0.00075323216,0.0007729146,kd5st7pn.png,0,validation
0.00030176048,0.009523723,0.00064211007,0.00058467995,kff29202.png,0,validation
0.000411724,0.010459317,0.00075244426,0.00057267846,kfgxokvr.png,0,validation
0.00031029558,0.009619113,0.00066251284,0.00060809444,kg6uazki.png,0,validation
0.00030250274,0.009318244,0.0006471095,0.00065930135,kgicx7fn.png,0,validation
0.0004576135,0.011303648,0.0007306073,0.0006948201,khdfjynt.png,0,validation
0.00032552402,0.009620902,0.000753596,0.0007391868,ki7gx4rf.png,0,validation
0.00031694234,0.009276,0.0009475687,0.00084757886,kifa9mke.png,0,validation
0.00033746698,0.009778637,0.0007391391,0.0007437748,kiv90h7j.png,0,validation
0.00031749764,0.009597983,0.0007068637,0.0006380078,kjfpytyo.png,0,validation
0.00041542173,0.010933701,0.00067750225,0.0006384612,kk8d2iqa.png,0,validation
0.00028889245,0.009226997,0.0006296208,0.0005917956,kkfedlbg.png,0,validation
0.0003362978,0.009731738,0.0007844858,0.00071514706,kkthyl6s.png,0,validation
0.00040110317,0.0102717895,0.0009796695,0.00093497447,klldu5ch.png,0,validation
0.0003828982,0.010484783,0.00065574906,0.00058470666,kltj4hj0.png,0,validation
0.00031747425,0.009691305,0.0006959944,0.0006196054,klumcmh7.png,0,validation
0.0005476011,0.010953999,0.00159229,0.0013840933,knaarxd1.png,0,validation
0.00033285483,0.0097348895,0.0006986606,0.00071513845,kndxmkep.png,0,validation
0.00032484386,0.009602721,0.00071622495,0.0007388304,ko73r024.png,0,validation
0.00036710125,0.009896635,0.00094127824,0.00090010854,ko8tit7x.png,0,validation
0.000314551,0.0095283035,0.0007097812,0.0006642653,kou0hyo3.png,0,validation
0.00039643867,0.010592362,0.00063966215,0.0005565203,kpk9ndoc.png,0,validation
0.00028781517,0.009337956,0.00062610983,0.0005645468,kqkeznl0.png,0,validation
0.0003491362,0.010179862,0.0006970081,0.00060685654,kqmlp75m.png,0,validation
0.00034719365,0.009777481,0.0007950498,0.00078148325,krhqd8lz.png,0,validation
0.00029577408,0.009281799,0.0006255026,0.0006501366,krowx4kk.png,0,validation
0.0004502554,0.011121058,0.0008218097,0.0008246503,ksqghftc.png,0,validation
0.00033087912,0.0098278755,0.000729323,0.0006635692,ksto5zsr.png,0,validation
0.00032874537,0.009654241,0.0007055756,0.00068340515,kswrzqe5.png,0,validation
0.00032745136,0.0098970095,0.00068503135,0.0005970238,kt29bsjp.png,0,validation
0.0003388703,0.009669035,0.00080234604,0.0008017398,ktp6yd6i.png,0,validation
0.00034988218,0.010146294,0.000691985,0.0006499278,ktqjj9v1.png,0,validation
0.00030108955,0.009440255,0.0006848858,0.000581249,ku9ivw7k.png,0,validation
0.00033754428,0.009746823,0.0007816374,0.000744904,kuqu2qau.png,0,validation
0.00039104605,0.010531918,0.0006796122,0.0005679279,kut7646p.png,0,validation
0.00031340172,0.009423868,0.0007194475,0.00071276893,kv3udlwr.png,0,validation
0.00029452707,0.009307598,0.0006032925,0.00060643186,kvv411qi.png,0,validation
0.00033825324,0.01002977,0.0006750404,0.00058627396,kwhzml7s.png,0,validation
0.00035354838,0.010087456,0.00066610595,0.0006528999,kxd5yzgv.png,0,validation
0.0004014878,0.010702408,0.00068270834,0.0005994578,kyeitriy.png,0,validation
0.0003037343,0.009575347,0.0007281339,0.0005836436,kylsm55a.png,0,validation
0.00039314214,0.010564502,0.0007934885,0.0007003596,kzyaee7x.png,0,validation
0.00031095487,0.009420582,0.00079310435,0.00061366684,l0rdgw3d.png,0,validation
0.00036928593,0.010396411,0.00064259785,0.00062238704,l0urz1p7.png,0,validation
0.00029557283,0.009330093,0.0006261516,0.0006175764,l1ivzou1.png,0,validation
0.00034280578,0.0100488225,0.0007049008,0.0005904907,l29lnvuc.png,0,validation
0.00029499235,0.009325342,0.0006972672,0.00057403295,l2e0pgf4.png,0,validation
0.00049607246,0.010331586,0.0010235711,0.0008562629,l3bq160d.png,0,validation
0.00034525516,0.010099331,0.0006289744,0.0005690087,l4j8sud8.png,0,validation
0.0003851698,0.0104460325,0.0006933702,0.000651911,l4rfqcd0.png,0,validation
0.00032924933,0.009670536,0.00072537543,0.00074963877,l4sv515s.png,0,validation
0.00039341388,0.010646372,0.0007024768,0.0006014494,l4tniz5c.png,0,validation
0.00035319448,0.010144903,0.0006301976,0.00057270884,l57szoqe.png,0,validation
0.00033960133,0.009705823,0.000642278,0.00066032214,l58kxo9t.png,0,validation
0.00033593405,0.010006053,0.00063833845,0.0005661238,l647yim1.png,0,validation
0.0003568548,0.010082479,0.00073396246,0.00065528107,l7hct9v7.png,0,validation
0.00032065078,0.009635934,0.000739236,0.0006464089,l8472qw4.png,0,validation
0.00030113966,0.009466982,0.0006613403,0.00056718924,l886p5xh.png,0,validation
0.0003258583,0.009613301,0.00074385584,0.0006409285,l8cx2a4m.png,0,validation
0.00043012475,0.010826488,0.0006680895,0.00063930056,l8xc10pv.png,0,validation
0.00035773485,0.009887401,0.0009233514,0.00087414274,l95jjwaq.png,0,validation
0.00038287145,0.010004154,0.0009658326,0.0009572103,l9hmstng.png,0,validation
0.00039921503,0.010678962,0.0006615465,0.00058175414,lbcqao0v.png,0,validation
0.00039910362,0.010516122,0.0007072946,0.0006117003,lbmrwr35.png,0,validation
0.0004341526,0.010907468,0.0006620937,0.0006628627,lcrlquzy.png,0,validation
0.00043113902,0.010414178,0.0011360799,0.0010545233,ldel77xd.png,0,validation
0.00032709425,0.009746765,0.0006874614,0.00069900136,ldijvw88.png,0,validation
0.00035336305,0.009895513,0.00080041384,0.0008185628,ldofld3c.png,0,validation
0.0003354227,0.009980324,0.0006286052,0.0005608042,ledzlekq.png,0,validation
0.00029528892,0.009324865,0.0006140911,0.00060976873,lejvgify.png,0,validation
0.00039225662,0.010768925,0.00071688177,0.00068184803,lf8sxe2c.png,0,validation
0.00043823294,0.0109840045,0.0008068428,0.00083563395,lh68hh8d.png,0,validation
0.00040565745,0.010793777,0.00074138097,0.00073632324,lh81vmcw.png,0,validation
0.0002984806,0.009368927,0.0007066633,0.0005590477,lhhjs8kh.png,0,validation
0.000297278,0.009394081,0.00060418947,0.0006018696,livho8kt.png,0,validation
0.00034458513,0.009735682,0.00083655986,0.0008124423,liwix9pt.png,0,validation
0.001049643,0.013320536,0.0020461744,0.0016164057,lj0o7wxi.png,0,validation
0.0005080998,0.011238008,0.0011274209,0.0008476105,ljaimue2.png,0,validation
0.00039469523,0.010527146,0.00063199183,0.0005886047,ljvc1e74.png,0,validation
0.00029066985,0.009360302,0.0006446984,0.0005339739,lk4ktcm2.png,0,validation
0.0004088457,0.010730615,0.0006986024,0.0006096598,lkivofvy.png,0,validation
0.000325953,0.009528446,0.00077356317,0.0007356142,ll5znlnc.png,0,validation
0.00052326213,0.011280499,0.0012389891,0.0009318966,lmegs7uk.png,0,validation
0.00037109831,0.010377392,0.0006597025,0.0006160202,lmxr0lra.png,0,validation
0.0010098305,0.0134096965,0.0021579028,0.00159809,ln20gkqq.png,0,validation
0.00032004187,0.009691266,0.0006822718,0.0006218194,lo0q18oo.png,0,validation
0.00031451575,0.009644857,0.00069967756,0.0006076596,lobitkrb.png,0,validation
0.00033358473,0.00961358,0.00079724053,0.00077329454,lor50siy.png,0,validation
0.0003250939,0.009609977,0.00069111405,0.0006994132,lot81xqt.png,0,validation
0.0003925638,0.010660583,0.0007153022,0.00073668006,loykei2y.png,0,validation
0.0005809519,0.011096418,0.0017116274,0.0012756655,lphuivl9.png,0,validation
0.00031374913,0.00944494,0.0007040133,0.00066063425,lqh9j4jn.png,0,validation
0.00033633015,0.0099565415,0.0007444035,0.0006670224,lqpmvju7.png,0,validation
0.00040054755,0.010522901,0.00073059293,0.00072680076,lr3v795r.png,0,validation
0.0003262505,0.009720693,0.0007119061,0.0006347158,lrlwp47l.png,0,validation
0.00031034954,0.009401204,0.0006761059,0.00067122444,lrtatmng.png,0,validation
0.00034322112,0.010145315,0.0006501965,0.0006250477,ls763war.png,0,validation
0.00037592553,0.00993726,0.00093634817,0.0009301141,lt9bv5s7.png,0,validation
0.00037678875,0.01033313,0.0006910963,0.00056221336,lter5obv.png,0,validation
0.00030971298,0.009400069,0.0006622266,0.00067705667,ltoc3nb7.png,0,validation
0.0004305184,0.010866362,0.0006804771,0.00062775356,ltyhmp1h.png,0,validation
0.00036372078,0.010145588,0.00069875264,0.0007015641,lu3ndz3c.png,0,validation
0.00030363965,0.009390628,0.0007586872,0.0006055162,luneyec1.png,0,validation
0.00037856266,0.010471601,0.0006598753,0.0005878501,lv2zln51.png,0,validation
0.00033050447,0.009634667,0.0007686592,0.00074535015,lw0vs52s.png,0,validation
0.00041619132,0.010636544,0.0006994174,0.0005572273,lx0noixv.png,0,validation
0.00040073972,0.010518213,0.00067047204,0.0005874354,lxk68gc0.png,0,validation
0.000330707,0.009595858,0.00079409336,0.000762911,lxy13ar1.png,0,validation
0.00031605302,0.009817515,0.0006121794,0.00054596947,lypxm6ob.png,0,validation
0.00031388024,0.009588945,0.00068854244,0.00068560103,lyxcrhy9.png,0,validation
0.00039810943,0.010411211,0.00065183983,0.00059936085,m02sgrm9.png,0,validation
0.00050546095,0.010632856,0.0013477444,0.0012125624,m0aeyyxj.png,0,validation
0.0003702452,0.01030007,0.00069935236,0.0006152486,m0ah987n.png,0,validation
0.00037083885,0.010405645,0.00062506116,0.0005766368,m1k79vim.png,0,validation
0.00033188346,0.009672315,0.0008607374,0.0006531438,m1x1meam.png,0,validation
0.0005654065,0.01167237,0.0012098663,0.00094983535,m1xvwfw3.png,0,validation
0.00043493806,0.009998418,0.0010023792,0.0009588728,m29lylc0.png,0,validation
0.0003186356,0.009653148,0.0007605221,0.0006692952,m2id2mxm.png,0,validation
0.0004777531,0.010039384,0.001139715,0.0008478675,m2oyhz3u.png,0,validation
0.0008529805,0.012153148,0.003683052,0.002481646,m31c8fyv.png,0,validation
0.00064539246,0.012087508,0.0014575907,0.0015999726,m43o8joc.png,0,validation
0.0004243544,0.010324159,0.0007861305,0.0007704744,m476sbrb.png,0,validation
0.00031153692,0.009420274,0.0006496652,0.0006543472,m4iv5juq.png,0,validation
0.00039364674,0.010590904,0.00068869616,0.00058100437,m4mp4ydq.png,0,validation
0.00076996203,0.01180481,0.0019888629,0.0018489558,m4ng2rqx.png,0,validation
0.00039740832,0.010546526,0.0006875525,0.0005694329,m50qk0a9.png,0,validation
0.0003113525,0.008993945,0.0007331785,0.00067564007,m5fqjyyi.png,0,validation
0.00031638882,0.009467466,0.000716741,0.00065359415,m6lqyc2v.png,0,validation
0.00033468413,0.009181121,0.0006193084,0.0006403745,m6s5fo29.png,0,validation
0.00043476248,0.01099559,0.00074704486,0.00066753133,m766w3nq.png,0,validation
0.00038123102,0.010147381,0.0009369231,0.0009140165,m7kpucqy.png,0,validation
0.0003286528,0.0096606985,0.0006780415,0.00070417393,m7u4akun.png,0,validation
0.00040206,0.010533641,0.00065561506,0.00061696616,m87iqqat.png,0,validation
0.00034404942,0.010077708,0.0006464843,0.0005687969,m89pv89j.png,0,validation
0.0003365531,0.009796326,0.0007184392,0.0007254418,m89yhh5i.png,0,validation
0.0003222089,0.00964691,0.00066693284,0.000672143,m8ae2pif.png,0,validation
0.00029863138,0.0092673,0.00067397766,0.00061479415,m90ijurv.png,0,validation
0.00037775238,0.01050175,0.00074450386,0.0007089751,m9gtqe2y.png,0,validation
0.00037227015,0.0099173365,0.0009925863,0.00091234536,m9i7o16a.png,0,validation
0.0006093544,0.010889812,0.0014798908,0.0014066804,mah2xtm2.png,0,validation
0.00035469726,0.009822256,0.00091739604,0.0008804069,mb8l14qk.png,0,validation
0.0003025555,0.009577265,0.0006646841,0.00057856826,mbesb2lc.png,0,validation
0.00041690626,0.010867568,0.00068068004,0.0006525201,mbus4vwv.png,0,validation
0.000412658,0.010932999,0.00073606445,0.00061987934,mbx77gk0.png,0,validation
0.00034851755,0.009692441,0.0008251063,0.000816615,mcdf6c3x.png,0,validation
0.0004946772,0.011241597,0.0009137751,0.00088849996,mcvmobmh.png,0,validation
0.00029773856,0.0094080325,0.0006373881,0.0006303418,md3bpeqp.png,0,validation
0.00034070987,0.010029497,0.00062569865,0.0005873078,mduq0poq.png,0,validation
0.00033972066,0.009968647,0.0006280436,0.00056141085,mefz4v0v.png,0,validation
0.0010106086,0.013405172,0.0022186236,0.0016434642,mfd9x9a8.png,0,validation
0.00033219147,0.00976637,0.00083565986,0.00078733737,mgjcy4v8.png,0,validation
0.00035417828,0.009920553,0.000875832,0.000844056,mgnxk0zu.png,0,validation
0.0003580953,0.010071701,0.0006386743,0.0005575581,mgum2d0h.png,0,validation
0.00033860173,0.010176108,0.00066384685,0.0005704839,mgyxkmkt.png,0,validation
0.0003413615,0.010002981,0.0006966134,0.00064961443,mh43nv5x.png,0,validation
0.0004478585,0.010863923,0.0008097277,0.0006281396,mhy3qdjv.png,0,validation
0.00036298553,0.010352111,0.00072352786,0.00064691564,mhyxdljw.png,0,validation
0.0003377533,0.00974169,0.0007937033,0.0006995068,mi3vru4h.png,0,validation
0.00036411878,0.010317381,0.0006788924,0.0005907866,mij6ry7x.png,0,validation
0.0003524159,0.010176739,0.00063958624,0.00061790703,mjqbxohp.png,0,validation
0.00060491747,0.011518184,0.0016867636,0.0012609635,mk3k6zxs.png,0,validation
0.0002963476,0.009474746,0.0006538126,0.00056020275,mk3p6owy.png,0,validation
0.0003168078,0.009662969,0.0007117831,0.0005914024,mkdweooe.png,0,validation
0.00039137498,0.010519135,0.00068320247,0.00057700166,mmki7tfp.png,0,validation
0.00033256467,0.009728087,0.00074524654,0.0007283586,mmuft24z.png,0,validation
0.0004257014,0.010845224,0.00069054787,0.00065435725,mo044qcn.png,0,validation
0.00038446038,0.010537126,0.00073108496,0.00059513975,mo8d9we9.png,0,validation
0.00032038783,0.009665617,0.0007277979,0.00062051084,moaksyte.png,0,validation
0.0003920762,0.01054726,0.0007203582,0.0006356939,mq8b9ugk.png,0,validation
0.00035882296,0.010226749,0.00070845673,0.00061554473,mr3d7p2u.png,0,validation
0.0002964822,0.009462699,0.00060884573,0.00056704,mrcotx8o.png,0,validation
0.0004223466,0.010726991,0.0006617884,0.0005978314,mrrg8w9b.png,0,validation
0.00029682377,0.009257883,0.00066726713,0.0006356826,ms7upspa.png,0,validation
0.00029447163,0.009238957,0.00065155333,0.0006416192,msy3paua.png,0,validation
0.0003078591,0.009445913,0.0007185142,0.0006263992,mtneiuez.png,0,validation
0.00038445074,0.010399977,0.00062710786,0.0005487171,mtxs83xe.png,0,validation
0.00039593116,0.010224201,0.0008305023,0.0007845772,mu4ygoh7.png,0,validation
0.0003596374,0.010107123,0.0008026016,0.0007739152,mu7jae58.png,0,validation
0.00037712717,0.010461679,0.0006731604,0.0006548696,muir3ifz.png,0,validation
0.00039123782,0.010603103,0.000694919,0.00057754316,mur80x80.png,0,validation
0.0003276808,0.009664575,0.0007219669,0.0007182215,mvvg7h0q.png,0,validation
0.0003319736,0.009555608,0.00076002214,0.0007465436,mwesr90i.png,0,validation
0.00036777038,0.010203274,0.0006666153,0.00055936765,mxf2haqa.png,0,validation
0.00039587458,0.0106843235,0.00063384353,0.0006114694,mxw1zyiv.png,0,validation
0.00041856943,0.010561374,0.0006326655,0.0006111122,n188thyq.png,0,validation
0.00031607333,0.009553061,0.00070329825,0.00065503304,n1be5xna.png,0,validation
0.00057159556,0.011320411,0.0016893522,0.0012582158,n1yl9unl.png,0,validation
0.00029498577,0.009212481,0.00065033004,0.0005567731,n239sxm5.png,0,validation
0.00030722906,0.009322926,0.00065164437,0.0006617605,n3b4bzen.png,0,validation
0.00030660868,0.009352921,0.0006637815,0.0006409753,n3b8pfy4.png,0,validation
0.0003636169,0.010385544,0.0006583868,0.0005824353,n5kw77eo.png,0,validation
0.0003211381,0.009884605,0.0006133951,0.0005569428,n5m6sbf0.png,0,validation
0.0004323193,0.010787007,0.00062410923,0.0006308156,n5wrk7rz.png,0,validation
0.00032139756,0.009554664,0.00069635204,0.00069707644,n63b056d.png,0,validation
0.0003662979,0.010304307,0.0006988335,0.00069250894,n65hiu8i.png,0,validation
0.00035438436,0.009992415,0.0008201169,0.00076978136,n68ijqhq.png,0,validation
0.00033252954,0.009724354,0.00072752615,0.000743264,n7srdfx9.png,0,validation
0.00033265632,0.010051126,0.00064095855,0.0005540762,n8vgx1xy.png,0,validation
0.0004114398,0.010768065,0.0006805975,0.0006391596,n9jyels8.png,0,validation
0.00037113877,0.010340255,0.0006624451,0.0006202442,na7069qb.png,0,validation
0.00030546688,0.009321874,0.0007074857,0.00067154836,nah6tiu7.png,0,validation
0.00041992802,0.010735954,0.0006893909,0.00061755284,nbxbpfrw.png,0,validation
0.0002874723,0.009276898,0.0006136833,0.0005614425,nc304nwf.png,0,validation
0.0004478539,0.01067044,0.0009396767,0.0007075391,nc43h6xc.png,0,validation
0.0003303526,0.009622282,0.00075887423,0.0007027798,nc4viyse.png,0,validation
0.00036170823,0.010115354,0.00079174584,0.0006940071,nei598dh.png,0,validation
0.00036209813,0.010287764,0.00067345344,0.0006098158,nezeb18r.png,0,validation
0.00029048687,0.009189848,0.0006156349,0.0006187059,nf27e6l8.png,0,validation
0.00033287896,0.009922149,0.00065544294,0.00060741464,nf742yzs.png,0,validation
0.00032190065,0.009618452,0.0006433714,0.0006444026,nfjt7yxj.png,0,validation
0.00032102776,0.009668683,0.00072975433,0.0006199327,ng1jwenv.png,0,validation
0.00039099535,0.01058952,0.0007752783,0.0007312573,ng3hbop3.png,0,validation
0.00034569638,0.010232771,0.0005946739,0.00057201355,ngaj5klc.png,0,validation
0.00036142374,0.009642448,0.00096548477,0.00091524556,nh5jkgsn.png,0,validation
0.0003263073,0.009798671,0.00076188834,0.00064635143,nhcex947.png,0,validation
0.00036534373,0.009953597,0.00087566325,0.0008879833,nhps0fva.png,0,validation
0.0003134412,0.009624601,0.00069426716,0.0005985927,nhum00pu.png,0,validation
0.00035663715,0.010257533,0.0006679647,0.00054792763,nj46v3uj.png,0,validation
0.00033367286,0.009695806,0.0007354043,0.00067141384,nji8fg7s.png,0,validation
0.0010433974,0.013551338,0.0021702265,0.0016052682,nkf1nmg3.png,0,validation
0.00034009127,0.009802273,0.00079332344,0.000705955,nkf4mp62.png,0,validation
0.00034613305,0.009818998,0.0007875338,0.0007759719,nkz8tr83.png,0,validation
0.00036324534,0.010251051,0.00059101125,0.0005365424,nl2awpu0.png,0,validation
0.00028872065,0.00915577,0.0006129967,0.0006106932,nlhapwf5.png,0,validation
0.00041349573,0.0105155455,0.0006780908,0.00055185123,nm4zpdop.png,0,validation
0.00035647312,0.010294024,0.00068429584,0.00060122134,nn3xzh6y.png,0,validation
0.0003281155,0.009982003,0.00065482914,0.0006036691,nobauzir.png,0,validation
0.00034284906,0.009993308,0.000677566,0.00062565366,nofggdz7.png,0,validation
0.0003219596,0.009628446,0.0006911202,0.00070504687,np8b9gdk.png,0,validation
0.00036522557,0.009833537,0.00097551453,0.0008919483,nplfazw2.png,0,validation
0.00033588902,0.010103676,0.00063742977,0.00054956117,npylb28c.png,0,validation
0.00037545754,0.010060598,0.001034107,0.00091376866,nqjqijc1.png,0,validation
0.0003886993,0.010567259,0.0006501042,0.0005790595,nqrsqzfv.png,0,validation
0.00034623896,0.010167799,0.00069820305,0.0006041567,nqu8ifhc.png,0,validation
0.00107212,0.013671902,0.0022872344,0.00169363,nrznqf3k.png,0,validation
0.00041156163,0.010431529,0.0010294971,0.00092815614,ns4pq6ew.png,0,validation
0.0003738187,0.010345304,0.0007313026,0.00070716295,nsogph27.png,0,validation
0.00030459746,0.009561233,0.00070477586,0.00058341824,ntixo9ub.png,0,validation
0.00033007684,0.009669605,0.0007296627,0.0007092803,nudm0r9u.png,0,validation
0.0003966756,0.010671292,0.00072948576,0.00059231435,nun39iv3.png,0,validation
0.0003832461,0.010327886,0.0006472308,0.00057337445,nvqoj30p.png,0,validation
0.00033950133,0.009727147,0.0007309206,0.0007396216,nvvv0rs9.png,0,validation
0.0003382289,0.010050899,0.0006552597,0.00056902494,nw9fgwi8.png,0,validation
0.00042453434,0.010833682,0.00070025295,0.0006225229,nwdvqd1j.png,0,validation
0.0003918552,0.010576867,0.0006977076,0.0005913389,nwlkm024.png,0,validation
0.00029061374,0.0094062,0.00071359414,0.000566222,nx74ssd1.png,0,validation
0.000398874,0.010200804,0.0009814731,0.000995358,nyacyobn.png,0,validation
0.0003943996,0.010505603,0.0007564394,0.00074990257,nzkhqfu9.png,0,validation
0.0003157436,0.009412714,0.00077888014,0.0006435307,nznlndgf.png,0,validation
0.00043937936,0.010929109,0.00066723855,0.0006792346,o00w1tjl.png,0,validation
0.0005494436,0.011186641,0.0014338124,0.0010724607,o2kp3jr3.png,0,validation
0.0005144224,0.0117062945,0.00072957313,0.0006852172,o2miq2ld.png,0,validation
0.0003411322,0.00958125,0.0008497959,0.0008437878,o350rue9.png,0,validation
0.00039437393,0.010557231,0.0006651535,0.0006533793,o4f6t8rb.png,0,validation
0.00033690024,0.0100422185,0.0006658083,0.00060235814,o4icozki.png,0,validation
0.00030535914,0.009488481,0.0007295604,0.0005818816,o4irfvl0.png,0,validation
0.00033452048,0.009415256,0.0007898927,0.00075794297,o50dw1mf.png,0,validation
0.00042964943,0.010843064,0.0007798412,0.00071175396,o50pn431.png,0,validation
0.00033168716,0.009703734,0.0007957678,0.00065700506,o5a3bvyp.png,0,validation
0.0003140297,0.009560389,0.00066890277,0.0006856816,o5a439gf.png,0,validation
0.0004945117,0.010560398,0.0010881568,0.0009845627,o68h2al0.png,0,validation
0.00035883294,0.009862206,0.00085876964,0.0008634871,o69qq41z.png,0,validation
0.00028661327,0.009193112,0.00067020266,0.00052475784,o7czeam7.png,0,validation
0.00038296563,0.010413155,0.00061530597,0.0005412803,o7fylnkc.png,0,validation
0.0003368331,0.009813336,0.00078201527,0.0007005801,o87gyblv.png,0,validation
0.00066230644,0.010990543,0.0017006885,0.0014246071,o8pe74ad.png,0,validation
0.00029227237,0.00910726,0.0006056479,0.00062120584,o8ve6uxt.png,0,validation
0.00034775963,0.01017798,0.00065656996,0.0005659733,o9esp4gq.png,0,validation
0.00039588215,0.010723699,0.0007725154,0.00065786426,o9oyqsir.png,0,validation
0.00033536437,0.009720196,0.00075826957,0.0007524512,o9slps19.png,0,validation
0.00031588168,0.009622285,0.00071124744,0.0006537002,oap1kfv4.png,0,validation
0.0010440216,0.0136670275,0.0019781794,0.0015692302,oc19inrm.png,0,validation
0.00035935311,0.010184306,0.00065327506,0.00059018703,ocd44ofc.png,0,validation
0.0007535296,0.011455662,0.003234799,0.0021962628,oct3sh0x.png,0,validation
0.00035965221,0.010277522,0.00064729224,0.00055983843,oe54aet0.png,0,validation
0.00029543822,0.009350543,0.0007433525,0.0005888539,of4ogjcj.png,0,validation
0.0004309666,0.010806693,0.00072348677,0.00068202976,ofnikwd0.png,0,validation
0.00038983815,0.010569794,0.000669183,0.0006405496,oge18x2k.png,0,validation
0.00034158782,0.009670402,0.00084294623,0.0007978274,ogw23rp7.png,0,validation
0.00035945643,0.010325204,0.00070209766,0.0006240366,ohqcxp19.png,0,validation
0.00039742724,0.010483829,0.000646509,0.00054685224,ois4e16m.png,0,validation
0.00039476235,0.010638087,0.00069496274,0.00058954203,oj9nmdxe.png,0,validation
0.00089080905,0.012946167,0.0015651215,0.0013986314,ojeqwkxr.png,0,validation
0.0003374747,0.009987378,0.0006134412,0.0006203932,ojqqq8j6.png,0,validation
0.00030957846,0.009404116,0.00065402023,0.00067853206,ok8ybf6b.png,0,validation
0.00030638426,0.009392777,0.00065854995,0.00063564995,okkbnubs.png,0,validation
0.00030657437,0.009523788,0.00066060823,0.0005913875,olvor71y.png,0,validation
0.00045719146,0.011052469,0.0007149097,0.00067841477,om9exzwv.png,0,validation
0.00043551374,0.009832207,0.0008540423,0.00086002983,omff2htb.png,0,validation
0.00044432541,0.010649401,0.00085365504,0.000646048,omgffgt7.png,0,validation
0.00037551922,0.010488099,0.00068423204,0.00057628774,oopi3gsb.png,0,validation
0.00034307913,0.010112053,0.0006645708,0.0005759885,opkxcvm6.png,0,validation
0.00095203944,0.013237351,0.0017085837,0.0015586672,oq4gnw8z.png,0,validation
0.00028847452,0.009260155,0.0006451843,0.0005385815,orrbqspm.png,0,validation
0.00035469446,0.009757547,0.0008386706,0.0008260769,os6k9vs1.png,0,validation
0.00030681115,0.009360399,0.000655229,0.0006760745,osqnl9y5.png,0,validation
0.0008842376,0.013014299,0.0015060444,0.0013730765,osx8zhn6.png,0,validation
0.00031143433,0.00960312,0.00072834425,0.00058706733,otxkikaw.png,0,validation
0.00030288624,0.00934728,0.0007000219,0.0006942869,oun91fy6.png,0,validation
0.00030366148,0.009350909,0.0007072461,0.00058094563,ovgfwyun.png,0,validation
0.00030449516,0.009461082,0.00060546555,0.0006147384,owmwgosn.png,0,validation
0.0003304803,0.009226199,0.00071184157,0.0007358084,oxtp2nff.png,0,validation
0.00036787707,0.01018276,0.0007199687,0.00067091594,oy37cqbm.png,0,validation
0.0003376819,0.009765309,0.00075620005,0.00075899553,oy7gnjz2.png,0,validation
0.0003424082,0.009711334,0.0008254086,0.0008160574,p0zryyb4.png,0,validation
0.00032435445,0.009627564,0.0007988466,0.00064230885,p1hhg3fm.png,0,validation
0.00033827155,0.009978722,0.0006886323,0.00060267944,p1ktdpmq.png,0,validation
0.0004712897,0.0112502845,0.0007861692,0.00081209786,p24hzthj.png,0,validation
0.00032432514,0.0099084675,0.0006795635,0.0005672635,p2rqhamj.png,0,validation
0.00033482717,0.009593468,0.0008065663,0.00078067876,p3he53ff.png,0,validation
0.00035598167,0.010224093,0.0006871159,0.0005941872,p4tuntbv.png,0,validation
0.0002947747,0.009328912,0.0006823877,0.00054554944,p5wpvi06.png,0,validation
0.00040431562,0.010682632,0.00066647225,0.0005803462,p66e7n3x.png,0,validation
0.0004107761,0.010620203,0.0008420336,0.0008198077,p6nlnqbu.png,0,validation
0.00034357188,0.010147632,0.00070492947,0.00058808224,p74iqy59.png,0,validation
0.00034247682,0.0100097265,0.000597244,0.0006126723,p753k48o.png,0,validation
0.0004138159,0.011006088,0.0006860227,0.0006467851,p7n4497y.png,0,validation
0.00041583955,0.010793666,0.0006094688,0.0005990123,p8arcgcj.png,0,validation
0.0003164133,0.009518364,0.00071269233,0.00070165336,p98p4aa3.png,0,validation
0.00034763647,0.010119081,0.00064030767,0.0005529068,p9oc6s5y.png,0,validation
0.0003618085,0.009869379,0.0008938747,0.0008382053,pb1hka4h.png,0,validation
0.00033236932,0.00973147,0.0007588939,0.0006656141,pbisd6hn.png,0,validation
0.00036527135,0.010250913,0.0006808256,0.00070309406,pceo934t.png,0,validation
0.0003128558,0.009566534,0.0006938875,0.00068318716,pd5l8f1b.png,0,validation
0.0004038208,0.010568961,0.000642042,0.00056835206,pegtcz9b.png,0,validation
0.00034757602,0.010150807,0.0006778061,0.0005824462,pf12ck87.png,0,validation
0.0004385919,0.010873203,0.0006674361,0.00066290045,pgr68fqo.png,0,validation
0.00031129154,0.00958811,0.00071359857,0.0006036229,ph3oasy8.png,0,validation
0.0008609835,0.012873057,0.0014923529,0.0013636198,ph3sag46.png,0,validation
0.00030752635,0.009410571,0.0006749865,0.00066344475,phho682p.png,0,validation
0.0003974038,0.010574234,0.0006729508,0.0006212972,pihq17j3.png,0,validation
0.00033940058,0.0097351335,0.0008023197,0.00070203625,pjd6tcby.png,0,validation
0.00037322802,0.010056133,0.00091366126,0.0008696713,pjho68qp.png,0,validation
0.00035532354,0.010073757,0.0007283133,0.00065512204,pjwnzxon.png,0,validation
0.00034494826,0.009974141,0.0007098557,0.00070756103,pk0qtl3q.png,0,validation
0.00030940984,0.009459033,0.0006542136,0.00064478215,pkb571wz.png,0,validation
0.00034570004,0.010162276,0.0006623272,0.0005825389,pkwthgcy.png,0,validation
0.00034794328,0.009819745,0.0007719966,0.00075508433,plhalj4c.png,0,validation
0.0008594039,0.0127080055,0.0015165289,0.0013470385,plhrtc7i.png,0,validation
0.00029426586,0.009282727,0.00064193085,0.0006563285,plyo0su0.png,0,validation
0.00036551882,0.010235464,0.0006853551,0.0005682347,plysdfmn.png,0,validation
0.00031541093,0.00947374,0.0006830014,0.0006786735,pm6dysx9.png,0,validation
0.00034710288,0.009865535,0.0007559681,0.0007631152,pnc5kpj3.png,0,validation
0.00036994103,0.010452799,0.000724524,0.00069463096,pngw12xq.png,0,validation
0.00035725124,0.010067657,0.00081835064,0.0007899473,poj3784m.png,0,validation
0.0003518219,0.01006215,0.00081719353,0.0006474393,potoxj5l.png,0,validation
0.00037547015,0.010366227,0.0006679138,0.0005517361,pq4k9xqv.png,0,validation
0.00032254003,0.009687326,0.00072278315,0.00061649026,pqdnblwd.png,0,validation
0.00030275108,0.009465553,0.0006911342,0.0005762998,prldq26c.png,0,validation
0.00033322145,0.009748931,0.0007467028,0.0006973216,ps86x5ng.png,0,validation
0.00055794074,0.011505003,0.0012771322,0.00095890544,pt0ecrbt.png,0,validation
0.00036643803,0.01040297,0.0006602368,0.0006071071,pt6vxoyh.png,0,validation
0.0003392692,0.009727547,0.000759284,0.0007365049,ptkzwi9r.png,0,validation
0.0002877725,0.009371815,0.0006746631,0.0005705989,pv7tiqij.png,0,validation
0.00045913356,0.011060515,0.000754891,0.00062545814,pveg4dnw.png,0,validation
0.00033802562,0.010091483,0.0006263927,0.0005565275,pvzyhykl.png,0,validation
0.00037220272,0.010255965,0.0007093033,0.0006644624,pwbsgzll.png,0,validation
0.00031915095,0.00966014,0.0006717273,0.000679311,pwkqaf9w.png,0,validation
0.00039193738,0.010549079,0.000720593,0.00071434333,pwlo1yug.png,0,validation
0.0003436601,0.01008859,0.0007274098,0.00062972814,pwo4l3fr.png,0,validation
0.00049628434,0.01068181,0.0014245482,0.0010000832,py81hr62.png,0,validation
0.00035134066,0.010255641,0.00071837934,0.00059815106,pyrd4q98.png,0,validation
0.00036697896,0.010030258,0.0008114556,0.00083892886,pztjg16e.png,0,validation
0.00039918043,0.010684244,0.000668821,0.0005842503,q0ry3k58.png,0,validation
0.00029452995,0.009310483,0.0006079789,0.0005916837,q15fqjit.png,0,validation
0.00032822366,0.009516997,0.0007521892,0.0007467889,q1600qp6.png,0,validation
0.00035157896,0.009878581,0.0008428872,0.0008208317,q4voef93.png,0,validation
0.00038181263,0.010484456,0.0006505129,0.00053753983,q5r4fv1n.png,0,validation
0.00039201355,0.010599384,0.00068143045,0.00066137285,q5ralmwk.png,0,validation
0.00037075154,0.010196075,0.0008250124,0.00085774256,q6gxb3di.png,0,validation
0.00036362864,0.010145337,0.00065514253,0.00054228073,q6u5qwce.png,0,validation
0.00031585866,0.009585743,0.00069010427,0.0006536947,q7nnmjxn.png,0,validation
0.00037691472,0.01043975,0.00068796973,0.00058698177,q8w8zuyl.png,0,validation
0.0003831098,0.01052482,0.00069954706,0.0006760453,q90bibg2.png,0,validation
0.00031322078,0.009528414,0.0006628633,0.0006598068,q93bvmy7.png,0,validation
0.00037825672,0.010427183,0.0006314122,0.0006296889,q9g7f02h.png,0,validation
0.00030737347,0.008886086,0.00065172935,0.00066214154,q9iqd3tc.png,0,validation
0.00030224072,0.009488196,0.0006656866,0.0005690954,q9pgi7b1.png,0,validation
0.00033604674,0.009706136,0.0006923612,0.00070229976,q9rq53ut.png,0,validation
0.0003849047,0.010465055,0.00067734293,0.0006220949,qa1oomo3.png,0,validation
0.00036647666,0.010037091,0.0008434592,0.000806416,qa5h994f.png,0,validation
0.0003648215,0.010170335,0.00066641095,0.00062276167,qaetlap0.png,0,validation
0.0004293218,0.010671173,0.0006987913,0.0006293765,qc1xxzjc.png,0,validation
0.00030537936,0.009516446,0.00074156316,0.0005922946,qc4xfdfj.png,0,validation
0.00034857384,0.009997876,0.00062228314,0.0005295782,qcedtrfs.png,0,validation
0.0003439967,0.01017803,0.0006445201,0.00057966216,qdc6az17.png,0,validation
0.0003090694,0.009349868,0.0006931511,0.0007086406,qdu2eb0t.png,0,validation
0.00038293042,0.010643792,0.0006345604,0.00059696496,qebkn8qb.png,0,validation
0.0003387641,0.009870873,0.0007224713,0.0007245181,qefrsatq.png,0,validation
0.0003567004,0.010235444,0.00071464473,0.00059309043,qeyo7y4g.png,0,validation
0.00040572212,0.010766905,0.0007144982,0.0006373728,qf5lnjih.png,0,validation
0.00032236037,0.009609538,0.0007342639,0.00069141435,qfl3je2h.png,0,validation
0.00032949858,0.009661731,0.00074343674,0.00074179104,qgzucplk.png,0,validation
0.00036389194,0.009798356,0.0009085114,0.00089435565,qhtdxi6x.png,0,validation
0.00031380448,0.009427592,0.0007317089,0.00064246944,qi0xej01.png,0,validation
0.00030085357,0.00939898,0.0006984885,0.0005762409,qi11iwzc.png,0,validation
0.0009595337,0.013313216,0.0016533851,0.0015379213,qibki8me.png,0,validation
0.00033816398,0.009634993,0.0008032964,0.00077389035,qij7v2wt.png,0,validation
0.0005005405,0.011209668,0.0011022044,0.00082757685,qisqr44j.png,0,validation
0.00033125072,0.01008137,0.0006381503,0.0005858978,qizvli65.png,0,validation
0.0004135213,0.01075845,0.0006378529,0.00063985307,qjeodnuh.png,0,validation
0.00032810526,0.009947705,0.00063884514,0.00054327433,qjjczwcz.png,0,validation
0.00034841613,0.009934969,0.00083763653,0.0007423248,qjrmptv4.png,0,validation
0.00030265137,0.00939722,0.00068549835,0.00059571286,ql709yiw.png,0,validation
0.00036277573,0.009779677,0.0009030524,0.00086623355,qmugi3j3.png,0,validation
0.00034899035,0.0101748165,0.0007282625,0.0005938425,qotqvtm6.png,0,validation
0.0003672226,0.01032467,0.0006632684,0.00060232566,qowtqbcx.png,0,validation
0.0004236326,0.010906057,0.00068224804,0.0006215929,qoz5gplz.png,0,validation
0.00031465132,0.009627832,0.00076851965,0.0005973498,qq64aerq.png,0,validation
0.0005352674,0.011442227,0.0011598688,0.00087005284,qqcxszst.png,0,validation
0.0003399681,0.009666467,0.00064767234,0.00065988913,qqjvwupt.png,0,validation
0.0003139262,0.00953802,0.00067532336,0.0006820785,qqoqsd8p.png,0,validation
0.00037779796,0.0104325805,0.0007157519,0.00059876556,qrpicq5y.png,0,validation
0.00036956475,0.010434676,0.0006632629,0.0005690567,qs5f44a7.png,0,validation
0.00040167195,0.010704609,0.00068666943,0.00059939595,qsfb3ojt.png,0,validation
0.0003699793,0.0093128495,0.0007211134,0.0007759011,qsldtym4.png,0,validation
0.000888815,0.013042238,0.0016149994,0.0015000658,qta9rr8l.png,0,validation
0.00030027606,0.00941474,0.00064617954,0.000648139,qtaybgi0.png,0,validation
0.0009492676,0.01326034,0.0017355776,0.0015362224,qvdpf73a.png,0,validation
0.00038340385,0.010497599,0.0006683707,0.0006615499,qvh7gkxr.png,0,validation
0.00034421808,0.009813934,0.0007626644,0.00075183733,qvr7l76b.png,0,validation
0.0004119198,0.010782334,0.0007062873,0.0006767159,qvupk3a5.png,0,validation
0.00031959085,0.0097656585,0.00070453144,0.0005854283,qx9rbfhv.png,0,validation
0.00041761823,0.010650206,0.0006915177,0.0005942896,qxnjgyfj.png,0,validation
0.0003102945,0.009554377,0.00067823916,0.0006752489,qxo2dwn7.png,0,validation
0.00043603897,0.0107917525,0.00076115335,0.0005770119,qxxr0otn.png,0,validation
0.0006921427,0.011473866,0.0018929733,0.0012446482,qyewyzr5.png,0,validation
0.00032612562,0.009642248,0.00072809943,0.00069765263,qz4fg5wl.png,0,validation
0.00057091296,0.01153206,0.001378937,0.0010272792,qzcuz68y.png,0,validation
0.0003800582,0.009943542,0.0010148418,0.0009812418,qzl51q9b.png,0,validation
0.00032322304,0.009805777,0.00071127724,0.0006303636,r0hnuf0y.png,0,validation
0.00034271725,0.0100697335,0.0006304892,0.0005497666,r0ht2r32.png,0,validation
0.00035485625,0.010232852,0.0006983854,0.0006443718,r11m8zop.png,0,validation
0.0003177833,0.009884091,0.00065123854,0.0005799224,r1ikfwal.png,0,validation
0.00039028405,0.01042273,0.0006188515,0.0005483625,r2bkf59v.png,0,validation
0.00033478695,0.009624326,0.00074387225,0.0007388318,r2f9fhlm.png,0,validation
0.00040589643,0.010698925,0.00068744144,0.00060493086,r2ku9dud.png,0,validation
0.00035830747,0.010242384,0.00062799145,0.0006052665,r2p5e5s5.png,0,validation
0.0003589799,0.010189775,0.0006616337,0.00056955544,r3uqexs0.png,0,validation
0.00036401016,0.0099865245,0.0009105018,0.0008610265,r3z3yp7k.png,0,validation
0.00040530236,0.010107457,0.0011104124,0.0010610095,r424kskm.png,0,validation
0.00046279348,0.011350257,0.0007388086,0.000705524,r427qxb1.png,0,validation
0.0003981007,0.010595975,0.00065738766,0.00059872546,r4z9epc4.png,0,validation
0.00041043854,0.010794666,0.00071607693,0.0007129698,r5cmhvmf.png,0,validation
0.00030968845,0.00944185,0.00069541525,0.000643765,r5t9l1ot.png,0,validation
0.0003267899,0.0096475445,0.0007224561,0.000727945,r6vme846.png,0,validation
0.00036370408,0.009803197,0.0009862036,0.0009016111,r8zlc59f.png,0,validation
0.00035462863,0.0100396555,0.00073252444,0.00062334386,r9tbb9qg.png,0,validation
0.00032459226,0.009775883,0.00069415825,0.0006064009,ratji78j.png,0,validation
0.0009954328,0.013293187,0.0019454043,0.0014761456,rau6079p.png,0,validation
0.00041587203,0.0109153325,0.00072115776,0.00066073297,rbe8qg4n.png,0,validation
0.0003442731,0.0100524165,0.00064019416,0.00056026626,rbqdgm9d.png,0,validation
0.0003242154,0.009490841,0.0007881237,0.0007702556,rcgb077n.png,0,validation
0.00037734502,0.010345687,0.00067672244,0.00057850045,rcrvsbam.png,0,validation
0.00040210653,0.010226602,0.00072325073,0.00071465195,rdmly4ly.png,0,validation
0.0003356722,0.009743608,0.00076496485,0.000774523,re1ondcu.png,0,validation
0.00036050694,0.010207625,0.0007222707,0.0006041999,re2v7ywl.png,0,validation
0.00040427342,0.010358518,0.00079237705,0.000784285,rec8tuuz.png,0,validation
0.00033066957,0.009616405,0.00077739486,0.00075186114,rezsowki.png,0,validation
0.00033567383,0.00982378,0.0007344724,0.00072236586,rf5a7qy8.png,0,validation
0.000304543,0.009451967,0.0006581678,0.00063636625,rfiuprog.png,0,validation
0.00036181917,0.010342748,0.0007040624,0.00060940714,rfws5qj5.png,0,validation
0.00033333735,0.01003814,0.00068175886,0.0005772519,rgavvfqq.png,0,validation
0.0003232077,0.009795019,0.0006628294,0.0006611099,rgc8kixc.png,0,validation
0.00094768335,0.013047472,0.0018599103,0.0014000481,rgerrgnt.png,0,validation
0.00036455045,0.010168425,0.0006445326,0.0006431503,rgybxkpm.png,0,validation
0.00031569562,0.009449512,0.00068441086,0.0006524788,rh5rkllf.png,0,validation
0.00030492133,0.009072511,0.0008517208,0.00079787866,rhsuf134.png,0,validation
0.00071117165,0.011655213,0.0017638777,0.0016162281,riikmrke.png,0,validation
0.0005858366,0.011393634,0.001656199,0.0012321948,rimqwf7i.png,0,validation
0.00037714132,0.010530758,0.00071155344,0.000713722,ripq7dtt.png,0,validation
0.00031785123,0.009833992,0.0005906224,0.0005395864,rj58a4iq.png,0,validation
0.00034582976,0.009913862,0.00075946224,0.0006819758,rjzvz46u.png,0,validation
0.00032208467,0.009560179,0.0006714316,0.00067328726,rkmrfsf7.png,0,validation
0.00031924102,0.009594626,0.00065996364,0.000627609,rl39yr8h.png,0,validation
0.00033210567,0.009745158,0.0007266398,0.0007227452,rl7snxin.png,0,validation
0.00029912373,0.009314017,0.0007445166,0.00060062035,rl8y5vb9.png,0,validation
0.00032488778,0.009504906,0.0007264433,0.00068244693,rlqsygmz.png,0,validation
0.0003410696,0.009712715,0.0007339269,0.00074393145,rnlqlfwu.png,0,validation
0.00030542506,0.0095614,0.00070752436,0.0005958738,rnwjhs1f.png,0,validation
0.00036847932,0.010309723,0.0006496602,0.0005981953,rpl6ikwg.png,0,validation
0.0010512882,0.013510691,0.0022526314,0.0016662286,rqf92ujv.png,0,validation
0.00036533762,0.010059242,0.00085657515,0.0008465068,rqm8pz2q.png,0,validation
0.00037222437,0.010325047,0.00070345623,0.0007012173,rr4kzvu6.png,0,validation
0.00034072786,0.009580142,0.00082740467,0.0007983083,rsg5u3ha.png,0,validation
0.00034847093,0.009788688,0.00084856624,0.00079655176,rsqw5js3.png,0,validation
0.0004041581,0.010699933,0.00068810856,0.0006365018,rtyki43v.png,0,validation
0.00063817954,0.0108534675,0.0015702418,0.0013700286,rtz9kndx.png,0,validation
0.0004887772,0.010909427,0.0010947573,0.00081867474,ru4nsikf.png,0,validation
0.00030779344,0.009416129,0.0007492975,0.0005874306,ru6ffro7.png,0,validation
0.00032886534,0.009614688,0.0007655578,0.00073380844,rubq6rxc.png,0,validation
0.0003317097,0.00971225,0.0007679558,0.0007462305,ruw0u92t.png,0,validation
0.00030979436,0.009452604,0.0006483824,0.0006565343,rv68jq12.png,0,validation
0.0009915682,0.013340443,0.0019432806,0.0015164737,rw0wobdy.png,0,validation
0.0003209118,0.009571069,0.0006960202,0.0006714305,rwc4xx8q.png,0,validation
0.00034249426,0.010016369,0.0006644815,0.0005607526,rwfdm2tg.png,0,validation
0.0010172295,0.013282609,0.0022683328,0.0016779616,rwm261l0.png,0,validation
0.00034798062,0.010161201,0.000647258,0.00057542307,rwntp6o7.png,0,validation
0.00033515252,0.010052387,0.0006496596,0.00055599556,rwv9dory.png,0,validation
0.0004089565,0.010602759,0.0006381893,0.0006361168,rxxjtokm.png,0,validation
0.0003185618,0.009606584,0.0007158506,0.0006042616,rxyco8rb.png,0,validation
0.0003435143,0.009756507,0.00084513833,0.0008259569,rxzrg3uc.png,0,validation
0.00028194263,0.009174653,0.00058935734,0.0005355247,ryi02o0y.png,0,validation
0.00035355013,0.010199615,0.00065950333,0.00056891976,rz5m4iy6.png,0,validation
0.00041258268,0.0106556015,0.00067370187,0.00060022774,rzy0y5bl.png,0,validation
0.0005966191,0.011278715,0.0016562223,0.0014675969,s040zgke.png,0,validation
0.0009719507,0.013012163,0.0019867846,0.0014738805,s069x8pl.png,0,validation
0.00055004307,0.010762351,0.0012962297,0.00088053994,s0x7xk2l.png,0,validation
0.00030261077,0.009447135,0.00063141814,0.00064527884,s224eqkq.png,0,validation
0.0003251692,0.009722172,0.0006808451,0.0006857099,s2mk2xti.png,0,validation
0.0003022686,0.009347764,0.0006490527,0.00066264014,s3m5ouro.png,0,validation
0.00032524226,0.009567504,0.00077248696,0.000676889,s3w0p483.png,0,validation
0.00033530866,0.010077904,0.0006321933,0.000580042,s48nkyii.png,0,validation
0.00028055036,0.009049561,0.0005779471,0.00053735095,s4dilrzq.png,0,validation
0.00033139967,0.009736925,0.0007239447,0.0007395458,s4em77xw.png,0,validation
0.0003380046,0.010131395,0.0006969049,0.0005613034,s4s8vd9r.png,0,validation
0.0002935137,0.009460157,0.00064001634,0.0005665919,s4t0kzxg.png,0,validation
0.00040344874,0.010741501,0.0007000913,0.0006606152,s51wt9b4.png,0,validation
0.000328628,0.009998477,0.0006508805,0.0005617844,s5mzi3c4.png,0,validation
0.00036513802,0.01007498,0.00077388884,0.00070256396,s5yy3233.png,0,validation
0.0003097337,0.009494592,0.00066491065,0.0006784772,s6ld2t8y.png,0,validation
0.000389342,0.010648513,0.0006692802,0.0006225856,s6ravafi.png,0,validation
0.00042120318,0.010889704,0.0006931559,0.00064188853,s7dtvhqy.png,0,validation
0.00031441316,0.009541716,0.0006904761,0.00066816306,s7hay14z.png,0,validation
0.00036042344,0.009750508,0.0010035416,0.00090051524,s7k310qr.png,0,validation
0.0009963508,0.0132994335,0.0018630548,0.0015318022,s962q253.png,0,validation
0.0010260234,0.013625499,0.0020573675,0.0015235821,s97b23iz.png,0,validation
0.00035319,0.009785898,0.0007928007,0.0007887924,s9npqbrl.png,0,validation
0.00033243312,0.009761925,0.0007451737,0.0006757861,s9r37v38.png,0,validation
0.00032986142,0.009857603,0.00067650987,0.0006145968,sbdrti1w.png,0,validation
0.00041720574,0.010804284,0.00063600857,0.0005854136,sboziqlp.png,0,validation
0.00053345214,0.010463584,0.0016120694,0.0010841575,scksc63g.png,0,validation
0.00033432583,0.009969044,0.0006179921,0.00056965975,scvk4b3m.png,0,validation
0.00037553636,0.010481471,0.00070747716,0.00069357536,scxy9zfh.png,0,validation
0.00034272822,0.009781853,0.0007411598,0.00070035725,sd4sw5n2.png,0,validation
0.0003100137,0.0094465315,0.00066876714,0.0006627249,sdlnitq7.png,0,validation
0.00032501726,0.009855345,0.0006639299,0.0005468436,sdmo54d5.png,0,validation
0.00062590715,0.010841991,0.001442942,0.001314723,sdwvg720.png,0,validation
0.000342223,0.0100694,0.00065095926,0.00056624657,sdz3559t.png,0,validation
0.00030906385,0.009496723,0.00071515236,0.0005923141,semxfwlg.png,0,validation
0.0003410059,0.010066304,0.0005915225,0.00060322304,sewk3vgd.png,0,validation
0.0003670984,0.010224705,0.000789071,0.00078932097,sfc1k7h8.png,0,validation
0.0003439678,0.0101621365,0.00066383695,0.00055821205,sfh42fdh.png,0,validation
0.00041657867,0.010704092,0.00066979136,0.0006691426,sgfsuzc2.png,0,validation
0.00054919394,0.011140572,0.0014358327,0.0010706768,sh73r21l.png,0,validation
0.00033539563,0.010072838,0.00065441057,0.00059843436,shen1mjh.png,0,validation
0.0009534133,0.013064927,0.0017856912,0.0016403599,shk4rqsf.png,0,validation
0.00049287814,0.011146967,0.001169904,0.0009114879,si7p4s7j.png,0,validation
0.0003754281,0.010498908,0.00070335873,0.0006665875,siej5bk0.png,0,validation
0.0005487852,0.011478078,0.0011300305,0.00088984234,sijndwce.png,0,validation
0.00042013676,0.010492809,0.00082022185,0.0006194893,sikkw23t.png,0,validation
0.00053066906,0.010909634,0.0009529192,0.0010420602,sikppdkw.png,0,validation
0.0004194705,0.010753848,0.0006924054,0.00062699977,siq249bj.png,0,validation
0.00034072332,0.009878279,0.00075900153,0.000721972,sit84g5v.png,0,validation
0.00037642923,0.009376269,0.0007961043,0.0008588781,sjwccwwj.png,0,validation
0.0003317478,0.009964592,0.00063788117,0.00055395253,sl20m0yn.png,0,validation
0.00032267338,0.009670453,0.0006782497,0.00062883965,sl62lnt9.png,0,validation
0.0002969824,0.009407849,0.00059645704,0.00059360976,slz2c11u.png,0,validation
0.00032457142,0.009494706,0.00078744086,0.0006560369,sm5jqje4.png,0,validation
0.00036513654,0.010129776,0.00074461795,0.00073104654,snbti22n.png,0,validation
0.0009945147,0.013395318,0.0021489938,0.0015920813,snll3drd.png,0,validation
0.00063582807,0.01219522,0.001404926,0.0014624511,snx1se3x.png,0,validation
0.00070682296,0.011297196,0.001862268,0.0017893914,so31inw9.png,0,validation
0.00029577344,0.009352223,0.0006659901,0.00057109114,sob6mmbn.png,0,validation
0.00035271983,0.010229338,0.00066786713,0.0006246516,sqdrt21p.png,0,validation
0.00088004564,0.013005461,0.0015067233,0.0014559923,sr5ojlyq.png,0,validation
0.00034880004,0.009918843,0.0007383607,0.0006935305,srkcnyvc.png,0,validation
0.00034708853,0.010248657,0.0006503481,0.0005979529,srknv6nz.png,0,validation
0.0003272183,0.00967915,0.000773064,0.00068555993,ss5cfkvl.png,0,validation
0.00035332693,0.010221974,0.0005949577,0.0005614339,sss3rqcb.png,0,validation
0.00029425274,0.009239336,0.0006630166,0.00054694805,stduzaxh.png,0,validation
0.00035243205,0.010203809,0.0007097514,0.0005792909,stjbbfoo.png,0,validation
0.00034033135,0.010096033,0.0006515285,0.0005691062,stk1rrz0.png,0,validation
0.00035301116,0.009842303,0.0009481041,0.0007847056,su2e4lsc.png,0,validation
0.00030278345,0.00943589,0.00066364475,0.0005903956,suswiy7k.png,0,validation
0.0010231732,0.0131412,0.004621518,0.0026706124,sv8dddo8.png,0,validation
0.00030648377,0.009521499,0.00061866327,0.0006387697,svcp7ejk.png,0,validation
0.00033818284,0.009671686,0.0007736691,0.0007824852,svk9tmbh.png,0,validation
0.0011301738,0.013758263,0.0023242394,0.0017234699,swyxs2sl.png,0,validation
0.0008887719,0.012960242,0.0015403278,0.0014200994,sxfkmkak.png,0,validation
0.00031749153,0.009464654,0.00071104895,0.0006970153,sy9jl7kr.png,0,validation
0.000314469,0.009625393,0.0007599288,0.0005997576,sye1rlo5.png,0,validation
0.0003374095,0.010014913,0.00069511915,0.0006534516,symnt34h.png,0,validation
0.000340029,0.009727776,0.0007471155,0.0007527719,sytroimr.png,0,validation
0.00030141234,0.00938544,0.00063967885,0.0006221997,sz1ctw68.png,0,validation
0.0003740428,0.009968367,0.0008901799,0.000862019,sz6o5ryj.png,0,validation
0.00040791748,0.010464976,0.0006865418,0.0005433052,szded8wg.png,0,validation
0.0005107931,0.011479921,0.000993843,0.00074658653,szfm6e8x.png,0,validation
0.0003527849,0.010218488,0.00063948345,0.00061265763,szx01nv3.png,0,validation
0.0003899487,0.010696709,0.00073207583,0.0006581481,t0qthreg.png,0,validation
0.00034028981,0.009829992,0.00074456504,0.0007300166,t2zm1orl.png,0,validation
0.00035293007,0.010210805,0.00069680496,0.00060445437,t4ttn0bc.png,0,validation
0.00032247882,0.009619127,0.00071469264,0.00072437845,t5fxjuq1.png,0,validation
0.00036591353,0.010102445,0.0006683795,0.00054027373,t5lkwfpg.png,0,validation
0.00034990604,0.010189443,0.0006788155,0.00057506893,t5o7nhyy.png,0,validation
0.0006160236,0.010980162,0.0013211005,0.0012940727,t5vod239.png,0,validation
0.00054132735,0.011248691,0.0009436743,0.00083982485,t6p2bx55.png,0,validation
0.00057516,0.011406738,0.00112117,0.0008573889,t79n9wz2.png,0,validation
0.0004852,0.011000639,0.0011440491,0.0008886395,t7p917qh.png,0,validation
0.0003249871,0.009800032,0.0006908029,0.0006237218,t83exhuz.png,0,validation
0.0003515667,0.010205826,0.000666088,0.0005692137,t8ud5uoo.png,0,validation
0.00032984145,0.009560838,0.0007165792,0.00073907146,t96500ku.png,0,validation
0.00036416744,0.009993076,0.000869594,0.0008072025,t9f9vylr.png,0,validation
0.00029847218,0.009395524,0.000733815,0.0006195524,tb81ouvw.png,0,validation
0.0004011436,0.01070677,0.0006764286,0.0006044618,tbrqogf6.png,0,validation
0.00035710432,0.009827583,0.00085816457,0.0008585897,tcu1pinw.png,0,validation
0.00030237177,0.009403715,0.0006588388,0.00064678374,td503779.png,0,validation
0.00035543708,0.0097937975,0.00088165863,0.0008457492,tdnhdjtk.png,0,validation
0.00037194663,0.010445002,0.0006665586,0.0005997652,te1zijci.png,0,validation
0.00073611917,0.011599245,0.0025082277,0.0018599426,tenjejfj.png,0,validation
0.00042258363,0.010947653,0.0007734639,0.0006897707,tfc8tj8q.png,0,validation
0.00040403096,0.010750821,0.00063556066,0.00059233495,tfy0lbom.png,0,validation
0.0003016495,0.0091418,0.0007298698,0.0006957783,tg21hslt.png,0,validation
0.00033865598,0.009796074,0.00078835397,0.00071083504,thlgp247.png,0,validation
0.0003287986,0.009917071,0.0006371139,0.0005504217,thqi4vmt.png,0,validation
0.00048079222,0.011047782,0.0011446769,0.0008976232,tifo4423.png,0,validation
0.00032846848,0.009655744,0.0007488281,0.00067678484,tifyzq7c.png,0,validation
0.00035386012,0.00992965,0.00074832764,0.000736082,tirc9zd7.png,0,validation
0.00031343545,0.009576276,0.00066734856,0.0006882264,tj6u5a2x.png,0,validation
0.00038216176,0.010305525,0.0006464586,0.0006223252,tjqmuz16.png,0,validation
0.0003618312,0.0103058005,0.00063996814,0.0006133964,tk1qybqi.png,0,validation
0.00029459214,0.009363547,0.00066499045,0.00057481433,tl604kec.png,0,validation
0.00030670923,0.009531818,0.0007042849,0.00057376974,tlsynwec.png,0,validation
0.00034223037,0.010110713,0.0006549602,0.0006067118,tmjlbqc1.png,0,validation
0.00036997243,0.010097458,0.0007222288,0.0007311817,tn77rqd4.png,0,validation
0.00031391552,0.009443268,0.00068725744,0.0006808137,tnkmsa1e.png,0,validation
0.00033444064,0.009782664,0.0007222543,0.0007494994,tp4gy73c.png,0,validation
0.0005071909,0.011357119,0.0009902985,0.0007457433,tpli69vi.png,0,validation
0.001006138,0.013378483,0.0018982466,0.0015212958,tq90wtew.png,0,validation
0.00035825666,0.009793244,0.00081235816,0.0008251751,tqv95h07.png,0,validation
0.00032365206,0.009687706,0.0007299386,0.0006504411,trjumm0y.png,0,validation
0.00034026234,0.009921959,0.00077913783,0.00074560323,trpyx8hb.png,0,validation
0.00039441045,0.0103355255,0.00067244546,0.00055450835,trt2we1z.png,0,validation
0.0003105543,0.009575286,0.0007076533,0.0005836972,ts4ro893.png,0,validation
0.000332361,0.009331996,0.0008551762,0.00078814966,tsgqol3w.png,0,validation
0.00037809918,0.010170277,0.0010069387,0.0009479581,tsvluopf.png,0,validation
0.0010138613,0.013554574,0.002032864,0.0015301049,tthcqgce.png,0,validation
0.0005718088,0.011360073,0.0015130487,0.0011289914,tti909n7.png,0,validation
0.00027963333,0.009190068,0.0006810875,0.0005581422,tu2b1sow.png,0,validation
0.00032610676,0.009700276,0.00079665217,0.0006810518,tue2tmue.png,0,validation
0.00091731315,0.01299433,0.0017913384,0.0013281773,tugyxge1.png,0,validation
0.00031072195,0.00954227,0.0006697417,0.0006645042,tuhw755i.png,0,validation
0.00037041312,0.010323954,0.00063165155,0.0005757016,tuwr1k19.png,0,validation
0.0003693869,0.010337503,0.0006389789,0.0005543591,tviq16sd.png,0,validation
0.00041254086,0.010718803,0.0007260544,0.0006102935,tvyx1yky.png,0,validation
0.00029663107,0.009267654,0.0006530442,0.00060685776,twbg51kc.png,0,validation
0.00032576366,0.00992163,0.0006627314,0.0005797556,tx4d5rvu.png,0,validation
0.00034173488,0.010038149,0.00072724343,0.0006147154,txnguqvs.png,0,validation
0.0010149055,0.013444691,0.0018464993,0.001604553,txztsvn6.png,0,validation
0.00031192484,0.009481705,0.00079533015,0.0006005425,tya4zpuy.png,0,validation
0.0003427361,0.010147835,0.0006569329,0.00054883084,tyabwokh.png,0,validation
0.0009124447,0.01298731,0.001920914,0.0014222156,tz9uu5r1.png,0,validation
0.00064171007,0.012142548,0.0015011776,0.0016106964,tzjs6pvs.png,0,validation
0.00030449042,0.009439269,0.0006282758,0.00063345296,tzl9do0f.png,0,validation
0.000299749,0.00935217,0.0006447818,0.00060902647,u04vpwym.png,0,validation
0.00034201023,0.0097897975,0.0006721101,0.0005500431,u0a7qqei.png,0,validation
0.00041139193,0.01043251,0.00093115534,0.0008750039,u0env5sn.png,0,validation
0.0003671154,0.009835426,0.0010076277,0.00090013555,u0if4094.png,0,validation
0.00040351177,0.010627286,0.0007274183,0.0006427945,u0owpkds.png,0,validation
0.00033947622,0.009836773,0.00076120975,0.0007426228,u130tf51.png,0,validation
0.00043275594,0.010865703,0.00072729547,0.0005803256,u1c3cdhc.png,0,validation
0.0003788996,0.009898995,0.0010875636,0.0009894593,u1dgpfk0.png,0,validation
0.0003122623,0.0094186105,0.00068114104,0.00068099855,u2w5h5rj.png,0,validation
0.00029863336,0.009479854,0.00062057213,0.0006092757,u3fg00zk.png,0,validation
0.00057165656,0.010437077,0.0017605291,0.0012111218,u3oa8zm5.png,0,validation
0.00029656,0.009527984,0.00069511565,0.0005837158,u3wbvddt.png,0,validation
0.00033840703,0.00963665,0.00081305037,0.0007396061,u5hxokv3.png,0,validation
0.00039254446,0.010515253,0.0006860358,0.00056237995,u5p86k18.png,0,validation
0.00032869272,0.009693441,0.0007592657,0.0007288279,u5wryesu.png,0,validation
0.0004152843,0.010584938,0.00079357397,0.00078911916,u6hc36ko.png,0,validation
0.00047185237,0.010939156,0.001002952,0.00075305864,u763005s.png,0,validation
0.0003543515,0.010103349,0.0006467986,0.0005680243,u7f6fdz1.png,0,validation
0.00035740423,0.009980513,0.0007885659,0.0007129183,u86a7316.png,0,validation
0.00033786037,0.009759439,0.0008228747,0.0007916786,u8kqar78.png,0,validation
0.00030431635,0.009555272,0.000682516,0.00059548626,u91f8bv5.png,0,validation
0.00034733725,0.00979133,0.0008324524,0.0008030619,u9fj0qy1.png,0,validation
0.00032419065,0.009548585,0.00069794565,0.0005833809,ua6oypqp.png,0,validation
0.00052420376,0.011065253,0.0013947426,0.0010443031,uc3wfew0.png,0,validation
0.0003752362,0.009611886,0.0010972776,0.0009968135,ud3wargm.png,0,validation
0.0003649386,0.010100937,0.0008156962,0.0008230614,udar5b5n.png,0,validation
0.00033003523,0.009666785,0.0007323641,0.000726135,udc37dzn.png,0,validation
0.00038789154,0.01057326,0.0006956271,0.000631029,udfudc1d.png,0,validation
0.00030944968,0.009599014,0.00069240184,0.0006076661,ue01ir44.png,0,validation
0.0003937581,0.010564135,0.00064085645,0.0005966355,ueduhjrb.png,0,validation
0.00041127807,0.010592952,0.00067438075,0.0006807108,uent4f4v.png,0,validation
0.0006641546,0.011034401,0.0016318114,0.0014433273,uf2w7wr1.png,0,validation
0.0005521817,0.011131528,0.0015725695,0.0011687261,ufohhvpn.png,0,validation
0.0003263413,0.009607275,0.0008065755,0.0007662127,uh17j8qo.png,0,validation
0.00033243946,0.009847033,0.0006032276,0.00055850367,uh72jmij.png,0,validation
0.00032472826,0.009900146,0.00064798596,0.00055116176,uhhubwy4.png,0,validation
0.00030597328,0.0095756985,0.00070189085,0.00057533494,uhwyqann.png,0,validation
0.00035057374,0.009784032,0.0008450471,0.0007684018,uhylvyuw.png,0,validation
0.00043832694,0.010889448,0.00071773794,0.0007205517,ui4cjurx.png,0,validation
0.0002939682,0.009287519,0.0006704839,0.0005458816,ui8sfq5e.png,0,validation
0.0003730868,0.009979456,0.00093284366,0.00088904996,uk3p1dbq.png,0,validation
0.00031598407,0.009578118,0.0006895676,0.00063764886,ukkn0scq.png,0,validation
0.00041791666,0.010788296,0.00083054806,0.0008058577,ul6njrui.png,0,validation
0.0003273159,0.00958987,0.00072451093,0.00073024334,unf6i7d1.png,0,validation
0.00031026275,0.009581889,0.00067266164,0.0005884342,unk0k7h0.png,0,validation
0.00031819718,0.0091205565,0.0007522466,0.00071299943,unlpaih0.png,0,validation
0.0009956504,0.013295018,0.0019298773,0.0014816918,unp7ber8.png,0,validation
0.0006118221,0.01156313,0.0012278475,0.00092246773,uo70lp9z.png,0,validation
0.00033016977,0.009822651,0.0007429229,0.00064506056,uolt0go9.png,0,validation
0.0003613945,0.010243025,0.00068741746,0.00066923536,uqhk9k3w.png,0,validation
0.00043320775,0.010897114,0.00077256403,0.0007616049,ur2wsu67.png,0,validation
0.00040136836,0.010510625,0.00060078054,0.0005614773,ur3fcr5v.png,0,validation
0.0004549703,0.011081757,0.00074462953,0.0006768306,ur3mkjl9.png,0,validation
0.00038151178,0.0102889985,0.0007320392,0.0007083502,ur8woiee.png,0,validation
0.0004157123,0.0105979815,0.00071097555,0.00070495,urh0eb42.png,0,validation
0.0004261606,0.010690538,0.00071893376,0.0006897718,urr4wjlh.png,0,validation
0.00033653737,0.009479976,0.00085329614,0.0007977409,usa0wqof.png,0,validation
0.00032678986,0.009925158,0.00064481795,0.00058182894,uujfupc6.png,0,validation
0.00037073987,0.009891953,0.0010429224,0.000940044,uveri56x.png,0,validation
0.0004356512,0.010963339,0.0007817334,0.0007133152,ux5elf2p.png,0,validation
0.00029233692,0.009183148,0.00066751934,0.0005587431,uy36gps4.png,0,validation
0.00035296162,0.00972803,0.0008508254,0.0007668016,uz6cqunh.png,0,validation
0.00032362738,0.009827398,0.0006476224,0.00055631524,uz6o4ksd.png,0,validation
0.00043000776,0.010639977,0.000708414,0.0006180576,uzdxvaec.png,0,validation
0.00031211463,0.009403501,0.0007396578,0.00071405666,uzy46v57.png,0,validation
0.00035945527,0.010281806,0.0006029853,0.00054956606,v0l5x4zf.png,0,validation
0.0002991767,0.009299313,0.00062812073,0.0006349751,v1djjzqf.png,0,validation
0.00094376574,0.013229053,0.0016342928,0.0014674236,v22qcvro.png,0,validation
0.00040009097,0.0104649635,0.0006524075,0.0005821644,v2fkdal1.png,0,validation
0.00030611962,0.009416219,0.00071580615,0.0006371969,v2ov5dvw.png,0,validation
0.00034107178,0.009800869,0.0007529457,0.00075699657,v2tvoo1u.png,0,validation
0.0003260339,0.009602529,0.00077656057,0.0006489864,v2wvx48t.png,0,validation
0.0009044512,0.012862327,0.0016188219,0.0014833021,v3p2qgjd.png,0,validation
0.00036728257,0.010333375,0.0006698513,0.00057475374,v3qmyor4.png,0,validation
0.00033813276,0.00997508,0.0006195571,0.00053711486,v3qviyr3.png,0,validation
0.0004099217,0.010536227,0.00069864735,0.0006993496,v3siea5t.png,0,validation
0.00032312705,0.009673649,0.000667757,0.0006856365,v501evgv.png,0,validation
0.00030162753,0.009363369,0.0006434385,0.000670407,v52qfe98.png,0,validation
0.00043794056,0.010989282,0.00075844553,0.0007451512,v5730s2d.png,0,validation
0.00036480307,0.01001762,0.00085792877,0.0008662908,v5aa7uak.png,0,validation
0.0009597107,0.0131841935,0.001757094,0.0016001081,v88ws7sn.png,0,validation
0.00035813657,0.010323957,0.0006471477,0.00061938993,v90t0vy5.png,0,validation
0.00037077788,0.0102965925,0.00063261105,0.00054172915,v981r02z.png,0,validation
0.000337894,0.009900767,0.0007044974,0.00066981756,v9b7ron1.png,0,validation
0.00034711315,0.0100557925,0.00074705016,0.00065787364,vamyirs2.png,0,validation
0.00045661442,0.010691787,0.0008512577,0.00084147224,varjcosa.png,0,validation
0.00035382694,0.009896728,0.0008133605,0.0008020227,vcg8mel6.png,0,validation
0.00034191736,0.009746765,0.0009137408,0.000715278,vd0g6fvm.png,0,validation
0.00037024706,0.010036898,0.00094936264,0.0009206595,ve7kwzar.png,0,validation
0.00038477257,0.010245442,0.0009823663,0.0008978641,vesmpr6c.png,0,validation
0.00031023266,0.009509676,0.0007581222,0.00060228986,vf8ev06b.png,0,validation
0.00035692164,0.009960542,0.00082567334,0.0008079347,vfgtyc0o.png,0,validation
0.000392051,0.010533534,0.0006639429,0.0005571852,vfh3npbd.png,0,validation
0.00030886842,0.00945844,0.0007145198,0.00059531466,vgckh7z3.png,0,validation
0.00040074534,0.010333624,0.0009725863,0.0009780963,vgzhci8b.png,0,validation
0.00039778015,0.0107699605,0.0007672028,0.0006810052,vhmgy24a.png,0,validation
0.00037445044,0.010481893,0.0006917662,0.0007047933,vhoxnyva.png,0,validation
0.00034640805,0.009890894,0.00085328805,0.0007501439,vhwd8hg3.png,0,validation
0.0010446521,0.01356806,0.0018677483,0.0017405561,vhx0l7ro.png,0,validation
0.00054252194,0.011222738,0.0014009328,0.001051434,vhygqzt3.png,0,validation
0.0003750173,0.010346316,0.0007136945,0.0006851241,vih8mxq2.png,0,validation
0.00029004304,0.00934887,0.000685934,0.000572423,vj40y52y.png,0,validation
0.0004696938,0.010848504,0.000972916,0.00073067506,vln7wfmu.png,0,validation
0.0003748189,0.010310432,0.000613841,0.0005840237,vm3by4ii.png,0,validation
0.00034021397,0.010066469,0.00074825546,0.0005942154,vmb9ize2.png,0,validation
0.00036278696,0.009952055,0.0008998892,0.00089208444,vmlwbyse.png,0,validation
0.00029453018,0.009343605,0.00064165797,0.0005761308,vmqybxpf.png,0,validation
0.0003493713,0.010167881,0.0006537911,0.00059467275,vmt09f0g.png,0,validation
0.0004436785,0.010890271,0.0007085886,0.00067287585,vney5f48.png,0,validation
0.00032416746,0.009677336,0.00069055305,0.00068326056,vnybokmy.png,0,validation
0.000288794,0.009396968,0.00065377844,0.00057659164,vocsqou9.png,0,validation
0.00028577665,0.0092533585,0.0006592944,0.0005429587,vp6b42b9.png,0,validation
0.0003216232,0.009503863,0.0007493752,0.00070035784,vpcs2uf9.png,0,validation
0.00042025832,0.010633324,0.00095412374,0.00092013687,vpfc7c09.png,0,validation
0.00037427028,0.010521305,0.0006577488,0.0005944282,vppduao5.png,0,validation
0.00031863328,0.009521441,0.00067964767,0.00069095433,vpxyalwc.png,0,validation
0.0002822763,0.009170124,0.00056285365,0.0005587906,vq4rkp3w.png,0,validation
0.00048078079,0.011100412,0.00087797194,0.00067007355,vqyn84j5.png,0,validation
0.0003095292,0.009506174,0.00066547823,0.00061285036,vr2bkqg7.png,0,validation
0.00041078788,0.010803091,0.00067518954,0.00062452594,vscaff2x.png,0,validation
0.00038734495,0.010563326,0.00073695567,0.0006477281,vsg9h14x.png,0,validation
0.00031716077,0.009437462,0.0007021156,0.0006882864,vsn5srki.png,0,validation
0.0003610775,0.009960869,0.0008806547,0.00085682224,vt9u6n0r.png,0,validation
0.0003334394,0.009631046,0.0007617696,0.0007536644,vtk2l787.png,0,validation
0.0004003267,0.010677824,0.0007247351,0.0007002059,vvrm1tpk.png,0,validation
0.00033835656,0.009951516,0.00073188916,0.0006622044,vvttcox7.png,0,validation
0.00034660436,0.010074497,0.00063958485,0.00060495856,vvun5fek.png,0,validation
0.00032654312,0.009731225,0.00066593057,0.0006767675,vw6o1t6a.png,0,validation
0.0003137507,0.009281909,0.0006545273,0.00065755623,vwlq6exn.png,0,validation
0.00032079715,0.009650682,0.0007362557,0.0006190817,vwnh83fi.png,0,validation
0.00034952105,0.010044198,0.0007026581,0.0006777379,vwpewb6s.png,0,validation
0.0003192484,0.009593029,0.0006700161,0.0006773766,vx3gehle.png,0,validation
0.0003324858,0.00985126,0.00070132286,0.00070803944,vy0an88j.png,0,validation
0.00037612865,0.010416568,0.00067193655,0.000616642,vy39me6u.png,0,validation
0.00053510413,0.0111827785,0.0014178641,0.001059962,vyprplqy.png,0,validation
0.00038957357,0.010098987,0.0010394478,0.00098166,vywvoj3r.png,0,validation
0.00040643883,0.010736252,0.00069232716,0.00058743893,vz80kbme.png,0,validation
0.00035512858,0.010296241,0.00065800233,0.0006076516,w05itjlp.png,0,validation
0.0004475975,0.010802519,0.00070724764,0.0006485694,w0jo9w99.png,0,validation
0.00037635752,0.010386487,0.00063333474,0.00061306596,w1cb968z.png,0,validation
0.00049084664,0.011085642,0.0012038024,0.0009441687,w2ask2lz.png,0,validation
0.0003813727,0.010030467,0.0010871812,0.0009827726,w3bq8zga.png,0,validation
0.00031794293,0.00945411,0.00070533156,0.00069522456,w3ccnur9.png,0,validation
0.00037706643,0.01057832,0.00068814325,0.0006221512,w4n3ajtb.png,0,validation
0.00031401592,0.009378142,0.0006744659,0.00060512556,w5drhlm2.png,0,validation
0.00030949435,0.009529954,0.00072870374,0.0006026387,w5hfa2qb.png,0,validation
0.00031693536,0.009568023,0.00064586365,0.0006513203,w5pr0qxe.png,0,validation
0.00038529834,0.010397432,0.0006266696,0.0005917334,w6hqlpqt.png,0,validation
0.00045418265,0.010952914,0.00085868244,0.00065559725,w6kh7crx.png,0,validation
0.00030017216,0.00940345,0.0007169537,0.00060952106,w7xdvn6t.png,0,validation
0.00029873944,0.00940916,0.0007076639,0.00057659746,w8kd19rb.png,0,validation
0.00030123178,0.0094253095,0.0006161989,0.0006306748,w9hx6i62.png,0,validation
0.000345848,0.010180205,0.00063355017,0.0005864336,wab9jh2w.png,0,validation
0.00030461294,0.009515134,0.00070080877,0.00058209716,wahdo61x.png,0,validation
0.00035398264,0.010261683,0.00065202743,0.0005817284,wajvwdpg.png,0,validation
0.0003105353,0.009334159,0.000676116,0.00068811316,wakfsue5.png,0,validation
0.00043063337,0.010874105,0.00066808896,0.0006631732,wc6llcez.png,0,validation
0.00045222515,0.010886771,0.00079344,0.0006512092,wcmt77hv.png,0,validation
0.00034064663,0.009600941,0.0008021506,0.0007932141,wcy92o87.png,0,validation
0.00032817238,0.009626173,0.0007389259,0.0007308529,wd1d1le9.png,0,validation
0.00056617806,0.011220705,0.001510804,0.001123549,wddwhpoo.png,0,validation
0.00029916607,0.009354879,0.0005975805,0.00061560085,werx6tp9.png,0,validation
0.0003519791,0.010223459,0.00067058345,0.00062118977,wfmssovw.png,0,validation
0.00052061345,0.010673624,0.001526253,0.0013350409,wfs4ebma.png,0,validation
0.0004138861,0.010636065,0.00068103743,0.0006106314,wga1qgt6.png,0,validation
0.0003913186,0.010605017,0.00069710996,0.0005688174,wgnotc87.png,0,validation
0.0002761632,0.009078346,0.00059412804,0.00054679444,who3u56k.png,0,validation
0.00041387192,0.01060528,0.0006893735,0.000627455,wi0i8pou.png,0,validation
0.00032339312,0.009872092,0.00061707164,0.0005351506,wit4pwo8.png,0,validation
0.00039179312,0.010471293,0.0006312991,0.0006123217,wixy5j26.png,0,validation
0.00035131158,0.010183369,0.00068153866,0.00058919936,wji0qei8.png,0,validation
0.00034358902,0.010143042,0.00067825377,0.0006101386,wjptywq1.png,0,validation
0.00035505902,0.010164854,0.0006399687,0.0006017354,wjurrk71.png,0,validation
0.00063598005,0.010817144,0.0016198439,0.0013370176,wk1lo4p0.png,0,validation
0.00039573395,0.010573697,0.0007080689,0.00069461577,wky7a2uo.png,0,validation
0.00029425352,0.009303731,0.0006407562,0.00061659625,wlar0wh0.png,0,validation
0.0003433896,0.010035653,0.000672841,0.00058385765,wldy8j1u.png,0,validation
0.0004936671,0.011058998,0.0012538657,0.0009790638,wlzzj4is.png,0,validation
0.00038731715,0.010366967,0.0008168251,0.00078501675,wmbxek0q.png,0,validation
0.0002945722,0.009427076,0.0006764499,0.0005489611,wmywp2po.png,0,validation
0.0004177791,0.010510021,0.00070857065,0.0007135522,wnnhj7xv.png,0,validation
0.0003761427,0.010443392,0.0006271735,0.00055949873,wo0rw65y.png,0,validation
0.0003354765,0.009720756,0.0008146795,0.0007144011,wo260lgo.png,0,validation
0.0005294373,0.011224717,0.001284282,0.00095752324,wobppm7o.png,0,validation
0.0007135265,0.011375101,0.0018526386,0.0017525806,wq2nln1g.png,0,validation
0.00039549265,0.01068432,0.0007392494,0.0006489092,wqjvm3h9.png,0,validation
0.00033838916,0.009783891,0.0007568514,0.0007117656,wrmfdme2.png,0,validation
0.00038220652,0.010459434,0.0006376141,0.00053957815,wrw9bb9h.png,0,validation
0.00040908626,0.010718135,0.0007134009,0.00066254876,wry3fc77.png,0,validation
0.0003056827,0.009478391,0.0006447591,0.000662519,wtw4ixfj.png,0,validation
0.00033364532,0.010038492,0.0006513516,0.00057494576,wuaome2r.png,0,validation
0.00036954304,0.010455412,0.0006489121,0.00055399566,wufvpbqq.png,0,validation
0.0003480314,0.009861016,0.0008267034,0.0007940406,wul6rl9d.png,0,validation
0.00030977355,0.009500388,0.00070018147,0.0006039328,wvjx8you.png,0,validation
0.0003153064,0.0095839035,0.0007179262,0.00062839256,wvlewlhh.png,0,validation
0.00037659646,0.010505004,0.00069032836,0.00059924973,ww6rrhe1.png,0,validation
0.00036880764,0.010411477,0.00064650987,0.0005743353,wwcgig0z.png,0,validation
0.00038063037,0.010438026,0.00069865776,0.0006787998,wwtat7cm.png,0,validation
0.0003750173,0.01035759,0.0006075847,0.00053342566,wxoi3x5n.png,0,validation
0.00033243408,0.00973259,0.00074578496,0.0007260988,wxvuzyf6.png,0,validation
0.00033162034,0.0098603675,0.00073023175,0.00064445357,wxxg2t8t.png,0,validation
0.0005299043,0.010859921,0.0014781383,0.0013149489,wz98gop4.png,0,validation
0.00029592888,0.009347517,0.0006630985,0.00057451334,wzss7zq1.png,0,validation
0.00036673868,0.010079176,0.000860466,0.0008193134,wzw4nbux.png,0,validation
0.00040573455,0.010700404,0.00068283034,0.0006447048,x0wl0dvs.png,0,validation
0.00030400488,0.009416889,0.00063453196,0.0006367083,x182kyb8.png,0,validation
0.00041645594,0.010699773,0.00067789154,0.0006158998,x1xvmeve.png,0,validation
0.0003473743,0.009735027,0.00082494156,0.0007845989,x2c9cj5j.png,0,validation
0.0003115309,0.00955243,0.0006419811,0.00065397023,x2oz2imb.png,0,validation
0.00031706932,0.009652765,0.00068281824,0.00063879136,x30ac9pu.png,0,validation
0.00062706746,0.012027652,0.0014650245,0.0015507372,x3bid6v1.png,0,validation
0.00034254702,0.009701345,0.0008102922,0.0007815813,x3th9gta.png,0,validation
0.00043336666,0.010809131,0.0006892593,0.00061118987,x4nevgtd.png,0,validation
0.00034043167,0.009766676,0.00070961,0.0007061064,x4urjh2o.png,0,validation
0.0003613874,0.010032094,0.00079432497,0.0008136124,x5130pd9.png,0,validation
0.00033896943,0.0098305885,0.00075372437,0.0007092319,x70m93xp.png,0,validation
0.0003662858,0.010190455,0.0006582076,0.0006896587,x7n89lta.png,0,validation
0.000439386,0.011051063,0.00072760327,0.00073964434,x7npo213.png,0,validation
0.0003714728,0.010339984,0.00061030034,0.0005308056,x89t2ee5.png,0,validation
0.00034466086,0.009892227,0.00070200313,0.0007047096,x8tdbvj2.png,0,validation
0.00036976082,0.01040442,0.00067198207,0.0006207469,xa1uaus5.png,0,validation
0.0003485285,0.0098939715,0.00076968165,0.0007372141,xan0jxpp.png,0,validation
0.0003417009,0.009999134,0.0007005471,0.0005806724,xapg2z5a.png,0,validation
0.0003576653,0.010022698,0.00079674873,0.00078766746,xb7vlj26.png,0,validation
0.00048630807,0.011011775,0.0011462145,0.00090022205,xdgzt26i.png,0,validation
0.0003098201,0.009484021,0.0006695046,0.00066454284,xed6awj4.png,0,validation
0.00041217965,0.010530238,0.00067419297,0.0005500748,xejj787t.png,0,validation
0.00029833248,0.009473799,0.00066464825,0.0005795661,xenfrryb.png,0,validation
0.00039748842,0.010551809,0.0006913614,0.0007077585,xfordpuo.png,0,validation
0.00033521224,0.009624991,0.00073391094,0.0006493909,xgomkdlf.png,0,validation
0.00031485685,0.009630763,0.0007088136,0.00058908603,xi5voig0.png,0,validation
0.0003218085,0.00965191,0.0006884312,0.00064481527,xl78fpya.png,0,validation
0.00040407447,0.01058605,0.0006700333,0.0006346394,xltf7r98.png,0,validation
0.00033534702,0.009653273,0.0007776431,0.0007747439,xmnnjdwb.png,0,validation
0.00034919337,0.010148656,0.00071144354,0.00070976885,xmxb9yo1.png,0,validation
0.0004034222,0.010454538,0.000670328,0.0005853243,xn8py67y.png,0,validation
0.0004077616,0.010650236,0.000709222,0.00059742684,xnjmqnch.png,0,validation
0.00035991878,0.010272315,0.00063800253,0.00059977314,xo2m319u.png,0,validation
0.00034173534,0.009909291,0.00072387565,0.0007017156,xoi41ug8.png,0,validation
0.00031295023,0.009427445,0.0006738609,0.00064707303,xp9n56ny.png,0,validation
0.00033822632,0.009994489,0.0006435052,0.00054048444,xpr357c0.png,0,validation
0.00032410194,0.009524068,0.0006802904,0.00068969163,xpsa97l6.png,0,validation
0.0004291359,0.010689963,0.00075300544,0.00063541176,xpy5j3sp.png,0,validation
0.0010649302,0.013463441,0.0024240399,0.001797494,xq380k8b.png,0,validation
0.00035473314,0.0099664265,0.000801101,0.00076908147,xqg8bbci.png,0,validation
0.00051106024,0.010679193,0.0013815702,0.0012170089,xqria5wg.png,0,validation
0.00032475364,0.009587693,0.00069169345,0.0006915822,xs1n4i6t.png,0,validation
0.00060271693,0.011926747,0.0010995982,0.0009185187,xsu6llu7.png,0,validation
0.00030710376,0.009243268,0.0006573397,0.00067458575,xsy4vy32.png,0,validation
0.00031191375,0.009519011,0.0007031901,0.0006358036,xt6yeyxi.png,0,validation
0.00035860846,0.010263234,0.0007276624,0.0006034759,xtbimlkw.png,0,validation
0.0003509124,0.009914709,0.0008000258,0.00075571367,xv4elcfc.png,0,validation
0.00031944294,0.009435168,0.0007480859,0.0007272305,xv66sabj.png,0,validation
0.0004019858,0.010806111,0.00077201717,0.00069271127,xvbosgq9.png,0,validation
0.00033453997,0.009710368,0.0007974681,0.00078282715,xvh7katq.png,0,validation
0.00039235625,0.0102032935,0.00095556775,0.0008760274,xvhagkc4.png,0,validation
0.0003127349,0.009523829,0.00071536313,0.0005868412,xvz9qlkf.png,0,validation
0.00040760485,0.010564968,0.0006743533,0.00060060143,xwpr2mrc.png,0,validation
0.00029111066,0.008895443,0.00070950453,0.0006678242,xy4g8on3.png,0,validation
0.0003079661,0.009526965,0.0006718597,0.0006924185,xyb8z8tr.png,0,validation
0.00038687087,0.010659944,0.0007094981,0.00068161474,xyghlmhr.png,0,validation
0.0002959802,0.009270079,0.0007053001,0.0005736493,xykcipp2.png,0,validation
0.00032973138,0.009806672,0.0007177082,0.0006402651,xz4osu2m.png,0,validation
0.0003206661,0.00961531,0.0006851906,0.00071356865,xz6uk18f.png,0,validation
0.00028243975,0.0093329735,0.00065087434,0.00057083176,xzb63v1v.png,0,validation
0.00031975217,0.009655436,0.0006642319,0.00060971593,xzwl9pqr.png,0,validation
0.00037701122,0.009973554,0.0009751632,0.0008953156,y1ajvmmo.png,0,validation
0.0003507444,0.009943363,0.0008049833,0.00073371804,y1iuafyf.png,0,validation
0.00038444102,0.010509394,0.0006478864,0.0006169677,y23f2tct.png,0,validation
0.00047524672,0.010907001,0.0012065604,0.0009329318,y28tkjwj.png,0,validation
0.00037846764,0.010006271,0.00080983737,0.00078080886,y2taynrb.png,0,validation
0.00036183654,0.010329204,0.0006721377,0.0006263773,y57im25q.png,0,validation
0.00037460425,0.010350438,0.0007302802,0.0006095848,y66h4krq.png,0,validation
0.00037942055,0.0099792695,0.0010176108,0.0009417201,y75mycj5.png,0,validation
0.0005265666,0.010987318,0.001439077,0.0010737294,y75weaje.png,0,validation
0.0002906225,0.009373479,0.0006489064,0.00054179813,y7e5rxrm.png,0,validation
0.00045955597,0.010923827,0.0008501674,0.00064240635,y7lpsv0f.png,0,validation
0.00035158978,0.009632932,0.0008769488,0.0008540766,y7n1e3sd.png,0,validation
0.0003329453,0.010026186,0.0006407031,0.00055370474,y7xt1p23.png,0,validation
0.0003408538,0.010067437,0.0006233366,0.00055796036,y822u34h.png,0,validation
0.00031039226,0.009453939,0.00064718135,0.0006549959,y8a6m968.png,0,validation
0.0003233349,0.009727968,0.0006128787,0.0005844322,y8lwkhrz.png,0,validation
0.00030749038,0.009563152,0.00073159504,0.0006093094,y8u40qcu.png,0,validation
0.00030108384,0.009242046,0.00070257625,0.0005760071,y94u1i6x.png,0,validation
0.0003616705,0.010267389,0.00069184817,0.00060497,y9509q1w.png,0,validation
0.00029274827,0.009253311,0.0006356225,0.0005937482,y9a146ya.png,0,validation
0.00038968946,0.010517102,0.00061379233,0.0006171039,ya1jussh.png,0,validation
0.00028743187,0.009245293,0.0006610415,0.0005631385,yasyinpf.png,0,validation
0.00028675172,0.009294653,0.0006214796,0.00057143444,ybj7soyg.png,0,validation
0.00034139544,0.009697174,0.0007493055,0.00073828944,ybkhtab9.png,0,validation
0.00032922806,0.009828517,0.00069718825,0.0007217365,ybo1y97j.png,0,validation
0.0003538509,0.009729859,0.0009719814,0.0008632931,ybobpy1r.png,0,validation
0.00038749332,0.010504176,0.0007668525,0.00074531266,yd2zop5j.png,0,validation
0.0009849162,0.013225578,0.0019124118,0.0017584929,yd79gjxo.png,0,validation
0.00048553967,0.011063517,0.0011474894,0.0008927639,yde89vvn.png,0,validation
0.00038357326,0.0102565475,0.0006601293,0.00056431204,ydeij3ou.png,0,validation
0.00037416042,0.010395011,0.00061733887,0.0005604678,ye5ob05f.png,0,validation
0.00034502445,0.009916497,0.0008243018,0.0007174431,ye8qr746.png,0,validation
0.00039960493,0.010708234,0.00066615536,0.00062021764,yegz54db.png,0,validation
0.0004753769,0.010970006,0.0009956174,0.00074698287,yf9jknxm.png,0,validation
0.00037829878,0.010508647,0.00072260393,0.00064102066,yfr1gz6f.png,0,validation
0.0004903124,0.0112427715,0.0010421315,0.0007882792,yfy9afa3.png,0,validation
0.00033824565,0.009948333,0.00071370206,0.0005987998,ygl1whka.png,0,validation
0.00033511035,0.009938221,0.00066839263,0.0005670276,ygp2zesl.png,0,validation
0.00033650306,0.009581909,0.0008443758,0.0008165094,ygs0ge5e.png,0,validation
0.00040461693,0.010392631,0.0009738612,0.0009156645,ygxskprc.png,0,validation
0.0003617319,0.0098114135,0.00087048725,0.0008428896,yh2enaoz.png,0,validation
0.00034847378,0.010185394,0.0006131561,0.0005805229,yhr48tvy.png,0,validation
0.00033741692,0.009899393,0.00069722644,0.0006970973,yiej9c0u.png,0,validation
0.0003159897,0.0094522955,0.00069900387,0.000704001,yj38xrg2.png,0,validation
0.00028389625,0.009242254,0.0005911301,0.0005892406,yj3ct5q5.png,0,validation
0.00036202063,0.010410554,0.00067215966,0.0006189115,yjshalq5.png,0,validation
0.0010155238,0.01333011,0.0021334956,0.0015796692,yjv601s9.png,0,validation
0.00031599693,0.009524307,0.00071372587,0.0006186948,yk015zov.png,0,validation
0.00030522406,0.009475584,0.00069701555,0.0005730738,yk0ut398.png,0,validation
0.00036988224,0.010144006,0.0008203682,0.000840954,yk7pktnk.png,0,validation
0.00033298018,0.009779306,0.0007028295,0.00071756786,ykgja984.png,0,validation
0.00031380824,0.009599587,0.00070276164,0.00062462233,ykgtaqrf.png,0,validation
0.00034953715,0.01018436,0.0006796387,0.00060324866,yky30mee.png,0,validation
0.00043161993,0.010963134,0.00080031017,0.00078135583,ykym5y3f.png,0,validation
0.00040348503,0.010632969,0.0006435871,0.0005836564,ym8bslt5.png,0,validation
0.00037622164,0.010378785,0.0006508417,0.00060092064,ymbfasve.png,0,validation
0.00033127345,0.009651277,0.00080856663,0.0006825738,ymbmpfnj.png,0,validation
0.00036463692,0.010327281,0.0006569647,0.0005891038,ymopnqr9.png,0,validation
0.0003011925,0.009465624,0.0006962684,0.0005789809,ynuwpkn6.png,0,validation
0.00038081766,0.010338824,0.000650335,0.0005596794,yo739qak.png,0,validation
0.0003302871,0.0096710855,0.00077502173,0.0006367105,yo8pb69u.png,0,validation
0.0003653158,0.009828719,0.0009830518,0.00092236814,yo9fi6wf.png,0,validation
0.00032983397,0.009508077,0.00079320825,0.0007607079,yodux5x6.png,0,validation
0.00036047338,0.010176296,0.0007027949,0.0005879049,yoef4k2m.png,0,validation
0.00035219986,0.01021758,0.00065361516,0.0006213711,yplyt7iw.png,0,validation
0.00029896156,0.009313487,0.00058920967,0.00059750926,yq8qds4z.png,0,validation
0.0003628024,0.010300616,0.0006222287,0.0005710138,yqhb5323.png,0,validation
0.0005945909,0.011418593,0.001766856,0.0013138298,yqlejp8f.png,0,validation
0.0003704842,0.009915396,0.0009930223,0.0009153234,yqy5qaix.png,0,validation
0.0004126025,0.010750986,0.00067722093,0.00061724626,yr9vnidr.png,0,validation
0.0002935428,0.009321373,0.00064820977,0.00058365695,yrw6owh8.png,0,validation
0.00036136762,0.010066081,0.00078220293,0.0007844326,yt91qe37.png,0,validation
0.0008836407,0.012921344,0.0015646957,0.0014479043,ytnu7o2v.png,0,validation
0.00046509886,0.011214566,0.0008197171,0.0007648064,yv6ds8xt.png,0,validation
0.0003129629,0.009618664,0.0006956006,0.0005772117,yvexc6oh.png,0,validation
0.00036982185,0.010302095,0.00071792223,0.0006263455,yveycr0w.png,0,validation
0.00066030055,0.012351324,0.0015408226,0.0015862824,yxis81hb.png,0,validation
0.00029537862,0.009340379,0.00071248435,0.00059404736,yxtz725d.png,0,validation
0.00033991842,0.010051294,0.0006226515,0.00055796467,yxzqo683.png,0,validation
0.00038534202,0.010304063,0.00071468187,0.00072338985,yydu3asn.png,0,validation
0.00034923642,0.010181501,0.00068540394,0.00067143945,yyxoa7m8.png,0,validation
0.00033427443,0.009999213,0.0006919904,0.00060154544,yz7yswki.png,0,validation
0.00038000682,0.010518286,0.00071363675,0.0006432002,z0629cky.png,0,validation
0.00032324516,0.009551878,0.0007917662,0.00068558793,z09aby5f.png,0,validation
0.00040652617,0.010764391,0.0006663222,0.0005917109,z0vcclin.png,0,validation
0.00033765496,0.009706944,0.00079959945,0.0007720288,z1i3xeqk.png,0,validation
0.0003096127,0.009567923,0.0007183082,0.0005822838,z2798nvn.png,0,validation
0.00031150907,0.009612067,0.000649834,0.0006419293,z38bcd2k.png,0,validation
0.0008365594,0.012775158,0.0014695703,0.0013338856,z3nznsez.png,0,validation
0.00030562325,0.009306086,0.00068496104,0.0006601236,z507rrmm.png,0,validation
0.00033819728,0.009667106,0.0007577247,0.00074583717,z5gs9k00.png,0,validation
0.00036120886,0.010048565,0.0006578359,0.0006348672,z5ys7sbj.png,0,validation
0.00038094487,0.010379716,0.00072565547,0.00074496696,z6rnk3v4.png,0,validation
0.00032636104,0.00919834,0.00083913957,0.000795466,z7glznu6.png,0,validation
0.00032037124,0.009793654,0.0006273328,0.0005233136,z7v1j0ac.png,0,validation
0.00033717664,0.009847943,0.0007639778,0.0006780326,z8hcayq7.png,0,validation
0.0003630477,0.010249972,0.0006274987,0.00055629096,z9szs6qv.png,0,validation
0.00039318288,0.010386599,0.0010096625,0.0008877554,zc5cm9b5.png,0,validation
0.00042934038,0.0108652245,0.0008449383,0.00085446716,zcj02o5r.png,0,validation
0.00030506434,0.009476996,0.00067740213,0.0005651029,zd93tpo2.png,0,validation
0.00029032995,0.00926517,0.00065776415,0.00055302103,zey83b8s.png,0,validation
0.00039385483,0.010570761,0.000644986,0.0005765666,zf1c5awc.png,0,validation
0.00033407577,0.009661503,0.00077178044,0.000738193,zfoprb36.png,0,validation
0.00030500506,0.009537246,0.0006334395,0.00057044433,zg1fnpxr.png,0,validation
0.00038279098,0.010402419,0.00071102084,0.00057452987,zg2r7uc5.png,0,validation
0.00031946917,0.00954245,0.0006833339,0.0006979176,zg3rbei1.png,0,validation
0.00030984893,0.009495236,0.0006586751,0.000619566,zgh2ytes.png,0,validation
0.00034855492,0.00982291,0.00082876114,0.0007849294,zghuafrx.png,0,validation
0.00032315598,0.009504091,0.0006837215,0.00071362604,zgqkblwl.png,0,validation
0.00038045077,0.010550509,0.00071253174,0.000665396,zhi35srf.png,0,validation
0.0003745305,0.0099804895,0.0009874447,0.00091873814,zhssuz1q.png,0,validation
0.00029846837,0.009206495,0.0006348978,0.0006584224,zhx14a80.png,0,validation
0.0003641417,0.0099442955,0.00088278117,0.0008691752,zicho8hm.png,0,validation
0.00040682725,0.010636927,0.000706544,0.00065199396,zj0xgrwd.png,0,validation
0.0003285102,0.009588432,0.00074432493,0.00075403944,zjf8yepj.png,0,validation
0.00036243143,0.010271103,0.0006391119,0.0005745108,zjh9oefc.png,0,validation
0.00031187353,0.009330237,0.0007390759,0.0006669907,zjlm5dqg.png,0,validation
0.0003512135,0.010155369,0.0006343451,0.0005869094,zk3rha2l.png,0,validation
0.00064523885,0.012360238,0.0013808127,0.0014899044,zkbnsh8l.png,0,validation
0.00030519057,0.009529739,0.00070805673,0.0005891924,zl7hvwr3.png,0,validation
0.00034600834,0.010010915,0.00074620027,0.0005717771,zm3vjcdk.png,0,validation
0.00033772254,0.0098711895,0.00072069396,0.0006979134,zmek4ekx.png,0,validation
0.00034423647,0.009737316,0.0008679754,0.00083000073,znara60a.png,0,validation
0.00032873912,0.009717999,0.00072353,0.0007220966,znukqoyu.png,0,validation
0.00054262613,0.010921409,0.001574658,0.0013915016,zo1gbty6.png,0,validation
0.0004706744,0.01119048,0.0006877059,0.0006673281,zofmdpej.png,0,validation
0.000344964,0.009591298,0.0008412106,0.00081593194,zpmeakhg.png,0,validation
0.0003128984,0.009427403,0.000701164,0.0006500851,zpu955ff.png,0,validation
0.0003652385,0.010330271,0.0006180453,0.00059354084,zq2yujkf.png,0,validation
0.00029755232,0.009468883,0.0005931419,0.000576939,zq48enwb.png,0,validation
0.001097455,0.013836898,0.0023292133,0.0017260271,zqarugxf.png,0,validation
0.0003415915,0.00968821,0.0007250592,0.0007246235,zqclo8l5.png,0,validation
0.00031417716,0.009556097,0.00067206926,0.00067523046,zr8mezrr.png,0,validation
0.00090235076,0.012994743,0.0016857513,0.0015207145,zt5ufojz.png,0,validation
0.00041420688,0.010783551,0.00067819346,0.00065491936,zti376fq.png,0,validation
0.00035589575,0.00976418,0.00092335185,0.0008607435,ztikvif2.png,0,validation
0.00045192105,0.011172721,0.0007584413,0.00075207505,ztwgbrt5.png,0,validation
0.00035723936,0.010258953,0.0006593129,0.00059359754,zu5ii3n6.png,0,validation
0.0003136466,0.009423055,0.0006946635,0.00066008966,zv22kffj.png,0,validation
0.000914751,0.013005953,0.0016478774,0.0014984554,zv3u2gdk.png,0,validation
0.00039317083,0.010429581,0.00062612805,0.00055346504,zv4hks5u.png,0,validation
0.0003620313,0.010333215,0.0006963687,0.0005923684,zvyvzeyb.png,0,validation
0.00039527862,0.010486419,0.00063955865,0.0006108782,zwvb1821.png,0,validation
0.00033072906,0.009684914,0.00070752547,0.0007348203,zx64yr42.png,0,validation
0.00029846161,0.009434406,0.0006118192,0.00062082417,zxskoytk.png,0,validation
0.00033914155,0.009841459,0.00072385924,0.0007443613,zy08m8os.png,0,validation
0.00037947338,0.009991195,0.0010815419,0.0009862704,zy1y5s5c.png,0,validation
0.0003654065,0.010367129,0.00065529306,0.0006101063,zyc8r7ek.png,0,validation
0.0004133631,0.01082833,0.000689068,0.00061502337,zykofd5h.png,0,validation
0.00032602125,0.009765117,0.0006928344,0.00063823356,zz3ezjer.png,0,validation
0.00087024586,0.012363117,0.0036788883,0.0024046646,00sx12i2.png,1,validation
0.0037568202,0.025110161,0.013175571,0.00889838,2yvklu1e.png,1,validation
0.003431472,0.02225737,0.0176873,0.011219897,4amgj2y0.png,1,validation
0.0011308842,0.013027758,0.005403533,0.0032400943,9lhuxi8c.png,1,validation
0.0012988613,0.014004012,0.006216807,0.0043268744,cm5a7gs0.png,1,validation
0.002129894,0.016835729,0.012241786,0.008842605,cnt0ymqc.png,1,validation
0.0008771939,0.011912272,0.00410653,0.0028858595,ef7y0ip6.png,1,validation
0.000745877,0.011545456,0.0031094742,0.0019558126,ejshk0fy.png,1,validation
0.001585188,0.014365,0.008258092,0.0060719494,h2tir743.png,1,validation
0.0024118999,0.017933272,0.013808335,0.008475544,jhy9r3vv.png,1,validation
0.001516509,0.015028695,0.005730203,0.0040050186,jjmi7qs1.png,1,validation
0.0010993547,0.013949015,0.0047020353,0.0035829586,lkwlzl5i.png,1,validation
0.0014231723,0.014947803,0.004071454,0.0033173081,lsdch7n4.png,1,validation
0.0010746679,0.012634581,0.005201609,0.0031566632,nlj2mwox.png,1,validation
0.0008055781,0.011920845,0.003205455,0.002188905,nt5nhegj.png,1,validation
0.00064741017,0.011214373,0.0024017077,0.0016087443,o6l1f90s.png,1,validation
0.0035154496,0.024043472,0.016104564,0.009849966,qhgkyd4h.png,1,validation
0.0022069036,0.017231401,0.012859075,0.0086028,r208w8ih.png,1,validation
0.0010177443,0.012513082,0.00485294,0.0032389332,ty257wuq.png,1,validation
0.000561035,0.010647118,0.0016053029,0.0011927745,uainrjoh.png,1,validation
0.0012882405,0.014907525,0.004694579,0.00386627,wq7nu121.png,1,validation
0.0015065494,0.016819708,0.0059951493,0.0049164677,zh0qa1ls.png,1,validation
0.00083152,0.012483586,0.002317469,0.0018713066,zq35aw3o.png,1,validation
0.00044269723,0.010780094,0.0007363309,0.00066082226,007f6hcw.png,0,test
0.0002817393,0.0092193065,0.0005912254,0.00055451586,02grxpud.png,0,test
0.00035627902,0.010298749,0.00065758114,0.00062489795,02z38vf4.png,0,test
0.00042962033,0.011009465,0.0007857193,0.00075959053,031w0zyp.png,0,test
0.001012933,0.013540747,0.0017653223,0.0016431023,037fhg93.png,0,test
0.00038596743,0.01036364,0.0007848246,0.0007816995,03kgylen.png,0,test
0.0003441878,0.009879748,0.0006999015,0.0006791635,03rv0vqq.png,0,test
0.0008936677,0.012995781,0.0016775946,0.0015306622,04lh49mk.png,0,test
0.00034310628,0.009876793,0.00076289737,0.00077698345,04zgn65o.png,0,test
0.0002893978,0.009447804,0.000644062,0.0005553183,05g00r5y.png,0,test
0.00037879913,0.010519898,0.0006432518,0.00054182776,05q4yr7k.png,0,test
0.00031202298,0.009402552,0.0007204163,0.0006674338,05sutg2g.png,0,test
0.0002972685,0.009228918,0.0006647279,0.00065107405,05xt54fn.png,0,test
0.0008771654,0.012983949,0.0015058096,0.001372426,07j0np7q.png,0,test
0.00042506255,0.01083821,0.0007150781,0.00063082,07rgtg3f.png,0,test
0.00040885468,0.010401852,0.00072632456,0.0005748334,080iagi8.png,0,test
0.0003008397,0.009492488,0.00067836215,0.00055255083,0862s18j.png,0,test
0.00034645104,0.009804969,0.0007952107,0.0007612427,08dupbm4.png,0,test
0.00032111406,0.009629987,0.00070304953,0.0007023921,0952lvfk.png,0,test
0.0003737376,0.01068872,0.0007290038,0.0007104198,09hkd6k7.png,0,test
0.00032273598,0.009646096,0.0006999461,0.000675507,0aeoorbt.png,0,test
0.00032531098,0.00961956,0.0007635028,0.0006795068,0ahz6fe0.png,0,test
0.00040331666,0.010703864,0.0006653803,0.0006279527,0an5sdh2.png,0,test
0.00052904274,0.011048679,0.0014007672,0.0010438813,0b17my6x.png,0,test
0.00034295386,0.009729866,0.00081164105,0.000787236,0bl31jew.png,0,test
0.00034597187,0.0098830545,0.00074055715,0.0007417187,0bxxowwr.png,0,test
0.00045740898,0.010703354,0.0011535272,0.0010913643,0ctef4tx.png,0,test
0.0003942249,0.010647769,0.00073298044,0.00070422003,0dcqykw0.png,0,test
0.00041985215,0.010210049,0.0008631819,0.00081434194,0dhr7zqp.png,0,test
0.00031058374,0.009374751,0.0007055212,0.00065819256,0dwm2vtx.png,0,test
0.0002923465,0.00929061,0.00060765556,0.00058161764,0e2qmk3u.png,0,test
0.00032317362,0.009792364,0.0007167275,0.0006168566,0f72ve4i.png,0,test
0.00034729918,0.009779383,0.0007892593,0.0007483431,0gdwkxsi.png,0,test
0.00051476416,0.011052017,0.0012559022,0.0009364391,0gmv0akj.png,0,test
0.0010499678,0.01337767,0.0023943807,0.0017705704,0h41nqxu.png,0,test
0.00029671096,0.009337081,0.000644613,0.0006384521,0hdj7o9x.png,0,test
0.000304568,0.00946783,0.00065081735,0.0006139123,0hkkwjsv.png,0,test
0.00035918766,0.0102480985,0.000662204,0.00059897127,0ixb2x9m.png,0,test
0.00028765085,0.00914221,0.00073513424,0.0005739881,0ixf8yde.png,0,test
0.00031200927,0.009672242,0.0006882328,0.000609687,0jnspskt.png,0,test
0.00038334003,0.010589463,0.000736358,0.00066426623,0k3wr0bu.png,0,test
0.00033571516,0.009654145,0.00075034134,0.00076229393,0k9qaqaw.png,0,test
0.0003397069,0.009838181,0.0007286077,0.00073779456,0kcjty6o.png,0,test
0.00043153416,0.011145793,0.0006705646,0.0006089975,0kpvm1n3.png,0,test
0.0003588929,0.0102947885,0.0006541832,0.00056391966,0ln6tfjn.png,0,test
0.0003351313,0.009649091,0.0007486349,0.0007497291,0mdgjy7h.png,0,test
0.00039509666,0.010714095,0.00069322716,0.0006118656,0miwlfj4.png,0,test
0.0004146013,0.010555414,0.00066435226,0.0005734189,0n0oqwjs.png,0,test
0.00029748093,0.009425744,0.0006578249,0.0005640237,0nt95ost.png,0,test
0.0005176495,0.01069306,0.001403933,0.00125209,0pc9tufy.png,0,test
0.00035731363,0.010265582,0.0007097329,0.000605672,0qb6mxux.png,0,test
0.0003048459,0.009528788,0.0007535725,0.00061050424,0r3i9huk.png,0,test
0.00031920208,0.009584314,0.00071190856,0.00062251,0r4gfby0.png,0,test
0.00031498302,0.0095490925,0.00072899816,0.0006212725,0rnoaayx.png,0,test
0.00031059314,0.009381609,0.000701025,0.00069291244,0rrsxqsa.png,0,test
0.00028876017,0.009117472,0.0006397995,0.00062701904,0sqcnf9w.png,0,test
0.00032006585,0.009366375,0.00079727295,0.0007644401,0uc87nxp.png,0,test
0.0003696351,0.009783198,0.0010184196,0.00094788667,0ukw1whj.png,0,test
0.0003141232,0.009493517,0.0006808531,0.0006449841,0uxmyye3.png,0,test
0.00034223573,0.0099193165,0.00078519306,0.0006878898,0vaax73u.png,0,test
0.00031258885,0.009608181,0.00070310174,0.0005981438,0w3wlned.png,0,test
0.0003443355,0.010153989,0.0006917108,0.00058580417,0w4efzv8.png,0,test
0.0009370891,0.013080168,0.0018091699,0.0015601589,0w8m8g5d.png,0,test
0.00031088613,0.009595836,0.0007204708,0.0005948752,0w987utm.png,0,test
0.00028623053,0.0092107365,0.00060638215,0.0005731269,0yb9c55c.png,0,test
0.0003343707,0.009977599,0.0006254433,0.0005503334,0yfr2x3x.png,0,test
0.0004027281,0.010691683,0.0007510132,0.00074535253,0yjhpfsz.png,0,test
0.00044556055,0.011064351,0.0008231252,0.000775728,0z25ytyt.png,0,test
0.00031783048,0.0095680505,0.00073214306,0.00063565007,114dkomf.png,0,test
0.00040515276,0.01072506,0.0006829311,0.00058429997,128e63x3.png,0,test
0.00032984943,0.009899997,0.00064265344,0.0005686835,12qfawl8.png,0,test
0.0003061544,0.009518096,0.00070490426,0.00059071695,133fopnz.png,0,test
0.0005548156,0.011548225,0.0013796967,0.0010704047,13q8tc9n.png,0,test
0.00039598253,0.010684033,0.0007623913,0.0006358722,143wm0r6.png,0,test
0.00050430105,0.011473625,0.0008607283,0.00078444433,149emp3c.png,0,test
0.00042942012,0.010811103,0.0006373505,0.0006367176,14f4gxnn.png,0,test
0.00035003154,0.010201136,0.0006226376,0.0006350472,14z2fo4e.png,0,test
0.0002974391,0.009287393,0.00061297877,0.0006103111,15ahdbvz.png,0,test
0.0003152011,0.009653835,0.0006286687,0.00062407507,15mlpyga.png,0,test
0.0002894226,0.009236778,0.000660622,0.0005400657,1691aj7d.png,0,test
0.0004175349,0.010801442,0.0006507897,0.0006242673,16epo2u4.png,0,test
0.00032266392,0.009613507,0.0007233983,0.0006342309,16lks2dv.png,0,test
0.00034085815,0.009785316,0.0007654021,0.0007232857,1744txkx.png,0,test
0.00037994952,0.010533563,0.0006463102,0.0006360988,177edw3t.png,0,test
0.00041069166,0.010673761,0.00067707256,0.0006285141,1aegoao6.png,0,test
0.0003491727,0.010225974,0.00065969,0.0005842501,1awph0dt.png,0,test
0.0010793156,0.013470571,0.0023269616,0.0017254661,1axv5gy8.png,0,test
0.00030810287,0.009571341,0.000758384,0.00058863714,1b6boeo6.png,0,test
0.0004969807,0.011039829,0.00091773726,0.0008483678,1bdj5lqc.png,0,test
0.00030438177,0.009495403,0.00066555117,0.0005854989,1bnqg34m.png,0,test
0.00034080129,0.009616511,0.0008285814,0.0008179802,1bujlz84.png,0,test
0.0003074344,0.009601041,0.00071297813,0.0006009452,1cxdcwgk.png,0,test
0.00041343056,0.010632819,0.00068633334,0.0006299776,1cz6et84.png,0,test
0.00036233597,0.0098096365,0.0009051296,0.0008924085,1d430vz7.png,0,test
0.0002948383,0.009370942,0.0006288738,0.0006087644,1duhbx6a.png,0,test
0.00040017097,0.010783866,0.0007314913,0.00065055874,1dwmejke.png,0,test
0.00038375697,0.01048344,0.0006591941,0.00060791045,1ekvipat.png,0,test
0.00034100644,0.009125518,0.00071555935,0.0007425048,1eojsii6.png,0,test
0.00040380453,0.010467451,0.00081262103,0.0008370392,1fms898c.png,0,test
0.0009955217,0.013462737,0.0018998773,0.001533369,1fuvpwb4.png,0,test
0.0003161239,0.009547729,0.0007207365,0.0006468351,1g1duyga.png,0,test
0.00044701682,0.011204431,0.0007525818,0.0007022686,1g2lk9bm.png,0,test
0.00037404225,0.010366642,0.0006619916,0.0006251631,1g9a8q7u.png,0,test
0.00030386343,0.0094322935,0.00060436624,0.0006127466,1hfl1zop.png,0,test
0.00029114253,0.0092407195,0.0006198217,0.0006255334,1hgav42t.png,0,test
0.00036779125,0.010325433,0.0006355932,0.00055508554,1hiefj75.png,0,test
0.0009799021,0.0130419,0.002053505,0.001520818,1i2x32oo.png,0,test
0.00036674988,0.010341215,0.00064831664,0.000657266,1iebc8af.png,0,test
0.00057656766,0.011434398,0.0014922015,0.0011157341,1iedobc5.png,0,test
0.0003206363,0.009550815,0.00070497626,0.0007211114,1jhjt54d.png,0,test
0.000381338,0.0100632105,0.0009534621,0.00090852357,1jxm2lrp.png,0,test
0.0003452288,0.010122302,0.00065798784,0.0006078274,1jzcjtfd.png,0,test
0.000347216,0.010133002,0.0006660032,0.000628733,1l9tznhg.png,0,test
0.00038707798,0.010388292,0.0007112111,0.00058251625,1lh0n2o7.png,0,test
0.00049646856,0.011084991,0.0010375029,0.00078050984,1ltxobhb.png,0,test
0.00037440466,0.010272758,0.0007232928,0.0006583756,1mqp8eic.png,0,test
0.00043550864,0.010739523,0.0007832923,0.0005943194,1mqrbp7t.png,0,test
0.0003202605,0.009657635,0.0007330981,0.00063653226,1n3irw50.png,0,test
0.0003725667,0.010357808,0.000636483,0.0006211747,1o752tvr.png,0,test
0.0002945544,0.009355427,0.00068415696,0.0005423465,1oy4gnow.png,0,test
0.0003122569,0.009486592,0.00067424314,0.0007077268,1ozfsraz.png,0,test
0.0003451386,0.009902417,0.00066594797,0.00061235134,1p5w11wg.png,0,test
0.0003371884,0.010020048,0.0006339928,0.00058073504,1p8pgi0f.png,0,test
0.00043563283,0.01089322,0.0006631618,0.00061355665,1pfzysuh.png,0,test
0.0003322662,0.00995342,0.00061605277,0.0005469379,1q8k8wyz.png,0,test
0.00030441242,0.009470689,0.00072495017,0.00058122765,1qasoyfx.png,0,test
0.00028934868,0.009474379,0.00064125145,0.0005524866,1qgouo8z.png,0,test
0.00039042995,0.010440977,0.00066818,0.0005917224,1qliiwxn.png,0,test
0.0003089221,0.009502029,0.0006796371,0.0006150211,1qqgxaxx.png,0,test
0.0004240093,0.010899575,0.0007521057,0.0007487807,1qx82smj.png,0,test
0.00035434452,0.009825873,0.00081112847,0.00082488847,1qxoe0te.png,0,test
0.00040869747,0.010570363,0.0008602156,0.00083721057,1r6h3g70.png,0,test
0.00034679016,0.009869714,0.0007724445,0.00070501777,1sth69ba.png,0,test
0.00039770096,0.010649361,0.0006489194,0.00065282395,1tc42out.png,0,test
0.00035757333,0.010177485,0.0006492746,0.0005515362,1tpccdrb.png,0,test
0.00030510206,0.009427322,0.00063729,0.0006411187,1u6vqs4h.png,0,test
0.0004044843,0.01062456,0.0006692389,0.0006005767,1unc7wwg.png,0,test
0.0003095769,0.009378238,0.00068773504,0.0006773257,1uvrgozh.png,0,test
0.00056455564,0.011345677,0.0014577695,0.0010824935,1uzvo9qt.png,0,test
0.00031123162,0.009519028,0.00066718116,0.0006490943,1v1pjzl7.png,0,test
0.00030422694,0.009421662,0.00066274876,0.0006399707,1v2tg2ah.png,0,test
0.00096149265,0.013107531,0.0017417752,0.0015676715,1v4avg87.png,0,test
0.00032807828,0.009728438,0.00072117255,0.0007178804,1v8pdewd.png,0,test
0.00035163524,0.010207613,0.0007045311,0.00058968615,1vxa0ju2.png,0,test
0.00044947068,0.011141477,0.0008092587,0.0007899828,1vyy44k6.png,0,test
0.00049410143,0.011227204,0.0009174604,0.00069093786,1w9d5a5v.png,0,test
0.0002983248,0.00943911,0.0006287794,0.0006235415,1xj7wwud.png,0,test
0.00029645732,0.009437879,0.0006880286,0.00054933084,1z9oypuq.png,0,test
0.00031690704,0.0094936425,0.00075809995,0.0007065515,1zbhinbk.png,0,test
0.00028884585,0.009233736,0.0006476384,0.0006139498,209ei8xq.png,0,test
0.0003747818,0.010385151,0.0006511996,0.0006397623,20g7lau6.png,0,test
0.00031477737,0.009462416,0.00076469226,0.00066626066,20z67pb2.png,0,test
0.00034342922,0.009729591,0.00077946397,0.0007765416,212xi6vx.png,0,test
0.00040480818,0.010533181,0.00068162085,0.0006964774,229env4y.png,0,test
0.00034650762,0.009491688,0.0008369129,0.00073807815,22dptmd4.png,0,test
0.00047611428,0.011035746,0.00078912475,0.0007544404,24fr4dr7.png,0,test
0.0003400346,0.010096406,0.0006909693,0.0006190825,25d2yhim.png,0,test
0.0003823191,0.010519005,0.00064822275,0.00067578565,25t24rda.png,0,test
0.00033630172,0.00981382,0.00086957373,0.0006559437,26oam7ax.png,0,test
0.00031448936,0.009459086,0.00069435587,0.00068007724,27bm4lz9.png,0,test
0.00033542988,0.009545807,0.00079633715,0.0007529048,27hghrac.png,0,test
0.00033213335,0.00968106,0.0007454193,0.0007531829,2853uy8u.png,0,test
0.00030664032,0.009481819,0.00064893,0.00066112727,287qmrmp.png,0,test
0.00032737476,0.009904291,0.0006070222,0.0005650465,289arnml.png,0,test
0.00034546506,0.009796848,0.000775106,0.000772659,28d4kctd.png,0,test
0.00030271627,0.009471982,0.0006911916,0.00059048197,29326yw0.png,0,test
0.0009822958,0.013251804,0.001910553,0.0015278194,29owh4ej.png,0,test
0.0003960454,0.010249849,0.00087765453,0.00084012665,2aol7cyw.png,0,test
0.00033372798,0.009710176,0.00065400335,0.0006753891,2bc2nnuv.png,0,test
0.0003192114,0.00971784,0.0007057067,0.0005909526,2bu4wa2g.png,0,test
0.00034538895,0.009961476,0.0007456252,0.0007504816,2c9ros7y.png,0,test
0.00031619368,0.009534792,0.0006609535,0.0006631488,2eywpajo.png,0,test
0.00041153963,0.010429568,0.00076133833,0.0005779634,2f3wtu76.png,0,test
0.000348768,0.01025308,0.00067082647,0.00055713975,2fiwpghx.png,0,test
0.0002926128,0.009333012,0.00064705865,0.00058443204,2fknvzdd.png,0,test
0.00033490325,0.009817893,0.00073384406,0.000739262,2fptteuv.png,0,test
0.00034460725,0.009884378,0.00076130533,0.0007863511,2g09lbls.png,0,test
0.00092944835,0.012859587,0.0017498115,0.0014251882,2g0e7h4n.png,0,test
0.00039174428,0.010556505,0.0006751344,0.00059843407,2guqt6ve.png,0,test
0.00035577104,0.01000547,0.0007766782,0.0007664583,2h6htnor.png,0,test
0.00035045468,0.009726861,0.00079827296,0.0008298441,2hiwtsdw.png,0,test
0.00031884556,0.009491741,0.0007113635,0.0006979734,2i3p4lfd.png,0,test
0.00031820723,0.009763322,0.00074189703,0.00062453997,2ie2qna2.png,0,test
0.00030737647,0.00956057,0.00072504656,0.00059246004,2ik2dehv.png,0,test
0.00033324424,0.009783115,0.0007185179,0.00066026265,2im44a2e.png,0,test
0.0003588525,0.010225681,0.0006516592,0.0006406139,2iqkv8d4.png,0,test
0.0003554382,0.010225442,0.0006453597,0.0006102737,2ix10zx8.png,0,test
0.00041667683,0.010790647,0.0006467517,0.00062353275,2jcgo0j9.png,0,test
0.00034980575,0.010188958,0.00068998133,0.0006007631,2ji749iz.png,0,test
0.0003348931,0.009726122,0.0007764857,0.00076623395,2lc3bfpd.png,0,test
0.00033195148,0.009144354,0.00071928836,0.0007400775,2n8gjstt.png,0,test
0.00031710113,0.00948646,0.00069174834,0.0006515486,2njot1j7.png,0,test
0.0005383756,0.010930526,0.0014734963,0.0013345674,2nkcdr54.png,0,test
0.00051351485,0.0110963145,0.0012153845,0.0009157752,2o1rvmi1.png,0,test
0.0003074796,0.009497717,0.00069090223,0.00062528235,2op6vmjo.png,0,test
0.0003535882,0.009866461,0.00087880937,0.00085859577,2plb9g96.png,0,test
0.00034740183,0.010156124,0.00069423806,0.0005797511,2pqnfdxm.png,0,test
0.00034461828,0.009271052,0.0006720243,0.00069331116,2q4v65fm.png,0,test
0.00041496134,0.010721799,0.00069844606,0.00062389206,2r0ni0jp.png,0,test
0.00029539748,0.009396034,0.0006660628,0.0005622499,2r78aovz.png,0,test
0.00037906007,0.010337624,0.0008339414,0.00081033004,2r9pegln.png,0,test
0.0003536921,0.010069434,0.00064606895,0.0005886206,2rezonqa.png,0,test
0.00033369855,0.009934955,0.0007181994,0.0006261338,2rgji9p4.png,0,test
0.00038265847,0.0097476,0.0010836662,0.00076147163,2rra3plc.png,0,test
0.00038958274,0.01033632,0.000697674,0.000714427,2sgaaqey.png,0,test
0.00029507617,0.00928093,0.00063165405,0.000622111,2skkftfy.png,0,test
0.0003217802,0.009859085,0.0006510525,0.00053809275,2t8xmld5.png,0,test
0.00045963147,0.010992804,0.0007154418,0.0006986912,2u1vi0xi.png,0,test
0.0004342673,0.010711337,0.0007826326,0.00059007236,2u8u23wu.png,0,test
0.00028377966,0.0092378035,0.0006275577,0.0005852099,2uhtjpk4.png,0,test
0.0003692438,0.010321828,0.00069351733,0.0006725642,2v0pkquj.png,0,test
0.00030435674,0.009566824,0.00071372086,0.00055754546,2vbwbqkl.png,0,test
0.00033295792,0.009702885,0.0007208944,0.00066185754,2vmbmp05.png,0,test
0.00047696364,0.010837122,0.0014055839,0.0012889801,2w0sa3e1.png,0,test
0.0003164561,0.0096414685,0.00074369414,0.00061514124,2wy0ufbc.png,0,test
0.00029405396,0.00920156,0.00063455483,0.0006538234,2xn9txfj.png,0,test
0.00029839604,0.009246683,0.0006670742,0.0006482506,2xog4c8j.png,0,test
0.0010136184,0.013298159,0.002169738,0.0016050076,2z130e0q.png,0,test
0.0004137124,0.0108800065,0.00072914927,0.0006520851,2z9pwq7f.png,0,test
0.00034427163,0.010176658,0.00069765636,0.0005764195,30gfzs83.png,0,test
0.00033466524,0.009753589,0.00081851525,0.000730134,30idmeej.png,0,test
0.00030057062,0.009263404,0.00067825225,0.00060319464,325nh1xk.png,0,test
0.00030550346,0.009442079,0.00068366394,0.0005856529,32bgkbim.png,0,test
0.00036963145,0.010367848,0.00068060285,0.0006364705,334ep2m0.png,0,test
0.0005582998,0.011090549,0.0016939308,0.0012613714,33gn6s1g.png,0,test
0.000362252,0.010368503,0.00065634743,0.0005972961,34i2lwix.png,0,test
0.00032722214,0.009570832,0.00070655404,0.0007241665,353qtxft.png,0,test
0.00030717146,0.009489568,0.00065559684,0.0006621129,365rd46w.png,0,test
0.00036200858,0.010025605,0.0008438634,0.0008313466,36sl78o1.png,0,test
0.0003614903,0.0103009865,0.0006491897,0.0006093805,36ybig0p.png,0,test
0.00034115053,0.0096354205,0.00078179373,0.0007226222,374m3r3m.png,0,test
0.00035434146,0.009910336,0.00078237127,0.0007959038,37l9thn4.png,0,test
0.0003001285,0.009551531,0.0006737329,0.0005756799,396yfi7e.png,0,test
0.00031731403,0.009475124,0.0007436253,0.0006275605,3989i6z7.png,0,test
0.0003367761,0.009796651,0.0007513419,0.00067668874,39e6ta6d.png,0,test
0.00036376072,0.010329543,0.00062632305,0.00057472085,3bjeh7t3.png,0,test
0.00035270903,0.010055054,0.0007939022,0.0007853468,3bmuu1hz.png,0,test
0.00036132557,0.009886489,0.0008409938,0.00081334455,3cj9hvr2.png,0,test
0.00032289512,0.009693738,0.0007058866,0.0006652812,3fezez5e.png,0,test
0.00039806086,0.010601377,0.0007069795,0.0005876301,3fl8wyw5.png,0,test
0.00030273915,0.0093982285,0.00063332124,0.00064148556,3fon8ong.png,0,test
0.00033080106,0.01002271,0.00059255725,0.00052184646,3frb5180.png,0,test
0.00031194088,0.009448396,0.000686992,0.0006727842,3g2x8xc3.png,0,test
0.00031321796,0.009489163,0.0007571122,0.00068859727,3gopvacz.png,0,test
0.00032868228,0.009632808,0.00069577305,0.00071468984,3gsxs58q.png,0,test
0.00031434945,0.0095363585,0.00069805386,0.000679961,3gtxyz8a.png,0,test
0.00034425975,0.010133387,0.0006755897,0.00058861455,3h05p69d.png,0,test
0.00035320345,0.010165046,0.00068675407,0.00057521946,3hkyirkk.png,0,test
0.0003549515,0.009802703,0.00082216674,0.0007983692,3hsa15p7.png,0,test
0.00033563474,0.009765966,0.00071322336,0.0007211186,3i09gb2k.png,0,test
0.00040605554,0.010471507,0.0006917604,0.0006108298,3i2evwmn.png,0,test
0.00035721366,0.010135281,0.000655497,0.00065784145,3j7evq56.png,0,test
0.00041886725,0.010883702,0.00075343956,0.000733523,3jebgfft.png,0,test
0.00029870408,0.009183491,0.00066509855,0.00067453936,3kcvjxzd.png,0,test
0.00040758192,0.010620887,0.0006807756,0.0005993878,3kompo0n.png,0,test
0.00036928305,0.010346094,0.000688878,0.0006513162,3lm8fhcc.png,0,test
0.00028569883,0.009339128,0.0006655954,0.00055519055,3mf3gq7p.png,0,test
0.00033355923,0.009970216,0.0007173784,0.000600595,3mvqiixk.png,0,test
0.000644273,0.0109658865,0.001561195,0.0013366883,3mwg24un.png,0,test
0.00044165348,0.01103239,0.0007701639,0.000745545,3nk40o5v.png,0,test
0.00035571697,0.0101184705,0.0006907728,0.0006603827,3npi9kur.png,0,test
0.00036500732,0.010047527,0.0006694774,0.00067982945,3nvxryqg.png,0,test
0.0002979321,0.009401548,0.0006600734,0.0005980922,3o4dp632.png,0,test
0.00037405555,0.0099685155,0.0009339765,0.00091445405,3oe8e69l.png,0,test
0.00030217593,0.009447587,0.00064012635,0.00063546444,3pajvf9i.png,0,test
0.00038378406,0.01041481,0.00073524786,0.00074529106,3pyjai6t.png,0,test
0.00030453416,0.009517498,0.0006544953,0.0005829163,3q78fcpv.png,0,test
0.0009303691,0.013134668,0.0017328311,0.0016192547,3qrur6m7.png,0,test
0.00029663334,0.009477655,0.000692641,0.00059616356,3rmzm4qi.png,0,test
0.00031031872,0.009535717,0.00067373156,0.0006694215,3sfgho4q.png,0,test
0.0004498173,0.010864127,0.00082242547,0.00061719,3sl4plic.png,0,test
0.00029905702,0.009341831,0.0006531496,0.0006027913,3slvrqlm.png,0,test
0.00029449633,0.009249973,0.0006219426,0.00063123077,3sm1ppyz.png,0,test
0.00031218168,0.00949994,0.0007205962,0.00064666284,3spks337.png,0,test
0.0003476074,0.010091323,0.0006378931,0.00061229727,3sr4bu7t.png,0,test
0.000328739,0.009679115,0.00069762225,0.00071489485,3t945psl.png,0,test
0.0003667642,0.009927834,0.0008836796,0.0008355678,3ttopnv3.png,0,test
0.0003232037,0.009568869,0.00071015995,0.00070468616,3tw3vtyu.png,0,test
0.00030433357,0.009426233,0.00062127627,0.00060744083,3ujlvmy4.png,0,test
0.00035626008,0.010261889,0.00066856795,0.00058912253,3vm4x959.png,0,test
0.0004104786,0.010614594,0.0006890318,0.0005832285,3vynpd2v.png,0,test
0.00041523413,0.01082837,0.00077760516,0.000737502,3vznyson.png,0,test
0.00046456154,0.010523519,0.0012909624,0.0012227999,3x2tzkq1.png,0,test
0.0003973381,0.010659633,0.00070868694,0.00069582893,3xflkcg6.png,0,test
0.00029202443,0.0094038565,0.0006599051,0.0005583919,3xgtkctt.png,0,test
0.00034317162,0.0097176125,0.000743894,0.0007593754,3xjke4xi.png,0,test
0.00034140164,0.009677246,0.00079805555,0.00080991216,3xmoj4wu.png,0,test
0.00043884313,0.010957344,0.00070398854,0.00069047033,3y35byll.png,0,test
0.0003228558,0.009691587,0.00074219855,0.0006265731,3yczq6i2.png,0,test
0.00031017468,0.009451991,0.00067647523,0.00064648816,3ymk4wkd.png,0,test
0.00034447623,0.010175675,0.0007127285,0.0005696426,3yoesjk9.png,0,test
0.0003550383,0.009873693,0.0008291281,0.00077630306,3zmmw5ed.png,0,test
0.00033326063,0.009988928,0.00064321747,0.0005659116,403mwofh.png,0,test
0.00064289634,0.011002476,0.0015777621,0.0013852314,40bz0pab.png,0,test
0.00035028977,0.009926199,0.0007760834,0.00079943094,40wsp0aj.png,0,test
0.00048705173,0.011108611,0.00091506046,0.0008171402,412sw51a.png,0,test
0.00034832658,0.010012756,0.0007169113,0.00068199256,42gpzxw6.png,0,test
0.00030669774,0.009552245,0.00064829306,0.00061942864,42h5zxrq.png,0,test
0.0003299269,0.009807896,0.00072406384,0.0006011385,42nfcu5r.png,0,test
0.0003123928,0.009547398,0.00067156384,0.0006748245,4311bkhs.png,0,test
0.00036284552,0.009805112,0.0009739238,0.00089988275,432dv2ye.png,0,test
0.0003448673,0.009778016,0.0008216421,0.0007895003,448n7odk.png,0,test
0.0003201925,0.009425388,0.0007666349,0.0006810527,45beyxl5.png,0,test
0.0006427618,0.010968444,0.0014324313,0.0013561966,45t4u2yp.png,0,test
0.00032571156,0.009702695,0.0007042222,0.0005908277,473ozrbl.png,0,test
0.0010205675,0.013358564,0.002240941,0.0016581613,48vltv8a.png,0,test
0.0008833907,0.012829644,0.0015890389,0.0014477074,4a3k45k6.png,0,test
0.00037040448,0.010378075,0.00075469614,0.000650956,4ax2b26v.png,0,test
0.0010224611,0.013421997,0.0022191978,0.001641322,4bj18qhk.png,0,test
0.00041772905,0.010781864,0.0006434336,0.00064972934,4d15z971.png,0,test
0.00035437144,0.010249452,0.0006624858,0.0006010957,4ds1eo5j.png,0,test
0.00030416678,0.009430048,0.00067529496,0.00061382144,4dsgmcfo.png,0,test
0.00030871274,0.009379005,0.0006502015,0.0006687502,4dsxlsut.png,0,test
0.0003573767,0.009451511,0.00086702785,0.0008468892,4duolrcj.png,0,test
0.00031237327,0.0095964195,0.0007238688,0.00060456584,4e2opanz.png,0,test
0.00029865425,0.009351416,0.00065464503,0.0006722127,4fodmjmb.png,0,test
0.0005597245,0.011500039,0.0009837503,0.0008179142,4g5m280a.png,0,test
0.00033745737,0.009757072,0.0007483679,0.0007123127,4gcw5ja3.png,0,test
0.00036374817,0.010303224,0.0006251182,0.00058600935,4gru7j7m.png,0,test
0.00037434485,0.010343429,0.0006113862,0.0005244893,4hdpbza5.png,0,test
0.00037487675,0.0102827065,0.00081498857,0.0006607992,4hvfv6ej.png,0,test
0.00032724187,0.009588895,0.00071871135,0.00069318473,4ir4oj0j.png,0,test
0.00038781491,0.0100000845,0.0010469159,0.00097614375,4jep4lsv.png,0,test
0.00036366002,0.010023062,0.00081523374,0.0008182501,4jiht2rq.png,0,test
0.00031060222,0.00932006,0.00071012345,0.00068974105,4jtj27yh.png,0,test
0.00034951876,0.009757547,0.000877582,0.00082397653,4ldimsyj.png,0,test
0.00030662224,0.009614555,0.0006750681,0.00057349406,4ltx0imp.png,0,test
0.0003196935,0.009643249,0.0007291009,0.00064705353,4mvhdpbs.png,0,test
0.0005515853,0.010894155,0.0016006965,0.001402183,4n0hwcqf.png,0,test
0.00033982002,0.010070114,0.0006233505,0.0005447289,4nb8x1kg.png,0,test
0.0003249463,0.009655101,0.000745587,0.00073821977,4ng4tfuw.png,0,test
0.00039669775,0.0105537,0.00063488004,0.0005646748,4o6pjhnd.png,0,test
0.0003882488,0.010385133,0.0006316824,0.0005731638,4o8lyec9.png,0,test
0.0002931997,0.009293159,0.00059961673,0.0005787496,4oepc8tz.png,0,test
0.00037579364,0.010430422,0.0006587793,0.00060586544,4r4kj3gw.png,0,test
0.00036144472,0.010449616,0.0006800526,0.00056947797,4r8ph9t8.png,0,test
0.00037871383,0.010319893,0.00070215284,0.0005759914,4rkkv23e.png,0,test
0.0004939386,0.011227698,0.0008913651,0.0006932191,4sydu5ir.png,0,test
0.0003847081,0.010321248,0.0006594764,0.0006032427,4tpek4r2.png,0,test
0.00033630824,0.010076968,0.0006482482,0.0005711978,4tul4u8z.png,0,test
0.00035318287,0.010128118,0.00064935157,0.00060571666,4udzjj10.png,0,test
0.00034653052,0.010121128,0.0006676918,0.0005892967,4uyx8psw.png,0,test
0.0005338497,0.010988411,0.0014390965,0.0010687509,4v6305sx.png,0,test
0.00040970568,0.0105671985,0.0006654261,0.0006322868,4vmwve9u.png,0,test
0.0003997934,0.010494145,0.0006758849,0.0006211397,4w4wdg6v.png,0,test
0.00036002736,0.010041112,0.00076600455,0.0007454924,4w88zjpf.png,0,test
0.0003579926,0.009969035,0.00067287654,0.00067020947,4wlk1kku.png,0,test
0.00039579518,0.010503457,0.0006702753,0.0006204616,4ws7bgu5.png,0,test
0.00033599572,0.009576885,0.0007554251,0.0007666085,4x16immz.png,0,test
0.0003075236,0.009488534,0.0006911037,0.00064021966,4yqxjtvi.png,0,test
0.000343244,0.009867849,0.000725631,0.0007266976,4yrtu7eg.png,0,test
0.0003200323,0.009646909,0.0007454265,0.00062395824,50h7e6je.png,0,test
0.00028235067,0.009169629,0.0006750212,0.0005498726,51en98jr.png,0,test
0.00032676663,0.009617522,0.00078024867,0.0007664883,51las5wh.png,0,test
0.0004295869,0.010900465,0.00071201293,0.00071873964,52ilqig4.png,0,test
0.00032497154,0.009720969,0.0006744161,0.00067881227,52zwsedn.png,0,test
0.00034546608,0.010104273,0.00062494655,0.00058011984,53gzc3oq.png,0,test
0.00045154148,0.011061898,0.0008137261,0.00077906897,53n8n84v.png,0,test
0.0003013619,0.009369992,0.0006406058,0.00066203426,53y15cae.png,0,test
0.000357926,0.010178429,0.00075599336,0.00070006156,54j3fs3j.png,0,test
0.00034818644,0.009863343,0.0008079774,0.0007872739,54pql55w.png,0,test
0.00032239224,0.009673211,0.0006577952,0.0006835744,55izolnn.png,0,test
0.00038758625,0.010477658,0.0006278363,0.00058773305,55jnbrxl.png,0,test
0.00036211443,0.009901555,0.0009095087,0.00084308395,55ts0wpl.png,0,test
0.00030343662,0.009410696,0.0006930029,0.0005742166,56tai2mk.png,0,test
0.00036766086,0.010070245,0.0008972375,0.0008804146,5713g3ws.png,0,test
0.0003759336,0.010456144,0.0006966464,0.00065873744,59ba0t9f.png,0,test
0.00035967948,0.010187226,0.00068181823,0.0006728042,5ahk2ysk.png,0,test
0.00034547315,0.010106863,0.000686961,0.0006346328,5b090fyw.png,0,test
0.0002876205,0.009306404,0.0006853552,0.0005519022,5doh59g5.png,0,test
0.00033408555,0.009777751,0.0008126633,0.0006933951,5f86nvsf.png,0,test
0.0003301425,0.009584645,0.00072607765,0.00072928675,5fdigg9z.png,0,test
0.00033896187,0.009798387,0.0007338241,0.0007296424,5ft0sn5i.png,0,test
0.00030860672,0.009577047,0.00066849845,0.0006706485,5gro9x49.png,0,test
0.00037767604,0.010410168,0.00070316996,0.00064385793,5gzjpa04.png,0,test
0.00038202727,0.010497061,0.0006749771,0.0005882796,5h9wygrk.png,0,test
0.0008930744,0.013104293,0.0014341858,0.0013089834,5iljb768.png,0,test
0.0003811637,0.010463346,0.0006689774,0.0005951469,5imztsh2.png,0,test
0.00034079383,0.009834797,0.00063139654,0.0006437997,5iz31yru.png,0,test
0.00031460045,0.009599588,0.0006589502,0.00060181133,5jcdz93i.png,0,test
0.0004021865,0.010565082,0.000676432,0.00057922245,5jj9ibqm.png,0,test
0.00031515278,0.009519901,0.00074443483,0.0006120262,5jqa207h.png,0,test
0.0003028042,0.009408974,0.00064811914,0.00067715254,5jtv75ss.png,0,test
0.0005368275,0.0113804955,0.0011123521,0.00088123354,5kkjhuwf.png,0,test
0.0004228527,0.010840278,0.00068797555,0.00067698036,5mcu16gw.png,0,test
0.0003005141,0.009512879,0.00066423457,0.0005632138,5na8ky60.png,0,test
0.00035451204,0.010361729,0.00071415177,0.00061346253,5ntccfux.png,0,test
0.00039084567,0.010291495,0.0008127659,0.0007920694,5o54fxer.png,0,test
0.0004244106,0.010902396,0.0007045735,0.0006852828,5p8c9q36.png,0,test
0.0003312508,0.009793975,0.00067022484,0.0006897359,5q2lcuxj.png,0,test
0.00036093435,0.010341901,0.0006456081,0.0005731157,5qtuf6vi.png,0,test
0.00029054264,0.009224027,0.00061841455,0.0006261212,5sebbmjx.png,0,test
0.00042065312,0.010856518,0.0008286704,0.00079157273,5sessa12.png,0,test
0.00029071604,0.009125454,0.00062899664,0.0006606939,5so79h4h.png,0,test
0.000356985,0.010228988,0.0006394848,0.00055875524,5sznpxuc.png,0,test
0.00031358583,0.009503298,0.0007689809,0.00063274073,5t3ixo9i.png,0,test
0.00037428987,0.01013466,0.0008336225,0.0008363677,5tyv9bgm.png,0,test
0.00035023745,0.010219602,0.0006631145,0.00056908757,5u52nmxp.png,0,test
0.0003381144,0.009612263,0.000830987,0.0008130145,5ulutvt4.png,0,test
0.0003294284,0.010018785,0.0006546666,0.0005528391,5vfa1mzp.png,0,test
0.000386018,0.010571261,0.00064884534,0.0005806989,5vx2xw5y.png,0,test
0.0003289667,0.009701595,0.0007893381,0.00077865465,5y693g6c.png,0,test
0.0003091032,0.009388618,0.0006808291,0.0006600189,5ylra9pa.png,0,test
0.00031158558,0.009559286,0.00071916793,0.00061330455,6000u1r5.png,0,test
0.00032315467,0.009618218,0.00079771725,0.0006952829,60aik6b4.png,0,test
0.00034697057,0.009835501,0.00076657365,0.0007840782,60iwhdnq.png,0,test
0.00034821144,0.010150904,0.00065801287,0.00062882574,60n0gpy2.png,0,test
0.0004128327,0.010717932,0.0006639231,0.0006077495,617u599v.png,0,test
0.0004287613,0.010842567,0.00067733205,0.0006998019,61h0a68v.png,0,test
0.00028728842,0.009255949,0.0005996999,0.00057105534,62g6b4ts.png,0,test
0.0003469368,0.010089399,0.0005846267,0.0005950475,62ola4qt.png,0,test
0.0005731083,0.011238296,0.0015588262,0.0011610223,62u15os8.png,0,test
0.00031005233,0.009632656,0.00074121734,0.00059409055,62zo14hq.png,0,test
0.0002964394,0.009231683,0.00069215184,0.00060503837,632u1sxt.png,0,test
0.0003579588,0.0103076715,0.0006630973,0.0005920062,65aognsg.png,0,test
0.00039318288,0.010274174,0.00086640817,0.00083627924,65asv82c.png,0,test
0.00031780594,0.009797735,0.00060844974,0.00051618356,65v9m6jn.png,0,test
0.00031318975,0.0097053405,0.0007077031,0.00058628427,66fclicd.png,0,test
0.00055154396,0.011562945,0.0011598894,0.0009177919,695neq2c.png,0,test
0.00032180527,0.009546879,0.00070621993,0.0006746306,698ozxr0.png,0,test
0.0006291022,0.012099955,0.0014479114,0.0015524271,69a14350.png,0,test
0.00031483668,0.009679048,0.00072715414,0.00058877777,69jvtgrw.png,0,test
0.00033827702,0.009825803,0.00075011054,0.00070444966,6a8yg8dt.png,0,test
0.00059238763,0.011824221,0.0014989179,0.0011199,6cwhmrih.png,0,test
0.0003913447,0.010644641,0.0007709841,0.00061580946,6dgzbkn6.png,0,test
0.00039306193,0.010667528,0.00069261185,0.0006390589,6e7c18dq.png,0,test
0.00041410132,0.010617401,0.00067105633,0.0005739883,6fyhh5ue.png,0,test
0.00040023253,0.010486027,0.0006565763,0.0006255739,6gfqtg7h.png,0,test
0.00046456663,0.011368297,0.00081485027,0.0007327235,6gho36ap.png,0,test
0.00036869667,0.010298566,0.00074313994,0.00068213034,6hckf853.png,0,test
0.00035297681,0.009764934,0.0009369976,0.0007786005,6ixaehpf.png,0,test
0.00038316328,0.010576673,0.00070817873,0.00061525067,6jclb7j0.png,0,test
0.0003473603,0.00967735,0.0009096525,0.0008604676,6joleoht.png,0,test
0.00030625166,0.009332594,0.00072797504,0.0006629189,6jrpacq5.png,0,test
0.00036399253,0.010190529,0.0006725479,0.00057700695,6jrpjbu6.png,0,test
0.0003210981,0.009752357,0.0006490004,0.00060225656,6jzqf2rk.png,0,test
0.0005029756,0.010227167,0.0014638744,0.00096000853,6kdl5gtd.png,0,test
0.00034809747,0.00976864,0.0008167777,0.000781333,6knlc425.png,0,test
0.00032839776,0.0094987955,0.00073080516,0.00073926133,6kou9mik.png,0,test
0.0005286988,0.011510634,0.0010017698,0.00076099695,6l8dze0c.png,0,test
0.00035528134,0.010343742,0.0007200186,0.00058384426,6lb01u0z.png,0,test
0.00033878474,0.0096071735,0.0007762541,0.0007919067,6lsi2ie5.png,0,test
0.00035032336,0.010148179,0.0006951831,0.0005959651,6lxwdamb.png,0,test
0.0008710035,0.012981538,0.0017064927,0.0015745293,6njyptn6.png,0,test
0.00034121124,0.009769687,0.000762451,0.00070796063,6nyrx4nc.png,0,test
0.0003818584,0.010273637,0.00074498873,0.00074657326,6or3byxy.png,0,test
0.00030911743,0.009364792,0.00072832016,0.0006180078,6orkft68.png,0,test
0.00038149877,0.010476793,0.00071457744,0.0006527526,6pjcrtac.png,0,test
0.00031629315,0.009546503,0.0007218934,0.00066190155,6q5rnchc.png,0,test
0.00030012152,0.00940354,0.0006769454,0.000581217,6r8ykehv.png,0,test
0.00035739184,0.010204661,0.0006662944,0.0006579928,6rg68fl7.png,0,test
0.0009776289,0.013385121,0.0017463265,0.0015192928,6rh3mfp7.png,0,test
0.00036559012,0.0097536035,0.00096480764,0.0009354323,6rt8jg5j.png,0,test
0.00029805044,0.00931383,0.000691274,0.00057933637,6s5vtbq5.png,0,test
0.00029237507,0.009223572,0.0006167941,0.00063976116,6scivuqt.png,0,test
0.00035256898,0.010236733,0.0006194358,0.00057757046,6seacqaf.png,0,test
0.00031307343,0.009629899,0.0006258217,0.00061824854,6szn9dde.png,0,test
0.00030120317,0.009323058,0.0006569065,0.00066562137,6szo61lq.png,0,test
0.00028780496,0.009260715,0.0006125913,0.0005808395,6tclk04p.png,0,test
0.00029603063,0.009342151,0.00064053264,0.0005892852,6tt466oz.png,0,test
0.00041596038,0.010799291,0.00076785457,0.00075538334,6tvn6jjx.png,0,test
0.00034567981,0.010188766,0.0006296547,0.00059211435,6u513omv.png,0,test
0.0004032531,0.010416747,0.0006292101,0.00060852594,6ufcr5lv.png,0,test
0.0003483193,0.009950895,0.00078399444,0.00075914443,6v2cn778.png,0,test
0.0005216795,0.011343349,0.0009749865,0.0008719144,6w82ru24.png,0,test
0.0002905988,0.009175025,0.00061799353,0.00058687717,6xhggo6z.png,0,test
0.00035300446,0.00996667,0.0006757653,0.0006842554,6xvaj2k8.png,0,test
0.000340594,0.009657587,0.00076308596,0.0007823641,6y8qnobv.png,0,test
0.0003279186,0.009713011,0.00078266585,0.00062785164,6z5tpwy0.png,0,test
0.00032556488,0.009595624,0.0007085399,0.0007034577,6zj02k6t.png,0,test
0.00030085977,0.009474398,0.00061449065,0.00062833953,6zmk6ywg.png,0,test
0.00067756884,0.011535113,0.0017752718,0.001195128,6zpi288h.png,0,test
0.00048404062,0.010831702,0.001103912,0.0008312313,6zysnglb.png,0,test
0.00034918552,0.009340705,0.00085887243,0.0008003953,70ce3fyw.png,0,test
0.00040244733,0.01075361,0.00072308845,0.0005913799,70e0viki.png,0,test
0.00031696595,0.009755946,0.000645024,0.0006236861,70ebpy9e.png,0,test
0.00039408685,0.010614503,0.0007056559,0.0006129654,71bg32sa.png,0,test
0.00034965875,0.010186804,0.00063967274,0.0006043808,71tl4cba.png,0,test
0.00036255113,0.010267931,0.00069094216,0.00064471725,72egkqg9.png,0,test
0.00034105318,0.00986036,0.00077579095,0.0007512278,72hk1uit.png,0,test
0.00036127938,0.010357822,0.00061813695,0.00057607953,74xm4iq6.png,0,test
0.00038792726,0.010584289,0.0007569396,0.00065999577,76zqnsew.png,0,test
0.00030712463,0.009538995,0.0006496576,0.00065311335,77jzc58c.png,0,test
0.00035493533,0.010054448,0.00061090937,0.00055935764,77uler2l.png,0,test
0.0004473455,0.010831938,0.00080927915,0.00063998305,77vezeig.png,0,test
0.000870264,0.0129548665,0.0015424725,0.0013821131,77yotrtf.png,0,test
0.00040258502,0.010785466,0.0007103013,0.0007026615,785r8ist.png,0,test
0.00039213125,0.010630377,0.0007033589,0.00062086794,7889e3m9.png,0,test
0.00029707266,0.009287475,0.00062919373,0.00061679474,78at3sq0.png,0,test
0.00090062275,0.012962739,0.0015998491,0.0014719552,78g5qtey.png,0,test
0.00093845365,0.01291934,0.0017639723,0.0016105877,7ash4j9t.png,0,test
0.00037930917,0.010400424,0.00063001335,0.0005855312,7b8uxs1z.png,0,test
0.000290991,0.009276475,0.0006693528,0.00055764423,7ccvcf1j.png,0,test
0.00030568085,0.009445478,0.0006631845,0.00061543845,7de8rhx5.png,0,test
0.0003549876,0.009890154,0.0008280692,0.0008063369,7df067mn.png,0,test
0.00040713663,0.010630398,0.0006859501,0.0005749429,7dnhu0fi.png,0,test
0.00035122054,0.009761704,0.0008539702,0.0008334375,7e3ksr9f.png,0,test
0.00030453532,0.009675043,0.0006428876,0.0005111551,7fuaa7ec.png,0,test
0.00036739028,0.010389151,0.0006992524,0.0006632138,7g1uvo93.png,0,test
0.00042557457,0.010842558,0.00079418335,0.0007861181,7g3847ag.png,0,test
0.00031157484,0.009469344,0.0006752524,0.00068394205,7gcjbeo4.png,0,test
0.00033214816,0.009862803,0.0007113289,0.00070880825,7ggcxgu5.png,0,test
0.00047278672,0.010947051,0.0011384302,0.00089871854,7godvyhq.png,0,test
0.00038866993,0.010315215,0.00079014886,0.0007819611,7gs3taad.png,0,test
0.00031085982,0.009640998,0.0007140699,0.0005853073,7hrsswpg.png,0,test
0.000326419,0.009662652,0.00071512285,0.0006760005,7htkw7tj.png,0,test
0.0005748509,0.011437706,0.0015175594,0.0011323425,7hzz4gw4.png,0,test
0.00030271974,0.009313121,0.0006416104,0.00055724074,7i2ssrel.png,0,test
0.0003694767,0.009799527,0.00097368023,0.00093507214,7i7vefo7.png,0,test
0.00037440896,0.010449235,0.00069343613,0.00057467277,7iz3mh3k.png,0,test
0.00034468184,0.009517055,0.00088539463,0.0008272838,7j14lkfp.png,0,test
0.0003239345,0.009810539,0.000690317,0.0006703956,7j2xi3ta.png,0,test
0.000294887,0.009268535,0.0006878756,0.0005620293,7jaa94zr.png,0,test
0.0003316755,0.009651811,0.00070752954,0.000738323,7jol5je7.png,0,test
0.00038739646,0.010438203,0.00071881217,0.0006443665,7kf79y83.png,0,test
0.00042948703,0.010849077,0.0006751052,0.0006297751,7liopch0.png,0,test
0.001047951,0.013545673,0.0023178053,0.0017137466,7ljc7p9e.png,0,test
0.00032424976,0.009473079,0.0007301582,0.000724552,7lo6fyq8.png,0,test
0.00039907583,0.010575311,0.0006735358,0.00055689533,7m9xo1u8.png,0,test
0.0003680453,0.010281549,0.0006597563,0.0005745029,7mwuxyoh.png,0,test
0.00033664185,0.009856388,0.0008465461,0.0006744853,7n1q00lq.png,0,test
0.0002804882,0.009149183,0.0006255399,0.0005931101,7pnfircv.png,0,test
0.00030763634,0.009500813,0.00064753456,0.00064897817,7qhak7md.png,0,test
0.00035263266,0.009658979,0.00091076485,0.0008703022,7ql3rsnx.png,0,test
0.00034854756,0.010045018,0.0007854673,0.00078804983,7rina0vl.png,0,test
0.00039074046,0.010462012,0.00065575395,0.0006239424,7rn7nmk4.png,0,test
0.0003999945,0.010668866,0.0006679576,0.0006678822,7s1nu7uh.png,0,test
0.00038301543,0.010431989,0.00066017144,0.00055215636,7s5tfu4c.png,0,test
0.00032294876,0.009824493,0.0007146642,0.0005926277,7s68qpm5.png,0,test
0.0004293891,0.010857228,0.00068957,0.00061480614,7s81ijzk.png,0,test
0.00029783804,0.009263279,0.00063994224,0.0006328966,7scrv3ho.png,0,test
0.00039463214,0.010589544,0.00063777214,0.00057970034,7sn6a7yl.png,0,test
0.00037765343,0.009812078,0.0010321514,0.0009498629,7ugv7xwq.png,0,test
0.00033541178,0.010046129,0.000674215,0.00061473437,7v4j6x87.png,0,test
0.0007487956,0.011535398,0.0032287731,0.0021304216,7vpurf16.png,0,test
0.00032371626,0.00957517,0.00070286496,0.00065451575,7wllxpjq.png,0,test
0.00034249085,0.010002956,0.00065998547,0.00061228796,7wt5b3yp.png,0,test
0.00033033473,0.009679854,0.00073764496,0.0007282493,7x9oyxa6.png,0,test
0.00043471553,0.010987136,0.00067937654,0.0006194569,7ybex3y5.png,0,test
0.00048068204,0.010802373,0.0011540335,0.00086468196,7yf9ul42.png,0,test
0.00052859436,0.011198146,0.001305391,0.00097345095,7ytr0j18.png,0,test
0.00034786764,0.010172157,0.00066167855,0.00060845225,7za2j0o9.png,0,test
0.0003198599,0.009565972,0.00069790136,0.00069813477,7zj6yhum.png,0,test
0.00042769805,0.011041285,0.00070277427,0.00069253484,7zz3f8cg.png,0,test
0.0003483107,0.0096345,0.00086659717,0.00081309985,80h3cuq6.png,0,test
0.0002877229,0.0091558015,0.00068850606,0.000561616,81b0tw9w.png,0,test
0.0009857399,0.013368741,0.0021224422,0.0015721959,81dziuru.png,0,test
0.00029875166,0.0094678765,0.00066015916,0.0005472633,81kpdg9o.png,0,test
0.00034722025,0.009902222,0.0008154997,0.0007200112,82a1yijb.png,0,test
0.00029950333,0.009432721,0.00069717376,0.0005535825,82c2asvo.png,0,test
0.00028198224,0.009268683,0.00058873737,0.00054129295,82i5x65u.png,0,test
0.00032471717,0.009557346,0.0007174696,0.00070040143,82lbgsir.png,0,test
0.00029265665,0.009317253,0.00067803456,0.0006263211,82lzwge8.png,0,test
0.0003566403,0.010314211,0.0006679068,0.0006200213,82nlpcp1.png,0,test
0.00032296227,0.009582968,0.00073324196,0.00071819866,82oxlmyq.png,0,test
0.0002962594,0.009405545,0.0006386256,0.0005987248,82p4uc35.png,0,test
0.00031050836,0.009641923,0.00069927017,0.00062005874,83mjozgx.png,0,test
0.00035032642,0.010169656,0.0006931311,0.000601142,83sx9xkz.png,0,test
0.00034123485,0.009779438,0.0007932879,0.0007647894,83wh9ta2.png,0,test
0.00032318683,0.0096723065,0.0008088168,0.00065199385,84a5dze1.png,0,test
0.00040912128,0.010724593,0.0006853737,0.00061851944,85bg6ahs.png,0,test
0.00032570475,0.009757853,0.0007292566,0.00066205603,86lwnv2y.png,0,test
0.0003410357,0.009862173,0.00073589914,0.0007240858,8749xe1v.png,0,test
0.0003804081,0.0103509035,0.0006958237,0.00060152553,87kk5i0b.png,0,test
0.000300555,0.009407451,0.00069679774,0.00056650577,87vvpvi1.png,0,test
0.00028901373,0.009221395,0.0005870374,0.0005962281,87zmyp2c.png,0,test
0.0003678089,0.010373971,0.0006309239,0.0006089166,881369n0.png,0,test
0.00035365723,0.00980659,0.0008208939,0.00077179115,896wnrgx.png,0,test
0.00039253663,0.010623255,0.0006713645,0.00061253394,89vsxdx5.png,0,test
0.00035292708,0.009987692,0.0008858505,0.0006998665,8bmnhmxe.png,0,test
0.00034226725,0.010016925,0.0006161536,0.00057470944,8cwjj4f5.png,0,test
0.00035196907,0.010210788,0.0006512337,0.0005859747,8d9t3zmg.png,0,test
0.00032707286,0.009746833,0.0007842361,0.00063076784,8dlvqop5.png,0,test
0.0004137052,0.010690634,0.00064137724,0.00057464675,8e5mfj3k.png,0,test
0.0003032191,0.009422674,0.00071115856,0.00058480364,8eekdkow.png,0,test
0.0003190113,0.009829578,0.0006184352,0.0005365409,8fyfq4b9.png,0,test
0.00030251362,0.0095375,0.0006827502,0.0005726109,8g0yi0dg.png,0,test
0.00029206398,0.009309847,0.0006168239,0.00062052667,8giyrnq1.png,0,test
0.0003378617,0.009636249,0.00080686744,0.00077790325,8ieks698.png,0,test
0.0003304,0.009912926,0.00064573914,0.00054918556,8jiv84xm.png,0,test
0.0009813485,0.013251173,0.0017682124,0.00154121,8jmmvtqy.png,0,test
0.0003096728,0.009475479,0.0007518397,0.0006517667,8jsrww4s.png,0,test
0.00028917068,0.009316405,0.0006066472,0.000616258,8kklseau.png,0,test
0.000409952,0.01068836,0.0008152302,0.00077519385,8klxzm4e.png,0,test
0.00035807554,0.010309451,0.0006229999,0.00063018076,8kqbobdc.png,0,test
0.00034330063,0.009722642,0.00087893894,0.0008189597,8l0hg9nc.png,0,test
0.00029327508,0.009119224,0.0006707166,0.00065481634,8llihkpj.png,0,test
0.00033595785,0.009614145,0.0008099843,0.00071204826,8m7qyrac.png,0,test
0.00042715098,0.010766052,0.0007971026,0.0007512006,8nhutu2x.png,0,test
0.0003321395,0.009564239,0.00082315813,0.000714975,8nn3t7tr.png,0,test
0.00043388086,0.010688394,0.0007365409,0.00060651416,8o17rm9l.png,0,test
0.00031947086,0.009686676,0.00067579467,0.0006791387,8o8g8hzm.png,0,test
0.00032240403,0.009547061,0.00071745797,0.0007011902,8or4ww1j.png,0,test
0.00034985124,0.010106401,0.00070798467,0.00061426644,8p0lw389.png,0,test
0.00033302914,0.009640476,0.00068675773,0.00068587664,8pajssuu.png,0,test
0.000392562,0.01015404,0.001022294,0.0009789095,8poe6x2v.png,0,test
0.00034507437,0.010046716,0.00060850265,0.00053940096,8qawpkwi.png,0,test
0.00029228415,0.009347669,0.0006262121,0.00059848843,8qdb9bgv.png,0,test
0.0008008621,0.0125834225,0.0016547041,0.0015134569,8qfuc6vl.png,0,test
0.00036528253,0.01027825,0.0006658923,0.0005957398,8qwdn5s1.png,0,test
0.00032621308,0.009918701,0.0006429905,0.0005465917,8rfpxx1o.png,0,test
0.0003723913,0.01039048,0.0006996359,0.000570175,8rjid2b2.png,0,test
0.00037710418,0.010536807,0.00073578797,0.0006327586,8rnct14v.png,0,test
0.0003747436,0.010375137,0.0006940108,0.0007060297,8seb9u51.png,0,test
0.00029671306,0.009495443,0.0006595925,0.0005412445,8sh6t15q.png,0,test
0.00030574715,0.0095378375,0.00067675667,0.0006036527,8snlc1tl.png,0,test
0.00032141508,0.009676818,0.00066249823,0.000686455,8so4vrot.png,0,test
0.00034685567,0.009820406,0.00082571135,0.00080259587,8sqylkzc.png,0,test
0.00033297305,0.009723078,0.00073895376,0.0007443561,8t8zknsy.png,0,test
0.00029793484,0.009509604,0.00061461696,0.000627379,8t922d0n.png,0,test
0.00030925564,0.00942548,0.00072745315,0.0005844021,8tcb5m2g.png,0,test
0.000341494,0.009751584,0.00078697293,0.00079572387,8tr0s5nm.png,0,test
0.00035400083,0.010094455,0.00062918494,0.000552941,8umt28wn.png,0,test
0.00033721005,0.010090544,0.00066898763,0.00057815784,8vir5dwu.png,0,test
0.00050399866,0.010401618,0.0014709713,0.001086068,8w4cne1d.png,0,test
0.00031439695,0.0094059855,0.0006690852,0.00066202664,8wfyegfy.png,0,test
0.00030692894,0.009411081,0.00075316505,0.0005992911,8wvp4ugk.png,0,test
0.0003823806,0.010465054,0.00070478243,0.0005767704,8x3gzg40.png,0,test
0.00055648416,0.011734671,0.0010951592,0.0008644889,8ywvkbim.png,0,test
0.000425716,0.010647243,0.0007197274,0.00061899377,909iu1jq.png,0,test
0.000296406,0.009325964,0.0006777229,0.00056639063,91tfrsa8.png,0,test
0.0003773312,0.010512236,0.00066021434,0.00063675764,949p9q00.png,0,test
0.00034739688,0.010177132,0.0007015519,0.00059755944,94qaw4zd.png,0,test
0.00038388782,0.010363829,0.0006144271,0.0005496525,9666an3j.png,0,test
0.00033320932,0.0098478515,0.00068488286,0.0006911384,96eecrtv.png,0,test
0.0003912434,0.01056329,0.0006616853,0.00056315877,96wmjdpj.png,0,test
0.00032604765,0.009560256,0.0007292896,0.00071935065,97lw6s8q.png,0,test
0.00036055112,0.0099278595,0.00089795014,0.00088505953,97uie2tx.png,0,test
0.0003155682,0.00955602,0.0007444375,0.0006143348,98395ix6.png,0,test
0.00037570525,0.010306296,0.0007181016,0.000716133,98510wbb.png,0,test
0.00027565786,0.009181957,0.00061414886,0.00052831887,986k33uf.png,0,test
0.00031652144,0.0094305985,0.00078122993,0.0007396721,98e3r037.png,0,test
0.0003027696,0.009412692,0.00065578526,0.0005598381,98poc4vg.png,0,test
0.00027923804,0.009069453,0.00061806914,0.00057831174,98w07fil.png,0,test
0.0003135286,0.009499924,0.0007200946,0.00065086933,991e5l81.png,0,test
0.00042331847,0.01091754,0.00070959516,0.0006433098,99ifdz3p.png,0,test
0.00046693097,0.011267711,0.0008064439,0.00074499997,99wc1q9a.png,0,test
0.00032906875,0.009783122,0.00073740166,0.0007380342,9aawe429.png,0,test
0.0003473875,0.010215221,0.0006725978,0.0006011481,9ae0w9lf.png,0,test
0.001033957,0.013505372,0.0021895564,0.0016212515,9bktpyhj.png,0,test
0.0003299693,0.009742423,0.00072787574,0.00073797756,9bp4m18o.png,0,test
0.00029780949,0.00950026,0.0006811477,0.00057891593,9btd5pu1.png,0,test
0.00035475695,0.010195915,0.00069350423,0.0005562493,9bv2hh4h.png,0,test
0.00032916223,0.00960084,0.00073876744,0.00074840366,9clujy44.png,0,test
0.0010853179,0.013642177,0.0023017311,0.001704197,9dcg5625.png,0,test
0.00037061673,0.01039071,0.00064629805,0.0006232507,9ensmb76.png,0,test
0.0003447441,0.009740275,0.0008607342,0.00083534134,9finkfen.png,0,test
0.0003201664,0.009647068,0.00067239854,0.00066017883,9ftaxp0w.png,0,test
0.00034294333,0.009846544,0.0007586394,0.0007322367,9fyxvl5o.png,0,test
0.0004030153,0.010667501,0.0007720892,0.00079652393,9gfjwnwt.png,0,test
0.0009053449,0.013183208,0.0015896455,0.0014460257,9h4kx70p.png,0,test
0.00032603348,0.009743262,0.0007036584,0.0006160903,9hyxkegr.png,0,test
0.00039759526,0.00953286,0.00080291467,0.0008409604,9jo3v2np.png,0,test
0.0009099268,0.013122719,0.0015705134,0.0015180572,9k8wof1x.png,0,test
0.0003062388,0.009438202,0.0006576308,0.0005975476,9kytekn2.png,0,test
0.0004228675,0.010743229,0.0007388521,0.0005706437,9lo4jt54.png,0,test
0.0005313047,0.010896695,0.0013989838,0.0010502568,9lvorjr9.png,0,test
0.00035845264,0.010169859,0.00071019353,0.0006392002,9lw5fdu6.png,0,test
0.0003222843,0.009812488,0.00071130623,0.00062279345,9m8xosqc.png,0,test
0.00035216202,0.010153597,0.000720223,0.0006507989,9nyye3ub.png,0,test
0.00046222535,0.010731089,0.00086490205,0.0008316032,9o885g3k.png,0,test
0.00038940588,0.010230656,0.0009880026,0.00092557323,9onb3jow.png,0,test
0.00035490253,0.010258915,0.0006500765,0.00058994547,9p3nr7dp.png,0,test
0.001033464,0.013654719,0.0021658756,0.0016040943,9p4m3jg4.png,0,test
0.00034653203,0.009764856,0.00074106274,0.0007661407,9pocfg3h.png,0,test
0.00029159087,0.009259394,0.0006353951,0.00063574046,9q44dvvp.png,0,test
0.00032497026,0.009501806,0.00073948177,0.0007477627,9qz3q045.png,0,test
0.00033153902,0.009730635,0.00069089653,0.0006776754,9r8tuo05.png,0,test
0.00038167794,0.010396159,0.00062993576,0.0005579333,9rk7zd9m.png,0,test
0.00035946417,0.0099490285,0.0008808505,0.0008582352,9s1t78vo.png,0,test
0.00035806172,0.009823126,0.0007909313,0.00078583224,9s8zav1k.png,0,test
0.0004118816,0.010760184,0.00066234934,0.00058985205,9tvpuc4a.png,0,test
0.00029575947,0.009423047,0.0006940068,0.0005569767,9uskb688.png,0,test
0.00037590408,0.010481202,0.00064342143,0.0005977831,9utvmtuc.png,0,test
0.00030919604,0.009459278,0.0006535323,0.00065101986,9v07oqkb.png,0,test
0.0003791631,0.010016786,0.00094520644,0.0009278227,9v4epnxa.png,0,test
0.00034198942,0.010106319,0.00066561747,0.00058536936,9v6zsmwo.png,0,test
0.00028743866,0.009273692,0.0005978236,0.00060188497,9vqiet4a.png,0,test
0.00029995307,0.009401454,0.0006445781,0.00057342503,9x20bw2m.png,0,test
0.00030468302,0.009501009,0.0006396522,0.000603417,9xdyq8d7.png,0,test
0.00037173225,0.010384341,0.0006740641,0.00058026414,9z1h68im.png,0,test
0.00036557735,0.010248631,0.0006633135,0.00062338973,9z2fvexy.png,0,test
0.0003791818,0.010388732,0.00071515393,0.00065075967,9zu17d8h.png,0,test
0.00038219316,0.010497482,0.0006386657,0.0006163626,a0f89jch.png,0,test
0.000425873,0.010548254,0.00083610247,0.0008036546,a0gurgug.png,0,test
0.00030415168,0.009308017,0.00065374776,0.00068184506,a0mvf4s2.png,0,test
0.00034524885,0.009892364,0.0008588448,0.0006869579,a1a81v93.png,0,test
0.00032703843,0.009549027,0.0007604549,0.0007667491,a1iopra5.png,0,test
0.00034575365,0.010160883,0.0006719786,0.00061084,a1j1ouoo.png,0,test
0.00030849676,0.009451877,0.0006920021,0.0005960175,a2hhkfj2.png,0,test
0.0009579893,0.013090055,0.0017757788,0.0014541274,a2hzteiw.png,0,test
0.00032610082,0.009843134,0.0007170947,0.0006319121,a2pqxd4q.png,0,test
0.00038424856,0.01056118,0.00070107856,0.00067534746,a2tbyy27.png,0,test
0.0003215627,0.009519392,0.00073886395,0.0007099931,a38fk6xc.png,0,test
0.00031602153,0.009523771,0.0006976397,0.00063847983,a3mlwu1l.png,0,test
0.0005993655,0.011564033,0.0017374905,0.00129138,a4psr282.png,0,test
0.0003292826,0.009583598,0.0006850043,0.0007031567,a4rgfnir.png,0,test
0.00032504767,0.0097100455,0.0006884228,0.0006894689,a566kqqh.png,0,test
0.00046851087,0.011390525,0.0007495955,0.00069556665,a59obnnq.png,0,test
0.00031698844,0.00938536,0.00067596877,0.0006898929,a5uy7nvl.png,0,test
0.00043646892,0.010731577,0.00079234916,0.0006037333,a6bmla4q.png,0,test
0.00042771717,0.010856838,0.00066919223,0.0005916201,a6t9p1jh.png,0,test
0.0003129298,0.00955421,0.00072206935,0.0006027322,a7dd72re.png,0,test
0.00039504017,0.010538548,0.0006657717,0.000619972,a7j6oy77.png,0,test
0.00038373718,0.009579606,0.0007835352,0.0007828355,a7kejfsj.png,0,test
0.00041991178,0.010731134,0.0006387932,0.0005777442,a7r582k8.png,0,test
0.0003572048,0.009934381,0.0007941245,0.0007730047,a7ryzy26.png,0,test
0.00034882693,0.010075934,0.0007064385,0.00054947933,a8nbg1x2.png,0,test
0.00036710774,0.010370874,0.0006815238,0.00059797405,a92wlffk.png,0,test
0.00031592415,0.009668134,0.00068105606,0.0006091889,a94d8xer.png,0,test
0.0003090604,0.009540407,0.0007221845,0.0005951419,aa2u4px1.png,0,test
0.0003867231,0.010322473,0.00090085727,0.0009208813,aaajo1f8.png,0,test
0.00031870356,0.009557979,0.000686771,0.00063219556,aad0xh2m.png,0,test
0.0003927443,0.010011541,0.0011227751,0.0010167953,aaddjiti.png,0,test
0.00036237118,0.010375057,0.00065741874,0.0006246696,aalxvgpc.png,0,test
0.00031232345,0.009523746,0.0006702283,0.0006400272,aawbsrxo.png,0,test
0.00035148195,0.0102038635,0.0006032373,0.00056393637,abuo970u.png,0,test
0.0009502221,0.013382601,0.0016699579,0.0015379946,abyqkwb0.png,0,test
0.000535348,0.011013178,0.0015119923,0.0011257633,adigsntw.png,0,test
0.00030181246,0.009538551,0.0007080795,0.0005887736,adkel21a.png,0,test
0.00044070667,0.0107698245,0.00079258054,0.00063980423,aep3a8n5.png,0,test
0.00033865223,0.009721701,0.00074921397,0.00077492674,afb7cqfa.png,0,test
0.00030244552,0.009487126,0.00068731135,0.0005940131,ag6xo6pb.png,0,test
0.00031600829,0.009610691,0.0006752064,0.0006566029,agbp9gxv.png,0,test
0.00036078,0.010250393,0.000634122,0.00062696735,agnljcb1.png,0,test
0.00037173292,0.010410037,0.0006700386,0.00059229106,ahktfc2r.png,0,test
0.00031290908,0.00953903,0.0006826024,0.0006225374,ai0ixpwm.png,0,test
0.0003426019,0.009845781,0.0007324532,0.00071737013,aj4mh7lk.png,0,test
0.00093009585,0.014221304,0.0018302919,0.0015706936,akcqadc1.png,0,test
0.0009666762,0.013268115,0.0017249513,0.0014794363,akitkg0f.png,0,test
0.00029994527,0.009557039,0.0006577246,0.00056137017,albna023.png,0,test
0.00035857197,0.01006599,0.0007421646,0.00062199257,alnu6bx0.png,0,test
0.00039984356,0.010657197,0.000754319,0.000773615,am0xkfsi.png,0,test
0.0003010144,0.00942896,0.0006894269,0.0005724355,am7p9foq.png,0,test
0.00033458252,0.009238769,0.0007664001,0.0007897649,amchpyuf.png,0,test
0.0003267957,0.0098468615,0.0007381479,0.0006458022,amkcejhc.png,0,test
0.00033598093,0.009721937,0.0008219731,0.00075082376,aml227ci.png,0,test
0.00035533003,0.010340189,0.0006628546,0.00059448014,anw2d0gz.png,0,test
0.00049685326,0.011138349,0.000780492,0.0007606127,aoiwaydr.png,0,test
0.0003370406,0.009815733,0.00071315916,0.000709326,ap3k5b8s.png,0,test
0.00033594473,0.009759983,0.00074021163,0.000691967,ap7p92le.png,0,test
0.0003196752,0.009522059,0.0006864333,0.0006533651,apo1elqe.png,0,test
0.0003375621,0.009729961,0.0007985148,0.00079125207,ar2zsin4.png,0,test
0.00036226172,0.010025312,0.0009396029,0.00088184734,arseuh23.png,0,test
0.0003885415,0.010500282,0.0006110026,0.0005849603,as8agrna.png,0,test
0.00092246645,0.013212371,0.0017198287,0.0015301021,asz6e3tf.png,0,test
0.00039541203,0.010607722,0.0007012025,0.00057841843,at2eyf8a.png,0,test
0.0003453856,0.009744609,0.0007883227,0.000798623,atgvetn0.png,0,test
0.0003402975,0.01009493,0.00064912287,0.0005503359,atp9px7l.png,0,test
0.00030614386,0.009566292,0.0006919851,0.0005855598,atpz00h4.png,0,test
0.0003580698,0.009931068,0.0008587268,0.0008396704,aus6lymm.png,0,test
0.00033448075,0.009621712,0.0007499047,0.00078238314,avbhsuyp.png,0,test
0.00039757285,0.010521194,0.00070890685,0.0006893878,avirzxw2.png,0,test
0.0004646403,0.010947212,0.0008785705,0.0007969813,avzcta94.png,0,test
0.0003542698,0.009933104,0.00083531445,0.0008246424,awpg8gkx.png,0,test
0.00037256817,0.010417181,0.0006344813,0.0005985384,awu918vc.png,0,test
0.00034700934,0.0101108905,0.00060121424,0.00055162306,ax7gs7i0.png,0,test
0.00031073834,0.00962092,0.00067941943,0.00060990936,axpcd6i2.png,0,test
0.00031726493,0.009470295,0.00070193433,0.0007051815,ayi49cab.png,0,test
0.00035728767,0.010134684,0.0006401645,0.0005548627,aynhw8vv.png,0,test
0.00033938355,0.010093287,0.00063557056,0.00058112695,az0wy5eq.png,0,test
0.00036986356,0.010193107,0.00062821043,0.0006358327,az39pecn.png,0,test
0.0003349076,0.009861893,0.00068233715,0.00060697144,azpij3f7.png,0,test
0.00031971716,0.009766914,0.00074003416,0.0006099956,b01d5wdn.png,0,test
0.0003329868,0.009689635,0.0007696878,0.00069244846,b02uclz2.png,0,test
0.00038003636,0.010066414,0.0008051691,0.0007919587,b0gq3a7c.png,0,test
0.00033251487,0.009780917,0.00076602056,0.0006809771,b0i6bz5f.png,0,test
0.00052493525,0.010487213,0.0015460158,0.0010021274,b0pl861c.png,0,test
0.0009369332,0.013017317,0.0019101514,0.0014165306,b12qzu8d.png,0,test
0.0003747077,0.010529795,0.00065293105,0.00063308375,b1qtgnhu.png,0,test
0.00043995603,0.0109235365,0.0006726783,0.0006550518,b1vm3de8.png,0,test
0.00039736382,0.010592952,0.000700123,0.00063207286,b1ztpsfd.png,0,test
0.00040829807,0.01046889,0.0008430706,0.00082620134,b2xhy2a9.png,0,test
0.00035890646,0.01031048,0.00066850934,0.0005835536,b352jkut.png,0,test
0.00035906897,0.009992999,0.00082863984,0.00081230944,b41hfu9p.png,0,test
0.0003275149,0.0096435305,0.00070700556,0.000714105,b4r8ocfs.png,0,test
0.00035299623,0.0099932905,0.0007542286,0.00067451096,b4w2y5pe.png,0,test
0.00039536934,0.0095295645,0.00078419823,0.00084620673,b4yuexyv.png,0,test
0.00033677343,0.009888588,0.00074043806,0.00073758943,b5389m8j.png,0,test
0.0004074916,0.010596955,0.0006392096,0.00059453136,b6v27aid.png,0,test
0.0003163344,0.009623924,0.0007348669,0.00058555795,b7jdr4b4.png,0,test
0.00037100204,0.010390558,0.0006618672,0.00060883275,b7sncpi6.png,0,test
0.000326779,0.009883305,0.000666197,0.0005628551,b7zyneqw.png,0,test
0.00029088548,0.009224483,0.0006193366,0.00058910926,b890zm8j.png,0,test
0.00041588984,0.011101279,0.00072568894,0.00065242377,b8c1my7f.png,0,test
0.00037777273,0.010422021,0.00073934434,0.00059335405,b8poxiot.png,0,test
0.00034612333,0.010111433,0.0005996409,0.0005456407,b9b935kz.png,0,test
0.00095628307,0.013405501,0.001849733,0.0013724479,b9fwnhip.png,0,test
0.00031391927,0.009418387,0.00071001326,0.0006396515,ba1dyqg1.png,0,test
0.00035897072,0.009961696,0.0007930736,0.00081255677,ba56pknr.png,0,test
0.00032280307,0.009629343,0.0007267133,0.000699544,bbckmr8p.png,0,test
0.00033989144,0.009838421,0.0007491366,0.000713749,bbsu04w4.png,0,test
0.0003795261,0.010435044,0.0006300345,0.0005429172,bd41rxwg.png,0,test
0.00032256695,0.009715307,0.0007443728,0.0006248236,bd880mdw.png,0,test
0.00032330566,0.009615154,0.000796322,0.0006428084,bdgg7pvr.png,0,test
0.00034511375,0.01006074,0.00069943664,0.00057096273,bduf72oo.png,0,test
0.00031825594,0.009661176,0.00068712264,0.0006270766,be8pen4c.png,0,test
0.0003047018,0.009361692,0.000721683,0.0006920704,berxe6l0.png,0,test
0.00047482605,0.011354165,0.000818209,0.00075556815,bf2er1sj.png,0,test
0.00031843982,0.00947168,0.0007401726,0.0006776011,bfnltbgl.png,0,test
0.00033321397,0.010023548,0.00065196364,0.0005790931,bftid580.png,0,test
0.00030766477,0.009689905,0.0006088392,0.00062286586,bgl2mcxn.png,0,test
0.00028081491,0.009005985,0.00062229123,0.0006044831,bgmy4iqz.png,0,test
0.00031170962,0.009592987,0.00072048977,0.0006930398,bhaiiwi0.png,0,test
0.00035278455,0.0098848445,0.00083893014,0.00082447135,biv407dt.png,0,test
0.0003367701,0.010088597,0.0006411975,0.0005803331,bj4ntksz.png,0,test
0.00035452168,0.010244271,0.00066833885,0.00061512477,bjrimwny.png,0,test
0.0009782425,0.013282383,0.0019956848,0.0014792552,blfa51kk.png,0,test
0.00031700343,0.009875651,0.0006724299,0.00055678526,blokrg63.png,0,test
0.0003041585,0.009402963,0.0006838846,0.0006687525,bmqq749q.png,0,test
0.0003096813,0.009470631,0.0006596976,0.0006698414,bnkoj1vt.png,0,test
0.00031638896,0.009581336,0.00068893825,0.0007007705,bpg2r0to.png,0,test
0.00032562905,0.009610054,0.00069222786,0.00069133175,bpk093i1.png,0,test
0.00033204947,0.00981279,0.00077608577,0.0006361387,bpuqygjg.png,0,test
0.00028402256,0.009171976,0.0006265956,0.00061172317,bqam97xo.png,0,test
0.00031026866,0.009566788,0.0006890217,0.0006303194,bqg5a8mb.png,0,test
0.00037100134,0.009373339,0.00077626016,0.00084093417,bqt8hh10.png,0,test
0.0009722173,0.013343972,0.0019005232,0.0014091973,br99p9yk.png,0,test
0.00055671396,0.011465697,0.001367232,0.0010188541,brfy17xo.png,0,test
0.00032043448,0.009486756,0.0007079388,0.00068381085,brnid5r6.png,0,test
0.00031887103,0.009598382,0.0007160889,0.0007150911,brspj4ki.png,0,test
0.00036527062,0.009960942,0.00085785217,0.0008497239,brw32420.png,0,test
0.00034661527,0.010040004,0.00065553613,0.0005719155,bscf2qvj.png,0,test
0.00038338368,0.010445561,0.0006713184,0.00063755206,bsq1iu7r.png,0,test
0.00039229955,0.010543921,0.0006622325,0.00066925643,bst4q0me.png,0,test
0.00029898356,0.009425844,0.00070928317,0.00060154276,btbop51v.png,0,test
0.000632085,0.010884403,0.0015551597,0.001343905,bte6zrx3.png,0,test
0.00039201608,0.010572756,0.0006710981,0.0005823535,btu7rilu.png,0,test
0.0006768362,0.011151259,0.0026611746,0.0017934886,buwqbaxr.png,0,test
0.00029095355,0.009107547,0.0006380479,0.0006374808,bv2j3t4h.png,0,test
0.00032543132,0.009818603,0.0006797073,0.0006267012,bv46mu62.png,0,test
0.00033968294,0.009318502,0.000789251,0.0007543573,bv6vpllg.png,0,test
0.0004199818,0.010914486,0.0007037629,0.0006270749,bv8m07nk.png,0,test
0.0003544593,0.009819414,0.0008849695,0.0008533329,bwq6fodn.png,0,test
0.00032916985,0.009644379,0.00072446204,0.00073872914,bx52ni0d.png,0,test
0.00042528118,0.010970501,0.00078831596,0.0007723666,bxc1bxyt.png,0,test
0.00030466018,0.009324938,0.00069969305,0.00063559844,by402329.png,0,test
0.00034027107,0.010035102,0.00063247024,0.0005874118,by4r0023.png,0,test
0.00034079014,0.0100864265,0.00068314315,0.0005798774,bz3gjcls.png,0,test
0.00034347648,0.0098414635,0.0007987687,0.0007482934,bzqstd1c.png,0,test
0.00034517667,0.01006977,0.0006449488,0.0005759558,c0kxinhk.png,0,test
0.00040476973,0.0106804995,0.0006958136,0.0005996538,c1lxgbnz.png,0,test
0.0003699429,0.010374757,0.0006070397,0.0005928228,c1spe7ei.png,0,test
0.00034676987,0.009843224,0.0007598662,0.00080022565,c25juv05.png,0,test
0.00032864875,0.009552023,0.0007546396,0.0007400802,c4djyr0r.png,0,test
0.0003036407,0.009395749,0.00065007806,0.00067279907,c4fh065a.png,0,test
0.0003242931,0.009650784,0.00072159723,0.0007333626,c50b8y5d.png,0,test
0.00035308913,0.0100615015,0.00067943014,0.0005953621,c6es3ugp.png,0,test
0.0010148537,0.013307406,0.002159062,0.0015974935,c6sm52oi.png,0,test
0.0004039552,0.010598354,0.00075327745,0.00064718537,c8julf09.png,0,test
0.00042724848,0.010651678,0.00070759695,0.00060638646,c9ybx6gy.png,0,test
0.0003633711,0.010275557,0.00067915843,0.0005999216,caec69nb.png,0,test
0.00042322566,0.01069836,0.0007130346,0.00062304677,cahc4xo6.png,0,test
0.00091502897,0.012890835,0.0017253268,0.0015521477,cakosmfk.png,0,test
0.00041245404,0.0105857365,0.00067341636,0.00059114955,cb2x18ns.png,0,test
0.00031420018,0.009599223,0.0006912272,0.00059414585,cb5v8t40.png,0,test
0.00028535354,0.009204129,0.00063437317,0.00056048913,cbzcxqud.png,0,test
0.00031927347,0.0096169505,0.0006754113,0.00065753295,cc9pyefv.png,0,test
0.00036657444,0.010369235,0.00069230207,0.0006589302,cd0prss6.png,0,test
0.0002806688,0.009123041,0.0005989441,0.0005290282,cd23v4xn.png,0,test
0.0004064352,0.010585679,0.000758936,0.0006411889,cdoiibfb.png,0,test
0.00036325637,0.009491394,0.0007111769,0.0007499803,cdyoc44k.png,0,test
0.0003776009,0.010036777,0.0009673683,0.00087936746,cebwpyzx.png,0,test
0.0003370576,0.009611149,0.00079078146,0.0007767199,cemcilrs.png,0,test
0.00038009943,0.010537014,0.0007010524,0.00061007956,cf2r8xii.png,0,test
0.0003979087,0.010544513,0.0006711346,0.00057391933,cf5yye5l.png,0,test
0.00031763886,0.0094576515,0.0007448733,0.0007311235,cgdc5tao.png,0,test
0.00033166085,0.009880119,0.00070006365,0.0007022764,cgnk3y8i.png,0,test
0.0003556579,0.010267463,0.00074829895,0.0006190621,cgstps1h.png,0,test
0.00042837413,0.010885313,0.0007692496,0.0007758846,ci2w1w60.png,0,test
0.0010674932,0.01365672,0.0022715922,0.0016838672,cizhd8kl.png,0,test
0.00043722542,0.010839265,0.0007406148,0.00061918836,cjtac15d.png,0,test
0.00059430185,0.0120130945,0.0013221324,0.0010392885,cjzccu28.png,0,test
0.00032884162,0.009659296,0.0007456469,0.0006772318,cku3cqbh.png,0,test
0.00035733994,0.00990079,0.0008171303,0.000836435,cmnbmkjt.png,0,test
0.00035976878,0.010248141,0.0007048651,0.00058597355,cn44wcgp.png,0,test
0.00031228512,0.009571791,0.0006414148,0.0005825277,cnebcxii.png,0,test
0.00039414314,0.010615288,0.0007168572,0.0006602539,cnsjmgk8.png,0,test
0.0003137857,0.009389005,0.0006641619,0.0006759259,co1rywym.png,0,test
0.00031486,0.009464955,0.0007162601,0.000629763,co9yua8n.png,0,test
0.0003664293,0.0102451425,0.0007534755,0.00067847624,cob1ejif.png,0,test
0.00029860414,0.0093462,0.0006172932,0.00061579986,coo004oo.png,0,test
0.00033951405,0.0099043455,0.0007256284,0.0007403833,cpgnm6hx.png,0,test
0.00033485473,0.009889765,0.00072348234,0.0006341335,cpkfk905.png,0,test
0.00031842926,0.009536434,0.00075948366,0.00072472374,cqxcs1xs.png,0,test
0.0003119118,0.009424128,0.00065280823,0.00063560886,cqxm3voh.png,0,test
0.0003087662,0.009385416,0.000671369,0.0006777709,crhm22sn.png,0,test
0.0004256247,0.010882635,0.0007949019,0.00070970337,cri0vd94.png,0,test
0.00035529034,0.010010876,0.00083026884,0.00073338766,csl3kwvr.png,0,test
0.0003933121,0.010425434,0.0007752627,0.0007838591,cssyzleg.png,0,test
0.00040335517,0.0106383115,0.0006970028,0.000590481,cuc6jzmn.png,0,test
0.00031164032,0.009433926,0.0007409521,0.0007183406,cv1ltwbj.png,0,test
0.0003292115,0.009900604,0.00070253306,0.0006037718,cvb99q7q.png,0,test
0.00035530972,0.010270666,0.00070219056,0.0006177209,cvjf3qtc.png,0,test
0.00031432594,0.009405441,0.00071853684,0.00073001254,cvkngu9t.png,0,test
0.00041472825,0.010810883,0.000691157,0.0006000187,cw85nc3h.png,0,test
0.00030233373,0.009470916,0.0006893105,0.00059366756,cw9ibgje.png,0,test
0.00028666962,0.009147443,0.0006167161,0.0006328309,cwi2skhk.png,0,test
0.00042631812,0.010959489,0.0008156365,0.0007764391,cx9xg69d.png,0,test
0.00029931398,0.009469559,0.00065919466,0.00055434863,cxallssf.png,0,test
0.0003160549,0.009673704,0.0007783268,0.00059957907,cymne2ju.png,0,test
0.00030312678,0.009454389,0.0006955315,0.00059408095,cyy8r3ni.png,0,test
0.0003832935,0.010418486,0.0006596385,0.0005742576,czh2jfe3.png,0,test
0.00032940635,0.009920827,0.0007291204,0.00061173504,d0obsgmm.png,0,test
0.00066789135,0.011477724,0.0016002373,0.0015304296,d0wwcqcl.png,0,test
0.00029483804,0.009308189,0.00070178654,0.00055939786,d1a5qodw.png,0,test
0.00038725356,0.01052127,0.00064662925,0.00061555696,d1fjpp5i.png,0,test
0.000542224,0.011200227,0.0013846748,0.001033635,d1hfq4gs.png,0,test
0.00036432839,0.009243643,0.0007502065,0.00078467006,d1l04vu2.png,0,test
0.0010537296,0.013552577,0.0021607443,0.0015981288,d1udxpjt.png,0,test
0.0003515316,0.010291033,0.000656893,0.00062963524,d22hwfzp.png,0,test
0.00090246514,0.013010911,0.001584727,0.0014012851,d22scuj2.png,0,test
0.00037672845,0.010345243,0.00070317154,0.0006330383,d2b6e4dw.png,0,test
0.000992058,0.0133634545,0.0018995287,0.0017049471,d2ol48f1.png,0,test
0.0003249202,0.009581767,0.00072441896,0.0006743826,d2pb01s3.png,0,test
0.0003122164,0.009395422,0.0007383861,0.00062946195,d2x9a7jo.png,0,test
0.0003766928,0.010349425,0.0005858247,0.0005179967,d2xd3ttv.png,0,test
0.00030194377,0.009370833,0.00065595936,0.0006646176,d3bmyu8t.png,0,test
0.0006128935,0.011510724,0.0019156898,0.0014287537,d3ttet59.png,0,test
0.00035740237,0.010012903,0.00071856164,0.0007070568,d3u98y9h.png,0,test
0.0005601025,0.011318114,0.0014995121,0.001115358,d4h7lpwk.png,0,test
0.000673603,0.0124677345,0.0015773083,0.0016510163,d4ysd6sh.png,0,test
0.00035684937,0.009946965,0.00080968917,0.00077748793,d4zyefg5.png,0,test
0.00064380025,0.011089326,0.0014727368,0.001418137,d5d3sd4x.png,0,test
0.0003908926,0.010677467,0.0006964526,0.00065662974,d5dwdt62.png,0,test
0.00035794356,0.010116337,0.0006717605,0.0005418256,d5jl4nmh.png,0,test
0.0005604952,0.011559744,0.0013271774,0.001029509,d67gf9nh.png,0,test
0.00034193505,0.00979411,0.00085416384,0.0008134851,d75tageb.png,0,test
0.0003485577,0.010182094,0.00063757267,0.0005528302,d7fw33g8.png,0,test
0.0002891423,0.009305538,0.00058143435,0.0005870665,d7hfvsv3.png,0,test
0.0005642422,0.011209914,0.0015676853,0.001169009,d7spljcp.png,0,test
0.00035721884,0.01012661,0.0006575453,0.00058211794,d7urudo4.png,0,test
0.00031396069,0.00972008,0.00071356335,0.0006073938,d8jvx7wk.png,0,test
0.000312265,0.0096391495,0.0007157401,0.0006468783,d8vu7jcs.png,0,test
0.00037208607,0.010288662,0.0006496074,0.0005557313,d9ezj4hi.png,0,test
0.00031780632,0.009673478,0.00073423237,0.00062253524,d9lxrgus.png,0,test
0.00041697535,0.010786561,0.000659708,0.00061529706,dafymdpv.png,0,test
0.000300805,0.009334473,0.0006859189,0.00058304967,db8zgywq.png,0,test
0.00039529253,0.010342526,0.0009523787,0.00087245746,ddcss3qc.png,0,test
0.00033401776,0.00967806,0.0007518399,0.0007565131,ddkswz7u.png,0,test
0.00036512438,0.0102039,0.000728454,0.00063991,ddosgasl.png,0,test
0.0002976902,0.00949104,0.0006946747,0.00055110734,demm0uez.png,0,test
0.0002822555,0.009072181,0.0006359577,0.0006040777,dezh0cd8.png,0,test
0.00030227742,0.009522732,0.0007152089,0.0005994402,dfbhpsoj.png,0,test
0.0004813191,0.010194549,0.00092551764,0.0008712672,dg3dm525.png,0,test
0.0003461177,0.010150017,0.00064494146,0.0006260528,dgntl7dh.png,0,test
0.00039004712,0.010557883,0.00065194495,0.00058544986,dgp5o1g1.png,0,test
0.00035598627,0.010271733,0.0006371125,0.00061822205,dh3qccsz.png,0,test
0.00032682577,0.009688756,0.00077048485,0.0006361,dhrwx4j2.png,0,test
0.00036676077,0.01017143,0.00077673554,0.0007088897,di90wmvb.png,0,test
0.0003606739,0.010313798,0.0006425128,0.000610869,dla8dmig.png,0,test
0.0003345991,0.009613183,0.00081038,0.0007780776,dlught7e.png,0,test
0.000307726,0.009463577,0.0007206122,0.0006213811,dm2h3tx4.png,0,test
0.00088994886,0.012987633,0.0016212816,0.0014487477,dmlrsiwo.png,0,test
0.0005274705,0.011062977,0.0013567754,0.0010200489,dndb94lj.png,0,test
0.00037576456,0.010386366,0.0006740347,0.000573068,dof07r0c.png,0,test
0.0002917794,0.009340391,0.0006584424,0.000569073,domtxqup.png,0,test
0.00036364436,0.010413528,0.00071179133,0.00065886864,dopmqqje.png,0,test
0.00030910148,0.009702289,0.00069674937,0.0005705917,dpovj2u8.png,0,test
0.00031183704,0.009472227,0.0007555924,0.00061914185,dq3v011n.png,0,test
0.00031524335,0.00952998,0.00077425456,0.0006444702,drfrmq8r.png,0,test
0.00038879228,0.0104539115,0.00061766576,0.0005715132,drr2whbj.png,0,test
0.0009984348,0.013357943,0.001939747,0.001493844,ds8fl2wb.png,0,test
0.00033451797,0.010066552,0.00066653494,0.00060183514,dsc31its.png,0,test
0.00030823657,0.009148629,0.0008414349,0.00077439495,dsjd6n16.png,0,test
0.0010739997,0.01352456,0.0023328846,0.00172978,dt1wvf6r.png,0,test
0.00031766892,0.0096607525,0.0007365357,0.000617051,dtgs6rpj.png,0,test
0.00029231733,0.0094100265,0.0007095926,0.0005674112,dtn0abmk.png,0,test
0.0003643871,0.010126537,0.0005916429,0.00057682075,dtqs4abi.png,0,test
0.00036176664,0.009784259,0.0009860479,0.0009137495,dty3ck6f.png,0,test
0.00036170884,0.010363625,0.00067581376,0.0006136295,dulgxjbb.png,0,test
0.00064613495,0.010952794,0.0014805024,0.0013659312,duxic4rr.png,0,test
0.0003559723,0.0099429935,0.0008200874,0.00080197153,dvriygs9.png,0,test
0.000293292,0.009320813,0.00061690324,0.00060639204,dw1nn9f7.png,0,test
0.0003232965,0.00966109,0.00071584224,0.0006527206,dwhl940v.png,0,test
0.00033321857,0.009715061,0.0007696006,0.00067955174,dwqk53bi.png,0,test
0.00035537744,0.010262284,0.00065242086,0.00057282037,dxixzmft.png,0,test
0.00044406962,0.010690931,0.00093767967,0.0007102905,dxky6o9r.png,0,test
0.00029676425,0.009367746,0.000650636,0.0006177035,dy30ryy3.png,0,test
0.00051831215,0.010319436,0.0014895183,0.0010202458,dyeb3rii.png,0,test
0.00032436883,0.00949196,0.0006879008,0.00068897894,dyndp7gb.png,0,test
0.0003523689,0.0096694,0.00088549993,0.00083032966,dyrt6oi8.png,0,test
0.00041806352,0.010896121,0.0008182412,0.0007509477,dz2z5iv7.png,0,test
0.00035165434,0.010047754,0.0006434432,0.0006166546,dzotme0c.png,0,test
0.0003575324,0.009888197,0.00070826174,0.000678545,e07blw9m.png,0,test
0.00032252644,0.009918743,0.00063127564,0.00054110715,e0aa7ekk.png,0,test
0.00086717005,0.0127262045,0.0016005579,0.0013966061,e0l4ol5k.png,0,test
0.00028416756,0.009281064,0.00059289864,0.00057596917,e12qeykc.png,0,test
0.00032081798,0.009659624,0.00071869954,0.00067431683,e4cwsjb4.png,0,test
0.0006221101,0.0119358655,0.001182439,0.0009907257,e4dv76oi.png,0,test
0.0003272046,0.009476932,0.0007835518,0.0007739965,e4ep7cgn.png,0,test
0.00040061484,0.010491264,0.00062126847,0.0005511357,e4k2v4zp.png,0,test
0.0005313285,0.0110808285,0.0014513666,0.001084057,e4qvtdoa.png,0,test
0.00035568952,0.010248613,0.000706313,0.000602356,e52m1alc.png,0,test
0.00030969395,0.009398809,0.00073844276,0.00072040793,e54ukigd.png,0,test
0.00029162486,0.009369244,0.00066747895,0.0005821053,e5oz83ej.png,0,test
0.00037969343,0.010202221,0.0007308696,0.0007614674,e6opemst.png,0,test
0.00029093746,0.009326249,0.00065217935,0.0005511302,e705680m.png,0,test
0.00035810747,0.01023483,0.0006964728,0.0006079941,e8d4efvv.png,0,test
0.00036949132,0.009995839,0.00097009266,0.0009153934,e8fzhkdy.png,0,test
0.00034020987,0.009660573,0.00081520854,0.0008038395,e8iv8ay0.png,0,test
0.00032372624,0.009830431,0.0006387358,0.0005692307,e9ahim9l.png,0,test
0.00039495958,0.01053516,0.00070405984,0.00062623544,e9gt9kty.png,0,test
0.00032204116,0.00981493,0.00068507384,0.00068346254,e9vifttd.png,0,test
0.00032108347,0.00952895,0.0007474078,0.0006915095,e9wr2p2g.png,0,test
0.0010803108,0.013726264,0.0023984592,0.0017724965,eaaot03k.png,0,test
0.00039686932,0.010769873,0.00067992543,0.00065150653,ead2guy2.png,0,test
0.00030301014,0.009496674,0.00068892486,0.0005989363,eavz4w9h.png,0,test
0.00090648484,0.012824129,0.0017236712,0.0013867649,ebiyhhck.png,0,test
0.00036224877,0.010222399,0.0006432162,0.0006072668,ebqo7bbq.png,0,test
0.0002822201,0.009243736,0.00065391994,0.0005300886,ecm785zd.png,0,test
0.0003615025,0.009972212,0.0008500867,0.0008510484,edc3egv6.png,0,test
0.00034761784,0.010085627,0.0006810278,0.00067229324,eds9judp.png,0,test
0.00034901415,0.010192172,0.00067475147,0.00059671304,eecp6usz.png,0,test
0.0003090829,0.009431731,0.0007654582,0.00064345944,efdap1yr.png,0,test
0.00030271328,0.009401863,0.00070662587,0.0005719221,efhseyw0.png,0,test
0.00035308322,0.009883705,0.00089069956,0.000815357,efjawshm.png,0,test
0.00044033647,0.011038209,0.0007501773,0.0007433704,efjtx9x1.png,0,test
0.00034581005,0.01016116,0.0007342196,0.00057765975,efuckj1w.png,0,test
0.00035507826,0.010291723,0.0006429022,0.0006226955,eg39d6kc.png,0,test
0.0004029184,0.0107375905,0.0007057921,0.00061023585,egsa1tb5.png,0,test
0.00032334524,0.00962886,0.000671511,0.00066220877,egvtjz93.png,0,test
0.00039512332,0.010613968,0.00070719793,0.00060784613,egw63x5g.png,0,test
0.00036006278,0.010352553,0.0006876861,0.0006346947,ehar63u8.png,0,test
0.00032399705,0.00967833,0.00068290764,0.0006923589,ehe2atn2.png,0,test
0.0005536978,0.011032851,0.0016007975,0.001189266,ehg832p4.png,0,test
0.00031595747,0.009355435,0.0007406592,0.0007231368,ehhw9bh2.png,0,test
0.0004114828,0.010699413,0.00072975765,0.0006180868,ehmjfqb1.png,0,test
0.00032587635,0.009789038,0.0007541389,0.0006250797,eiz0ekvv.png,0,test
0.0003975414,0.010346682,0.0009573215,0.00089310744,ej7ykfv6.png,0,test
0.0003357741,0.009894055,0.0007093169,0.0007147094,ek622xfe.png,0,test
0.0003507249,0.0102480445,0.00069894956,0.0005826311,el6rl1on.png,0,test
0.00029938642,0.009364578,0.00061603176,0.00061609095,elko48dh.png,0,test
0.00039398074,0.010669413,0.0006938507,0.0006274039,emjyx0yg.png,0,test
0.00031173864,0.009549955,0.000733709,0.0005777342,emvkd6wt.png,0,test
0.00034415457,0.0100869145,0.00069196534,0.0005590365,en2esqp2.png,0,test
0.0004181439,0.010561417,0.00064992317,0.0006339812,engugs2m.png,0,test
0.0004389121,0.010953041,0.000801462,0.0007799231,enww4e3j.png,0,test
0.00035056262,0.0103589175,0.00065439777,0.00057574327,eonf2muf.png,0,test
0.00063933077,0.012160753,0.0014003793,0.0014538757,eox981bf.png,0,test
0.00034190857,0.010090767,0.00077656336,0.0006679978,epr59sym.png,0,test
0.00036814524,0.010245351,0.00066915876,0.00056267605,eqkv2pnu.png,0,test
0.00030509528,0.009573714,0.000698942,0.00056547194,es0s1luu.png,0,test
0.0003914917,0.010340088,0.0006584551,0.0006059687,esdnc1k3.png,0,test
0.000942058,0.013145012,0.0017348081,0.0015108538,esn9duup.png,0,test
0.00036340798,0.010297763,0.00065615406,0.0006025301,eswwbvwh.png,0,test
0.00034699106,0.010205583,0.0006691959,0.0005637639,etvffrff.png,0,test
0.00032486048,0.009544593,0.0006874006,0.00068534823,euc1hh5l.png,0,test
0.00040677513,0.010773697,0.0007020437,0.00063330575,eus7hlcm.png,0,test
0.00031911468,0.009616498,0.000746864,0.00062590366,ew7tqlvq.png,0,test
0.00030420732,0.009464538,0.00070386735,0.0005761333,ewfvbfej.png,0,test
0.00030940984,0.009459033,0.0006542136,0.00064478215,exc1t0oy.png,0,test
0.00027249666,0.009120832,0.0005629069,0.00050819345,exmojd85.png,0,test
0.00035159264,0.010202051,0.00061151385,0.00057612854,ey4ih9pv.png,0,test
0.00032610784,0.009590437,0.0007736456,0.00070086296,eyh26bea.png,0,test
0.00035138943,0.010155438,0.0006348187,0.0005852299,eyrv8yed.png,0,test
0.00037059255,0.010079978,0.00082536676,0.00085397455,eyrynz0j.png,0,test
0.00035768034,0.01023648,0.00066970196,0.0006261628,eyvt01xf.png,0,test
0.0004138265,0.01087185,0.0007373049,0.00070770696,ez0f0xpi.png,0,test
0.00027804857,0.009130228,0.00061102066,0.0005551956,ezq0x717.png,0,test
0.0008941286,0.012895915,0.0016677487,0.0015653318,f0b5kx5g.png,0,test
0.00035556752,0.010223355,0.0006954146,0.00058971456,f0uxc3b0.png,0,test
0.00031229516,0.009469858,0.0007034576,0.0006759345,f1f4tzgn.png,0,test
0.0003350799,0.009690103,0.0008363994,0.00073296134,f1ldajjb.png,0,test
0.0003837404,0.010287587,0.00072050095,0.0007460687,f1ucuofg.png,0,test
0.0003056415,0.009260533,0.00068951916,0.0006547264,f29u8uri.png,0,test
0.00038490034,0.009308733,0.00094312854,0.0009813245,f3rb7ktt.png,0,test
0.00040434953,0.010684342,0.0006847579,0.000608261,f40k5yrl.png,0,test
0.00034232397,0.009693147,0.00079175073,0.0007605871,f4bdz7a8.png,0,test
0.00034043845,0.010033489,0.0006551607,0.0005598168,f4ih1lu9.png,0,test
0.00038847124,0.010456238,0.0006690784,0.00056929915,f5p8h0yt.png,0,test
0.00056251005,0.011502874,0.0009295517,0.00084010395,f5tb6z5z.png,0,test
0.00056348095,0.0110316025,0.0017002984,0.0014729911,f6jqneks.png,0,test
0.00033731642,0.009754991,0.00076103886,0.0007513829,f6mq886k.png,0,test
0.0003403508,0.010057334,0.00059287576,0.00056737143,f6xz8r9d.png,0,test
0.0002728653,0.009029572,0.000561311,0.0005453501,f8rsjrrw.png,0,test
0.00031990302,0.009482011,0.0007636746,0.0006348883,f978x4ej.png,0,test
0.0003861718,0.010508568,0.00072132127,0.0007028008,f9oup3zq.png,0,test
0.0009635337,0.013360047,0.001827627,0.001414391,fam1k1en.png,0,test
0.0003025188,0.009449428,0.00067391107,0.0005668079,fapwz512.png,0,test
0.0003512806,0.0099399425,0.00068091473,0.0006951945,fbg3wvdv.png,0,test
0.0009825558,0.013144487,0.0020750829,0.0015374795,fdknl48k.png,0,test
0.00045438038,0.011098719,0.0007389897,0.0007218704,fe1zsyjc.png,0,test
0.00033308065,0.00999537,0.00065955496,0.0005743021,ff5ql14f.png,0,test
0.00031987467,0.009691471,0.0007791392,0.0006548227,fggw1jyk.png,0,test
0.00058729394,0.01156569,0.0016899965,0.00126055,fgnx9xz7.png,0,test
0.0003493465,0.009903971,0.00077990186,0.00072770554,fibrr7aq.png,0,test
0.00040900314,0.010702015,0.0006646205,0.0006258634,fisbyn2z.png,0,test
0.0003352379,0.01002565,0.0006104642,0.00056846504,fiup2le6.png,0,test
0.00040201264,0.010646164,0.0007556022,0.00072077854,fjskfn8a.png,0,test
0.00032883635,0.009687754,0.0007170884,0.0007102967,fklulx3w.png,0,test
0.00035475838,0.010012319,0.0008021978,0.0007915713,fkofc2f0.png,0,test
0.0009242594,0.013024346,0.001583058,0.0014057998,fkrxxwfm.png,0,test
0.00029206832,0.009287105,0.0006520261,0.000579592,fl0463na.png,0,test
0.00040839158,0.010583882,0.00068145344,0.0006532706,fl6d2tue.png,0,test
0.00034881287,0.009760942,0.00083355134,0.0008034688,fmhtn2p6.png,0,test
0.00034212432,0.009946626,0.0006645833,0.0006837944,fmw9fe7t.png,0,test
0.00041685477,0.010759021,0.00067035615,0.0005834466,fnmv5f88.png,0,test
0.0008942911,0.012977384,0.0017565279,0.001619393,fo6t9wpx.png,0,test
0.0002915659,0.0093814265,0.00069457176,0.0005911639,foijocvs.png,0,test
0.00048227768,0.011075552,0.0009626549,0.0007249317,folig3c5.png,0,test
0.0003035698,0.009532191,0.00069799257,0.0005830665,fp38phk5.png,0,test
0.00030355135,0.009437862,0.00071918365,0.000582328,fpj8hk2r.png,0,test
0.00036671277,0.010309707,0.00067833264,0.00069812976,fpwxpjr9.png,0,test
0.00036457393,0.00998239,0.00101322,0.0009199674,frml29q2.png,0,test
0.00033261554,0.009688464,0.00073808234,0.00074939145,frzhxka7.png,0,test
0.00035525762,0.009860034,0.0008379977,0.0008162735,fsuaok48.png,0,test
0.0003416004,0.009572358,0.00081871834,0.00079380535,ftgqp2ec.png,0,test
0.0003500892,0.010050481,0.0006685731,0.0006446232,ftixdwr0.png,0,test
0.00035121478,0.009869414,0.00078174775,0.00078818214,fvmyui9h.png,0,test
0.0003020298,0.009388357,0.0006395833,0.0006479618,fw0c20x4.png,0,test
0.0003293996,0.0097595565,0.00076275895,0.00064628077,fw96qwtu.png,0,test
0.00035064202,0.009715758,0.0008738765,0.0008437932,fwjjo22l.png,0,test
0.0005859284,0.011198671,0.0018385665,0.0013702901,fx0akn05.png,0,test
0.00029314886,0.009277814,0.00063505064,0.0005747311,fx8ryw52.png,0,test
0.00035859764,0.010173208,0.00066942273,0.00059892115,fxfmd13u.png,0,test
0.00035710787,0.010294417,0.0007214417,0.0006165672,fxzfycb7.png,0,test
0.00032930163,0.0098010255,0.0007060187,0.00063807244,fyjfrb65.png,0,test
0.00039943028,0.010543158,0.00064964447,0.00060320727,fzhdojhx.png,0,test
0.00028587933,0.009232022,0.0005803475,0.00058350794,g06xr3ur.png,0,test
0.00028957918,0.0092045665,0.00064894126,0.0005438192,g0hln0ez.png,0,test
0.00037776274,0.010418247,0.0006831063,0.0007005737,g21e0y7h.png,0,test
0.00033984167,0.009860405,0.0006952616,0.0006985892,g345k5dj.png,0,test
0.0003213249,0.009155526,0.0008480024,0.0008191221,g3dcmyxb.png,0,test
0.00067518366,0.011363456,0.0016243585,0.001300862,g4q47e1e.png,0,test
0.0004139527,0.010379366,0.00071481796,0.00067832216,g68zdopt.png,0,test
0.0003402378,0.010058308,0.00070136297,0.0005785892,g70p181i.png,0,test
0.00041029026,0.010432101,0.00068018644,0.0005945856,g74py8a9.png,0,test
0.00034588066,0.009711447,0.00084676425,0.00080475566,g7v3hkmy.png,0,test
0.00033815985,0.009745478,0.0007898594,0.00069749146,g83wmcfo.png,0,test
0.00033099845,0.009667474,0.0007312573,0.0007274886,g9qcm28q.png,0,test
0.0003421939,0.009836276,0.00073102635,0.00074096833,gbk2xwgh.png,0,test
0.00033484146,0.009983579,0.0006186852,0.00054063025,gbttnwut.png,0,test
0.0002977174,0.009399725,0.000671113,0.00054209103,gc47wkrw.png,0,test
0.00036587918,0.010070296,0.0007272531,0.00073378725,gceryxs2.png,0,test
0.0003211321,0.009587348,0.0007298568,0.00071504066,gcsotdhh.png,0,test
0.0006359471,0.012080884,0.0014718062,0.0015720996,gd40cm0t.png,0,test
0.00032725217,0.009627733,0.0007501601,0.0006773502,ge50p72g.png,0,test
0.00039704985,0.0106435185,0.00071373454,0.00057442527,geniy3fs.png,0,test
0.00036755303,0.010435406,0.00068774994,0.00060447364,gfalqkxw.png,0,test
0.00035850736,0.010179899,0.0006598919,0.0006100001,gfd1ti1u.png,0,test
0.00035046524,0.010198504,0.00067344605,0.00060671224,gfr4zk2t.png,0,test
0.00036519454,0.010050168,0.00084820885,0.0008255762,gfzd26tu.png,0,test
0.00031756028,0.009598253,0.00068763655,0.00070117513,gh8p9lve.png,0,test
0.0004007888,0.010627659,0.0007192105,0.0007020506,ghdars5s.png,0,test
0.00039754034,0.010680804,0.00064827706,0.00062187895,gjhzgmis.png,0,test
0.00037034467,0.010014902,0.00080199394,0.00076658424,gkavrc6a.png,0,test
0.0003329161,0.0096502155,0.00078589044,0.00076466816,gkpxbm6g.png,0,test
0.0003012253,0.0093287295,0.00066410436,0.00064293435,glg08yvu.png,0,test
0.00032561366,0.009680121,0.0007084733,0.00070442207,glqkbec5.png,0,test
0.0006227916,0.01200417,0.0011344557,0.0009445321,glyi56x7.png,0,test
0.00035749326,0.009965996,0.00082726905,0.00075569307,gm7tuga8.png,0,test
0.00030279948,0.009257968,0.00066516944,0.0006496981,gm84eiet.png,0,test
0.00028292584,0.00901433,0.00061278325,0.0006008112,gmtvppfn.png,0,test
0.00034832483,0.010103194,0.00064751494,0.00060446316,gmu5712q.png,0,test
0.000363331,0.009903396,0.0009366809,0.0008950461,gn0ajqqp.png,0,test
0.00035751978,0.009523102,0.00096928346,0.0009229483,gnrd056f.png,0,test
0.00029259967,0.009503739,0.00061032164,0.0004997868,gnzqc4ut.png,0,test
0.00035375604,0.009940528,0.00074946485,0.0007416408,gnzs43c5.png,0,test
0.00035605833,0.0102449255,0.00063063035,0.00057736685,goc5r1hm.png,0,test
0.00038250224,0.01058413,0.0006773517,0.0006833731,gouraird.png,0,test
0.00028954298,0.009332957,0.00059365697,0.0005617435,gpcivi05.png,0,test
0.00031850892,0.008995225,0.0006720082,0.0007086679,gpihk243.png,0,test
0.00038542264,0.010001903,0.0009985463,0.0009846502,gq2e5e6a.png,0,test
0.00030340598,0.00943082,0.0006582494,0.0006512382,grr4c9as.png,0,test
0.0003435729,0.010173888,0.00062024005,0.00059730926,gs0mc3i0.png,0,test
0.0010017682,0.013430412,0.0022030142,0.0016319561,gsbd6t2z.png,0,test
0.00039569422,0.010683156,0.00068086624,0.00067069544,gsk10l7i.png,0,test
0.0003660806,0.010368042,0.00066510576,0.00063378277,gszspjjo.png,0,test
0.00034891127,0.0101592215,0.0006691356,0.0005687156,gtgniyty.png,0,test
0.000341704,0.010076037,0.00067462004,0.00058284047,gtjbpslg.png,0,test
0.00031700486,0.009186216,0.0007561074,0.0007259278,gublmntf.png,0,test
0.00034684117,0.010166844,0.0006416772,0.0006122006,gve4qvrf.png,0,test
0.0009057839,0.013038832,0.0016292033,0.0015348797,gvgfdw4q.png,0,test
0.00032917698,0.009664079,0.000748497,0.0006530639,gvl5vjoj.png,0,test
0.0008943868,0.0129997535,0.0015215307,0.0013668172,gvs9coi6.png,0,test
0.00038325714,0.0104872435,0.0006561252,0.00062180584,gwj8rr1l.png,0,test
0.00030535363,0.009444665,0.0007466692,0.0005923337,gwl2ixaw.png,0,test
0.00036420737,0.009999812,0.00086835294,0.000856234,gwozeo35.png,0,test
0.0004056808,0.010556259,0.0006824719,0.00062176085,gxtkbaso.png,0,test
0.000342717,0.010185378,0.00063502666,0.00056312437,gyfu2hc3.png,0,test
0.000990141,0.01336499,0.0018607368,0.0015549633,gzofpnx8.png,0,test
0.0003208398,0.0095326025,0.0007560495,0.00066620123,h0bypekj.png,0,test
0.00035775267,0.009784423,0.0008607661,0.00086232607,h0czscpx.png,0,test
0.00029950045,0.009554947,0.0006323425,0.00051984575,h10ejqbe.png,0,test
0.0003510536,0.009947687,0.0007126516,0.0007297101,h20m1qw9.png,0,test
0.00030543836,0.009676034,0.00068295765,0.0006059241,h2bvwv6y.png,0,test
0.00044219606,0.010660448,0.0008271601,0.00062473735,h420pgi6.png,0,test
0.00035868215,0.00981534,0.0008580273,0.00085787085,h4gxa5gy.png,0,test
0.0003936613,0.010476708,0.0007618806,0.0006265018,h615kv38.png,0,test
0.00054134044,0.011151576,0.0014639398,0.0010897015,h6z1tgh5.png,0,test
0.0005938836,0.011488457,0.0016893165,0.001258503,h761d81m.png,0,test
0.0003901768,0.010538314,0.0006568391,0.00058566366,h776yl37.png,0,test
0.00041036232,0.0107481135,0.0007220249,0.0006086318,h78qa4wh.png,0,test
0.00038478847,0.010542343,0.000750371,0.0006433092,h9dsphl2.png,0,test
0.0009130509,0.012851949,0.0016858915,0.0014995156,ha2z8c7g.png,0,test
0.00032754286,0.0097496165,0.00067803566,0.00071191834,haj3yvsi.png,0,test
0.0010025458,0.013160257,0.0018184003,0.0015570925,hd5pe5cx.png,0,test
0.0003192118,0.009717586,0.00067551644,0.0005916992,hdcpy7j9.png,0,test
0.00029732348,0.009253379,0.0006673757,0.0006393394,hdiy4nrm.png,0,test
0.00032941517,0.009573406,0.00073018135,0.0007318079,hexhigd6.png,0,test
0.00033931842,0.010084088,0.00065523025,0.00059365755,hfocsjl1.png,0,test
0.00030361826,0.009361408,0.0007105579,0.0006311316,hguwam0t.png,0,test
0.0009342705,0.012966514,0.0016810955,0.0015104824,hibyursb.png,0,test
0.00031673693,0.009582094,0.0007129392,0.00062862784,hidra48k.png,0,test
0.00036405187,0.010256395,0.0006583531,0.00061947695,hjy9qrbz.png,0,test
0.00035637614,0.010310252,0.0006873585,0.00058365887,hkbxcwb3.png,0,test
0.00040001198,0.010681976,0.00070830755,0.0007129039,hl2ng9hb.png,0,test
0.00040480384,0.010727898,0.0007285734,0.0007053722,hlfhsko9.png,0,test
0.00042468635,0.010758028,0.00073637645,0.00062231545,hlhm9umu.png,0,test
0.00028960558,0.009370569,0.00066931086,0.00056370324,hlq7ar42.png,0,test
0.0005357539,0.011517538,0.0010928393,0.0008661336,hlzflfxc.png,0,test
0.00048401227,0.0110517945,0.0009371308,0.0008646191,hm1vdf8j.png,0,test
0.0009403797,0.01295986,0.0016952194,0.001497069,hmpcg6am.png,0,test
0.0002864965,0.009343295,0.000638672,0.0005462792,hnb5vngb.png,0,test
0.00030520474,0.009337614,0.00066590036,0.00066699326,ho9cy9pe.png,0,test
0.00030619925,0.009385155,0.000683479,0.00060380634,hqj2txj9.png,0,test
0.00034209614,0.009652744,0.0008043721,0.0007615653,hrltgm5m.png,0,test
0.00030072793,0.009438664,0.0006745022,0.0005620668,hsgzq6m0.png,0,test
0.00033951344,0.009789887,0.0007962604,0.0007671604,hslffraj.png,0,test
0.00035970646,0.010182959,0.00066436623,0.0006146245,hssmq5ht.png,0,test
0.00034856514,0.009850287,0.00077375927,0.0007567692,hsx023fv.png,0,test
0.00029380337,0.0091350665,0.0006506668,0.00061850296,ht1u37eb.png,0,test
0.00034538037,0.009889498,0.00079908676,0.00078029954,ht2ibtrv.png,0,test
0.00037557434,0.010504442,0.0006747067,0.00065680617,htfzb49a.png,0,test
0.0003342376,0.009715881,0.0007799181,0.000740248,htmkdv96.png,0,test
0.00030352452,0.009412327,0.00065105787,0.00066020916,htwd0h6i.png,0,test
0.0003774726,0.010456296,0.00067995547,0.000670608,hurwfros.png,0,test
0.0003735456,0.010319199,0.00064558076,0.00059822045,hw7vps7b.png,0,test
0.0010742832,0.013658678,0.0021928463,0.0016479202,hwfggakt.png,0,test
0.00047224291,0.010962151,0.0011166362,0.0008756082,hwrgu621.png,0,test
0.00031911154,0.009576088,0.0007528343,0.0006317159,hx0w9ljv.png,0,test
0.00040128056,0.010750417,0.0007591953,0.00060314056,hy97cyit.png,0,test
0.00039480193,0.010618849,0.00065804087,0.00060764194,hyxp6hij.png,0,test
0.00037800454,0.010414057,0.0006293164,0.0005959998,hzx7zb14.png,0,test
0.0003646664,0.01033088,0.00064010365,0.0006305118,i05vfd87.png,0,test
0.00036466506,0.009904165,0.00093810534,0.0008969759,i0erc9a1.png,0,test
0.00037472093,0.0104449345,0.000663037,0.0005977271,i0wq89v9.png,0,test
0.00034650508,0.00975043,0.0008423669,0.00080859085,i10kqsos.png,0,test
0.00030502878,0.009505566,0.00070604414,0.0006247457,i1niskyw.png,0,test
0.00030288877,0.009348727,0.0007120218,0.00058779196,i1vrb9qe.png,0,test
0.00034350497,0.010104461,0.0006472974,0.00058591244,i3ud1ozf.png,0,test
0.0003936571,0.010651921,0.000649278,0.0005547951,i4locxme.png,0,test
0.00031986265,0.009890291,0.00066422415,0.00057671656,i58qmn7b.png,0,test
0.00037704484,0.010521202,0.00071240135,0.00064739503,i5fxw933.png,0,test
0.00033154825,0.009739823,0.00066187367,0.00065936754,i5gse146.png,0,test
0.0003049749,0.009461407,0.0006646892,0.0005788973,i6hfyv0w.png,0,test
0.00039992912,0.010425169,0.00072428543,0.00055300724,i87hzpyg.png,0,test
0.00033778505,0.009796921,0.00073134794,0.00070791086,i8n0e4b7.png,0,test
0.0003848322,0.010583218,0.00065526634,0.0005999503,i8nbb2gf.png,0,test
0.00031518156,0.009811078,0.0006289739,0.00055050396,i91zumi7.png,0,test
0.00055418565,0.011571152,0.0011211304,0.0008843918,i997mk5h.png,0,test
0.0003800741,0.010320568,0.0006824104,0.0005786534,i9ica6g5.png,0,test
0.00035962398,0.010139649,0.0006389014,0.00055765157,ia0k8n0f.png,0,test
0.00036592982,0.010045481,0.0009108845,0.0008763513,ib4hgqn1.png,0,test
0.00039397477,0.010726408,0.0007416388,0.00070852955,ic5l3uq0.png,0,test
0.00035915844,0.010009885,0.00070566,0.0006669169,id653r5f.png,0,test
0.00034327587,0.010044109,0.00066893856,0.00062296324,iehw5jz6.png,0,test
0.00034169137,0.009905627,0.00076500466,0.0007202651,if6l9vkl.png,0,test
0.00031987653,0.009486284,0.00070093037,0.00069951674,ifjondtw.png,0,test
0.00030967686,0.009297082,0.0006964957,0.000702537,iflnwrov.png,0,test
0.0009233256,0.013060153,0.0016838262,0.0015650686,ig9659bg.png,0,test
0.00030507843,0.009513101,0.0007011377,0.00058439124,ightk3pz.png,0,test
0.00033879475,0.009859907,0.00076997164,0.0007583565,ih5jcp2h.png,0,test
0.00040042572,0.010624754,0.0006509686,0.00063353346,iherbnn6.png,0,test
0.00030789524,0.009449008,0.00063771114,0.00064990297,ihu8jfqc.png,0,test
0.00033975454,0.009866255,0.0007960657,0.0006367466,ii8472qd.png,0,test
0.0010070354,0.013348798,0.0020999764,0.0015542201,iiv2dg74.png,0,test
0.00039025658,0.010511306,0.00064308895,0.00057621964,ij8fz7zp.png,0,test
0.00032965123,0.009902062,0.0006957893,0.0006332211,ija1jy8x.png,0,test
0.0002873562,0.009294206,0.00062611385,0.000554033,ijarta4p.png,0,test
0.00030006992,0.009467706,0.0006748426,0.00064856035,ijfzqafq.png,0,test
0.00030654395,0.009334909,0.00069521344,0.0006941862,ikax11m5.png,0,test
0.0002826996,0.009196528,0.0006637349,0.0005386711,imc8laja.png,0,test
0.00036720606,0.010171669,0.0006872236,0.00056708767,impr5ri0.png,0,test
0.00030351625,0.009511358,0.00070107693,0.00056481804,in7srvvk.png,0,test
0.00032222254,0.0095451195,0.0006715296,0.00067331525,inco8o9g.png,0,test
0.00031995607,0.009594516,0.00072497706,0.000706319,io1q3dzv.png,0,test
0.00040326826,0.01075852,0.00070278335,0.0006263012,ioeruw3j.png,0,test
0.000396919,0.010321512,0.0009233352,0.00092114566,ip693po0.png,0,test
0.00030074886,0.009173405,0.0007296264,0.00057791814,ipzq0qka.png,0,test
0.0003393418,0.009809012,0.0008037637,0.0006892229,iqfkn1yq.png,0,test
0.0002985132,0.009276127,0.00071188505,0.0006567649,iqp863qa.png,0,test
0.00030955902,0.009410238,0.00066672143,0.0006806623,irq4tp1n.png,0,test
0.00034519957,0.010190295,0.0006752981,0.00057097146,isbg5cmb.png,0,test
0.00033276016,0.009604007,0.000813788,0.0007120049,isswuelw.png,0,test
0.0003436844,0.009801338,0.000770809,0.0007700268,isvf569l.png,0,test
0.00039368056,0.010608885,0.00070286973,0.0006822345,iswzvxv3.png,0,test
0.0003217786,0.009737828,0.0006712633,0.00067313336,ite7wovp.png,0,test
0.00033766203,0.009589329,0.00082148827,0.0007881851,itqufwi2.png,0,test
0.00050520326,0.010740552,0.0013952916,0.0010396064,itrzraud.png,0,test
0.0003235434,0.009653885,0.00073126506,0.000675148,iuf9p6lx.png,0,test
0.00032421979,0.009472665,0.0007724081,0.00076064526,iuhq86dx.png,0,test
0.0003320189,0.009592338,0.00077816524,0.0007831461,ivvd5x78.png,0,test
0.0003771923,0.010385598,0.0007337627,0.0006783717,iwqulkwb.png,0,test
0.00033867458,0.009628174,0.00079572736,0.00079254166,iwzgk8di.png,0,test
0.00029271466,0.009290171,0.0006538876,0.00061169046,ix7brrba.png,0,test
0.00030669043,0.009313873,0.0006971631,0.0006915963,ixhhkffn.png,0,test
0.00031007966,0.009517311,0.0007385475,0.00060704234,ixicppbs.png,0,test
0.00038512948,0.010419043,0.0006468024,0.00055011525,iyeldw96.png,0,test
0.00031431142,0.009352147,0.0007273133,0.000712861,iyqewkrs.png,0,test
0.00030770682,0.009629966,0.0006528539,0.0005595693,iywe36lt.png,0,test
0.0003407118,0.009831983,0.00077078334,0.000721548,iz3m5ial.png,0,test
0.00034300372,0.010100384,0.00064766844,0.00055731257,j0t2riom.png,0,test
0.00034531098,0.010075789,0.0006455568,0.00061954424,j1mhte4f.png,0,test
0.000281457,0.009149195,0.000594046,0.00056913734,j1yljzcc.png,0,test
0.00037453332,0.010372934,0.0006292226,0.00055614585,j2foei1b.png,0,test
0.0002976926,0.009419744,0.0006165059,0.00063021446,j35yrg29.png,0,test
0.00095812394,0.013084714,0.001719588,0.0015491388,j3e50cii.png,0,test
0.00063861156,0.011279722,0.001309255,0.001318579,j48hwxv4.png,0,test
0.0009193444,0.012862924,0.0016795624,0.0015170502,j4btiid2.png,0,test
0.00031584548,0.009471266,0.0007258741,0.0007179858,j4pnjy1o.png,0,test
0.00034005553,0.009773344,0.000793895,0.0007848533,j4wizwqk.png,0,test
0.00033868346,0.009586365,0.0008104886,0.0008406474,j5ze5laj.png,0,test
0.0005273845,0.010808688,0.0014418655,0.0012923379,j62jtc8y.png,0,test
0.0004978871,0.011702202,0.00088025717,0.0008092613,j6jmlbcj.png,0,test
0.00030485314,0.009303193,0.00065422105,0.0006487174,j6ubrw9b.png,0,test
0.00030942712,0.009662733,0.0007097505,0.0005773492,j725u033.png,0,test
0.0004236757,0.009540116,0.0007531092,0.00072363275,j78gf24s.png,0,test
0.00033630925,0.010042474,0.0006513502,0.0005540644,j7fl3i34.png,0,test
0.000988585,0.013316156,0.0018470486,0.0015332113,j9asdbs6.png,0,test
0.00033668068,0.009617686,0.0008513832,0.00080024404,j9m61y4i.png,0,test
0.00037576153,0.010340805,0.00079999317,0.00081798463,j9vicm3g.png,0,test
0.00038740816,0.010581007,0.000708088,0.0005820805,ja2qi54h.png,0,test
0.00032254643,0.009664671,0.0007183358,0.00065035024,ja6pntej.png,0,test
0.0009228276,0.012966992,0.0017044944,0.0015699456,jasw35fb.png,0,test
0.00039797203,0.010315343,0.0008645889,0.0008271288,jbg87g36.png,0,test
0.00034682965,0.009928063,0.00075957994,0.0007767885,jcdciuza.png,0,test
0.00030911795,0.009380702,0.00069140474,0.0006955309,jcrw9a8r.png,0,test
0.00035186874,0.009738805,0.000807901,0.000828267,jcs5f98s.png,0,test
0.000375471,0.010420699,0.0006900851,0.0006507214,jdmmco5n.png,0,test
0.0003559349,0.010296132,0.0006500094,0.00057169696,jdqi8mrn.png,0,test
0.00030464542,0.00955947,0.00068082544,0.0005741569,jeda5t0u.png,0,test
0.00036120237,0.010281753,0.0007234668,0.0005993661,jf3arx4i.png,0,test
0.00042146936,0.0107384985,0.00066929345,0.00058817375,jf3ge6kr.png,0,test
0.00028314049,0.009214896,0.0006168521,0.0006078755,jfczwkgu.png,0,test
0.00036148314,0.010335001,0.0007256072,0.0006637918,jfy7kbgj.png,0,test
0.00064071815,0.012226765,0.0014047989,0.0015270065,jge0utx7.png,0,test
0.00036178937,0.010092474,0.0007287662,0.0007356155,jgn5nuzl.png,0,test
0.0002932729,0.009384395,0.00062564603,0.0005964303,jgzcy4ml.png,0,test
0.00031658096,0.009480485,0.0006705185,0.0006761771,jhjzq9w2.png,0,test
0.00030878055,0.00943908,0.00064692664,0.0006563478,jhrrrsuy.png,0,test
0.00041512164,0.010778064,0.00061830424,0.0005792915,jirr1v5v.png,0,test
0.00031425047,0.009495112,0.0006955646,0.00060579594,jiuoiz6a.png,0,test
0.00029468845,0.009409308,0.0006654276,0.0005658886,jixl7vsk.png,0,test
0.00090724597,0.012948548,0.0016113179,0.001497632,jju9705j.png,0,test
0.00033416622,0.009915084,0.0007324582,0.00063326734,jkzp2jpe.png,0,test
0.00035972503,0.01032397,0.0006277543,0.00059217244,jl21dv63.png,0,test
0.0009561364,0.013153234,0.0017603842,0.0016607832,jm6gct1a.png,0,test
0.00030680466,0.009641939,0.0007090337,0.0005801405,jn6b8xy5.png,0,test
0.00031322433,0.0095523745,0.00063351274,0.0006466938,jnpaxxhz.png,0,test
0.0004346994,0.011010088,0.00077182916,0.00074089307,jnzobfkr.png,0,test
0.00029770625,0.009368533,0.00063994905,0.0006336777,jokbzvyx.png,0,test
0.0010335518,0.013456508,0.0022461168,0.0016620866,jpm9qe90.png,0,test
0.0003179603,0.009866726,0.000622097,0.0005492661,js8sbwt8.png,0,test
0.000339524,0.009737958,0.0008044063,0.0007817814,jsg49lpy.png,0,test
0.00035697958,0.010304092,0.00070767204,0.00057620375,jsn3yz28.png,0,test
0.0003009282,0.009413342,0.0006661247,0.0005578007,jtjlnjht.png,0,test
0.0006262819,0.010921589,0.0015236043,0.0013522132,jtwwwqi4.png,0,test
0.0006837562,0.011169223,0.0017496273,0.0016487327,jtz87358.png,0,test
0.00034837006,0.00983093,0.0008189824,0.0008067121,ju7dddby.png,0,test
0.00032149823,0.00954628,0.0007725962,0.00064115366,juae0ka3.png,0,test
0.0003583444,0.010340946,0.0006483548,0.00060479325,jvb965gz.png,0,test
0.0002984042,0.009302178,0.00067532965,0.0005688711,jvvh3t8x.png,0,test
0.00032461828,0.009873628,0.0007212198,0.00060290314,jvx8cemn.png,0,test
0.0009999077,0.013401093,0.002269163,0.0016794535,jvz0g1c3.png,0,test
0.00033366916,0.009727782,0.00083030295,0.0006644548,jwf1ubv9.png,0,test
0.00031410562,0.009567773,0.00067612226,0.0006691549,jwm1wuvw.png,0,test
0.0003962093,0.010559123,0.0006673686,0.0006177463,jxnjts3r.png,0,test
0.0003145294,0.009435931,0.00074375863,0.0006773194,jy0703cs.png,0,test
0.0003661133,0.010366148,0.0006954796,0.00060561823,jyjqaru1.png,0,test
0.00032158857,0.009553695,0.00079365075,0.00069764385,jynzkgqh.png,0,test
0.00037535804,0.009980477,0.00093034666,0.0009340376,k06et31y.png,0,test
0.00029930176,0.009509029,0.00069874857,0.00059949735,k0pqs2fn.png,0,test
0.00033964904,0.009752775,0.00080471684,0.00068414304,k0s3jwjp.png,0,test
0.00033975145,0.009685271,0.00083527033,0.00067711546,k1qhu7pw.png,0,test
0.00032055203,0.009770398,0.0006883862,0.00066397135,k221qm79.png,0,test
0.00029121913,0.009325596,0.0006333799,0.0005809214,k26gfxam.png,0,test
0.00037921907,0.010429227,0.00064882194,0.0006181975,k26yy6rc.png,0,test
0.00029795495,0.009423355,0.0006944087,0.0005556361,k2kdxzmw.png,0,test
0.00031830973,0.009622659,0.0007306252,0.0007441161,k32rgwhg.png,0,test
0.00030973254,0.009335365,0.0006781534,0.0006855225,k35hxdoc.png,0,test
0.00044048319,0.0107479645,0.00082450884,0.000629508,k3n4jaki.png,0,test
0.00037298168,0.01004727,0.00083384145,0.0007914591,k3vvwefc.png,0,test
0.00032783626,0.009667302,0.00067406805,0.00070697634,k48m3m0x.png,0,test
0.0003707865,0.010207071,0.0006301534,0.00055871066,k5qvay81.png,0,test
0.0003935061,0.010559158,0.0006960795,0.0006751384,k5rvlnwq.png,0,test
0.00039667593,0.010601256,0.0006898877,0.00058602437,k5z3gm5c.png,0,test
0.00042244882,0.010743622,0.0007196485,0.00066595984,k70ff8ba.png,0,test
0.00049699325,0.011180424,0.0008004731,0.00073631684,k7hb87ws.png,0,test
0.00032452837,0.009362254,0.0007270991,0.0007433905,k7p0dt79.png,0,test
0.00030764673,0.009485417,0.0006456604,0.0006570054,k89l1e89.png,0,test
0.00041424434,0.010804283,0.0007351433,0.00065908494,k8ny0sb1.png,0,test
0.0003681259,0.010429848,0.00065105304,0.0005743742,k9e5s29l.png,0,test
0.00034032096,0.009671801,0.0007600881,0.0007726549,k9sz5qzu.png,0,test
0.00030197937,0.009477398,0.0007240691,0.00058435637,ka48wvmj.png,0,test
0.00031503142,0.009500613,0.00069741794,0.0006468015,kbts5hrc.png,0,test
0.0003279708,0.009624378,0.0007193008,0.000663865,kch9r6hv.png,0,test
0.00037727045,0.010465612,0.00058780285,0.0005514934,kcy0b5xh.png,0,test
0.00033625553,0.009755721,0.00072193117,0.00072637264,kd4lp10x.png,0,test
0.0003417522,0.0100055905,0.00072352047,0.0006818584,kdgx0yoj.png,0,test
0.00030083075,0.009315949,0.00068905624,0.000660847,kdxt3u6o.png,0,test
0.0004759343,0.011324358,0.0009109582,0.0008143851,ke5afoz8.png,0,test
0.00033224188,0.00969962,0.0007201632,0.0006782022,kfc2e0q8.png,0,test
0.0003248866,0.009748164,0.0007113191,0.00055560376,kfcqjuku.png,0,test
0.00042120693,0.010904315,0.000810828,0.0008004696,kg1qe1e4.png,0,test
0.0003332684,0.00911358,0.00074785977,0.0007886183,kgdwnsk7.png,0,test
0.0003592967,0.009998242,0.0007673005,0.0007912586,kgmbaxur.png,0,test
0.0003933446,0.010627875,0.00072999933,0.0007284125,kgsaiqos.png,0,test
0.00034851156,0.009986685,0.00069593324,0.00071656884,ki7h3xao.png,0,test
0.00035871638,0.010192193,0.00069760176,0.0006159591,kitc9w21.png,0,test
0.00030395147,0.009477663,0.000702267,0.00057253335,kiydfjyi.png,0,test
0.00032740005,0.009692458,0.0006853738,0.0007019472,kizlw00n.png,0,test
0.0003368419,0.0099276425,0.000720393,0.0006729597,kj20z0e6.png,0,test
0.00034454404,0.009849587,0.0008046556,0.0007349503,kjf8fzpc.png,0,test
0.00034850437,0.009835255,0.0009080132,0.0008572515,kjxjq5nv.png,0,test
0.00034656038,0.009696959,0.00087947707,0.0008286763,kkhzlm72.png,0,test
0.00034250022,0.010085995,0.00068072655,0.0006186284,kl5cpivx.png,0,test
0.0009337462,0.0130903,0.0017665407,0.001369438,kmmoczk4.png,0,test
0.00035371154,0.009943433,0.0006772093,0.0006161157,kmtb892s.png,0,test
0.0003860376,0.010642236,0.00074390124,0.00064204104,kmwqik3c.png,0,test
0.0003543825,0.010180551,0.0006377438,0.0005233386,knhmfh8c.png,0,test
0.0002882271,0.009305486,0.00064648903,0.0005725343,knn520up.png,0,test
0.0003473891,0.010127598,0.0007178534,0.0006226903,knxidrd0.png,0,test
0.0002978894,0.009310271,0.00063597754,0.0006651677,kpf3uz3a.png,0,test
0.00032860372,0.009789894,0.000740305,0.0006882826,kpjg9nk4.png,0,test
0.00033983248,0.009683143,0.0007450639,0.00077238947,kpng9948.png,0,test
0.0004754565,0.011201223,0.0008357083,0.00076467637,kpntpxa8.png,0,test
0.00033677343,0.009888588,0.00074043806,0.00073758943,kps73ilo.png,0,test
0.00036804602,0.010193359,0.00084362197,0.00073930563,kpsk8niv.png,0,test
0.00030158594,0.009154153,0.0006592288,0.0006594809,kpwdmj3z.png,0,test
0.0010053004,0.01344321,0.0019953426,0.0014782456,kq0k1bdn.png,0,test
0.00034677837,0.009637845,0.000858882,0.000865003,kr79u2c3.png,0,test
0.000602664,0.011659513,0.0017251514,0.0012868972,ksj7ivk0.png,0,test
0.00040903626,0.010583878,0.00091544644,0.000901067,ku3fvzgi.png,0,test
0.00033269616,0.009681024,0.00074035,0.0006926512,kv6jio0r.png,0,test
0.00030527517,0.00951943,0.00063631654,0.0006491011,kvc4gtjs.png,0,test
0.00034397127,0.010117943,0.00063656294,0.0006073915,kvl1c5nd.png,0,test
0.00035442007,0.010314755,0.00067343796,0.0005979308,kwcb3gjw.png,0,test
0.00036856983,0.01025686,0.00065983064,0.00059580716,kwi75hwg.png,0,test
0.0003402005,0.009815072,0.00076323753,0.00076070265,kwpiay6b.png,0,test
0.00033210596,0.009720345,0.0007733025,0.00070536794,kxaqzxub.png,0,test
0.00034208034,0.009731396,0.00083208847,0.00082566985,kxglfzij.png,0,test
0.0003867847,0.010537023,0.0006695508,0.0005963966,kxuo6xg2.png,0,test
0.00035309588,0.00981455,0.0008256568,0.0008176851,ky6ewjc8.png,0,test
0.00033706435,0.009215587,0.00079234474,0.0007481649,ky6kdjlh.png,0,test
0.00028934694,0.0091807945,0.0006349851,0.0005958207,ky87q19u.png,0,test
0.00032790532,0.009722571,0.00068127055,0.00070108956,kydvrzag.png,0,test
0.00029974285,0.0093613705,0.0006446642,0.00059169566,kz24i11q.png,0,test
0.00033216985,0.009668997,0.00074448873,0.00075065764,kz7ckxom.png,0,test
0.000386764,0.010488737,0.00067757734,0.00058667414,l172dp7m.png,0,test
0.00039076505,0.009962835,0.0011453077,0.0010444003,l1seruoy.png,0,test
0.00039623902,0.01065825,0.0007113233,0.0006220838,l3v2tqt0.png,0,test
0.0003538875,0.009939962,0.000794115,0.000682752,l42v5x36.png,0,test
0.00040191138,0.010222975,0.0010258979,0.0009769425,l4lqjlax.png,0,test
0.00028877298,0.009321272,0.0006278942,0.0005705488,l6biv0z5.png,0,test
0.00038015223,0.010508811,0.00064719626,0.0005810181,l74c5zg8.png,0,test
0.00033576426,0.0096322065,0.0008637746,0.00082967157,l9r5qq12.png,0,test
0.0003331827,0.009711225,0.00072455086,0.0006708605,la6m04yp.png,0,test
0.0003228522,0.009792089,0.0007210367,0.0006276031,la9txgsb.png,0,test
0.0002991577,0.009375237,0.0006350228,0.00061829493,layke3zc.png,0,test
0.00035778983,0.010032883,0.0008304658,0.0007844843,lb8f15v2.png,0,test
0.00067712937,0.012420456,0.0015155332,0.0016127913,lbo9ewo7.png,0,test
0.0004003776,0.010734535,0.00067714555,0.00061633193,lbr043fo.png,0,test
0.00030626988,0.0094707925,0.00063669635,0.00065353495,lcljz9kv.png,0,test
0.00031273905,0.0095838485,0.0007100387,0.00068404316,ldc08fc0.png,0,test
0.00036163485,0.009940273,0.0006798882,0.0006870017,lf2n3utg.png,0,test
0.00052492454,0.011141039,0.0012740399,0.00095016725,lf8qvjqs.png,0,test
0.0004279647,0.010975995,0.0007628377,0.0006533343,lfix91zs.png,0,test
0.00033855467,0.010010903,0.0006436534,0.0005802563,lfu0q2i7.png,0,test
0.0009229596,0.01318313,0.0015816195,0.0014479271,lfubbcro.png,0,test
0.0004127369,0.010778159,0.00067966146,0.0006220791,lgz215bt.png,0,test
0.0005630705,0.010540351,0.0017896501,0.0012219864,lhzz81xp.png,0,test
0.0004300848,0.010559912,0.0007889573,0.00062887586,liuds6u9.png,0,test
0.0005521613,0.011524442,0.0011778909,0.00097218197,liydcx1r.png,0,test
0.000335296,0.009815802,0.0007675929,0.000758569,ll1m9e34.png,0,test
0.00032771486,0.009656695,0.0006901487,0.00066025223,ll869b8h.png,0,test
0.0003216242,0.009585902,0.0007165777,0.00072826026,lm349el8.png,0,test
0.00039285028,0.010480796,0.00086166314,0.0008202617,lmcpmvij.png,0,test
0.0010267049,0.01360802,0.001991663,0.0015483024,ln1xos46.png,0,test
0.00030786177,0.00949545,0.0006343286,0.0006595092,lnbohuxs.png,0,test
0.00030073366,0.009522837,0.00068394205,0.00056938914,lp7dgt60.png,0,test
0.00033010365,0.009554633,0.0007706548,0.0007427501,lpgwdq8n.png,0,test
0.000900284,0.012907441,0.00155044,0.0014201277,lq5mp96k.png,0,test
0.00038796422,0.010401642,0.00085710647,0.00087372516,lqk7uuna.png,0,test
0.00053112436,0.010758825,0.0014948939,0.0013087348,lr13mwp1.png,0,test
0.0003278173,0.009560718,0.0007690968,0.0007278189,lrnqn5qj.png,0,test
0.00036555622,0.010350848,0.0006584721,0.00059988303,lrugy3rw.png,0,test
0.00041398138,0.01083023,0.0007467316,0.00069911126,ls7uwded.png,0,test
0.00033179653,0.009634591,0.00081503385,0.0006926302,lt19yagg.png,0,test
0.00028546675,0.009394395,0.0006694179,0.0005503394,lt5m34vg.png,0,test
0.00034550976,0.009867113,0.000864048,0.0006881194,ltbzefvm.png,0,test
0.00036826858,0.010281732,0.0006908334,0.00064894796,lupql3dh.png,0,test
0.0003880458,0.010447297,0.00064822275,0.00053682923,lwjh4ay4.png,0,test
0.00039569117,0.010590027,0.000675371,0.0005859033,ly5w3rq6.png,0,test
0.00029803824,0.009309698,0.0006653532,0.0006500663,lyg6d93w.png,0,test
0.0003709771,0.00993341,0.000979926,0.000939569,m0kxanz9.png,0,test
0.0002986321,0.009414231,0.00064532907,0.000554659,m0unjmaq.png,0,test
0.00031243975,0.009529432,0.00071581895,0.0006725284,m12rr05t.png,0,test
0.0006063437,0.011555116,0.0016595706,0.001230377,m1883f7a.png,0,test
0.0003635592,0.010205031,0.0007660056,0.0007086876,m1jlr5gr.png,0,test
0.00066103536,0.011075093,0.0022262833,0.0015082393,m23ht47e.png,0,test
0.00039883135,0.0107690515,0.00070690777,0.0006935398,m3chw9tr.png,0,test
0.00029454046,0.0094528105,0.00065468426,0.00056536123,m3mulob7.png,0,test
0.00036859835,0.010342657,0.00068703335,0.0006648966,m3p205yp.png,0,test
0.00031226233,0.009639748,0.0006391773,0.00064609817,m3pp00cd.png,0,test
0.0003312864,0.009784166,0.00074116833,0.00068437424,m4w7acsd.png,0,test
0.00036865633,0.010333944,0.0006244314,0.0005973322,m54tybqg.png,0,test
0.00033932028,0.009966378,0.00071675936,0.00064040103,m5amw6im.png,0,test
0.0005340467,0.01139694,0.0012475885,0.0009343837,m5ns302c.png,0,test
0.00035377897,0.0099821985,0.00074607093,0.00076639483,m6055e27.png,0,test
0.00028530342,0.009224565,0.0006144342,0.0006176041,m62hdxc6.png,0,test
0.0003136477,0.0095607545,0.0006698412,0.0006122908,m67rlh4q.png,0,test
0.0008316984,0.0128490515,0.0014804031,0.0014367421,m6gttfpt.png,0,test
0.00038962165,0.010612115,0.000697259,0.0006121495,m6rzq0h1.png,0,test
0.0003513337,0.00986909,0.00087041175,0.00075660355,m77od32y.png,0,test
0.0003023293,0.009538476,0.00069683173,0.00057726726,m9q11zod.png,0,test
0.00040874007,0.010812546,0.000748372,0.0006392578,m9s7gxn9.png,0,test
0.00034284082,0.010077145,0.0007100017,0.00059994275,ma45w01g.png,0,test
0.00035916397,0.010250525,0.000658956,0.0005896994,marfvb7z.png,0,test
0.00035843963,0.010294755,0.00064503436,0.00060041825,maulremo.png,0,test
0.00037160874,0.01039539,0.0006767661,0.00060032285,mb3ikez7.png,0,test
0.00033184982,0.009844823,0.0006796961,0.0007015175,mbgcn9l5.png,0,test
0.00036727125,0.010338208,0.0006796914,0.00058650423,mc4ix6ap.png,0,test
0.000303398,0.009566277,0.00070009544,0.00058258226,mdfxngf6.png,0,test
0.00036834975,0.010328187,0.000745272,0.0006345156,mdja5tn6.png,0,test
0.0003789872,0.01057822,0.00076461624,0.0007066573,mdv2wkpq.png,0,test
0.00038272704,0.010605887,0.00072102307,0.00064148084,me8v6u9u.png,0,test
0.00033153335,0.009836451,0.00074689486,0.0007133987,meozf6ml.png,0,test
0.00037884683,0.01029552,0.0007162082,0.00074567925,mf2s37rc.png,0,test
0.00037929535,0.01043909,0.00064634765,0.0005691709,mhgg22i9.png,0,test
0.00032860372,0.009789894,0.000740305,0.0006882826,mi0ui02k.png,0,test
0.0003393239,0.010060312,0.0007008015,0.0005875322,mi6eib8v.png,0,test
0.0004375778,0.010769695,0.0007388981,0.0006031984,miob93my.png,0,test
0.00031375227,0.009531319,0.000715943,0.0006466003,mjjwl83q.png,0,test
0.00030223856,0.009334984,0.00066337903,0.0006386672,mjpp0l0p.png,0,test
0.00030813797,0.009642841,0.0006886181,0.000596772,mk0pled0.png,0,test
0.0003141342,0.00942597,0.00071384193,0.00068085414,mkqv8uds.png,0,test
0.0003192885,0.009652726,0.0006829586,0.0006038386,mkui8ayk.png,0,test
0.00029538726,0.0093107745,0.0006158567,0.0006112532,ml8804fi.png,0,test
0.0004658293,0.011470966,0.0007927403,0.0007170183,mlpy9bcu.png,0,test
0.0003415051,0.0096935015,0.0008345356,0.00078663847,mlzhpfn5.png,0,test
0.00034703498,0.00975518,0.0008779964,0.0007546283,mm5gt8tk.png,0,test
0.00044778318,0.011036445,0.0008034409,0.00076628616,mm9sect5.png,0,test
0.0002797717,0.008975637,0.00064105133,0.0005639553,mn9ztdy6.png,0,test
0.00033872967,0.009709084,0.0007672849,0.00075277424,mnmv203t.png,0,test
0.00088573125,0.01283211,0.0017104624,0.0015372531,mnodv0o6.png,0,test
0.00042215313,0.010835814,0.0006680516,0.0006103232,mnon1iwz.png,0,test
0.00029619987,0.009266213,0.00067634025,0.00055715325,mnqlx6dw.png,0,test
0.0002913439,0.009465173,0.00063875737,0.0005570695,moes1ai9.png,0,test
0.00032099985,0.009637593,0.0007606289,0.0006242976,moq0ewe1.png,0,test
0.0003405443,0.010106165,0.00064050744,0.0005600176,movt68tf.png,0,test
0.00035922165,0.009955805,0.0009556296,0.0008887793,moxsfh4g.png,0,test
0.00034415012,0.010150684,0.0006581711,0.0005866007,mpbe4a3y.png,0,test
0.00033100895,0.009968164,0.00067690684,0.0005659706,mpbhv2pl.png,0,test
0.0003743714,0.010061676,0.0006743829,0.000679683,mpm3lw87.png,0,test
0.0003844006,0.010470849,0.0006632455,0.0005688089,mqubzl1d.png,0,test
0.00030547052,0.009242305,0.00070571696,0.0006209613,mqyvq8kp.png,0,test
0.00031816168,0.009701199,0.00072718324,0.0006039941,mr8wdd5w.png,0,test
0.00031260494,0.009470827,0.00067948684,0.000645504,mrjqlz7u.png,0,test
0.00042487826,0.0109397685,0.0007091627,0.00060771854,msc9bcl9.png,0,test
0.00034506095,0.010088511,0.00068374665,0.0005715084,msckakl9.png,0,test
0.00029152192,0.009428434,0.0006224178,0.0005289832,mspzpdyj.png,0,test
0.00035435302,0.010348654,0.0006978337,0.0006114328,mt5ophp9.png,0,test
0.00034369875,0.010086972,0.00061517017,0.0006127771,mthwej23.png,0,test
0.00065272785,0.012370283,0.0014330901,0.0015227633,mtz1fpr7.png,0,test
0.00033566324,0.00996194,0.0006755908,0.00058790855,muj9qhdo.png,0,test
0.00096044864,0.013216924,0.0017283383,0.0015715258,mum0a127.png,0,test
0.00038596074,0.010503113,0.00064540457,0.00058499986,muvanxah.png,0,test
0.00029981125,0.009399857,0.00064769865,0.0006069416,muvhgqk8.png,0,test
0.00048433998,0.011281726,0.00085984886,0.0007133751,mvgbmeof.png,0,test
0.00030728386,0.009458454,0.00066145335,0.00065646385,mwbv6ihd.png,0,test
0.00034401816,0.009930862,0.0008397961,0.0007100966,mwz0w7n5.png,0,test
0.00032368457,0.00965404,0.0006704747,0.0006678084,mx5b1ha3.png,0,test
0.00096538867,0.013326511,0.0019473424,0.0014447664,my8evza7.png,0,test
0.00031569903,0.009641979,0.0006899513,0.0005929233,mymuserc.png,0,test
0.00029204277,0.009384791,0.00062843855,0.0005601966,myr77yh3.png,0,test
0.00035959107,0.01033229,0.0006598373,0.0006102413,mz05vq0k.png,0,test
0.00043337978,0.011059356,0.0006751867,0.00066013867,mzgh4a9z.png,0,test
0.0003586314,0.009984384,0.0007952926,0.00081575126,mzknc8xl.png,0,test
0.000355414,0.010008535,0.000851868,0.00077935343,n0hb8xbc.png,0,test
0.0003698079,0.010357213,0.00067371747,0.00067219493,n1ffckkg.png,0,test
0.0003027847,0.009370123,0.00066524855,0.00063864054,n1m6u2ll.png,0,test
0.00036506695,0.010295243,0.000714875,0.0006462691,n202i84k.png,0,test
0.0003147543,0.009569892,0.000733971,0.0007519852,n24xcrwd.png,0,test
0.00031729392,0.009653792,0.000731437,0.0006060839,n38foxy2.png,0,test
0.0010135206,0.013355869,0.0023500402,0.0017397988,n3t268o2.png,0,test
0.0003813773,0.010426576,0.00065900135,0.0005639823,n518jnri.png,0,test
0.000308352,0.009561788,0.00066603924,0.0006589968,n5e0ev6x.png,0,test
0.0003357177,0.009617127,0.0007981571,0.00076888915,n5j6slaz.png,0,test
0.00039116593,0.010691573,0.000781902,0.00068551797,n6aarhnp.png,0,test
0.00030722492,0.009449669,0.00072854746,0.00059162173,n6ohja1m.png,0,test
0.00063318666,0.010842503,0.0014849814,0.0013908833,n74sy6jh.png,0,test
0.0003538807,0.009847284,0.00080904504,0.00080266217,n79md47c.png,0,test
0.00039781816,0.010369541,0.0006574882,0.00059856405,n7f4x1na.png,0,test
0.00032018122,0.009728632,0.00066154933,0.0005871344,n7pr39ax.png,0,test
0.00030885928,0.009551545,0.0006812844,0.0005843263,n8dk13zp.png,0,test
0.00037626945,0.010457135,0.0006461466,0.0005877103,n96ue75i.png,0,test
0.00036415333,0.009820972,0.00088390155,0.000781266,n99nvty1.png,0,test
0.0003372764,0.009823929,0.0007402352,0.0007646303,n9f5am0k.png,0,test
0.00029422133,0.0093928045,0.0006756985,0.0005920059,n9ji7ome.png,0,test
0.0009179778,0.012917415,0.0016748515,0.0015748788,n9s72pu7.png,0,test
0.0006071734,0.010846062,0.0018306144,0.0011879316,nagckjsa.png,0,test
0.00035662926,0.009998815,0.0006829097,0.00069605303,nana36u4.png,0,test
0.00034921782,0.010063744,0.0006305911,0.00054406316,narl8tfy.png,0,test
0.00038038567,0.0105303675,0.00071066676,0.0006591181,nb9u8qrq.png,0,test
0.00037222725,0.010383434,0.00071023125,0.00058750086,nbecawbm.png,0,test
0.00031018213,0.009485616,0.00066599285,0.0006671109,nbil8b5l.png,0,test
0.00053807406,0.010973811,0.0015701635,0.0011698769,nciq1hxg.png,0,test
0.0003042934,0.009476537,0.00063619384,0.000619782,ncticeaa.png,0,test
0.0004433756,0.010810142,0.000883734,0.0007958217,nda2xasu.png,0,test
0.00030969962,0.009432019,0.000684931,0.0006371147,ne4590ok.png,0,test
0.00030568463,0.009425831,0.00069566956,0.00068919396,ne6yiwds.png,0,test
0.00039218154,0.010550103,0.00073197496,0.0007244564,neoblrqu.png,0,test
0.00032708287,0.009720579,0.0007593909,0.0006135663,nf3lpb30.png,0,test
0.00094552536,0.012855333,0.0019259868,0.0014281452,nf8j0su8.png,0,test
0.00031707136,0.009626129,0.0006908362,0.00070125423,nffykpl3.png,0,test
0.0003813968,0.01060217,0.00067521865,0.00061582215,nfie16nu.png,0,test
0.00038391957,0.010125585,0.0008760572,0.00082075957,nh1cbhf1.png,0,test
0.00032383727,0.009596316,0.0007399968,0.0006597765,nh6a144f.png,0,test
0.00029173383,0.009243666,0.0006345305,0.00056905457,nhdfaj02.png,0,test
0.00032238325,0.009676651,0.0007154931,0.00064727134,ni5qojiv.png,0,test
0.00029673387,0.009389645,0.0006038508,0.0006168314,nj53tisn.png,0,test
0.0003462404,0.010092989,0.00063137844,0.0005600208,njppxi4v.png,0,test
0.00029253244,0.009331819,0.00064260303,0.0005886007,njsleu1s.png,0,test
0.0002991006,0.009329937,0.0006381328,0.00064181344,nkx5zt5t.png,0,test
0.00032650778,0.009519944,0.00076255103,0.00070320483,nkzi0vme.png,0,test
0.0003408417,0.010055037,0.00064146443,0.00055736036,nmaa9g5i.png,0,test
0.0002904433,0.009286967,0.0005844954,0.0005922566,nmce4pev.png,0,test
0.00040258153,0.010680231,0.0006124063,0.000628135,nmj3yh2a.png,0,test
0.0004105695,0.010600864,0.0006356162,0.0005970311,nmo0bzxc.png,0,test
0.0003184853,0.009575775,0.0006826841,0.00068946084,nohg3vtl.png,0,test
0.00039577,0.010479216,0.0005830477,0.0005715242,notfpfio.png,0,test
0.0004059252,0.010380789,0.0007896154,0.0007996268,npwabxi2.png,0,test
0.00037613936,0.010132633,0.00088770565,0.0008587679,nq5hbogb.png,0,test
0.0003014145,0.009437964,0.0006341279,0.0006354774,nqege5ek.png,0,test
0.00070085627,0.011253131,0.0017607883,0.0017234616,nqo988j1.png,0,test
0.00039081933,0.010576495,0.0006917336,0.0006404246,nr1lwfqh.png,0,test
0.00029926706,0.009379022,0.0006177738,0.0006333193,nrauz73b.png,0,test
0.00029542416,0.009548862,0.0006482342,0.0005790172,nritd7ku.png,0,test
0.0003782518,0.010566548,0.000731658,0.00063669874,nsxnmnpi.png,0,test
0.00033336732,0.009838713,0.00068973884,0.00072340464,nt0q7h21.png,0,test
0.00037103659,0.010407266,0.0006394472,0.0006037574,nt2n34zn.png,0,test
0.00032720016,0.009694511,0.00070503104,0.00071226567,nt3yupdd.png,0,test
0.0003239181,0.009462297,0.00076495594,0.0007499564,nuotsqei.png,0,test
0.00034996812,0.010074203,0.0006023034,0.00057419616,nv2so6du.png,0,test
0.00034893682,0.010077937,0.0006847454,0.000637819,nv31elcp.png,0,test
0.00030695455,0.009568743,0.0006878968,0.0006138794,nvw8sjbc.png,0,test
0.0003683973,0.01031841,0.00069598213,0.0006713898,nvy8v4pa.png,0,test
0.0008962874,0.013112584,0.0015517721,0.0014019284,nxh6diog.png,0,test
0.00032097765,0.009544526,0.000693083,0.000709536,nydga45o.png,0,test
0.0004754971,0.0113366945,0.00084779755,0.0007917558,nymwldrv.png,0,test
0.00030355772,0.009433738,0.0006512296,0.0005998309,nyq6pg84.png,0,test
0.00033393438,0.009649822,0.00074373116,0.0007645744,nz0agr58.png,0,test
0.00031158826,0.0095802415,0.0007053019,0.0005955592,nzze2tbs.png,0,test
0.00030599712,0.009504351,0.00071910984,0.00058670045,o17cknm7.png,0,test
0.00038577634,0.010075532,0.0010208547,0.000951026,o1exwphy.png,0,test
0.00033116085,0.009685285,0.0007588242,0.0007450831,o1xonvqs.png,0,test
0.0003062973,0.009584999,0.0007053692,0.00060245296,o2n5muy0.png,0,test
0.00040519307,0.010384424,0.0010605373,0.00096018444,o2nqw4c6.png,0,test
0.00034343087,0.010011448,0.0006965915,0.0006209046,o2xx7zl4.png,0,test
0.00029161188,0.009169188,0.00061579,0.0006133543,o31nzsxp.png,0,test
0.00032244876,0.009698617,0.0007232924,0.00071149465,o31w9n30.png,0,test
0.00032674897,0.0096569825,0.0007356373,0.0006746269,o348usbn.png,0,test
0.00031681225,0.009494238,0.00078896416,0.0007323346,o4jnmyk8.png,0,test
0.00030024475,0.009540808,0.00065551396,0.00057253527,o4pyap3j.png,0,test
0.00030635917,0.009256947,0.0007023692,0.000668834,o4sq5ihv.png,0,test
0.00034298137,0.009904821,0.00076607184,0.00074727664,o5gjef9k.png,0,test
0.00040494063,0.010617655,0.0007230001,0.0006696998,o6ihyx7k.png,0,test
0.00043832348,0.010761984,0.000834199,0.0006312914,o6ryxjcq.png,0,test
0.0003859419,0.010470831,0.0006413505,0.0005836478,o7f89ye8.png,0,test
0.0003839699,0.010445225,0.0006342996,0.000560438,o7hzoet3.png,0,test
0.0004192255,0.009606873,0.0007826884,0.00070728373,o7nzqc6y.png,0,test
0.00035294055,0.010240073,0.0006694755,0.00060573936,o85i1vdv.png,0,test
0.00037639413,0.010144042,0.0009447943,0.00083680055,o93met8n.png,0,test
0.0005851925,0.011269863,0.0017095883,0.0012723625,o98z2mf0.png,0,test
0.00032415648,0.009604561,0.00073859876,0.0007228028,o99k9jvs.png,0,test
0.0003892395,0.010373319,0.00073310017,0.00073632697,oa7u4m05.png,0,test
0.000346541,0.009823455,0.0008416906,0.00082677935,oa83z725.png,0,test
0.0002948729,0.009247972,0.0006223753,0.00061210204,oae527ps.png,0,test
0.00030680394,0.009416265,0.0007024926,0.0006053167,oaukj9ik.png,0,test
0.00031250878,0.009507806,0.00067641574,0.0006940226,obck3erv.png,0,test
0.0002852454,0.0092122285,0.0006403434,0.0005507779,ocn8ds7k.png,0,test
0.0010138053,0.013658108,0.0022499685,0.0016654701,od13b61k.png,0,test
0.0010091427,0.013414342,0.002287604,0.0016926476,od42cqvg.png,0,test
0.000887184,0.012810371,0.0015724237,0.0014225463,od4ewq5b.png,0,test
0.0002975594,0.009459994,0.00070162,0.00061251695,od97qq1q.png,0,test
0.00040523265,0.010652769,0.0006973162,0.00060638296,odksvqny.png,0,test
0.00034639874,0.009811172,0.0007414933,0.0007548207,odoxf94a.png,0,test
0.00041334372,0.01060268,0.00066376774,0.00059367897,odp187i1.png,0,test
0.00036051287,0.010229891,0.0006349081,0.00058527745,oedl1yeo.png,0,test
0.00037664897,0.010324913,0.00065367954,0.00059637614,oes49j9v.png,0,test
0.0003133715,0.009445523,0.0006746545,0.0006916355,of7f8t3k.png,0,test
0.0003673711,0.009990355,0.00082892796,0.00082716206,ofw27chg.png,0,test
0.00029245488,0.009294962,0.00071936107,0.00058197026,ogyb6pjn.png,0,test
0.00040489587,0.010745897,0.0006783782,0.00058177527,ohbicncu.png,0,test
0.00029011918,0.009328151,0.00063995813,0.00054990523,ohk0veyd.png,0,test
0.0003562122,0.010073617,0.0007236094,0.0006362081,ojccwx9b.png,0,test
0.00032645673,0.009780393,0.00074059644,0.0007144506,ojtxcf0k.png,0,test
0.0003424911,0.009636449,0.00085670606,0.000830755,ok02qfyg.png,0,test
0.0002906571,0.00927465,0.00066325255,0.0005734809,ol74027p.png,0,test
0.000346229,0.009943685,0.0005923574,0.0005651542,oldcz59s.png,0,test
0.0004046264,0.010700563,0.0006820082,0.0006870093,olx2dfkn.png,0,test
0.00048974424,0.011583156,0.0008055765,0.00075922906,onrqkstl.png,0,test
0.00041777463,0.01067185,0.0007171798,0.00071705045,onrrhrbc.png,0,test
0.00037706643,0.01057832,0.00068814325,0.0006221512,oo2qmotd.png,0,test
0.00031364718,0.009462018,0.00064696965,0.00064664596,oobagxkk.png,0,test
0.00032290563,0.009959685,0.0006619473,0.0005653517,oocqj74x.png,0,test
0.0004090318,0.010736812,0.0007044456,0.0006125582,ook1omnw.png,0,test
0.0003728725,0.010191064,0.0008183128,0.00078797486,oop767j2.png,0,test
0.0003063892,0.009559874,0.00063322735,0.0006032407,opxaxujb.png,0,test
0.0010251362,0.013306353,0.0021196427,0.0015694454,oq0dq1fl.png,0,test
0.0003206653,0.0096945,0.0008075464,0.0006133889,oqomu8ys.png,0,test
0.0009731773,0.013355082,0.0019813,0.001470947,or67afy7.png,0,test
0.00041063174,0.010773777,0.0007416022,0.0005861942,or6ty9co.png,0,test
0.0003911917,0.009532765,0.00074347283,0.0007615062,ou8n10q3.png,0,test
0.00030297463,0.009348965,0.00068004936,0.00069577235,ouv75d3n.png,0,test
0.00039857865,0.010801271,0.00074415706,0.0006554355,ovrt88l3.png,0,test
0.0009831215,0.013236236,0.0017666427,0.0015223834,ovxpkayb.png,0,test
0.00038047036,0.010268261,0.000650368,0.0005549195,owe9zejr.png,0,test
0.00032737464,0.009764816,0.00070707063,0.00069313636,owt9nm3v.png,0,test
0.00037114084,0.010112558,0.00082590926,0.00079274323,ozlr9gge.png,0,test
0.00035913583,0.010332431,0.00069088436,0.00061799533,ozo3ixfx.png,0,test
0.00034571174,0.00988083,0.00076250243,0.00069217925,p0hzwcyk.png,0,test
0.00035136813,0.010017889,0.00075129117,0.00067579816,p0w17col.png,0,test
0.0009850173,0.013441689,0.001940729,0.0014385952,p0y6zsmd.png,0,test
0.0005181191,0.011020452,0.0013240242,0.000988481,p1dhdgdl.png,0,test
0.00041056657,0.010842623,0.00066912605,0.00055424083,p1v0ib38.png,0,test
0.00031779552,0.009437807,0.0007298552,0.0006998093,p1wnsqha.png,0,test
0.00043636988,0.0097891735,0.000992353,0.0011163509,p22lecvq.png,0,test
0.00039340672,0.0106783435,0.0006870712,0.00064117106,p2im7h9m.png,0,test
0.0003037618,0.009412825,0.0006572699,0.0005779898,p33sa0iw.png,0,test
0.0003657603,0.01040561,0.0006741636,0.0006037812,p3k1tsbd.png,0,test
0.00034996888,0.009745954,0.0008354136,0.0008166314,p44g96hw.png,0,test
0.00039778993,0.010601237,0.0006480481,0.0005886328,p4if7m0v.png,0,test
0.0007198093,0.011278005,0.002898358,0.0019361053,p7uelbi7.png,0,test
0.00030207005,0.009252324,0.00068400014,0.0006964665,p82j3tps.png,0,test
0.00040831798,0.010719597,0.00070345495,0.00063033815,p8wz1oys.png,0,test
0.0003185433,0.009568495,0.0006935053,0.0006950135,p94ytncz.png,0,test
0.00039026834,0.010652845,0.0006432128,0.0006039974,pa3ljql0.png,0,test
0.00033062106,0.00999238,0.0006062283,0.0005377099,paccwkso.png,0,test
0.001047632,0.013655249,0.0021884618,0.0016185296,pafp4arp.png,0,test
0.00034361126,0.009938671,0.00071130163,0.0006402338,pai5fxqz.png,0,test
0.00033875578,0.009754869,0.0007823573,0.0007687096,paknsjv4.png,0,test
0.00039810053,0.010670111,0.00075235445,0.0007376445,pbdqe9bd.png,0,test
0.0004211463,0.010890136,0.0006828655,0.00060487346,pbdsdhpv.png,0,test
0.00055199076,0.011071009,0.0015990287,0.0011950373,pbedea4x.png,0,test
0.00032177416,0.009596768,0.00071879954,0.0007339592,pbht3ax5.png,0,test
0.0005306711,0.010845771,0.0014629095,0.0013031227,pbn2wg6o.png,0,test
0.0003130463,0.009428167,0.00083606434,0.00064593105,pbwfo46l.png,0,test
0.0003134135,0.009552031,0.00068780617,0.0006595839,pc1cbwym.png,0,test
0.00033911463,0.010067615,0.0006710142,0.0005953651,pcfm6qxy.png,0,test
0.0003606227,0.010170383,0.0006434628,0.0006028556,pdhtiffv.png,0,test
0.00031808286,0.009511427,0.0007706059,0.0007456912,pdkfeeko.png,0,test
0.00040418346,0.010728554,0.00064581237,0.0006023605,pe7v27a8.png,0,test
0.0003645562,0.0100332135,0.0008346227,0.0008273486,pet5ruva.png,0,test
0.0003317956,0.009975064,0.00062818074,0.00055248867,peu2s3og.png,0,test
0.0003335105,0.009677908,0.00080214394,0.00078261236,pfdrwb2s.png,0,test
0.00029167527,0.009346559,0.0007136404,0.0005778138,pgnifpvd.png,0,test
0.00041691572,0.010674335,0.00073036103,0.00066825724,phfnh5b7.png,0,test
0.00030890046,0.009544366,0.0006726454,0.00060168206,pjqbtk0t.png,0,test
0.00034332115,0.010058538,0.0006574823,0.0006087316,pjxcbhaa.png,0,test
0.00034320616,0.010091689,0.0006269954,0.0005891444,pjyierth.png,0,test
0.00034697176,0.00986947,0.0007621151,0.00078586704,pkc33maa.png,0,test
0.00035958827,0.010215862,0.00065204967,0.0005979983,plusqrvp.png,0,test
0.00043243577,0.010750762,0.00076705276,0.00058525056,pm60z2i6.png,0,test
0.00033755982,0.010021842,0.0006508971,0.0005767472,pmfhmgaw.png,0,test
0.00030646872,0.009393133,0.00066207914,0.00065823924,pmiay8ml.png,0,test
0.00033895185,0.009685388,0.00080045866,0.0007924538,pmu6gyro.png,0,test
0.00032805526,0.009682738,0.00076324586,0.00075569004,pmx721cm.png,0,test
0.0003817989,0.0102220075,0.000770774,0.00075748464,pnvjaz2e.png,0,test
0.00035286532,0.010193117,0.0006763359,0.00059873896,pnysynsk.png,0,test
0.0003788831,0.009910292,0.0010099022,0.0009704879,poy593ng.png,0,test
0.00038180838,0.010309022,0.00065253786,0.00057621294,pq67xwlr.png,0,test
0.00037968988,0.010523436,0.00068106997,0.0006333205,pqr9pe6c.png,0,test
0.00030524415,0.00938216,0.00068242406,0.0006371623,pqxxj3of.png,0,test
0.00028591635,0.0093555525,0.00064829615,0.0005553251,pr4tw5s6.png,0,test
0.00030752548,0.009539619,0.0006282949,0.00065044995,prtt3nup.png,0,test
0.00032089214,0.009683841,0.0007154583,0.0006300388,prwy8zoi.png,0,test
0.00033604092,0.009754259,0.00075059495,0.0007371929,psaldnj7.png,0,test
0.00033628303,0.009996923,0.00068053487,0.0005944407,ptu372vj.png,0,test
0.0003653277,0.01028811,0.0006652911,0.0005807128,pu8pcu24.png,0,test
0.00039506302,0.010685272,0.0007155818,0.000592739,puq8mckn.png,0,test
0.00038725176,0.010548369,0.0006256176,0.00061631267,puwh1oqv.png,0,test
0.00031436226,0.009583243,0.0007056597,0.0006069551,puyw6mxr.png,0,test
0.00030492342,0.009061911,0.00072081294,0.0006628484,pw8zw7nh.png,0,test
0.00033220678,0.010041128,0.0006139757,0.0005508932,pwjto7f2.png,0,test
0.0003546973,0.010320706,0.00069094857,0.00057011045,pxc82slz.png,0,test
0.00039144105,0.010496383,0.00066951086,0.000549874,pxkq9dt1.png,0,test
0.0004293557,0.010719223,0.00071899424,0.0005746667,py221le1.png,0,test
0.0003591816,0.010304097,0.0006644315,0.000598366,pyg638yi.png,0,test
0.0010436414,0.01366393,0.0020974628,0.0015526363,pyk5sk39.png,0,test
0.00042636495,0.010774089,0.00069675996,0.00068414456,pyts91af.png,0,test
0.00031570863,0.009515988,0.0006703224,0.0006748665,pyynq66q.png,0,test
0.0005551932,0.011897591,0.000894959,0.00081185333,pz1ia2ga.png,0,test
0.00035041018,0.009953159,0.0007038775,0.0007031958,pzd8n0ob.png,0,test
0.0003206165,0.009672888,0.00069450226,0.00066271715,pzrv0j35.png,0,test
0.00034227266,0.01006373,0.00068221334,0.00059107685,q0qcilc6.png,0,test
0.0003517779,0.009844775,0.00084182806,0.0007722748,q10o9qqw.png,0,test
0.00035401544,0.010268947,0.0006737921,0.00056847616,q25ywtk8.png,0,test
0.00036735937,0.01024072,0.0006375584,0.0005383974,q2mlwuwn.png,0,test
0.00034273494,0.009900668,0.0008040508,0.00070911786,q3yxspg5.png,0,test
0.00032319062,0.009725817,0.00072921184,0.00062673644,q4tndnqb.png,0,test
0.00028532252,0.0093036285,0.0006356899,0.0005294676,q5hhoi4k.png,0,test
0.0003490187,0.01014499,0.0006442227,0.00063729327,q73dlpgb.png,0,test
0.00038024594,0.010502848,0.0006794,0.00063403416,q8h9spck.png,0,test
0.00043765217,0.010978854,0.0006322438,0.0006250742,q8ta8rqd.png,0,test
0.0004174714,0.01087573,0.0006897435,0.0006590485,q9al3uct.png,0,test
0.00031529856,0.00969904,0.0007141908,0.0007001737,q9wfb76a.png,0,test
0.0003501521,0.01024482,0.00064954045,0.0005723609,qa1rpm8u.png,0,test
0.00035768966,0.009902214,0.000859806,0.0008453926,qa2zqrpv.png,0,test
0.00033943154,0.009795303,0.00067014043,0.00061503757,qa9lbpre.png,0,test
0.00029312074,0.009324437,0.0006107006,0.00059974956,qb09uw8p.png,0,test
0.00058916386,0.011469595,0.0017290459,0.0012859432,qb5tnn41.png,0,test
0.00033768706,0.009598486,0.0008116472,0.0007938982,qbh0ryh5.png,0,test
0.00030364003,0.009341481,0.0006632677,0.0006250324,qbkk2bil.png,0,test
0.00027791527,0.009035822,0.00059512845,0.0005690669,qbvtdg3c.png,0,test
0.00040843344,0.010751018,0.0006561058,0.00061771245,qc0e99zw.png,0,test
0.0004675602,0.011251633,0.0008752223,0.00081715366,qc5yald7.png,0,test
0.0003363882,0.009925195,0.000695934,0.000628492,qc63yqiy.png,0,test
0.00030597087,0.009510704,0.00066067534,0.00060821435,qcd1d364.png,0,test
0.00031634493,0.009717375,0.0006344357,0.00067218085,qcz0n04o.png,0,test
0.00034810952,0.010141419,0.0006789055,0.00055894774,qdfq6ch3.png,0,test
0.00032368756,0.009769339,0.0007331208,0.00063347875,qeaeq2if.png,0,test
0.00034684117,0.010166844,0.0006416772,0.0006122006,qeqtkolh.png,0,test
0.0003078024,0.009338958,0.0007078041,0.00070297497,qfcpk7pw.png,0,test
0.00042617205,0.01096108,0.0007975923,0.0007553388,qgexp8wy.png,0,test
0.00033771084,0.010039319,0.0006344362,0.0006022985,qgh9vfja.png,0,test
0.0002979719,0.009317651,0.0006641006,0.0006231916,qgo8ryww.png,0,test
0.0009558699,0.013047591,0.0018948445,0.0014606555,qin5ibw0.png,0,test
0.0002981746,0.009344467,0.0006171667,0.0006319423,qixuce5y.png,0,test
0.00027488606,0.009083424,0.00065987173,0.00053098047,qj41k7lo.png,0,test
0.00030964098,0.0095419595,0.0006987403,0.00062167685,qj6276yo.png,0,test
0.0010145151,0.013586575,0.0019032137,0.0016127212,qjw4idne.png,0,test
0.00034559733,0.010047929,0.0006674427,0.0005979919,qjwearob.png,0,test
0.00031129667,0.009481667,0.0006927,0.00069507596,qkv0n4h2.png,0,test
0.0002816904,0.00911912,0.00059212145,0.0005575096,ql0sckcw.png,0,test
0.0004041299,0.010644928,0.00067126454,0.00062742335,qlhpj345.png,0,test
0.00040067002,0.01053238,0.00066798844,0.0006337312,qma6dt26.png,0,test
0.00030968292,0.009520116,0.00070762436,0.0006090103,qmr2zh5t.png,0,test
0.0009679545,0.013376861,0.0017680781,0.0015533837,qmsieuxj.png,0,test
0.00040538088,0.01056834,0.00060588954,0.00061143184,qng8dzaf.png,0,test
0.00043001532,0.0109939035,0.00077979075,0.0007390096,qo44hdlo.png,0,test
0.00040478207,0.010508552,0.00064579095,0.0005674802,qohhft48.png,0,test
0.00034485947,0.01009393,0.00068989873,0.00060899864,qorgnlho.png,0,test
0.00034035146,0.009470803,0.0008996184,0.0008589511,qp01rr7u.png,0,test
0.0002948046,0.009253835,0.00060422096,0.0005977427,qqqt0ygs.png,0,test
0.000442765,0.010807252,0.00080157636,0.0006046596,qqxt7jo0.png,0,test
0.0003035072,0.009473292,0.0006320911,0.00064825796,qr3ev1rd.png,0,test
0.00036862373,0.0099976165,0.00086148374,0.00087126845,qrbjaone.png,0,test
0.00036572694,0.010095356,0.0007365927,0.0007500865,qsl7m33d.png,0,test
0.00035931813,0.010139237,0.00062057114,0.0005794519,qsn5qc35.png,0,test
0.00038022042,0.010483493,0.00071904063,0.0006440666,qsnzjwl8.png,0,test
0.0003387544,0.0098588485,0.00076347485,0.00075045833,qu7dknnc.png,0,test
0.00095171435,0.013040603,0.001671805,0.0015171687,qw64b9kk.png,0,test
0.00091236626,0.01288561,0.0015636319,0.0014774761,qwt1c7dr.png,0,test
0.0003967989,0.01067925,0.0006231989,0.0006091823,qy2945sb.png,0,test
0.0003620045,0.0100443605,0.0008311567,0.00080558896,qy4i3ikj.png,0,test
0.00028890301,0.009355854,0.0006640592,0.00054252316,qylbos46.png,0,test
0.00030022103,0.009286156,0.0006853294,0.00059380964,qyu0t9wl.png,0,test
0.00034851918,0.009902237,0.00076904224,0.0007689818,qyvfgeq9.png,0,test
0.0002944703,0.009341642,0.00064007746,0.00058941275,qz2dtjru.png,0,test
0.00037708262,0.010418835,0.00062111416,0.0005350836,qz3075d0.png,0,test
0.000295148,0.009205282,0.00068220496,0.0006942332,qzn7xbvz.png,0,test
0.00031697363,0.009593847,0.0006847135,0.000649574,r1133d91.png,0,test
0.00056015496,0.011198253,0.0015406017,0.0011517755,r1e0e8gm.png,0,test
0.00035799187,0.010289765,0.0006724687,0.0006070935,r29fmsh9.png,0,test
0.0003735087,0.010472179,0.00067520444,0.00067359436,r2nxyztb.png,0,test
0.00028602028,0.00927309,0.0006101336,0.00056386733,r2pryvf3.png,0,test
0.00031298873,0.009467598,0.00073114265,0.00063333975,r2tlsbmf.png,0,test
0.00030632652,0.009381278,0.0007067947,0.0006865965,r39iixha.png,0,test
0.00092619157,0.013141569,0.0019343877,0.0014342482,r3bxho8s.png,0,test
0.00038647166,0.010316933,0.0009057501,0.0008047344,r4295loo.png,0,test
0.00037688133,0.01049502,0.0007283746,0.0006168222,r50p5m56.png,0,test
0.00034334807,0.009641878,0.00081286946,0.00080315815,r5ert8ze.png,0,test
0.00059626956,0.011805272,0.0012677375,0.0010386404,r5llxipl.png,0,test
0.00029350017,0.009217492,0.0006431286,0.00061733346,r6kfkldf.png,0,test
0.00035608406,0.010091594,0.000693822,0.00059451256,r8g3mrfv.png,0,test
0.00034030888,0.010115725,0.0006940223,0.0005848834,r96rs6ky.png,0,test
0.00031012064,0.009446873,0.00071589794,0.000689553,r9d02u7j.png,0,test
0.00037041862,0.010424497,0.00064789265,0.0006421705,r9okat9h.png,0,test
0.00069439143,0.011295,0.0018055999,0.0016965324,r9xszzvv.png,0,test
0.00038378363,0.010460298,0.00061718584,0.00056182424,raebp5l1.png,0,test
0.00030379448,0.00936419,0.00067585235,0.00065910455,rag0kxxk.png,0,test
0.00029013513,0.009333516,0.0006314415,0.0005948461,rajib931.png,0,test
0.00040823728,0.010757285,0.00067725487,0.0006907507,ranlost2.png,0,test
0.0003523986,0.009836593,0.0007238058,0.00063066935,rb2d5lo9.png,0,test
0.0009730381,0.013065831,0.0021557943,0.0015962289,rb6lx89j.png,0,test
0.0006393173,0.010971052,0.0015097111,0.0013640783,rbex57xk.png,0,test
0.0005306952,0.011179475,0.001339725,0.0009996712,rbv6i2x4.png,0,test
0.00063074514,0.011092338,0.0013935829,0.0013369772,rcgft3z0.png,0,test
0.00033415202,0.010098022,0.00067658105,0.00058380654,rcp2mx62.png,0,test
0.00034135827,0.009922579,0.00077492645,0.0007128767,rd4mwpmi.png,0,test
0.00032529296,0.009549935,0.00074985897,0.00074360415,rdlykfx8.png,0,test
0.00062036025,0.010862064,0.0021789665,0.0015173594,reizipnm.png,0,test
0.0002908156,0.009381126,0.0006316562,0.0005406302,rf2o529m.png,0,test
0.0004879766,0.011102782,0.0011338148,0.00089288614,rffuefzk.png,0,test
0.00033464757,0.009702126,0.0006949964,0.0007038802,rfgxj607.png,0,test
0.00031474527,0.0095326025,0.0006939791,0.00067706336,rfjl9vt3.png,0,test
0.00040258493,0.010697213,0.000715667,0.0007110699,rgsx8c41.png,0,test
0.0003283604,0.009945036,0.00064480206,0.0005828589,rhc0cm9t.png,0,test
0.00033897333,0.009824279,0.00076066115,0.0007612498,rj4bx952.png,0,test
0.0003616583,0.009900857,0.0008560452,0.00085441326,rjpdjbpq.png,0,test
0.00038533725,0.01050708,0.0006535336,0.0006445696,rl321iel.png,0,test
0.00039739546,0.0102601955,0.00083978334,0.0007818181,rl5qr4ff.png,0,test
0.00031394584,0.009459375,0.0006467409,0.0006535315,rlb65sx0.png,0,test
0.00040915704,0.0106999455,0.00069996435,0.0006151827,rll5tdxs.png,0,test
0.0003146502,0.009593438,0.00069327117,0.0006062718,rnh2ph1d.png,0,test
0.0003307986,0.009927067,0.00064897444,0.00055043,rntv1lsq.png,0,test
0.0003413944,0.009956734,0.000609372,0.00060326187,rontdi9o.png,0,test
0.0003305205,0.009618667,0.00075673225,0.0007296752,rp8qciwv.png,0,test
0.00038908861,0.010629876,0.000680146,0.0005897927,rpnuzfhq.png,0,test
0.0002995499,0.009351653,0.00064816506,0.00064644753,rpoklf43.png,0,test
0.00034824185,0.010190315,0.0006581547,0.0006103692,rreyiya2.png,0,test
0.00035946822,0.009522918,0.0010151063,0.00091945776,rrw0ad9a.png,0,test
0.00040675976,0.010660139,0.00060675084,0.0005830987,rs4qbt4o.png,0,test
0.00033505866,0.009708275,0.00080864195,0.0007877973,rthfhlac.png,0,test
0.00038480817,0.01050662,0.00068756315,0.00064859336,rthnzvfd.png,0,test
0.00036214828,0.010231283,0.00063315255,0.000636046,rtjq39p3.png,0,test
0.00030932602,0.009381848,0.0007277419,0.0006341873,rtmlxejx.png,0,test
0.0003338289,0.009683197,0.00072133297,0.00074775954,rtoulrvm.png,0,test
0.00031545977,0.009514407,0.00064443186,0.0006570452,rtpmo841.png,0,test
0.00035064208,0.010180041,0.0006992311,0.00062851206,rucheip6.png,0,test
0.00037518566,0.00967154,0.0011214415,0.0010049903,ruy6avbe.png,0,test
0.00031917723,0.0095626535,0.0006844246,0.00069344346,rv8tj0nk.png,0,test
0.0004124009,0.010588734,0.0006850226,0.00055475876,rvu9b8rv.png,0,test
0.00032105733,0.009407179,0.0007733046,0.0007315987,rw4vnzvz.png,0,test
0.00037562026,0.01019395,0.00068576133,0.0005488835,rwckk0bz.png,0,test
0.0003318118,0.009738185,0.0008151707,0.00063814776,rwyzdk5n.png,0,test
0.0003084091,0.009479537,0.00064071297,0.00066428195,rx0gwhao.png,0,test
0.0003641115,0.010285428,0.0007078934,0.0006106204,rxeyuvv4.png,0,test
0.0002886228,0.009233949,0.00067635014,0.00056446425,rxtvdoeu.png,0,test
0.0003671009,0.010281027,0.00071237434,0.00065300806,rxw0jy7j.png,0,test
0.00054644275,0.011106042,0.0014631005,0.001092785,ry3vvvf7.png,0,test
0.00033729317,0.010093095,0.00066293136,0.0005755485,ry67i24m.png,0,test
0.00048175277,0.011341083,0.0009044431,0.0008143862,rz3rmme7.png,0,test
0.00034127265,0.009690782,0.0008391832,0.0008326813,rz4ktfre.png,0,test
0.0003001988,0.009417342,0.0006756702,0.0005919715,rzzrwhxt.png,0,test
0.00037860675,0.0102571985,0.00072407373,0.000731048,s13vjuxe.png,0,test
0.00032445215,0.009633533,0.0006716259,0.00061678153,s1k9ye9o.png,0,test
0.00033253504,0.009969139,0.0006543013,0.00056802604,s2x0ha8w.png,0,test
0.00034474212,0.010200048,0.0006524431,0.0006037204,s34daczm.png,0,test
0.000317754,0.009516812,0.00073716603,0.0006515047,s405whii.png,0,test
0.00036422216,0.010267408,0.0007088112,0.0006660003,s40ocmc9.png,0,test
0.000310499,0.009611527,0.0006590671,0.0006594291,s4tbuz9r.png,0,test
0.000290648,0.009322111,0.0006865711,0.0005593943,s5g65q8l.png,0,test
0.00034208328,0.009744522,0.00075310736,0.00076857756,s5tapwi7.png,0,test
0.00037866877,0.01027719,0.0007419077,0.0007351109,s62c1jlo.png,0,test
0.00028787082,0.00912568,0.0006256689,0.0006373949,s6r6bilq.png,0,test
0.00029230356,0.009368475,0.0006616595,0.0005419295,s7dc6jae.png,0,test
0.000294892,0.009381093,0.00060590176,0.0006185561,s7i5lgo9.png,0,test
0.00074107613,0.011549203,0.0019759736,0.0018462577,s7jhfkab.png,0,test
0.0003331403,0.01008351,0.00068151543,0.0005788312,s87z8o5x.png,0,test
0.0003205101,0.00971867,0.0007490723,0.0006444869,s917e95u.png,0,test
0.00031673998,0.009786337,0.0006259309,0.00055913226,s9iobmsy.png,0,test
0.00034156855,0.009799921,0.0007160391,0.0007109825,sazwvmpg.png,0,test
0.00042682022,0.01069991,0.0006915832,0.00060434063,scebpuwf.png,0,test
0.0003668363,0.010197718,0.00074834673,0.0006337967,scpf5kji.png,0,test
0.0006281454,0.01099611,0.0013297597,0.0012772587,sd75oj4m.png,0,test
0.0003316536,0.009984089,0.0006520648,0.0005717321,sdbia619.png,0,test
0.0009101598,0.013000076,0.001643693,0.0013715099,sddc05k1.png,0,test
0.00036624272,0.010522015,0.00067347963,0.0006104112,sdn7w6sa.png,0,test
0.0003758919,0.010479556,0.0006998981,0.0005913513,sdqxm4cd.png,0,test
0.0003111465,0.009367349,0.00071119505,0.00072349084,sdtfyt80.png,0,test
0.0010866481,0.013605127,0.0022407796,0.0016721693,seastuxy.png,0,test
0.00040662315,0.01063063,0.00068451016,0.0006086829,sfxustbr.png,0,test
0.00036239132,0.010286838,0.00063523767,0.00061293226,sgdv2kfz.png,0,test
0.00037795835,0.010193702,0.00070849864,0.0006977401,sglcm9s4.png,0,test
0.00042852561,0.010894786,0.000779753,0.00074764405,sgq78ow3.png,0,test
0.0004199845,0.010828937,0.000740331,0.0007014267,sh9gjk3f.png,0,test
0.00038658277,0.010208419,0.0010045664,0.00088230544,shd6m2hn.png,0,test
0.001053322,0.01338632,0.002195095,0.0016258311,shut9y6u.png,0,test
0.0004087216,0.010525415,0.00071200007,0.00062915456,si6igo6z.png,0,test
0.00035178376,0.009876787,0.0008839578,0.0008220641,sigbiaf9.png,0,test
0.0009355355,0.013031262,0.0016883642,0.001569986,silqclu2.png,0,test
0.0009860038,0.013345192,0.0020217975,0.0014963015,sj27rbi4.png,0,test
0.000315335,0.009618322,0.0006881299,0.0006229672,sj75vw2o.png,0,test
0.001011326,0.013358085,0.0018710498,0.0015878667,sjgwok7x.png,0,test
0.00030145398,0.009304,0.0006271973,0.00061311125,sjw7tbdd.png,0,test
0.00036312494,0.010331978,0.00063598936,0.0005657935,skv1vq6h.png,0,test
0.00035120497,0.009906268,0.0008219624,0.0008320368,skx31ly4.png,0,test
0.00029909326,0.009422599,0.0006911434,0.0005988963,skyhl5x9.png,0,test
0.00030358322,0.0094423,0.00067011616,0.0006106841,sley1lo8.png,0,test
0.00028393944,0.00928415,0.00066476123,0.0005576509,slqbw677.png,0,test
0.0003718068,0.010552142,0.00069771253,0.00057447306,smenkfbh.png,0,test
0.000410485,0.010757367,0.0007557967,0.0007444979,smuxx2vv.png,0,test
0.0003828458,0.01016219,0.0006628642,0.00060264725,snar8bq9.png,0,test
0.00032193222,0.009914314,0.0006270825,0.0005512896,snhkkeox.png,0,test
0.0003839103,0.010582603,0.0006881744,0.00061747915,sp6ddjv6.png,0,test
0.0003532329,0.010202106,0.0006459214,0.00060414214,spcvq847.png,0,test
0.00033263364,0.009705941,0.00075099635,0.00071993447,spqhmx56.png,0,test
0.0003446426,0.009690223,0.00079999154,0.00074406585,spu43cmc.png,0,test
0.000444478,0.01057763,0.0009835041,0.00074757193,ssewjdm9.png,0,test
0.0003039037,0.009457237,0.0006618777,0.0006699163,sssuljaf.png,0,test
0.00035777886,0.010048223,0.0008231253,0.0007648827,sv20qvzg.png,0,test
0.00037478088,0.010017116,0.0009449181,0.00089746306,svjkj54b.png,0,test
0.00031935022,0.009594971,0.00067853846,0.00063403446,svuccpug.png,0,test
0.0003911716,0.010365416,0.0007737399,0.0008176036,swkqx4tf.png,0,test
0.000415026,0.010735279,0.00073020125,0.0006647069,swllof0e.png,0,test
0.00063240546,0.012084747,0.0013977543,0.0015182266,swokj2ni.png,0,test
0.00031142746,0.009471906,0.00069526915,0.0007085389,swxkqtq3.png,0,test
0.00036547374,0.010182562,0.00085764827,0.0008388805,swyfzdqy.png,0,test
0.000326651,0.009633553,0.00073098583,0.00075386354,sxgjtlme.png,0,test
0.00033007705,0.009616621,0.0007321548,0.0007325862,sxjiueov.png,0,test
0.00036383336,0.01021745,0.0007331906,0.0006706769,sz4si83z.png,0,test
0.00040426003,0.010508092,0.0006534972,0.00061760447,t12edm4e.png,0,test
0.00035756998,0.009863778,0.00085082534,0.00085608615,t1kcgqqc.png,0,test
0.00041373825,0.01056685,0.0007228347,0.0005705049,t1xbh73q.png,0,test
0.0005237297,0.011327487,0.0009442852,0.0008409787,t2e26i1x.png,0,test
0.00034401802,0.0099440105,0.0007769677,0.00076211325,t2omw31c.png,0,test
0.00032415785,0.009637566,0.000765178,0.0007133428,t30o7xky.png,0,test
0.0003269289,0.009538328,0.00074001245,0.00073636847,t33rxdt5.png,0,test
0.00038230795,0.010605386,0.0007227439,0.0006532259,t3a9zagv.png,0,test
0.00034323768,0.010117579,0.0006683246,0.0006179198,t3qtqi5l.png,0,test
0.00038156816,0.0102079185,0.00075742434,0.00076159544,t4wjhfy3.png,0,test
0.00041192872,0.010724581,0.0007144603,0.0006081657,t4z207fm.png,0,test
0.0003345872,0.009813446,0.0007043959,0.0007189064,t510lk87.png,0,test
0.0008934065,0.012979717,0.0015805276,0.0014301179,t5f8krre.png,0,test
0.00030519837,0.009503205,0.00067749515,0.0005774591,t6267cgf.png,0,test
0.00033699922,0.009732898,0.000737689,0.0007508329,t76piv6r.png,0,test
0.00038073843,0.010529456,0.00066170236,0.00065358914,t93to9se.png,0,test
0.00032603097,0.009869337,0.00060066074,0.0005088982,taujrayb.png,0,test
0.00035047028,0.010184938,0.0006495282,0.0005803715,tbpqmlnt.png,0,test
0.00036565348,0.010389247,0.0006585016,0.00059571606,tbt4k5e6.png,0,test
0.00028943637,0.009274026,0.0006626027,0.00055100996,tdvyvjdo.png,0,test
0.00034066112,0.010103419,0.00063437235,0.0006423834,tee45zsg.png,0,test
0.00041378144,0.010715528,0.00069679064,0.0006947101,ter3iwmw.png,0,test
0.00040070649,0.010506267,0.0007192052,0.0006191418,teu5hb1r.png,0,test
0.00045426335,0.011132478,0.00077569636,0.00076563365,tfa9dl7z.png,0,test
0.00029814796,0.009168331,0.0006318699,0.00064393156,tfdcdqvu.png,0,test
0.0008917297,0.012984005,0.0015689676,0.0015555671,tge1vja8.png,0,test
0.0003202311,0.009735909,0.00069925666,0.00066933286,th34cuys.png,0,test
0.00039467053,0.010644169,0.0006359256,0.000572307,thjstznz.png,0,test
0.00034127504,0.010093175,0.00067873456,0.00062805036,ti6pn6xr.png,0,test
0.00030130695,0.009517982,0.00071590504,0.0005650846,tifznn7y.png,0,test
0.00041248937,0.010684439,0.000644115,0.00060362194,tih0iezu.png,0,test
0.00039210255,0.010277998,0.00071010424,0.00069025415,titugswu.png,0,test
0.00031360894,0.009402172,0.00072127144,0.0007156252,tjpiwtux.png,0,test
0.00086465105,0.012918804,0.0015256364,0.0013430673,tkp235vc.png,0,test
0.00059381605,0.010935767,0.0020210508,0.0012888392,tlf72spm.png,0,test
0.0002845614,0.009175124,0.0006440461,0.0005628433,tm477y6z.png,0,test
0.00055469124,0.01116349,0.0015140049,0.0011315113,tmequz8d.png,0,test
0.00035842665,0.010213467,0.00067038817,0.0006267063,tnozw39v.png,0,test
0.00029762226,0.009164281,0.0006497791,0.00066237064,to7d835k.png,0,test
0.00040559878,0.010694576,0.00070533395,0.0006716721,tombh0nc.png,0,test
0.00032094988,0.00961268,0.0007289847,0.00067067024,totpxy8e.png,0,test
0.0003222311,0.00959258,0.0006581077,0.0006827051,tpqcmsv1.png,0,test
0.00038985122,0.01058272,0.0005986481,0.00060274656,tpxp0vht.png,0,test
0.0005348151,0.010864676,0.0014692304,0.0013067327,trehie5r.png,0,test
0.00037202102,0.010449323,0.0006500548,0.0005596191,trm56b0h.png,0,test
0.00029919198,0.0093833385,0.0006652606,0.0005644732,ts2kw5ow.png,0,test
0.0010305013,0.013448792,0.0019645055,0.0016082417,tsl1uws5.png,0,test
0.00033087688,0.0096649695,0.00081603427,0.00068203406,tucnhlth.png,0,test
0.00038171912,0.009989034,0.0010589404,0.0009596747,tv4ir1g3.png,0,test
0.00035539025,0.009840011,0.0008539757,0.0008097518,tvbtrp63.png,0,test
0.00028769177,0.009212481,0.0006813827,0.0005561998,tvne70ty.png,0,test
0.00029196104,0.0093805585,0.0006320957,0.00061906397,twt2i9ow.png,0,test
0.0005852715,0.010744545,0.001380842,0.0013276763,txa7bh2a.png,0,test
0.0003128145,0.00956958,0.0006914973,0.0006069096,txawqgbo.png,0,test
0.00034375873,0.0102352295,0.0006658127,0.00055619463,txghaoo4.png,0,test
0.00038661776,0.0103949765,0.0007056761,0.00061546685,tydn5t5e.png,0,test
0.00033858707,0.009797917,0.0007344078,0.00070896966,u05iqz07.png,0,test
0.00039260948,0.010557819,0.00065820967,0.0005645268,u0gwj9vl.png,0,test
0.00034551168,0.010249041,0.0006922448,0.0005794548,u0upyw6j.png,0,test
0.0009596634,0.01301572,0.0019385759,0.001435992,u1a31bc0.png,0,test
0.0002880227,0.009143865,0.00064516795,0.0005281703,u1utpec4.png,0,test
0.0004059984,0.010755808,0.00068499794,0.00061869813,u3ug7yhw.png,0,test
0.00050453306,0.011296405,0.000782899,0.0007265836,u47ai3rp.png,0,test
0.00033059352,0.009659262,0.00073491636,0.00072506786,u4bibfjp.png,0,test
0.00031763868,0.009577564,0.00066459534,0.0006785217,u536h4vj.png,0,test
0.00028726697,0.009304895,0.0006730953,0.0005861199,u57ote0q.png,0,test
0.0010333172,0.01351096,0.0023211434,0.0017190966,u5o0q2k1.png,0,test
0.00094003923,0.013033387,0.0017551809,0.0015223305,u5t0j2yr.png,0,test
0.00037792,0.01046473,0.0006896343,0.0006502052,u5vi1fod.png,0,test
0.0003621015,0.009846274,0.0008953833,0.00085859734,u5vi20st.png,0,test
0.00034802398,0.00981123,0.0007866073,0.0007795997,u6m8o3us.png,0,test
0.0010081248,0.013349558,0.0019078619,0.001535662,u7kb1rtp.png,0,test
0.0003763646,0.010281142,0.000623599,0.0005335333,u8asg6bc.png,0,test
0.00036366764,0.010229423,0.00070990546,0.00069318165,u8kd9gnl.png,0,test
0.0003449672,0.009882235,0.00079376507,0.0007361853,u9ee9x07.png,0,test
0.0003825865,0.010116874,0.00092955044,0.00090905983,u9otb8wb.png,0,test
0.00043547057,0.011127312,0.0007363354,0.0007267729,u9swht2z.png,0,test
0.0003678615,0.010349493,0.0006738417,0.0006239684,ua2m9kxn.png,0,test
0.00034720064,0.009573279,0.00088952156,0.0008466506,uadh8tny.png,0,test
0.00030196653,0.009389335,0.00068448216,0.0006289331,uae0cqik.png,0,test
0.00039619755,0.010045414,0.0012101401,0.0010792578,ubw42zl6.png,0,test
0.000362822,0.009877028,0.00086984516,0.0008491221,ubyc2p3k.png,0,test
0.0009266441,0.013128946,0.0016362518,0.0014324187,uc3ne21f.png,0,test
0.00031533831,0.009629994,0.00074085343,0.0006051444,ud9spp24.png,0,test
0.00032164715,0.0096988,0.00067189836,0.00067500287,udewd5aj.png,0,test
0.00032784516,0.009925129,0.0006343233,0.00051105913,uebj5he8.png,0,test
0.00030799716,0.00943071,0.0007227389,0.0006099942,uegthmhu.png,0,test
0.00034534963,0.009932318,0.0006881063,0.00071028376,ufu6py06.png,0,test
0.0002983114,0.009464337,0.00070753746,0.00057277235,ugabimi0.png,0,test
0.00037570606,0.010431034,0.0006623155,0.0005953196,ugywxzqx.png,0,test
0.00032460748,0.009775177,0.00069812994,0.00062914065,uhqusi3o.png,0,test
0.0003121053,0.009672252,0.0006849156,0.000626831,ui6d9pkx.png,0,test
0.0003034616,0.009446573,0.0007012169,0.0005808199,ulmksqwf.png,0,test
0.00032852814,0.009589912,0.0007308194,0.00073041953,umi9gexm.png,0,test
0.00030709253,0.009322298,0.00066871993,0.0006659213,uoirkc1h.png,0,test
0.00038001782,0.010022306,0.00089206814,0.00090008375,upck4bpr.png,0,test
0.00039604696,0.010575381,0.00062821864,0.0005772163,uq5miauw.png,0,test
0.00056745,0.011639415,0.0012455144,0.001019528,uq7bfjr8.png,0,test
0.00030504656,0.009456915,0.00068736123,0.0006308199,uqiq9vob.png,0,test
0.00029977656,0.009404891,0.00068182574,0.00060973107,uqug8dih.png,0,test
0.00031656658,0.009608852,0.0006510855,0.0006459968,uqzfcoq2.png,0,test
0.0003660279,0.010312829,0.0006178323,0.0005759855,ur3sct2x.png,0,test
0.0003551037,0.010263814,0.00064559135,0.0006132642,uri81ltt.png,0,test
0.0003306589,0.00976347,0.0007218302,0.0006396887,usjxbcws.png,0,test
0.00030856841,0.009533195,0.00065862195,0.0006589913,utfefz81.png,0,test
0.00055623904,0.011186308,0.0014587725,0.001088952,utgj1n8i.png,0,test
0.00033657282,0.010100499,0.0006281682,0.00057292916,utukolel.png,0,test
0.00034178921,0.009627829,0.00077906804,0.0007987083,utzi08ho.png,0,test
0.00038888372,0.010608821,0.00070714165,0.0006203869,uv2zx1qf.png,0,test
0.00034544003,0.009857638,0.0008078599,0.0007947867,uvnuhhgk.png,0,test
0.00034929448,0.010176846,0.0006676403,0.00063592935,uwfz2cgb.png,0,test
0.00086551177,0.012814582,0.0015604893,0.0013788563,uxxdxo7s.png,0,test
0.00030625926,0.009601387,0.00062022544,0.0006026019,uy0zia9a.png,0,test
0.00034497114,0.010031255,0.00074333115,0.0006621211,uyr6xtkf.png,0,test
0.00032332275,0.009566504,0.0007685176,0.0007336182,uz2z0kdn.png,0,test
0.00037926692,0.010515904,0.0007082862,0.0006476806,uzgylfb2.png,0,test
0.00033836532,0.00975414,0.00075135153,0.0007305281,uzlnikcz.png,0,test
0.00031936716,0.009845703,0.0006340179,0.0005672433,uzzlsg4c.png,0,test
0.00036390068,0.010452108,0.0006270459,0.0005875141,v00bwt8n.png,0,test
0.00041171213,0.010568395,0.0006981668,0.000576896,v0asm941.png,0,test
0.0003496861,0.009968688,0.0008124881,0.0007446462,v0sp96bw.png,0,test
0.00031302165,0.009472756,0.0006922295,0.0005967999,v0thg0b2.png,0,test
0.0003025137,0.009397217,0.0007041362,0.00060303515,v18m11t5.png,0,test
0.00041630975,0.010634124,0.00093564036,0.0008796443,v1mzb3i4.png,0,test
0.00032642385,0.009706377,0.0007042921,0.0006616059,v1tat3op.png,0,test
0.0003343368,0.010067022,0.0006309004,0.00058268575,v2217450.png,0,test
0.00034861107,0.009750804,0.00078246335,0.0008047402,v2cz5nf5.png,0,test
0.00032662132,0.009969544,0.0006759775,0.0005503341,v33bhtf0.png,0,test
0.00034392774,0.009958334,0.00074162165,0.0006443033,v38kz8t9.png,0,test
0.0003796,0.009939381,0.001070583,0.0009517529,v39201cw.png,0,test
0.00043064673,0.0110228555,0.0007085738,0.00068841345,v3q37aft.png,0,test
0.00034698204,0.009884137,0.0007470751,0.00077075785,v3youukp.png,0,test
0.0003245122,0.009592092,0.00075464946,0.0007413417,v4a4ipvw.png,0,test
0.00030120683,0.009478904,0.00062035536,0.00062916725,v4bnax29.png,0,test
0.0004579928,0.01093874,0.0008044166,0.00065364473,v4chct25.png,0,test
0.00075057277,0.011559181,0.001921478,0.0018363737,v5z1f72h.png,0,test
0.0003989232,0.010565693,0.0007586238,0.0007595109,v6gnrive.png,0,test
0.00033233807,0.009597181,0.0007705751,0.00070901506,v7uqv50o.png,0,test
0.0003841747,0.010355524,0.0007079931,0.00071754516,v80lkx1s.png,0,test
0.00028360946,0.009119396,0.0006105392,0.00055380614,vaejvobv.png,0,test
0.0003345324,0.009771066,0.0007626372,0.0006928586,vafueaco.png,0,test
0.0003422409,0.009726349,0.0007520137,0.00076253107,vax0f6rj.png,0,test
0.0004869567,0.011144843,0.0009873393,0.0007412545,vb2osj4k.png,0,test
0.0003700742,0.009980514,0.0010736913,0.0009668422,vbgr8w2m.png,0,test
0.00035926496,0.010104371,0.000667881,0.0006726302,vbjrbzjw.png,0,test
0.0002898362,0.009325714,0.0006549364,0.00055474456,vc0e41y2.png,0,test
0.00034327476,0.00999645,0.000729794,0.0006764139,vc5zsrfw.png,0,test
0.00042226003,0.010749462,0.000679337,0.000595225,vcqe1c63.png,0,test
0.00040124782,0.01059503,0.0006517197,0.0005512354,vcun39s5.png,0,test
0.0003524604,0.0102568995,0.00071345305,0.00061296864,vdet809d.png,0,test
0.000338315,0.0095025115,0.0008557501,0.00083409494,vdl63u14.png,0,test
0.0003754941,0.01038005,0.0006672282,0.0006396607,ve1o5im5.png,0,test
0.0005298335,0.011177084,0.0012921746,0.00096831046,ver0drxd.png,0,test
0.00031241414,0.009487148,0.00067347335,0.0006758479,vgww4fyb.png,0,test
0.0003047802,0.009574063,0.000703985,0.0005769775,vioifji1.png,0,test
0.00032738462,0.009599656,0.00076367304,0.00076369266,viz0m9ve.png,0,test
0.00031009328,0.0094658,0.0006732025,0.0006802936,vj0va0st.png,0,test
0.00040289926,0.010755546,0.00065134047,0.00065882265,vj8w45j6.png,0,test
0.00031754136,0.009739208,0.00063422613,0.00055849395,vjc6sumi.png,0,test
0.00052535016,0.011141323,0.0013691917,0.0010281036,vmb9kzyx.png,0,test
0.00038601048,0.010489631,0.0006765249,0.00060781563,vmw9jaf9.png,0,test
0.00030172305,0.009351158,0.00064227596,0.0005749865,vnnsqckm.png,0,test
0.00038769378,0.010522064,0.00074650126,0.0007162736,vo91mybx.png,0,test
0.00036075167,0.010035055,0.00090053293,0.00086082565,vouqw4c5.png,0,test
0.000345645,0.009976395,0.00064446894,0.00059795,vozufbcs.png,0,test
0.00031191355,0.009579526,0.00071185944,0.00060034904,vpxwhi3m.png,0,test
0.0009957557,0.013353877,0.001821176,0.0016605011,vq0ufhok.png,0,test
0.00030353732,0.009370864,0.00066933746,0.00067105045,vr8vbyez.png,0,test
0.00039870944,0.010528552,0.00066208636,0.0005557805,vrf8m2xl.png,0,test
0.00032634838,0.009630861,0.00075045205,0.0007161049,vt7dj6ve.png,0,test
0.000604955,0.011038825,0.0016741502,0.0013560053,vte0utxs.png,0,test
0.0003785707,0.010057594,0.0009242216,0.00092226674,vun862uw.png,0,test
0.00041703897,0.0106713,0.0006328126,0.00056991895,vvlk8cif.png,0,test
0.00031603308,0.009475889,0.000705311,0.00069844956,vvsdzah2.png,0,test
0.0003145677,0.009753039,0.00060222636,0.00053906505,vw5hx2s2.png,0,test
0.00036378182,0.009908247,0.0009278652,0.0008454853,vwt37yyx.png,0,test
0.00041299037,0.010821161,0.00065487914,0.00065676024,vwund47a.png,0,test
0.00035355578,0.009955988,0.0009162335,0.00085952954,vyfyk3md.png,0,test
0.0003689983,0.010210971,0.000745014,0.00068984774,vynnwoqv.png,0,test
0.00030544025,0.0094140405,0.0006480738,0.0006140642,vyxtuyl0.png,0,test
0.00038472045,0.01040992,0.00073276926,0.0007410111,vz809bxn.png,0,test
0.0005992366,0.011768229,0.0015732824,0.0011713447,vzcr9rv3.png,0,test
0.000325194,0.009679769,0.00071990216,0.0006340514,vzex99d9.png,0,test
0.0010343178,0.013379465,0.0020224643,0.0015443992,w03bkfd4.png,0,test
0.00030699742,0.009514527,0.0006875167,0.0005646472,w05y1huu.png,0,test
0.0006403501,0.010917353,0.0015201133,0.0013692778,w1nyrwof.png,0,test
0.0002905919,0.009317829,0.00066230464,0.0005392782,w2r8kwcz.png,0,test
0.00042996122,0.010840016,0.00066027953,0.0006368013,w325gzmm.png,0,test
0.0003009238,0.009352059,0.0006431215,0.000657439,w3chnj6g.png,0,test
0.00031021147,0.009523215,0.0007049251,0.00069425197,w3gi60q6.png,0,test
0.0003500736,0.009855175,0.00088820804,0.00077344046,w3lvjy1a.png,0,test
0.00035657696,0.010312494,0.0006858329,0.00062958,w3pw9cut.png,0,test
0.00032902037,0.009698298,0.00073196046,0.00074798195,w3vg29kw.png,0,test
0.00035623327,0.010022979,0.0006836535,0.00063889823,w3y5a292.png,0,test
0.00032813227,0.009639238,0.0006876022,0.00067476236,w4d4rgew.png,0,test
0.00033574825,0.009645196,0.00072816317,0.0007132525,w4k7u1kd.png,0,test
0.00036156163,0.010158612,0.000695656,0.00069279276,w55rwyqs.png,0,test
0.00037856004,0.0102922795,0.00064126716,0.0005566256,w5kpwzg0.png,0,test
0.00037949107,0.010628404,0.00075048243,0.00063649786,w65i7l3o.png,0,test
0.00031737462,0.009630064,0.00064781046,0.00066527183,w69hzgop.png,0,test
0.00030343016,0.009497669,0.0006820283,0.0005698238,w71ghb7v.png,0,test
0.00035410005,0.0100833755,0.0006682679,0.00059466594,w7di6it4.png,0,test
0.00037686725,0.010329553,0.0008168897,0.000765501,w7j35vlw.png,0,test
0.000666774,0.011083398,0.0016752424,0.0014521768,w8vloyhd.png,0,test
0.00041267657,0.010717764,0.0006889613,0.00062154356,w9485idm.png,0,test
0.00030428695,0.009441273,0.00064040715,0.000654783,w9myyoke.png,0,test
0.00035684655,0.01018529,0.00066803524,0.0005687065,w9v5wkb8.png,0,test
0.0007610677,0.011745743,0.00200888,0.001843168,wa497owr.png,0,test
0.000523282,0.010996453,0.0014697823,0.0011013563,wb5spffc.png,0,test
0.00040251523,0.010358118,0.0006718698,0.0005482799,wbbeps8d.png,0,test
0.0003686526,0.010403867,0.00070002425,0.00062238623,wbdl3u1r.png,0,test
0.00041823188,0.010788552,0.0006861828,0.00062492554,wcl7xg33.png,0,test
0.00033141754,0.009595803,0.0008122797,0.0007913228,wcs4bju8.png,0,test
0.00036532016,0.009965854,0.0007313981,0.00073458283,wcu50qyt.png,0,test
0.00035447357,0.010189991,0.0006767005,0.0005836559,wcvh69ug.png,0,test
0.00037129762,0.010027402,0.00090124324,0.00089148746,wdhb0z7p.png,0,test
0.0005474614,0.011326852,0.0010476739,0.0007905816,wdhhl7ch.png,0,test
0.00030500095,0.009481617,0.0007042779,0.00060288596,wedlnk2z.png,0,test
0.00033233035,0.009976706,0.0007012576,0.0005782315,wexz02mn.png,0,test
0.00030856073,0.009408802,0.0006816044,0.0006376627,wf8lcl9a.png,0,test
0.00035961016,0.009866649,0.00087953795,0.0008446261,wfp1b4k5.png,0,test
0.00032513394,0.009667182,0.0007022841,0.00067544926,wgtbgemy.png,0,test
0.00030572969,0.009389092,0.00066962483,0.00058195565,wgw4bov1.png,0,test
0.00037584448,0.01009971,0.0008709796,0.00087524654,wh9hd268.png,0,test
0.00030719562,0.009513911,0.0006863099,0.00058978633,whkl17yf.png,0,test
0.00037771105,0.010266463,0.00080460735,0.00077560305,whwkmy9x.png,0,test
0.0003512843,0.009795272,0.0008767713,0.0007477059,widoh6s0.png,0,test
0.0005378548,0.010814193,0.0014465391,0.0012969689,wji7i0nj.png,0,test
0.00034893752,0.009812486,0.000781614,0.0008129903,wjwospd2.png,0,test
0.00039719068,0.010658473,0.00071618304,0.0007288352,wk08vurm.png,0,test
0.00032223793,0.009593885,0.0007133863,0.00069337635,wkeyarz1.png,0,test
0.00095729384,0.013188287,0.0018495106,0.0013997027,wldv63yd.png,0,test
0.00036356892,0.009974758,0.0008952699,0.0008708344,wms6fdgd.png,0,test
0.0004007564,0.010674272,0.00067437155,0.00057765224,wn103frb.png,0,test
0.0003400967,0.009930142,0.00062834116,0.00056087825,wn4nhl8l.png,0,test
0.0003986418,0.010659895,0.00071109325,0.0005971311,wnk9mpem.png,0,test
0.00038068075,0.01044397,0.0006072735,0.0005814625,woal2tdw.png,0,test
0.0003908546,0.010542049,0.0007462977,0.0007058021,woje6wz0.png,0,test
0.0003428231,0.01004914,0.000750589,0.00058959384,wolep2wl.png,0,test
0.00029576488,0.009410565,0.00068138307,0.0005627925,wp9jxi9b.png,0,test
0.0004098064,0.010644203,0.0006885563,0.0005891997,wprgap6o.png,0,test
0.00030247206,0.009369401,0.00066303834,0.00067621155,wprlpg7g.png,0,test
0.00034444942,0.009724791,0.00083084573,0.0008157127,wpyt3zoj.png,0,test
0.00031311563,0.0094952695,0.000690319,0.00068184256,wqd885m3.png,0,test
0.00030896283,0.009699006,0.00066204177,0.0006578177,ws1zl7p7.png,0,test
0.00034693346,0.009743297,0.0008397024,0.000789046,wsamb772.png,0,test
0.00040054135,0.010667216,0.0007775405,0.00075496634,wsi8gizi.png,0,test
0.00034892306,0.010153733,0.00065781065,0.0005795613,wsko2rkd.png,0,test
0.00037362493,0.010206132,0.0007107605,0.00069306593,wtfmsjbw.png,0,test
0.00036632147,0.010233471,0.0006517371,0.00060581934,wtw0tnzx.png,0,test
0.00031740768,0.009478906,0.00069791183,0.00070178846,wvtfx4r6.png,0,test
0.00053324766,0.011223963,0.00136166,0.0010192512,wvworlew.png,0,test
0.0003626099,0.010055284,0.00060270197,0.00052512443,wvztduur.png,0,test
0.00041781506,0.010704538,0.00066010904,0.00058800896,wwd0950b.png,0,test
0.00030927098,0.009546604,0.0006631717,0.0005692609,wy93ei3x.png,0,test
0.00042909672,0.010945325,0.0007402617,0.0006977965,wyfnabqh.png,0,test
0.00034692933,0.010113145,0.0006440514,0.00055824337,wz2doluq.png,0,test
0.00039710544,0.0104555795,0.0006904943,0.0005997303,wzff1uwo.png,0,test
0.0009342204,0.013167351,0.0015916595,0.0014810412,x0cf861c.png,0,test
0.00038634604,0.010567488,0.0006936349,0.0005682146,x18d1spd.png,0,test
0.00033208157,0.009995124,0.0007120139,0.0005602717,x1ho5yju.png,0,test
0.00033410135,0.009736128,0.0007053717,0.0007191324,x1ipumo6.png,0,test
0.00036308976,0.010307321,0.0006429666,0.00054866413,x2lg5c2y.png,0,test
0.0003394458,0.009576126,0.0008303529,0.0007840734,x2n92tgw.png,0,test
0.00033042993,0.009735485,0.0007024794,0.0006890516,x2trx546.png,0,test
0.0005028488,0.011206423,0.00086952356,0.00084810663,x35cojjr.png,0,test
0.000328908,0.009946247,0.00066912145,0.0005645621,x36oetrt.png,0,test
0.00033756657,0.009940421,0.00065110344,0.00060696417,x4nc3ueg.png,0,test
0.00043282504,0.010689791,0.0007549836,0.0005907668,x4o1ccy1.png,0,test
0.00035779874,0.009957608,0.00068124046,0.0006892659,x7eedtjv.png,0,test
0.0003400983,0.010104921,0.0006964567,0.0006125167,x7wdeah7.png,0,test
0.00030861012,0.009306688,0.0007282755,0.0007139358,x80nkxkb.png,0,test
0.00034007247,0.009766716,0.00081488444,0.00075620296,x9exlzlw.png,0,test
0.00029756117,0.009356834,0.0006558366,0.0005509914,x9yit0lm.png,0,test
0.00030639925,0.009505721,0.00063821155,0.00065212307,xa8mku1g.png,0,test
0.0003649179,0.0100464,0.00087879907,0.0008538185,xah6ix4r.png,0,test
0.00029347686,0.009376669,0.00060548005,0.0006181052,xaic0dhn.png,0,test
0.00035613234,0.009852032,0.0008305424,0.0008265067,xauzu9mw.png,0,test
0.00085955963,0.012834644,0.0014967788,0.0013422404,xb0d4j6n.png,0,test
0.0003210763,0.00977091,0.0005980867,0.00060333265,xc45bncc.png,0,test
0.00035828943,0.010130466,0.0006649706,0.0005546632,xc486dx2.png,0,test
0.0003101172,0.009572928,0.0006697375,0.00064052286,xcomi955.png,0,test
0.00042138173,0.010899068,0.00070600165,0.0006839179,xcy5u4zo.png,0,test
0.00068150373,0.011866976,0.0015785575,0.001186304,xd36px1p.png,0,test
0.00037973624,0.010412296,0.00063348515,0.00061964296,xflouw91.png,0,test
0.00033061337,0.009920173,0.0006728122,0.00057656906,xfn5lksh.png,0,test
0.0003152718,0.009431931,0.00074926036,0.00066998095,xhdqf8c6.png,0,test
0.00039174448,0.010501673,0.00067758106,0.0006093187,xhnztvb9.png,0,test
0.00033162825,0.009569036,0.00078750943,0.00072710274,xi1ddouw.png,0,test
0.00031554722,0.009527581,0.00070616073,0.000718777,xi3rnc02.png,0,test
0.0003124734,0.009619896,0.0007139719,0.0006124074,xi3wgu6b.png,0,test
0.00036715597,0.010271045,0.0006601135,0.00063231675,xi563n5z.png,0,test
0.00032263985,0.009468903,0.0006739898,0.0006900434,xjcchawf.png,0,test
0.00037406158,0.010243583,0.0007160555,0.00071348646,xjve3dze.png,0,test
0.0003314489,0.009656783,0.00073256774,0.0007237756,xkjtavlv.png,0,test
0.00032849706,0.009643516,0.00080246624,0.00068751175,xkwg216o.png,0,test
0.00040185673,0.010688683,0.0006778352,0.0005684723,xl20ifor.png,0,test
0.0003706677,0.010337244,0.0006584664,0.0006178909,xle9lsa5.png,0,test
0.00030821728,0.00963774,0.00073253934,0.0006218223,xma5vixr.png,0,test
0.00064054824,0.011091466,0.0014031926,0.0013687327,xnp6kub0.png,0,test
0.00032107005,0.009603698,0.0006815253,0.0006849852,xomen69x.png,0,test
0.00055692834,0.011371669,0.0013526995,0.0010129692,xoms9jbt.png,0,test
0.00033017428,0.01000421,0.0006473949,0.0005739039,xpj6w6kn.png,0,test
0.00038168352,0.01025055,0.00073502056,0.00074492197,xqsrlxp4.png,0,test
0.00044416063,0.010017564,0.0007685334,0.0007805037,xrsl3rj4.png,0,test
0.00030536365,0.009514096,0.0006490376,0.0006003115,xs3d2jb0.png,0,test
0.00035235338,0.010182855,0.00064815115,0.00054675195,xs51hfbs.png,0,test
0.00039166032,0.010514715,0.0007294549,0.0006929736,xtpeye3v.png,0,test
0.00029768568,0.009356579,0.00061365817,0.0006112174,xu1cxx3l.png,0,test
0.0003025564,0.009363512,0.0006875876,0.00066484103,xu7fkc78.png,0,test
0.001000823,0.013471816,0.0020556469,0.0015231455,xuj7equm.png,0,test
0.00044483438,0.011143109,0.00071031874,0.0007058068,xuluengc.png,0,test
0.000501726,0.010626178,0.0012745751,0.0011584307,xuq9yyr1.png,0,test
0.00032706535,0.009917243,0.000620823,0.0005581064,xvq5frgy.png,0,test
0.00041218265,0.010347614,0.0007446204,0.0005715264,xw42z6bg.png,0,test
0.0006351588,0.012122877,0.0014466452,0.0015498846,xwbc1jli.png,0,test
0.0003578155,0.009987031,0.00079456414,0.00077972584,xx8oe61g.png,0,test
0.00045311678,0.01087738,0.00079315057,0.0007017507,xxwsi1co.png,0,test
0.0009545254,0.013279188,0.0018923684,0.001402094,xyhjy2eb.png,0,test
0.0002961867,0.0092294365,0.00063531083,0.00063034997,xyphwhm5.png,0,test
0.00035268324,0.01026169,0.0006372512,0.0005890725,xyqrijrp.png,0,test
0.000409792,0.010783928,0.0007821356,0.00070760713,xyu1mxy0.png,0,test
0.00058240147,0.011263116,0.001645813,0.0012263344,xz8lc007.png,0,test
0.00034174047,0.009980344,0.0006162947,0.00053690735,xzn0m18x.png,0,test
0.00034449602,0.00981024,0.0008672449,0.0008252369,xzqu8bjz.png,0,test
0.00037500268,0.010379585,0.00063999614,0.0005753929,xzu6hw0k.png,0,test
0.0003815291,0.010399266,0.0006529275,0.00061695755,y01h0l5o.png,0,test
0.00035621176,0.010002991,0.0008152492,0.0007802517,y04n3ysf.png,0,test
0.00032321556,0.0095150955,0.0007014093,0.0006954536,y09bi3ze.png,0,test
0.00031395847,0.009548812,0.0006997986,0.00065970886,y0bqjw3e.png,0,test
0.00036774576,0.010279687,0.00074438716,0.0006446942,y0gyl6te.png,0,test
0.00032069892,0.009508903,0.00076096476,0.00074871466,y0xaobk0.png,0,test
0.00032989914,0.009995999,0.0007033106,0.00055652496,y11w509d.png,0,test
0.00040872913,0.010797274,0.00072622544,0.0006786348,y13hzvy4.png,0,test
0.0003987979,0.010549159,0.00064105564,0.00058964075,y1bw6clf.png,0,test
0.00037916523,0.009956243,0.0009904373,0.0009580214,y1vnnurw.png,0,test
0.0003125622,0.009606938,0.0006520244,0.00068677147,y21jmas4.png,0,test
0.00040204043,0.010540416,0.00097154995,0.0008454261,y2ipbkou.png,0,test
0.0003350418,0.010011101,0.00072508404,0.0005734612,y2jp2lxr.png,0,test
0.00034392843,0.0101717925,0.0006714218,0.00058995,y30ylph1.png,0,test
0.00039243096,0.010395855,0.0009764279,0.0008900044,y3n7nwlq.png,0,test
0.00041727995,0.0109474575,0.00068281224,0.00065508054,y445azd3.png,0,test
0.00035027272,0.009729421,0.0007200659,0.00068840606,y55huhrx.png,0,test
0.00033681517,0.009684737,0.0008013366,0.00078800606,y620n8tt.png,0,test
0.0006155301,0.01065223,0.0014991885,0.0013623676,y7iydc2f.png,0,test
0.00032182533,0.009744023,0.0006874678,0.0006359919,y7iydwdx.png,0,test
0.00035317903,0.010296114,0.00066654227,0.000612919,y7wmpeqt.png,0,test
0.00038966132,0.010400575,0.00069834315,0.00056657265,y85yvy0m.png,0,test
0.00032057118,0.009661538,0.0007425816,0.0006433876,y8xltnvv.png,0,test
0.0004186216,0.010643847,0.0006767155,0.0006224484,ya3jitqh.png,0,test
0.00039178896,0.010606109,0.0006316571,0.0006000174,ya4y34yy.png,0,test
0.0003913776,0.010509884,0.00067844125,0.00058350095,ya8yfori.png,0,test
0.0004716673,0.010874069,0.0009579911,0.0007235108,yahrk7n6.png,0,test
0.00095012615,0.013018484,0.0017202696,0.0014685484,ybnlyym7.png,0,test
0.00036616143,0.010365437,0.00069410173,0.0006021589,ybu5a98b.png,0,test
0.00048996904,0.010876573,0.0012562573,0.00093787245,yc1umtcb.png,0,test
0.00029354743,0.009399898,0.00067943725,0.0005736277,ycjrhpgi.png,0,test
0.00034413734,0.010140547,0.0006214647,0.00059863675,ydr363tx.png,0,test
0.00031142682,0.009402747,0.0006810374,0.0006880195,yeayfrop.png,0,test
0.0003100802,0.009559438,0.00068169064,0.00059751014,yedn2z2v.png,0,test
0.00036837242,0.010384103,0.0007024146,0.00064702815,yffnxblj.png,0,test
0.00028847452,0.009260155,0.0006451843,0.0005385816,yfl6h35o.png,0,test
0.00034476662,0.010185742,0.0006491821,0.00061559805,yg10xntk.png,0,test
0.0009907206,0.013075344,0.0023134088,0.0017152147,yghekq8b.png,0,test
0.00028907775,0.009225082,0.00059525686,0.00058318785,yghvqizd.png,0,test
0.00032533443,0.009751293,0.0006541949,0.00065926835,yh4pm6zb.png,0,test
0.00038487336,0.010423509,0.0006248351,0.00054100004,yhb9640r.png,0,test
0.0003339709,0.009592483,0.0007309833,0.0007504812,yhhr56wx.png,0,test
0.00037284382,0.010355279,0.0006778295,0.00062450935,yho5ldo9.png,0,test
0.0003291623,0.009543312,0.0007837516,0.0007305026,yik9r33i.png,0,test
0.00040277574,0.01031996,0.0007427543,0.00070229144,yjxrpj1e.png,0,test
0.000338436,0.009779501,0.0007310867,0.00074076315,ykklsci4.png,0,test
0.0005239254,0.010730725,0.001480043,0.0013087181,ykmrx5jd.png,0,test
0.00032829793,0.009597786,0.0007515126,0.0007001615,yld0i118.png,0,test
0.00032725534,0.009754626,0.0007111381,0.00073736155,ylmuitsu.png,0,test
0.00033899164,0.009918621,0.00075483794,0.0006649131,ymzeofku.png,0,test
0.00030522578,0.009237832,0.00072037714,0.00069477264,yntl2ug0.png,0,test
0.00032938397,0.009695111,0.0006970419,0.00072687416,yp6y563p.png,0,test
0.00035169162,0.009848964,0.0007115676,0.0007224363,ypgpnexx.png,0,test
0.00033477982,0.0099816,0.0005973723,0.0005998088,ypq7ka11.png,0,test
0.0004200822,0.010744845,0.00069705246,0.0006425024,yptme9ez.png,0,test
0.00036187613,0.010339639,0.00064816896,0.00057678705,yqllml3v.png,0,test
0.00038527494,0.010584172,0.0007247396,0.0006543605,yqn6wahy.png,0,test
0.00039065987,0.010423027,0.0006827821,0.00058440445,ytlvaeuu.png,0,test
0.00037616637,0.010456741,0.00066822505,0.0005799031,ytz1kxml.png,0,test
0.00039135633,0.01057124,0.0006808576,0.00065428537,yuvwg2os.png,0,test
0.0002870826,0.00924802,0.0006805302,0.00054053764,yvznex5c.png,0,test
0.0004971736,0.01054552,0.0012422774,0.0011587137,ywokl2tp.png,0,test
0.00046573047,0.01105786,0.0007386645,0.00069622084,ywpdl1bv.png,0,test
0.00037369254,0.010084457,0.0010587675,0.0009592531,ywsbzh48.png,0,test
0.00032143792,0.009817258,0.0006388481,0.0005114185,yxv6w0h1.png,0,test
0.00035292664,0.010239501,0.0006514964,0.00056578213,yxw0cmsw.png,0,test
0.0004104784,0.010464598,0.00067908736,0.0005774147,yyihpz6m.png,0,test
0.00036174385,0.010250809,0.00067150017,0.00067457,yz3j5usr.png,0,test
0.0004129666,0.010702849,0.00065273116,0.0005975352,yzni6bju.png,0,test
0.00038954552,0.010163537,0.0010804276,0.000993335,yznst2gp.png,0,test
0.00037697406,0.0103611555,0.00065616076,0.0005578448,z056y5hp.png,0,test
0.0003156142,0.009649407,0.0006833691,0.00058299716,z0o158j8.png,0,test
0.0003921024,0.009542328,0.00069702225,0.0007065331,z0v0fjps.png,0,test
0.000325354,0.009495189,0.0007238436,0.00073451304,z23f42xz.png,0,test
0.0004722697,0.010957888,0.0008719339,0.0006600098,z2cyx3u5.png,0,test
0.00029386056,0.009278083,0.0006826339,0.00056169945,z2va9cd0.png,0,test
0.0003812945,0.010513802,0.00073511555,0.00067600096,z3womtfu.png,0,test
0.00036342675,0.010227995,0.00062495476,0.00057478616,z4eny9oj.png,0,test
0.00034323876,0.010063659,0.00066236686,0.0006115644,z4px5jlf.png,0,test
0.0003184828,0.009545968,0.00073612924,0.0006669799,z55if3bq.png,0,test
0.00039478717,0.010531425,0.0006905955,0.0006122794,z6472476.png,0,test
0.00037610618,0.01043232,0.0007296859,0.0006262672,z6n4iqi1.png,0,test
0.00034416624,0.009795675,0.0007625743,0.00074552954,z6r1m9zi.png,0,test
0.00035024798,0.009974769,0.00080521783,0.0007433778,z7c3rryn.png,0,test
0.00051082915,0.0111133475,0.0012436415,0.0009337116,z7jsj8ei.png,0,test
0.00037337563,0.010351341,0.00060728117,0.00053942174,z89pnlf8.png,0,test
0.00052503526,0.010889784,0.0014460556,0.0010755907,z8kkd2d9.png,0,test
0.0002946441,0.00945618,0.00070160936,0.0005896316,z91kmgqa.png,0,test
0.00036333906,0.009513822,0.00070084876,0.0007351715,z9949r1n.png,0,test
0.00038553364,0.010474751,0.00066436967,0.00058024464,z9owukox.png,0,test
0.00032640574,0.009599079,0.00075057294,0.0007643457,zasywdrk.png,0,test
0.00031746732,0.009422704,0.00074621354,0.00071421504,zaz505t0.png,0,test
0.00030147683,0.009507765,0.00068250677,0.0006252896,zb25jt3m.png,0,test
0.0003963239,0.01052515,0.00061749667,0.0005517668,zb765kr9.png,0,test
0.00043362513,0.010950878,0.00072190707,0.0006127841,zbozq4q1.png,0,test
0.0002741919,0.009061429,0.00065757264,0.00053514476,zbwa9npt.png,0,test
0.00033808095,0.009750235,0.0007820958,0.00076418306,ze6i9rk9.png,0,test
0.00031650305,0.009417658,0.0007951927,0.0006512546,zecj2btx.png,0,test
0.0003401782,0.010106093,0.0006525954,0.0006112864,zfaqxhew.png,0,test
0.00030897738,0.009378859,0.00069129566,0.0006908455,zgjvb2yt.png,0,test
0.00028741627,0.009165351,0.00070457783,0.00057959574,zgm6zfzj.png,0,test
0.0005511348,0.010940998,0.0016200078,0.0014140868,zh4unrzu.png,0,test
0.000297751,0.0094742635,0.00065426447,0.0005582865,zhwgid7z.png,0,test
0.00037818673,0.010108591,0.00083507114,0.00078568637,zhwjr64d.png,0,test
0.00033651627,0.009802767,0.00075113476,0.0007455789,zhzr9m68.png,0,test
0.0003055001,0.009535939,0.00069510064,0.0005644441,ziabscah.png,0,test
0.00030919586,0.009597148,0.000725441,0.0005885729,zj5ih9z9.png,0,test
0.00032938732,0.009955777,0.0007122786,0.00056793576,zjjfh493.png,0,test
0.00036493142,0.010283823,0.00068737334,0.0005666299,zk2qssbh.png,0,test
0.00031509827,0.009522489,0.00074312894,0.0006404668,zlxtyigu.png,0,test
0.00031784642,0.0096929595,0.0007344489,0.0005871126,zm6kx1cx.png,0,test
0.00039296094,0.010524242,0.000633698,0.0005828606,zm983mjn.png,0,test
0.00037489532,0.010230969,0.0007077448,0.000706841,zmlbw1zv.png,0,test
0.0003878538,0.010631518,0.0007486752,0.00069441035,zmxga88n.png,0,test
0.00030931502,0.00956015,0.00061534526,0.00063612213,znj8u81n.png,0,test
0.00036412172,0.010295008,0.0006630552,0.00061940646,zns4gdv9.png,0,test
0.0003015541,0.009246128,0.00070916506,0.000686921,zo0bogcw.png,0,test
0.00033690155,0.009997824,0.0006262522,0.00054725254,zounlr84.png,0,test
0.00039736312,0.010561359,0.000621274,0.0005790942,zp6cyyxu.png,0,test
0.00041442804,0.010779113,0.0008060169,0.0007450615,zpptg751.png,0,test
0.00034787992,0.010004015,0.0007433886,0.0007197876,zpwoxppv.png,0,test
0.00038349716,0.010541148,0.00073890446,0.0006253178,zpy5ynhr.png,0,test
0.0009567505,0.0131157795,0.0017100998,0.001537444,zq8m4853.png,0,test
0.00065800414,0.011456658,0.0014938653,0.001438809,zqskkrw9.png,0,test
0.0006288156,0.01204203,0.0011524231,0.0009483386,zqyznaxb.png,0,test
0.0002928001,0.009362323,0.00061934587,0.00061822945,zr4e5izb.png,0,test
0.00030635245,0.009376417,0.00066841056,0.0006853047,zrbzirjy.png,0,test
0.00034276576,0.010059748,0.0006148737,0.000611181,zrn2qr7l.png,0,test
0.00033734884,0.009825863,0.00070946815,0.00064045604,zs5y2107.png,0,test
0.00038561766,0.010602661,0.0006894152,0.0006055663,zso5mgfe.png,0,test
0.00035681945,0.010197526,0.0006554678,0.00062347733,zt9zlo8h.png,0,test
0.00036296895,0.009991499,0.0007973552,0.00075742207,ztgbibf5.png,0,test
0.0008870407,0.012983595,0.0015420573,0.0014342087,ztshg8bh.png,0,test
0.00044177554,0.0108921975,0.0007642298,0.0006143598,ztw6r9ru.png,0,test
0.00033127435,0.009992052,0.0006852259,0.00056372705,zu5240ky.png,0,test
0.00030961112,0.0095551405,0.0006689838,0.0005852824,zv0gk67y.png,0,test
0.00031694892,0.009641192,0.00066896935,0.00068515266,zvyyo6cd.png,0,test
0.00035733354,0.010223667,0.00065393274,0.00057161355,zw0h3bfw.png,0,test
0.00039640086,0.01058409,0.0006477361,0.00064118026,zw64wzoz.png,0,test
0.00031665646,0.009670695,0.000694033,0.00066971296,zwwcp8tj.png,0,test
0.00029646064,0.009335567,0.0006931706,0.00059294264,zxvkkzco.png,0,test
0.0004038667,0.01060902,0.0007528594,0.0007156409,zxxfxjfz.png,0,test
0.0003460426,0.009733817,0.00084586925,0.0007443709,zys03xjr.png,0,test
0.00031660235,0.009785274,0.00062182144,0.0005429785,zyv9binm.png,0,test
0.0003057104,0.009539991,0.00062427524,0.0006285712,zz0i0835.png,0,test
0.00040830552,0.010831565,0.0006637581,0.0006566912,zz9w48ni.png,0,test
0.0003565628,0.009241253,0.0006694476,0.00070393056,zzxh711n.png,0,test
0.00081736164,0.011781471,0.0033703973,0.002233384,0ezzf8s2.png,1,test
0.0010170748,0.013118251,0.0028648947,0.0019336744,28f9sj2j.png,1,test
0.00074090814,0.0114493165,0.0030287628,0.002042263,36qsttgi.png,1,test
0.000893776,0.0121441735,0.003102021,0.0022894174,69yblscm.png,1,test
0.0015804033,0.017660977,0.0052198083,0.004304018,a9btds8y.png,1,test
0.0008345529,0.012067493,0.0034281837,0.0021293256,ar90escd.png,1,test
0.0022812563,0.017560117,0.012197862,0.009051205,d2kjrzcv.png,1,test
0.0011839861,0.012924002,0.0061713345,0.004404478,ead49h1h.png,1,test
0.0012839721,0.01423836,0.006256376,0.0036878958,eltap3lu.png,1,test
0.00075824815,0.0114771,0.0031310997,0.002172133,f0nsgt6l.png,1,test
0.00094262185,0.012948985,0.002769892,0.0015067586,iblp1e6k.png,1,test
0.004025547,0.027987145,0.017401325,0.009095955,ir41g20d.png,1,test
0.0019146571,0.01595692,0.010578144,0.007092774,kdiaf02k.png,1,test
0.00072007644,0.011192919,0.0024494387,0.0018147425,ocoop2kt.png,1,test
0.0016020287,0.016129937,0.0069661057,0.0056621158,ojrt1ujv.png,1,test
0.00084565184,0.0121896,0.003413151,0.0022456257,oyuawdrw.png,1,test
0.0011483715,0.013342168,0.0055700615,0.0035388456,qxmcthph.png,1,test
0.001709056,0.015321126,0.009233855,0.0056881392,rvilap1j.png,1,test
0.001375062,0.014172727,0.0068670493,0.0048253657,ssn4rwby.png,1,test
0.0010392593,0.012978866,0.0043301973,0.0034942497,up2i0yh4.png,1,test
0.0012533334,0.013866436,0.0037297192,0.0027498591,uraeg9qo.png,1,test
0.0009490155,0.012149322,0.0043904404,0.0026765782,utgshxm4.png,1,test
